*****************************************************
Error report - Mon Dec 29 13:02:52 2025

Compiler Info - GNU C++ version 4.4.0
Compilation Date - Dec 27 2025 15:35:59

Memory load: 44
Total phys: 16666124 K available phys: 9183260 K
Start time: 29-12-2025  16:2:45
Kernel time: 0:0:0.328
User time: 0:0:2.15
Threads: 9

Exception: 0xc0000005 at eip = 0x664bce
eax = 0
ebx = 0x13edec8c -> 0
ecx = 0x1
edx = 0x102929ec -> 0x6f627963
esi = 0x102929ec -> 0x6f627963
edi = 0xfffffff4
ebp = 0x58df804 -> 0x58df844
esp = 0x58df7cc -> 0x13eded04
efl = 0x10246

---Stack Trace---
From: 0x58df7cc to: 0x58e0000
0x58df7cc | 0x13eded04 -> 0x13eded04
0x58df7d0 | 0x102bc90c -> 0xba90d41
0x58df7d4 | 0x58df804 -> 0x58df844
0x58df7d8 | 0x42e47b -> 0x103e9
0x58df7dc | 0x13ede9c8 -> 0x77f48c
0x58df7e0 | 0
0x58df7e4 | 0x58df804 -> 0x58df844
0x58df7e8 | 0x699275 -> 0x5590c3c9
0x58df7ec | 0x13eded04 -> 0x13eded04
0x58df7f0 | 0x1382a5c8 -> 0x1304f7c0
0x58df7f4 | 0xfe74
0x58df7f8 | 0x13ede9c8 -> 0x77f48c
0x58df7fc | 0
0x58df800 | 0x102bc90c -> 0xba90d41
0x58df804 | 0x58df844 -> 0x58df874 \\\\\\ stack frame //////
0x58df808 | 0x4de72d -> 0x8b08458b <-- ret
0x58df80c | 0x13edec8c -> 0
0x58df810 | 0x1028f9f0 -> 0x102929ec
0x58df814 | 0x388
0x58df818 | 0x102bc90c -> 0xba90d41
0x58df81c | 0x388
0x58df820 | 0
0x58df824 | 0x58df844 -> 0x58df874
0x58df828 | 0x6f526b -> 0xe974c085
0x58df82c | 0x388
0x58df830 | 0x32624bec
0x58df834 | 0xfffffffe
0x58df838 | 0x58df884 -> 0x58df8a4
0x58df83c | 0x13ede9c8 -> 0x77f48c
0x58df840 | 0
0x58df844 | 0x58df874 -> 0x58df8c4 \\\\\\ stack frame //////
0x58df848 | 0x4de230 -> 0xc483d889 <-- ret
0x58df84c | 0x13ede9c8 -> 0x77f48c
0x58df850 | 0x1028f968 -> 0x77d2d8
0x58df854 | 0x57dca4 -> 0x53e58955
0x58df858 | 0x1382ab50 -> 0x107c4ff0
0x58df85c | 0x18d0c401 -> 0x880077e8
0x58df860 | 0x56a8ec -> 0x83e58955
0x58df864 | 0x58df884 -> 0x58df8a4
0x58df868 | 0x1028f968 -> 0x77d2d8
0x58df86c | 0
0x58df870 | 0x102bc90c -> 0xba90d41
0x58df874 | 0x58df8c4 -> 0x58df914 \\\\\\ stack frame //////
0x58df878 | 0x54d044 -> 0x8bec4589 <-- ret
0x58df87c | 0x1028f968 -> 0x77d2d8
0x58df880 | 0xf4d851c -> 0
0x58df884 | 0x58df8a4 -> 0x58df8c4
0x58df888 | 0x61b0d5 -> 0x5590c3c9
0x58df88c | 0x1382ab48 -> 0x738468
0x58df890 | 0x107c4ff0 -> 0x77e22c
0x58df894 | 0x107c53c4 -> 0x77e480
0x58df898 | 0xf4d851c -> 0
0x58df89c | 0x1
0x58df8a0 | 0
0x58df8a4 | 0x58df8c4 -> 0x58df914
0x58df8a8 | 0x68f801 -> 0
0x58df8ac | 0xf4d8518 -> 0x61632065
0x58df8b0 | 0x1382ab48 -> 0x738468
0x58df8b4 | 0x1
0x58df8b8 | 0xdb815ed6
0x58df8bc | 0x1382ab50 -> 0x107c4ff0
0x58df8c0 | 0x1028f968 -> 0x77d2d8
0x58df8c4 | 0x58df914 -> 0x58df964 \\\\\\ stack frame //////
0x58df8c8 | 0x54d220 -> 0x89dc458d <-- ret
0x58df8cc | 0xf4d84f8 -> 0x77eb28
0x58df8d0 | 0x1
0x58df8d4 | 0x1028f968 -> 0x77d2d8
0x58df8d8 | 0x102bc90c -> 0xba90d41
0x58df8dc | 0
0x58df8e0 | 0x1
0x58df8e4 | 0x58df914 -> 0x58df964
0x58df8e8 | 0x6987d8 -> 0xc9f4458b
0x58df8ec | 0x58df908 -> 0x75d620
0x58df8f0 | 0x102bc8f0 -> 0x1
0x58df8f4 | 0xf4d851c -> 0
0x58df8f8 | 0x102bc908 -> 0x1028f968
0x58df8fc | 0x738468 -> 0x738468
0x58df900 | 0x30322063
0x58df904 | 0x6c2e3532
0x58df908 | 0x75d620 -> 0x49203e3e
0x58df90c | 0x57dca4 -> 0x53e58955
0x58df910 | 0x76ec8d10 -> 0x8b55ff8b
0x58df914 | 0x58df964 -> 0x58df9d4 \\\\\\ stack frame //////
0x58df918 | 0x54c6bc -> 0x89e0458d <-- ret
0x58df91c | 0xf4d84f8 -> 0x77eb28
0x58df920 | 0x58df958 -> 0x738460
0x58df924 | 0x58df952 -> 0xbec0be0
0x58df928 | 0
0x58df92c | 0x1
0x58df930 | 0xc
0x58df934 | 0x76f311ac -> 0x90001cc2
0x58df938 | 0x761f8e12 -> 0x8b5b5e5f
0x58df93c | 0x506d8 -> 0x6c002d
0x58df940 | 0xc
0x58df944 | 0x133e6660 -> 0x133e6570
0x58df948 | 0x738468 -> 0x738468
0x58df94c | 0x738468 -> 0x738468
0x58df950 | 0xbe002b1 -> 0
0x58df954 | 0x70bec
0x58df958 | 0x738460 -> 0x133e6660
0x58df95c | 0x75d620 -> 0x49203e3e
0x58df960 | 0x57dca4 -> 0x53e58955
0x58df964 | 0x58df9d4 -> 0x58dfd64 \\\\\\ stack frame //////
0x58df968 | 0x457014 -> 0x16357be8 <-- ret
0x58df96c | 0x73845c -> 0x77efd8
0x58df970 | 0x58df99c -> 0x76210fb8
0x58df974 | 0x506d8 -> 0x6c002d
0x58df978 | 0xc
0x58df97c | 0
0x58df980 | 0x6d60ec20 -> 0x8b55ff8b
0x58df984 | 0x1000000
0x58df988 | 0x2e6800 -> 0x1008
0x58df98c | 0x506d8 -> 0x6c002d
0x58df990 | 0
0x58df994 | 0
0x58df998 | 0x58df9b8 -> 0x58df9d4
0x58df99c | 0x76210fb8 -> 0x5de58b5e
0x58df9a0 | 0x1bbeac0 -> 0x506d8
0x58df9a4 | 0
0x58df9a8 | 0x75d620 -> 0x49203e3e
0x58df9ac | 0x1
0x58df9b0 | 0x57dca4 -> 0x53e58955
0x58df9b4 | 0x506d8 -> 0x6c002d
0x58df9b8 | 0x58df9d4 -> 0x58dfd64
0x58df9bc | 0x7627f20d -> 0x5ce847eb
0x58df9c0 | 0
0x58df9c4 | 0x75d620 -> 0x49203e3e
0x58df9c8 | 0x75d620 -> 0x49203e3e
0x58df9cc | 0x57dca4 -> 0x53e58955
0x58df9d0 | 0x76ec8d10 -> 0x8b55ff8b
0x58df9d4 | 0x58dfd64 -> 0x58dfd84 \\\\\\ stack frame //////
0x58df9d8 | 0x5070fd -> 0x42444c7 <-- ret
0x58df9dc | 0x868a80 -> 0x77e628
0x58df9e0 | 0x2
0x58df9e4 | 0
0x58df9e8 | 0x75d620 -> 0x49203e3e
0x58df9ec | 0x540f000 -> 0x3777e4ab
0x58df9f0 | 0x77f
0x58df9f4 | 0xfb0007fc
0x58df9f8 | 0x7823cc -> 0x686058
0x58df9fc | 0
0x58dfa00 | 0x7823e0 -> 0x6f4858
0x58dfa04 | 0x782028 -> 0x67f448
0x58dfa08 | 0x541440c -> 0x67726f66
0x58dfa0c | 0x541440c -> 0x67726f66
0x58dfa10 | 0x541440d -> 0x6f67726f
0x58dfa14 | 0x541440c -> 0x67726f66
0x58dfa18 | 0x541441d -> 0x90000000
0x58dfa1c | 0x541460c -> 0x5412a60
0x58dfa20 | 0x7368b8 -> 0x1d
0x58dfa24 | 0x18
0x58dfa28 | 0x541440c -> 0x67726f66
0x58dfa2c | 0x7823f4 -> 0x6f4bd8
0x58dfa30 | 0x6
0x58dfa34 | 0
0x58dfa38 | 0x1002
0x58dfa3c | 0
0x58dfa40 | 0
0x58dfa44 | 0
0x58dfa48 | 0
0x58dfa4c | 0
0x58dfa50 | 0
0x58dfa54 | 0
0x58dfa58 | 0
0x58dfa5c | 0
0x58dfa60 | 0
0x58dfa64 | 0
0x58dfa68 | 0
0x58dfa6c | 0
0x58dfa70 | 0
0x58dfa74 | 0
0x58dfa78 | 0
0x58dfa7c | 0
0x58dfa80 | 0
0x58dfa84 | 0
0x58dfa88 | 0
0x58dfa8c | 0
0x58dfa90 | 0x8
0x58dfa94 | 0x58dfa50 -> 0
0x58dfa98 | 0x7368b8 -> 0x1d
0x58dfa9c | 0
0x58dfaa0 | 0x5400120 -> 0xd2ce8b8e
0x58dfaa4 | 0x58dfa04 -> 0x782028
0x58dfaa8 | 0x736dc0 -> 0x782648
0x58dfaac | 0x737430 -> 0x782808
0x58dfab0 | 0x737420 -> 0x782788
0x58dfab4 | 0x7823cc -> 0x686058
0x58dfab8 | 0
0x58dfabc | 0x7823e0 -> 0x6f4858
0x58dfac0 | 0x782028 -> 0x67f448
0x58dfac4 | 0
0x58dfac8 | 0
0x58dfacc | 0
0x58dfad0 | 0
0x58dfad4 | 0
0x58dfad8 | 0
0x58dfadc | 0x7368b8 -> 0x1d
0x58dfae0 | 0x18
0x58dfae4 | 0x737930 -> 0
0x58dfae8 | 0x7823f4 -> 0x6f4bd8
0x58dfaec | 0x6
0x58dfaf0 | 0
0x58dfaf4 | 0x1002
0x58dfaf8 | 0
0x58dfafc | 0
0x58dfb00 | 0
0x58dfb04 | 0
0x58dfb08 | 0
0x58dfb0c | 0
0x58dfb10 | 0
0x58dfb14 | 0
0x58dfb18 | 0
0x58dfb1c | 0
0x58dfb20 | 0
0x58dfb24 | 0
0x58dfb28 | 0
0x58dfb2c | 0
0x58dfb30 | 0
0x58dfb34 | 0
0x58dfb38 | 0
0x58dfb3c | 0
0x58dfb40 | 0
0x58dfb44 | 0
0x58dfb48 | 0
0x58dfb4c | 0x8
0x58dfb50 | 0x58dfb0c -> 0
0x58dfb54 | 0x7368b8 -> 0x1d
0x58dfb58 | 0
0x58dfb5c | 0
0x58dfb60 | 0x58dfac0 -> 0x782028
0x58dfb64 | 0x736dc0 -> 0x782648
0x58dfb68 | 0x737430 -> 0x782808
0x58dfb6c | 0x737420 -> 0x782788
0x58dfb70 | 0x41bf0 -> 0x1
0x58dfb74 | 0x30a0000 -> 0xf977e465
0x58dfb78 | 0x58e0000 -> 0x6477e4f8
0x58dfb7c | 0x5964410 -> 0x997f678e
0x58dfb80 | 0xd01f9 -> 0x3f3f3f3f
0x58dfb84 | 0x800003 -> 0x6c54c800
0x58dfb88 | 0x58dfac8 -> 0
0x58dfb8c | 0
0x58dfb90 | 0x58dfc5c -> 0x5470950
0x58dfb94 | 0x775d1b70 -> 0x8b55ff8b
0x58dfb98 | 0x32624bb4
0x58dfb9c | 0xfffffffe
0x58dfba0 | 0x58dfc30 -> 0x54707d0
0x58dfba4 | 0x775dfd0f -> 0x7489f08b
0x58dfba8 | 0x5964418 -> 0x30aec80
0x58dfbac | 0x775dfd1a -> 0x5974f685
0x58dfbb0 | 0x40be8 -> 0x1
0x58dfbb4 | 0x30a0000 -> 0xf977e465
0x58dfbb8 | 0x775dfe18 -> 0xc25de58b
0x58dfbbc | 0x6f9
0x58dfbc0 | 0x2e8000 -> 0x58df224
0x58dfbc4 | 0x130013 -> 0x49de2f0f
0x58dfbc8 | 0x30aec58 -> 0x5470950
0x58dfbcc | 0x5964024 -> 0x29
0x58dfbd0 | 0x596402c -> 0xffffffff
0x58dfbd4 | 0x58dfc14 -> 0x133e53f4
0x58dfbd8 | 0x77592a92 -> 0xb70ff88b
0x58dfbdc | 0x9e
0x58dfbe0 | 0x20
0x58dfbe4 | 0x54701c4 -> 0x20003
0x58dfbe8 | 0
0x58dfbec | 0x5470000 -> 0
0x58dfbf0 | 0
0x58dfbf4 | 0x87
0x58dfbf8 | 0x20
0x58dfbfc | 0x5964010 -> 0x30aec58
0x58dfc00 | 0x5470000 -> 0
0x58dfc04 | 0
0x58dfc08 | 0
0x58dfc0c | 0x5470954 -> 0x14020590
0x58dfc10 | 0x5470950 -> 0x54707d0
0x58dfc14 | 0x133e53f4 -> 0x707670
0x58dfc18 | 0x540f79c -> 0x69616c70
0x58dfc1c | 0x540f8dc -> 0x68676968
0x58dfc20 | 0x54112c8 -> 0xffffffff
0x58dfc24 | 0x54112cc -> 0x30a00c0
0x58dfc28 | 0x54112cc -> 0x30a00c0
0x58dfc2c | 0x737930 -> 0
0x58dfc30 | 0x54707d0 -> 0x140206a0
0x58dfc34 | 0x775b55c2 -> 0x64f04d8b
0x58dfc38 | 0x5411288 -> 0x3cc
0x58dfc3c | 0x541128c -> 0x30a00c0
0x58dfc40 | 0x541128c -> 0x30a00c0
0x58dfc44 | 0x59a91cc -> 0x2c
0x58dfc48 | 0
0x58dfc4c | 0
0x58dfc50 | 0x541cb44 -> 0x80c1
0x58dfc54 | 0x5470000 -> 0
0x58dfc58 | 0x54701c4 -> 0x20003
0x58dfc5c | 0x5470950 -> 0x54707d0
0x58dfc60 | 0x775a30a9 -> 0xc0335e5f
0x58dfc64 | 0x58dfca0 -> 0x76ec8d10
0x58dfc68 | 0x775e0a26 -> 0xff85f88b
0x58dfc6c | 0xc
0x58dfc70 | 0x775e0bb7 -> 0x1374c085
0x58dfc74 | 0x76ec8d10 -> 0x8b55ff8b
0x58dfc78 | 0x30a0000 -> 0xf977e465
0x58dfc7c | 0x54141d4 -> 0x14
0x58dfc80 | 0x541d1fc -> 0xf
0x58dfc84 | 0x18
0x58dfc88 | 0
0x58dfc8c | 0x8
0x58dfc90 | 0x2
0x58dfc94 | 0
0x58dfc98 | 0x76ef43d3 -> 0xea343d83
0x58dfc9c | 0xa8fdad72
0x58dfca0 | 0x76ec8d10 -> 0x8b55ff8b
0x58dfca4 | 0x58dfdb0 -> 0x563900
0x58dfca8 | 0
0x58dfcac | 0x58dfdb0 -> 0x563900
0x58dfcb0 | 0xbd3abaf5
0x58dfcb4 | 0x76ef28bc -> 0xc0330689
0x58dfcb8 | 0xbd3abaf5
0x58dfcbc | 0x3ec6fd
0x58dfcc0 | 0x989680
0x58dfcc4 | 0
0x58dfcc8 | 0x76ec8d10 -> 0x8b55ff8b
0x58dfccc | 0x57dca4 -> 0x53e58955
0x58dfcd0 | 0x76ef28cd -> 0xccccc3c9
0x58dfcd4 | 0xd52b862 -> 0
0x58dfcd8 | 0x540f95c -> 0x6f736f77
0x58dfcdc | 0x1dc78dc
0x58dfce0 | 0x2a30
0x58dfce4 | 0xc
0x58dfce8 | 0x76ec8d10 -> 0x8b55ff8b
0x58dfcec | 0xc
0x58dfcf0 | 0x57dca4 -> 0x53e58955
0x58dfcf4 | 0x58dfd14 -> 0x76ef28bc
0x58dfcf8 | 0x76ef43d3 -> 0xea343d83
0x58dfcfc | 0xa8fdac92
0x58dfd00 | 0x76ec8d10 -> 0x8b55ff8b
0x58dfd04 | 0x58dfe10 -> 0x6952a625
0x58dfd08 | 0
0x58dfd0c | 0x58dfe10 -> 0x6952a625
0x58dfd10 | 0xbd3abaf5
0x58dfd14 | 0x76ef28bc -> 0xc0330689
0x58dfd18 | 0xbd3abaf5
0x58dfd1c | 0x3ec6fd
0x58dfd20 | 0x989680
0x58dfd24 | 0
0x58dfd28 | 0x75cf10 -> 0x39323431
0x58dfd2c | 0x75cfac -> 0x30333637
0x58dfd30 | 0x75d048 -> 0x33373634
0x58dfd34 | 0x541cd68 -> 0x77dc68
0x58dfd38 | 0x92793af5
0x58dfd3c | 0x1dc78dc
0x58dfd40 | 0x2a30
0x58dfd44 | 0
0x58dfd48 | 0x62a1fd -> 0x5590c3c9
0x58dfd4c | 0x30ae2f0 -> 0x56dfe1c
0x58dfd50 | 0x76ec8d10 -> 0x8b55ff8b
0x58dfd54 | 0
0x58dfd58 | 0x30aded0 -> 0xd8df18ef
0x58dfd5c | 0x504eaa -> 0x56e58955
0x58dfd60 | 0x57dca4 -> 0x53e58955
0x58dfd64 | 0x58dfd84 -> 0x58dfdc4 \\\\\\ stack frame //////
0x58dfd68 | 0x5c7d5d -> 0x5b14c483 <-- ret
0x58dfd6c | 0x56dfe1c -> 0x77dd68
0x58dfd70 | 0x30ae2f0 -> 0x56dfe1c
0x58dfd74 | 0x30aded0 -> 0xd8df18ef
0x58dfd78 | 0xa8fdac02
0x58dfd7c | 0x76ec8d10 -> 0x8b55ff8b
0x58dfd80 | 0x563910 -> 0x56e58955
0x58dfd84 | 0x58dfdc4 -> 0x58dfdf4 \\\\\\ stack frame //////
0x58dfd88 | 0x5cd6b6 -> 0x5b34c483 <-- ret
0x58dfd8c | 0x30ae2f0 -> 0x56dfe1c
0x58dfd90 | 0xffffff10
0x58dfd94 | 0x30ae2ec -> 0x504eaa
0x58dfd98 | 0x58dfdbb -> 0x8dfdc803
0x58dfd9c | 0
0x58dfda0 | 0x76f1c31c -> 0x76f1c334
0x58dfda4 | 0x775a30a9 -> 0xc0335e5f
0x58dfda8 | 0x76ec8d10 -> 0x8b55ff8b
0x58dfdac | 0x427d94 -> 0x83e58955
0x58dfdb0 | 0x563900 -> 0xe8240489
0x58dfdb4 | 0x76eb8bee -> 0xecc8a359
0x58dfdb8 | 0x30ae0e4 -> 0x6d8ab4ec
0x58dfdbc | 0x58dfdc8 -> 0x5f2f7b
0x58dfdc0 | 0x563910 -> 0x56e58955
0x58dfdc4 | 0x58dfdf4 -> 0x58dfe24 \\\\\\ stack frame //////
0x58dfdc8 | 0x5f2f7b -> 0x9090c3c9 <-- ret
0x58dfdcc | 0x30ae2ec -> 0x504eaa
0x58dfdd0 | 0x8
0x58dfdd4 | 0x76eb8b2d -> 0xccccccc3
0x58dfdd8 | 0x76eb8b13 -> 0x4d8bc68b
0x58dfddc | 0xa8fdafbe
0x58dfde0 | 0x76ec8d10 -> 0x8b55ff8b
0x58dfde4 | 0x57dca4 -> 0x53e58955
0x58dfde8 | 0x30ae2ec -> 0x504eaa
0x58dfdec | 0x427d94 -> 0x83e58955
0x58dfdf0 | 0xa8fdac42
0x58dfdf4 | 0x58dfe24 -> 0x58dfe44 \\\\\\ stack frame //////
0x58dfdf8 | 0x62da09 -> 0x5b20c483 <-- ret
0x58dfdfc | 0x30ae2ec -> 0x504eaa
0x58dfe00 | 0xdb815b7e
0x58dfe04 | 0xfffffffe
0x58dfe08 | 0x58dfe14 -> 0xb403d6
0x58dfe0c | 0x76eb8c1d -> 0x1b59d8f7
0x58dfe10 | 0x6952a625
0x58dfe14 | 0xb403d6 -> 0
0x58dfe18 | 0x5b0000 -> 0x44cee824
0x58dfe1c | 0x563910 -> 0x56e58955
0x58dfe20 | 0x57dca4 -> 0x53e58955
0x58dfe24 | 0x58dfe44 -> 0x58dfe94 \\\\\\ stack frame //////
0x58dfe28 | 0x5b8d5c -> 0x9090c3c9 <-- ret
0x58dfe2c | 0x30ae2e8 -> 0x7383f1
0x58dfe30 | 0x76ec8d10 -> 0x8b55ff8b
0x58dfe34 | 0x58dfe44 -> 0x58dfe94
0x58dfe38 | 0x50deeb -> 0x89084d8b
0x58dfe3c | 0x57dca4 -> 0x53e58955
0x58dfe40 | 0x76ec8d10 -> 0x8b55ff8b
0x58dfe44 | 0x58dfe94 -> 0x58dfeb4 \\\\\\ stack frame //////
0x58dfe48 | 0x563a35 -> 0xf07d83 <-- ret
0x58dfe4c | 0x30ae2d8 -> 0x77e798
0x58dfe50 | 0x737f64 -> 0
0x58dfe54 | 0x58dfe10 -> 0x6952a625
0x58dfe58 | 0x775d1b70 -> 0x8b55ff8b
0x58dfe5c | 0x32624edc
0x58dfe60 | 0xfffffffe
0x58dfe64 | 0x58dfeb4 -> 0x58dfef4
0x58dfe68 | 0x737f64 -> 0
0x58dfe6c | 0
0x58dfe70 | 0x77dfc8 -> 0x452582
0x58dfe74 | 0x58dff5c -> 0x58dffcc
0x58dfe78 | 0x4527bf -> 0x57e58955
0x58dfe7c | 0xb3bb01 -> 0xb00b482
0x58dfe80 | 0x737f60 -> 0x77ce28
0x58dfe84 | 0x7380c0 -> 0x77e0c0
0x58dfe88 | 0x30ae2d8 -> 0x77e798
0x58dfe8c | 0x563910 -> 0x56e58955
0x58dfe90 | 0x57dca4 -> 0x53e58955
0x58dfe94 | 0x58dfeb4 -> 0x58dfef4 \\\\\\ stack frame //////
0x58dfe98 | 0x5c7f25 -> 0x5b14c483 <-- ret
0x58dfe9c | 0x737f60 -> 0x77ce28
0x58dfea0 | 0xb3bb94 -> 0x737f60
0x58dfea4 | 0x30ae718 -> 0x30aeb68
0x58dfea8 | 0
0x58dfeac | 0x30a0000 -> 0xf977e465
0x58dfeb0 | 0xb3bb70 -> 0x781270
0x58dfeb4 | 0x58dfef4 -> 0x58dff14 \\\\\\ stack frame //////
0x58dfeb8 | 0x5cd70e -> 0x5b34c483 <-- ret
0x58dfebc | 0xb3bb94 -> 0x737f60
0x58dfec0 | 0x40896e70
0x58dfec4 | 0xb3bb90 -> 0x563910
0x58dfec8 | 0x58dfeeb -> 0xea88a905
0x58dfecc | 0
0x58dfed0 | 0x58dfec0 -> 0x40896e70
0x58dfed4 | 0
0x58dfed8 | 0x58dff24 -> 0x76ec88a2
0x58dfedc | 0x775d1b70 -> 0x8b55ff8b
0x58dfee0 | 0x32624bec
0x58dfee4 | 0xfffffffe
0x58dfee8 | 0x58dff34 -> 0x58dff6c
0x58dfeec | 0x76ea88a9 -> 0x1675c085
0x58dfef0 | 0xb3bb70 -> 0x781270
0x58dfef4 | 0x58dff14 -> 0x58dff34 \\\\\\ stack frame //////
0x58dfef8 | 0x5e751c -> 0x9090c3c9 <-- ret
0x58dfefc | 0xb3bb90 -> 0x563910
0x58dff00 | 0xb3bb70 -> 0x781270
0x58dff04 | 0x58dff14 -> 0x58dff34
0x58dff08 | 0x76a649d1 -> 0xd79c085
0x58dff0c | 0xc
0x58dff10 | 0xb3bb70 -> 0x781270
0x58dff14 | 0x58dff34 -> 0x58dff6c \\\\\\ stack frame //////
0x58dff18 | 0x57dccf -> 0xfffe1ce8 <-- ret
0x58dff1c | 0xb3bb70 -> 0x781270
0x58dff20 | 0xb3bb70 -> 0x781270
0x58dff24 | 0x76ec88a2 -> 0x5ec68b5f
0x58dff28 | 0
0x58dff2c | 0x76ec8d10 -> 0x8b55ff8b
0x58dff30 | 0x30ae718 -> 0x30aeb68
0x58dff34 | 0x58dff6c -> 0x58dff74 \\\\\\ stack frame //////
0x58dff38 | 0x76ec8ca5 -> 0x35e850 <-- ret
0x58dff3c | 0xb3bb70 -> 0x781270
0x58dff40 | 0xa8fdaeda
0x58dff44 | 0x76ec8d10 -> 0x8b55ff8b
0x58dff48 | 0x76ec8d10 -> 0x8b55ff8b
0x58dff4c | 0x30ae718 -> 0x30aeb68
0x58dff50 | 0x58dff40 -> 0xa8fdaeda
0x58dff54 | 0x58dff40 -> 0xa8fdaeda
0x58dff58 | 0x58dffcc -> 0x58dffe4
0x58dff5c | 0x58dffcc -> 0x58dffe4
0x58dff60 | 0x76ebea50 -> 0x8b55ff8b
0x58dff64 | 0xdb815f8e
0x58dff68 | 0
0x58dff6c | 0x58dff74 -> 0x58dff84 \\\\\\ stack frame //////
0x58dff70 | 0x76ec8d71 -> 0xcccccccc <-- ret
0x58dff74 | 0x58dff84 -> 0x58dffdc
0x58dff78 | 0x74fd5d49 -> 0x2415ff50 <-- ret
0x58dff7c | 0x30ae718 -> 0x30aeb68
0x58dff80 | 0x74fd5d30 -> 0x8b55ff8b
0x58dff84 | 0x58dffdc -> 0x58dffec \\\\\\ stack frame //////
0x58dff88 | 0x775bd5db -> 0xb0e9 <-- ret
0x58dff8c | 0x30ae718 -> 0x30aeb68
0x58dff90 | 0x40896f48
0x58dff94 | 0
0x58dff98 | 0
0x58dff9c | 0x30ae718 -> 0x30aeb68
0x58dffa0 | 0
0x58dffa4 | 0
0x58dffa8 | 0
0x58dffac | 0
0x58dffb0 | 0
0x58dffb4 | 0
0x58dffb8 | 0
0x58dffbc | 0
0x58dffc0 | 0
0x58dffc4 | 0x58dff90 -> 0x40896f48
0x58dffc8 | 0
0x58dffcc | 0x58dffe4 -> 0xffffffff
0x58dffd0 | 0x775d1b70 -> 0x8b55ff8b
0x58dffd4 | 0x326275a4
0x58dffd8 | 0
0x58dffdc | 0x58dffec -> 0 \\\\\\ stack frame //////
0x58dffe0 | 0x775bd561 -> 0xcccccccc <-- ret
0x58dffe4 | 0xffffffff
0x58dffe8 | 0x776044d5 -> 0x90909090
0x58dffec | 0 \\\\\\ stack frame //////
0x58dfff0 | 0 <-- ret
0x58dfff4 | 0x76ec8d10 -> 0x8b55ff8b
0x58dfff8 | 0x30ae718 -> 0x30aeb68
0x58dfffc | 0
*****************************************************
*****************************************************
Error report - Mon Dec 29 13:12:12 2025

Compiler Info - GNU C++ version 4.4.0
Compilation Date - Dec 27 2025 15:35:59

Memory load: 45
Total phys: 16666124 K available phys: 9106848 K
Start time: 29-12-2025  16:12:5
Kernel time: 0:0:0.453
User time: 0:0:2.0
Threads: 9

Exception: 0xc0000005 at eip = 0x6d950e
eax = 0xac
ebx = 0xb0
ecx = 0x1600e5f2 -> 0
edx = 0x579c570 -> 0x2
esi = 0x2d3cdc
edi = 0
ebp = 0x579c4d4 -> 0x579c504
esp = 0x579c4d4 -> 0x579c504
efl = 0x10212

---Stack Trace---
From: 0x579c4d4 to: 0x57a0000
0x579c4d4 | 0x579c504 -> 0x579c524 \\\\\\ stack frame //////
0x579c4d8 | 0x6d9387 -> 0x890c558b <-- ret
0x579c4dc | 0xac
0x579c4e0 | 0x1bd77b68 -> 0x107364d8
0x579c4e4 | 0x579c518 -> 0x579c564
0x579c4e8 | 0x7758ecaa -> 0x64f04d8b
0x579c4ec | 0
0x579c4f0 | 0xa5707fea
0x579c4f4 | 0
0x579c4f8 | 0x105a2068 -> 0xb
0x579c4fc | 0x4515d6 -> 0x83e58955
0x579c500 | 0x4515d6 -> 0x83e58955
0x579c504 | 0x579c524 -> 0x579c564 \\\\\\ stack frame //////
0x579c508 | 0x6929bc -> 0x9090c3c9 <-- ret
0x579c50c | 0xac
0x579c510 | 0x579c570 -> 0x2
0x579c514 | 0xfffffffe
0x579c518 | 0x579c564 -> 0x579fab4
0x579c51c | 0x76ea88a9 -> 0x1675c085
0x579c520 | 0x2fa0000 -> 0xfb9b1ee
0x579c524 | 0x579c564 -> 0x579fab4 \\\\\\ stack frame //////
0x579c528 | 0x574445 -> 0x8bf04589 <-- ret
0x579c52c | 0xac
0x579c530 | 0x579c570 -> 0x2
0x579c534 | 0x2d3cdc
0x579c538 | 0x4515d6 -> 0x83e58955
0x579c53c | 0x13a163b0 -> 0x5869cd0
0x579c540 | 0x8
0x579c544 | 0x579c564 -> 0x579fab4
0x579c548 | 0x665beb -> 0x8908558b
0x579c54c | 0x579c52c -> 0xac
0x579c550 | 0x74fbe3 -> 0x6e616d00
0x579c554 | 0x579fe74 -> 0x579ff5c
0x579c558 | 0x76ebea50 -> 0x8b55ff8b
0x579c55c | 0x65882486
0x579c560 | 0x4515d6 -> 0x83e58955
0x579c564 | 0x579fab4 -> 0x579fcf4 \\\\\\ stack frame //////
0x579c568 | 0x488bda -> 0x89884589 <-- ret
0x579c56c | 0
0x579c570 | 0x2
0x579c574 | 0x579f847 -> 0x79f894ff
0x579c578 | 0
0x579c57c | 0
0x579c580 | 0
0x579c584 | 0
0x579c588 | 0
0x579c58c | 0
0x579c590 | 0
0x579c594 | 0xb18
0x579c598 | 0
0x579c59c | 0
0x579c5a0 | 0
0x579c5a4 | 0
0x579c5a8 | 0
0x579c5ac | 0
0x579c5b0 | 0
0x579c5b4 | 0
0x579c5b8 | 0
0x579c5bc | 0
0x579c5c0 | 0
0x579c5c4 | 0
0x579c5c8 | 0
0x579c5cc | 0
0x579c5d0 | 0
0x579c5d4 | 0
0x579c5d8 | 0
0x579c5dc | 0
0x579c5e0 | 0
0x579c5e4 | 0
0x579c5e8 | 0
0x579c5ec | 0
0x579c5f0 | 0
0x579c5f4 | 0
0x579c5f8 | 0
0x579c5fc | 0
0x579c600 | 0
0x579c604 | 0
0x579c608 | 0
0x579c60c | 0
0x579c610 | 0
0x579c614 | 0
0x579c618 | 0
0x579c61c | 0
0x579c620 | 0
0x579c624 | 0
0x579c628 | 0
0x579c62c | 0
0x579c630 | 0
0x579c634 | 0
0x579c638 | 0
0x579c63c | 0
0x579c640 | 0
0x579c644 | 0
0x579c648 | 0
0x579c64c | 0
0x579c650 | 0
0x579c654 | 0
0x579c658 | 0
0x579c65c | 0
0x579c660 | 0
0x579c664 | 0
0x579c668 | 0
0x579c66c | 0
0x579c670 | 0
0x579c674 | 0
0x579c678 | 0
0x579c67c | 0
0x579c680 | 0
0x579c684 | 0
0x579c688 | 0
0x579c68c | 0
0x579c690 | 0
0x579c694 | 0
0x579c698 | 0
0x579c69c | 0
0x579c6a0 | 0
0x579c6a4 | 0
0x579c6a8 | 0
0x579c6ac | 0
0x579c6b0 | 0
0x579c6b4 | 0
0x579c6b8 | 0
0x579c6bc | 0
0x579c6c0 | 0
0x579c6c4 | 0
0x579c6c8 | 0
0x579c6cc | 0
0x579c6d0 | 0
0x579c6d4 | 0
0x579c6d8 | 0
0x579c6dc | 0
0x579c6e0 | 0
0x579c6e4 | 0
0x579c6e8 | 0
0x579c6ec | 0
0x579c6f0 | 0
0x579c6f4 | 0
0x579c6f8 | 0
0x579c6fc | 0
0x579c700 | 0
0x579c704 | 0
0x579c708 | 0
0x579c70c | 0
0x579c710 | 0
0x579c714 | 0
0x579c718 | 0
0x579c71c | 0
0x579c720 | 0
0x579c724 | 0
0x579c728 | 0
0x579c72c | 0
0x579c730 | 0
0x579c734 | 0
0x579c738 | 0
0x579c73c | 0
0x579c740 | 0
0x579c744 | 0
0x579c748 | 0
0x579c74c | 0
0x579c750 | 0
0x579c754 | 0
0x579c758 | 0
0x579c75c | 0
0x579c760 | 0
0x579c764 | 0
0x579c768 | 0
0x579c76c | 0
0x579c770 | 0
0x579c774 | 0
0x579c778 | 0
0x579c77c | 0
0x579c780 | 0
0x579c784 | 0
0x579c788 | 0
0x579c78c | 0
0x579c790 | 0
0x579c794 | 0
0x579c798 | 0
0x579c79c | 0
0x579c7a0 | 0
0x579c7a4 | 0
0x579c7a8 | 0
0x579c7ac | 0
0x579c7b0 | 0
0x579c7b4 | 0
0x579c7b8 | 0
0x579c7bc | 0
0x579c7c0 | 0
0x579c7c4 | 0
0x579c7c8 | 0
0x579c7cc | 0
0x579c7d0 | 0
0x579c7d4 | 0
0x579c7d8 | 0
0x579c7dc | 0
0x579c7e0 | 0
0x579c7e4 | 0
0x579c7e8 | 0
0x579c7ec | 0
0x579c7f0 | 0
0x579c7f4 | 0
0x579c7f8 | 0
0x579c7fc | 0
0x579c800 | 0x17
0x579c804 | 0x14f
0x579c808 | 0
0x579c80c | 0xf27cd34 -> 0x6d726157
0x579c810 | 0x737930 -> 0
0x579c814 | 0x101
0x579c818 | 0
0x579c81c | 0x3
0x579c820 | 0
0x579c824 | 0
0x579c828 | 0
0x579c82c | 0
0x579c830 | 0
0x579c834 | 0
0x579c838 | 0
0x579c83c | 0
0x579c840 | 0
0x579c844 | 0
0x579c848 | 0
0x579c84c | 0
0x579c850 | 0
0x579c854 | 0
0x579c858 | 0
0x579c85c | 0
0x579c860 | 0
0x579c864 | 0
0x579c868 | 0
0x579c86c | 0
0x579c870 | 0
0x579c874 | 0
0x579c878 | 0
0x579c87c | 0
0x579c880 | 0
0x579c884 | 0
0x579c888 | 0
0x579c88c | 0
0x579c890 | 0
0x579c894 | 0
0x579c898 | 0
0x579c89c | 0
0x579c8a0 | 0
0x579c8a4 | 0
0x579c8a8 | 0
0x579c8ac | 0
0x579c8b0 | 0
0x579c8b4 | 0
0x579c8b8 | 0
0x579c8bc | 0
0x579c8c0 | 0
0x579c8c4 | 0
0x579c8c8 | 0
0x579c8cc | 0
0x579c8d0 | 0
0x579c8d4 | 0
0x579c8d8 | 0
0x579c8dc | 0
0x579c8e0 | 0
0x579c8e4 | 0
0x579c8e8 | 0
0x579c8ec | 0
0x579c8f0 | 0
0x579c8f4 | 0
0x579c8f8 | 0
0x579c8fc | 0
0x579c900 | 0
0x579c904 | 0
0x579c908 | 0
0x579c90c | 0
0x579c910 | 0
0x579c914 | 0
0x579c918 | 0
0x579c91c | 0
0x579c920 | 0
0x579c924 | 0
0x579c928 | 0
0x579c92c | 0
0x579c930 | 0
0x579c934 | 0
0x579c938 | 0
0x579c93c | 0
0x579c940 | 0
0x579c944 | 0
0x579c948 | 0
0x579c94c | 0
0x579c950 | 0
0x579c954 | 0
0x579c958 | 0
0x579c95c | 0
0x579c960 | 0
0x579c964 | 0
0x579c968 | 0
0x579c96c | 0
0x579c970 | 0
0x579c974 | 0
0x579c978 | 0
0x579c97c | 0
0x579c980 | 0
0x579c984 | 0
0x579c988 | 0
0x579c98c | 0
0x579c990 | 0
0x579c994 | 0
0x579c998 | 0
0x579c99c | 0
0x579c9a0 | 0
0x579c9a4 | 0
0x579c9a8 | 0
0x579c9ac | 0
0x579c9b0 | 0
0x579c9b4 | 0
0x579c9b8 | 0
0x579c9bc | 0
0x579c9c0 | 0
0x579c9c4 | 0
0x579c9c8 | 0
0x579c9cc | 0
0x579c9d0 | 0
0x579c9d4 | 0
0x579c9d8 | 0
0x579c9dc | 0
0x579c9e0 | 0
0x579c9e4 | 0
0x579c9e8 | 0
0x579c9ec | 0
0x579c9f0 | 0
0x579c9f4 | 0
0x579c9f8 | 0
0x579c9fc | 0
0x579ca00 | 0
0x579ca04 | 0
0x579ca08 | 0
0x579ca0c | 0
0x579ca10 | 0
0x579ca14 | 0
0x579ca18 | 0
0x579ca1c | 0
0x579ca20 | 0
0x579ca24 | 0
0x579ca28 | 0
0x579ca2c | 0
0x579ca30 | 0
0x579ca34 | 0
0x579ca38 | 0
0x579ca3c | 0
0x579ca40 | 0
0x579ca44 | 0
0x579ca48 | 0
0x579ca4c | 0
0x579ca50 | 0
0x579ca54 | 0
0x579ca58 | 0
0x579ca5c | 0
0x579ca60 | 0
0x579ca64 | 0
0x579ca68 | 0
0x579ca6c | 0
0x579ca70 | 0
0x579ca74 | 0
0x579ca78 | 0
0x579ca7c | 0
0x579ca80 | 0
0x579ca84 | 0
0x579ca88 | 0
0x579ca8c | 0
0x579ca90 | 0
0x579ca94 | 0
0x579ca98 | 0
0x579ca9c | 0
0x579caa0 | 0
0x579caa4 | 0
0x579caa8 | 0
0x579caac | 0
0x579cab0 | 0
0x579cab4 | 0
0x579cab8 | 0
0x579cabc | 0
0x579cac0 | 0
0x579cac4 | 0
0x579cac8 | 0
0x579cacc | 0
0x579cad0 | 0
0x579cad4 | 0
0x579cad8 | 0
0x579cadc | 0
0x579cae0 | 0
0x579cae4 | 0
0x579cae8 | 0
0x579caec | 0
0x579caf0 | 0
0x579caf4 | 0
0x579caf8 | 0
0x579cafc | 0
0x579cb00 | 0
0x579cb04 | 0
0x579cb08 | 0
0x579cb0c | 0
0x579cb10 | 0
0x579cb14 | 0
0x579cb18 | 0
0x579cb1c | 0
0x579cb20 | 0
0x579cb24 | 0
0x579cb28 | 0
0x579cb2c | 0
0x579cb30 | 0
0x579cb34 | 0
0x579cb38 | 0
0x579cb3c | 0
0x579cb40 | 0
0x579cb44 | 0
0x579cb48 | 0
0x579cb4c | 0
0x579cb50 | 0
0x579cb54 | 0
0x579cb58 | 0
0x579cb5c | 0
0x579cb60 | 0
0x579cb64 | 0
0x579cb68 | 0
0x579cb6c | 0
0x579cb70 | 0
0x579cb74 | 0
0x579cb78 | 0
0x579cb7c | 0
0x579cb80 | 0
0x579cb84 | 0
0x579cb88 | 0
0x579cb8c | 0
0x579cb90 | 0
0x579cb94 | 0
0x579cb98 | 0
0x579cb9c | 0
0x579cba0 | 0
0x579cba4 | 0
0x579cba8 | 0
0x579cbac | 0
0x579cbb0 | 0
0x579cbb4 | 0
0x579cbb8 | 0
0x579cbbc | 0
0x579cbc0 | 0
0x579cbc4 | 0
0x579cbc8 | 0
0x579cbcc | 0
0x579cbd0 | 0
0x579cbd4 | 0
0x579cbd8 | 0
0x579cbdc | 0
0x579cbe0 | 0
0x579cbe4 | 0
0x579cbe8 | 0
0x579cbec | 0
0x579cbf0 | 0
0x579cbf4 | 0
0x579cbf8 | 0
0x579cbfc | 0
0x579cc00 | 0
0x579cc04 | 0
0x579cc08 | 0
0x579cc0c | 0
0x579cc10 | 0
0x579cc14 | 0
0x579cc18 | 0
0x579cc1c | 0
0x579cc20 | 0
0x579cc24 | 0
0x579cc28 | 0
0x579cc2c | 0
0x579cc30 | 0
0x579cc34 | 0
0x579cc38 | 0
0x579cc3c | 0
0x579cc40 | 0
0x579cc44 | 0
0x579cc48 | 0
0x579cc4c | 0
0x579cc50 | 0
0x579cc54 | 0
0x579cc58 | 0
0x579cc5c | 0
0x579cc60 | 0
0x579cc64 | 0
0x579cc68 | 0
0x579cc6c | 0
0x579cc70 | 0
0x579cc74 | 0
0x579cc78 | 0
0x579cc7c | 0
0x579cc80 | 0
0x579cc84 | 0
0x579cc88 | 0
0x579cc8c | 0
0x579cc90 | 0
0x579cc94 | 0
0x579cc98 | 0
0x579cc9c | 0
0x579cca0 | 0
0x579cca4 | 0
0x579cca8 | 0
0x579ccac | 0
0x579ccb0 | 0
0x579ccb4 | 0
0x579ccb8 | 0
0x579ccbc | 0
0x579ccc0 | 0
0x579ccc4 | 0
0x579ccc8 | 0
0x579cccc | 0
0x579ccd0 | 0
0x579ccd4 | 0
0x579ccd8 | 0
0x579ccdc | 0
0x579cce0 | 0
0x579cce4 | 0
0x579cce8 | 0
0x579ccec | 0
0x579ccf0 | 0
0x579ccf4 | 0
0x579ccf8 | 0
0x579ccfc | 0
0x579cd00 | 0
0x579cd04 | 0
0x579cd08 | 0
0x579cd0c | 0
0x579cd10 | 0
0x579cd14 | 0
0x579cd18 | 0
0x579cd1c | 0
0x579cd20 | 0
0x579cd24 | 0
0x579cd28 | 0
0x579cd2c | 0
0x579cd30 | 0
0x579cd34 | 0
0x579cd38 | 0
0x579cd3c | 0
0x579cd40 | 0
0x579cd44 | 0
0x579cd48 | 0
0x579cd4c | 0
0x579cd50 | 0
0x579cd54 | 0
0x579cd58 | 0
0x579cd5c | 0
0x579cd60 | 0
0x579cd64 | 0
0x579cd68 | 0
0x579cd6c | 0
0x579cd70 | 0
0x579cd74 | 0
0x579cd78 | 0
0x579cd7c | 0
0x579cd80 | 0
0x579cd84 | 0
0x579cd88 | 0
0x579cd8c | 0
0x579cd90 | 0
0x579cd94 | 0
0x579cd98 | 0
0x579cd9c | 0
0x579cda0 | 0
0x579cda4 | 0
0x579cda8 | 0
0x579cdac | 0
0x579cdb0 | 0
0x579cdb4 | 0
0x579cdb8 | 0
0x579cdbc | 0
0x579cdc0 | 0
0x579cdc4 | 0
0x579cdc8 | 0
0x579cdcc | 0
0x579cdd0 | 0
0x579cdd4 | 0
0x579cdd8 | 0
0x579cddc | 0
0x579cde0 | 0
0x579cde4 | 0
0x579cde8 | 0
0x579cdec | 0
0x579cdf0 | 0
0x579cdf4 | 0
0x579cdf8 | 0
0x579cdfc | 0
0x579ce00 | 0
0x579ce04 | 0
0x579ce08 | 0
0x579ce0c | 0
0x579ce10 | 0
0x579ce14 | 0
0x579ce18 | 0
0x579ce1c | 0
0x579ce20 | 0
0x579ce24 | 0
0x579ce28 | 0
0x579ce2c | 0
0x579ce30 | 0
0x579ce34 | 0
0x579ce38 | 0
0x579ce3c | 0
0x579ce40 | 0
0x579ce44 | 0
0x579ce48 | 0
0x579ce4c | 0
0x579ce50 | 0
0x579ce54 | 0
0x579ce58 | 0
0x579ce5c | 0
0x579ce60 | 0
0x579ce64 | 0
0x579ce68 | 0
0x579ce6c | 0
0x579ce70 | 0
0x579ce74 | 0
0x579ce78 | 0
0x579ce7c | 0
0x579ce80 | 0
0x579ce84 | 0
0x579ce88 | 0
0x579ce8c | 0
0x579ce90 | 0
0x579ce94 | 0
0x579ce98 | 0
0x579ce9c | 0
0x579cea0 | 0
0x579cea4 | 0
0x579cea8 | 0
0x579ceac | 0
0x579ceb0 | 0
0x579ceb4 | 0
0x579ceb8 | 0
0x579cebc | 0
0x579cec0 | 0
0x579cec4 | 0
0x579cec8 | 0
0x579cecc | 0
0x579ced0 | 0
0x579ced4 | 0
0x579ced8 | 0
0x579cedc | 0
0x579cee0 | 0
0x579cee4 | 0
0x579cee8 | 0
0x579ceec | 0
0x579cef0 | 0
0x579cef4 | 0
0x579cef8 | 0
0x579cefc | 0
0x579cf00 | 0
0x579cf04 | 0
0x579cf08 | 0
0x579cf0c | 0
0x579cf10 | 0
0x579cf14 | 0
0x579cf18 | 0
0x579cf1c | 0
0x579cf20 | 0
0x579cf24 | 0
0x579cf28 | 0
0x579cf2c | 0
0x579cf30 | 0
0x579cf34 | 0
0x579cf38 | 0
0x579cf3c | 0
0x579cf40 | 0
0x579cf44 | 0
0x579cf48 | 0
0x579cf4c | 0
0x579cf50 | 0
0x579cf54 | 0
0x579cf58 | 0
0x579cf5c | 0
0x579cf60 | 0
0x579cf64 | 0
0x579cf68 | 0
0x579cf6c | 0
0x579cf70 | 0
0x579cf74 | 0
0x579cf78 | 0
0x579cf7c | 0
0x579cf80 | 0
0x579cf84 | 0
0x579cf88 | 0
0x579cf8c | 0
0x579cf90 | 0
0x579cf94 | 0
0x579cf98 | 0
0x579cf9c | 0
0x579cfa0 | 0
0x579cfa4 | 0
0x579cfa8 | 0
0x579cfac | 0
0x579cfb0 | 0
0x579cfb4 | 0
0x579cfb8 | 0
0x579cfbc | 0
0x579cfc0 | 0
0x579cfc4 | 0
0x579cfc8 | 0
0x579cfcc | 0
0x579cfd0 | 0
0x579cfd4 | 0
0x579cfd8 | 0
0x579cfdc | 0
0x579cfe0 | 0
0x579cfe4 | 0
0x579cfe8 | 0
0x579cfec | 0
0x579cff0 | 0
0x579cff4 | 0
0x579cff8 | 0
0x579cffc | 0
0x579d000 | 0
0x579d004 | 0
0x579d008 | 0
0x579d00c | 0
0x579d010 | 0
0x579d014 | 0
0x579d018 | 0
0x579d01c | 0
0x579d020 | 0
0x579d024 | 0
0x579d028 | 0
0x579d02c | 0
0x579d030 | 0
0x579d034 | 0
0x579d038 | 0
0x579d03c | 0
0x579d040 | 0
0x579d044 | 0
0x579d048 | 0
0x579d04c | 0
0x579d050 | 0
0x579d054 | 0
0x579d058 | 0
0x579d05c | 0
0x579d060 | 0
0x579d064 | 0
0x579d068 | 0
0x579d06c | 0
0x579d070 | 0
0x579d074 | 0
0x579d078 | 0
0x579d07c | 0
0x579d080 | 0
0x579d084 | 0
0x579d088 | 0
0x579d08c | 0
0x579d090 | 0
0x579d094 | 0
0x579d098 | 0
0x579d09c | 0
0x579d0a0 | 0
0x579d0a4 | 0
0x579d0a8 | 0
0x579d0ac | 0
0x579d0b0 | 0
0x579d0b4 | 0
0x579d0b8 | 0
0x579d0bc | 0
0x579d0c0 | 0
0x579d0c4 | 0
0x579d0c8 | 0
0x579d0cc | 0
0x579d0d0 | 0
0x579d0d4 | 0
0x579d0d8 | 0
0x579d0dc | 0
0x579d0e0 | 0
0x579d0e4 | 0
0x579d0e8 | 0
0x579d0ec | 0
0x579d0f0 | 0
0x579d0f4 | 0
0x579d0f8 | 0
0x579d0fc | 0
0x579d100 | 0
0x579d104 | 0
0x579d108 | 0
0x579d10c | 0
0x579d110 | 0
0x579d114 | 0
0x579d118 | 0
0x579d11c | 0
0x579d120 | 0
0x579d124 | 0
0x579d128 | 0
0x579d12c | 0
0x579d130 | 0
0x579d134 | 0
0x579d138 | 0
0x579d13c | 0
0x579d140 | 0
0x579d144 | 0
0x579d148 | 0
0x579d14c | 0
0x579d150 | 0
0x579d154 | 0
0x579d158 | 0
0x579d15c | 0
0x579d160 | 0
0x579d164 | 0
0x579d168 | 0
0x579d16c | 0
0x579d170 | 0
0x579d174 | 0
0x579d178 | 0
0x579d17c | 0
0x579d180 | 0
0x579d184 | 0
0x579d188 | 0
0x579d18c | 0
0x579d190 | 0
0x579d194 | 0
0x579d198 | 0
0x579d19c | 0
0x579d1a0 | 0
0x579d1a4 | 0
0x579d1a8 | 0
0x579d1ac | 0
0x579d1b0 | 0
0x579d1b4 | 0
0x579d1b8 | 0
0x579d1bc | 0
0x579d1c0 | 0
0x579d1c4 | 0
0x579d1c8 | 0
0x579d1cc | 0
0x579d1d0 | 0
0x579d1d4 | 0
0x579d1d8 | 0
0x579d1dc | 0
0x579d1e0 | 0
0x579d1e4 | 0
0x579d1e8 | 0
0x579d1ec | 0
0x579d1f0 | 0
0x579d1f4 | 0
0x579d1f8 | 0
0x579d1fc | 0
0x579d200 | 0
0x579d204 | 0
0x579d208 | 0
0x579d20c | 0
0x579d210 | 0
0x579d214 | 0
0x579d218 | 0
0x579d21c | 0
0x579d220 | 0
0x579d224 | 0
0x579d228 | 0
0x579d22c | 0
0x579d230 | 0
0x579d234 | 0
0x579d238 | 0
0x579d23c | 0
0x579d240 | 0
0x579d244 | 0
0x579d248 | 0
0x579d24c | 0
0x579d250 | 0
0x579d254 | 0
0x579d258 | 0
0x579d25c | 0
0x579d260 | 0
0x579d264 | 0
0x579d268 | 0
0x579d26c | 0
0x579d270 | 0
0x579d274 | 0
0x579d278 | 0
0x579d27c | 0
0x579d280 | 0
0x579d284 | 0
0x579d288 | 0
0x579d28c | 0
0x579d290 | 0
0x579d294 | 0
0x579d298 | 0
0x579d29c | 0
0x579d2a0 | 0
0x579d2a4 | 0
0x579d2a8 | 0
0x579d2ac | 0
0x579d2b0 | 0
0x579d2b4 | 0
0x579d2b8 | 0
0x579d2bc | 0
0x579d2c0 | 0
0x579d2c4 | 0
0x579d2c8 | 0
0x579d2cc | 0
0x579d2d0 | 0
0x579d2d4 | 0
0x579d2d8 | 0
0x579d2dc | 0
0x579d2e0 | 0
0x579d2e4 | 0
0x579d2e8 | 0
0x579d2ec | 0
0x579d2f0 | 0
0x579d2f4 | 0
0x579d2f8 | 0
0x579d2fc | 0
0x579d300 | 0
0x579d304 | 0
0x579d308 | 0
0x579d30c | 0
0x579d310 | 0
0x579d314 | 0
0x579d318 | 0
0x579d31c | 0
0x579d320 | 0
0x579d324 | 0
0x579d328 | 0
0x579d32c | 0
0x579d330 | 0
0x579d334 | 0
0x579d338 | 0
0x579d33c | 0
0x579d340 | 0
0x579d344 | 0
0x579d348 | 0
0x579d34c | 0
0x579d350 | 0
0x579d354 | 0
0x579d358 | 0
0x579d35c | 0
0x579d360 | 0
0x579d364 | 0
0x579d368 | 0
0x579d36c | 0x1cd6aa20 -> 0x1cd66240
0x579d370 | 0x1cd44f28 -> 0x1cd58508
0x579d374 | 0x579d444 -> 0x579d484
0x579d378 | 0x5878ba -> 0x8908788b
0x579d37c | 0
0x579d380 | 0
0x579d384 | 0
0x579d388 | 0
0x579d38c | 0
0x579d390 | 0
0x579d394 | 0
0x579d398 | 0
0x579d39c | 0
0x579d3a0 | 0
0x579d3a4 | 0
0x579d3a8 | 0
0x579d3ac | 0
0x579d3b0 | 0x1cd6aa20 -> 0x1cd66240
0x579d3b4 | 0xf4975c8 -> 0x1cd61060
0x579d3b8 | 0
0x579d3bc | 0x1045b758 -> 0x1
0x579d3c0 | 0x1045b658 -> 0
0x579d3c4 | 0x579d494 -> 0x2fa0000
0x579d3c8 | 0x587b93 -> 0xc289d839
0x579d3cc | 0
0x579d3d0 | 0
0x579d3d4 | 0
0x579d3d8 | 0
0x579d3dc | 0
0x579d3e0 | 0
0x579d3e4 | 0
0x579d3e8 | 0
0x579d3ec | 0x1045b618 -> 0
0x579d3f0 | 0
0x579d3f4 | 0
0x579d3f8 | 0
0x579d3fc | 0
0x579d400 | 0x1cd6aa20 -> 0x1cd66240
0x579d404 | 0xf4975c8 -> 0x1cd61060
0x579d408 | 0
0x579d40c | 0
0x579d410 | 0
0x579d414 | 0
0x579d418 | 0
0x579d41c | 0
0x579d420 | 0
0x579d424 | 0
0x579d428 | 0
0x579d42c | 0
0x579d430 | 0x332000 -> 0x579bf2c
0x579d434 | 0x3d0024
0x579d438 | 0x1218c6c8 -> 0x5240cf8
0x579d43c | 0x12d6101c -> 0x3e
0x579d440 | 0x12d61028 -> 0xffffffff
0x579d444 | 0x579d484 -> 0x579d4d4
0x579d448 | 0x77592a92 -> 0xb70ff88b
0x579d44c | 0xd5
0x579d450 | 0x20
0x579d454 | 0x524027c -> 0x300041
0x579d458 | 0x2
0x579d45c | 0x5240000 -> 0
0x579d460 | 0
0x579d464 | 0x84
0x579d468 | 0x20
0x579d46c | 0x12d61008 -> 0x1218c6c8
0x579d470 | 0x5240000 -> 0
0x579d474 | 0
0x579d478 | 0x587688 -> 0x643c6
0x579d47c | 0x5240cfc -> 0xf32acd0
0x579d480 | 0x5240cf8 -> 0x52407d0
0x579d484 | 0x579d4d4 -> 0x2fa0000
0x579d488 | 0x775922e7 -> 0xf685f08b
0x579d48c | 0x200
0x579d490 | 0x2
0x579d494 | 0x2fa0000 -> 0xfb9b1ee
0x579d498 | 0x58c167 -> 0x8508508b
0x579d49c | 0xf4975c8 -> 0x1cd61060
0x579d4a0 | 0x52407d0 -> 0x1afe4f20
0x579d4a4 | 0x1cd45068 -> 0
0x579d4a8 | 0x579eedc -> 0xbf07d0
0x579d4ac | 0x208
0x579d4b0 | 0x579eef4 -> 0
0x579d4b4 | 0x579d4e4 -> 0x2
0x579d4b8 | 0
0x579d4bc | 0x579eedc -> 0xbf07d0
0x579d4c0 | 0x1a01a6d8 -> 0
0x579d4c4 | 0x5240000 -> 0
0x579d4c8 | 0x524027c -> 0x300041
0x579d4cc | 0x775e209e -> 0x1374c085
0x579d4d0 | 0x1caf8640 -> 0
0x579d4d4 | 0x2fa0000 -> 0xfb9b1ee
0x579d4d8 | 0x200
0x579d4dc | 0x200
0x579d4e0 | 0x775e0bb7 -> 0x1374c085
0x579d4e4 | 0x2
0x579d4e8 | 0x64
0x579d4ec | 0x2940212
0x579d4f0 | 0x1bfbe458 -> 0xbb005f
0x579d4f4 | 0x291
0x579d4f8 | 0
0x579d4fc | 0x1cace010 -> 0x1bfbe448
0x579d500 | 0x1caf8640 -> 0
0x579d504 | 0x1bfbe448 -> 0x5240c90
0x579d508 | 0x2fa0000 -> 0xfb9b1ee
0x579d50c | 0x4d
0x579d510 | 0x579d544 -> 0x579d614
0x579d514 | 0x7758ecaa -> 0x64f04d8b
0x579d518 | 0x2
0x579d51c | 0xa5706fb6
0x579d520 | 0x2fa0000 -> 0xfb9b1ee
0x579d524 | 0x1caf8640 -> 0
0x579d528 | 0x200
0x579d52c | 0x579d51c -> 0xa5706fb6
0x579d530 | 0x579e69c -> 0
0x579d534 | 0x579d620 -> 0x20
0x579d538 | 0x775d1b70 -> 0x8b55ff8b
0x579d53c | 0x1cd6ad18 -> 0x11
0x579d540 | 0x1cd69d28 -> 0
0x579d544 | 0x579d614 -> 0x579d654
0x579d548 | 0x5878ba -> 0x8908788b
0x579d54c | 0x2fa0000 -> 0xfb9b1ee
0x579d550 | 0x2
0x579d554 | 0x1caf8640 -> 0
0x579d558 | 0xa5706cc2
0x579d55c | 0x2fa0000 -> 0xfb9b1ee
0x579d560 | 0x1caf8638 -> 0x4ba019f3
0x579d564 | 0
0x579d568 | 0x579d71c -> 0x2fa0000
0x579d56c | 0
0x579d570 | 0x579e69c -> 0
0x579d574 | 0x579d5c4 -> 0x579d5e4
0x579d578 | 0x597918 -> 0x850c4d8b
0x579d57c | 0x6
0x579d580 | 0x1cd6ad18 -> 0x11
0x579d584 | 0xf4975c8 -> 0x1cd61060
0x579d588 | 0x579eedc -> 0xbf07d0
0x579d58c | 0x103b4ac8 -> 0x1cd56be8
0x579d590 | 0x579d74c -> 0x12d6101c
0x579d594 | 0x579d5a4 -> 0x579d5c4
0x579d598 | 0x58d15e -> 0x59104389
0x579d59c | 0x579eedc -> 0xbf07d0
0x579d5a0 | 0x579eedc -> 0xbf07d0
0x579d5a4 | 0x579d5c4 -> 0x579d5e4
0x579d5a8 | 0x597597 -> 0x89f85d8b
0x579d5ac | 0x579eedc -> 0xbf07d0
0x579d5b0 | 0x1cd6ad18 -> 0x11
0x579d5b4 | 0x103b4ac8 -> 0x1cd56be8
0x579d5b8 | 0x579e69c -> 0
0x579d5bc | 0x103b4ac8 -> 0x1cd56be8
0x579d5c0 | 0x579d74c -> 0x12d6101c
0x579d5c4 | 0x579d5e4 -> 0x579d664
0x579d5c8 | 0x597ad6 -> 0x7408f883
0x579d5cc | 0x579d74c -> 0x12d6101c
0x579d5d0 | 0x1
0x579d5d4 | 0x579d5f4 -> 0x579d634
0x579d5d8 | 0x579e69c -> 0
0x579d5dc | 0x579eedc -> 0xbf07d0
0x579d5e0 | 0x579d74c -> 0x12d6101c
0x579d5e4 | 0x579d664 -> 0x2fa0000
0x579d5e8 | 0x599b1a -> 0xfffef5e9
0x579d5ec | 0x579d6cc -> 0x1cace010
0x579d5f0 | 0x579e69c -> 0
0x579d5f4 | 0x579d634 -> 0x88
0x579d5f8 | 0x59a3bb -> 0x3087883
0x579d5fc | 0xf4975c8 -> 0x1cd61060
0x579d600 | 0x332000 -> 0x579bf2c
0x579d604 | 0x25002c
0x579d608 | 0x1218c6c8 -> 0x5240cf8
0x579d60c | 0x12d6101c -> 0x3e
0x579d610 | 0x12d61028 -> 0xffffffff
0x579d614 | 0x579d654 -> 0x579d6a4
0x579d618 | 0x77592a92 -> 0xb70ff88b
0x579d61c | 0xd4
0x579d620 | 0x20
0x579d624 | 0x524027c -> 0x300041
0x579d628 | 0x2
0x579d62c | 0x5240000 -> 0
0x579d630 | 0
0x579d634 | 0x88
0x579d638 | 0x20
0x579d63c | 0x12d61008 -> 0x1218c6c8
0x579d640 | 0x5240000 -> 0
0x579d644 | 0
0x579d648 | 0x1bfbe448 -> 0x5240c90
0x579d64c | 0x5240cfc -> 0xf32acd0
0x579d650 | 0x5240cf8 -> 0x52407d0
0x579d654 | 0x579d6a4 -> 0x2fa0000
0x579d658 | 0x775922e7 -> 0xf685f08b
0x579d65c | 0x200
0x579d660 | 0x2
0x579d664 | 0x2fa0000 -> 0xfb9b1ee
0x579d668 | 0x2
0x579d66c | 0x579d6ac -> 0x200
0x579d670 | 0x52407d0 -> 0x1afe4f20
0x579d674 | 0xf0
0x579d678 | 0x8
0x579d67c | 0x208
0x579d680 | 0
0x579d684 | 0x5240000 -> 0
0x579d688 | 0
0x579d68c | 0x70
0x579d690 | 0x8
0x579d694 | 0x5240000 -> 0
0x579d698 | 0x524027c -> 0x300041
0x579d69c | 0x775e209e -> 0x1374c085
0x579d6a0 | 0x1caf4e90 -> 0
0x579d6a4 | 0x2fa0000 -> 0xfb9b1ee
0x579d6a8 | 0x200
0x579d6ac | 0x200
0x579d6b0 | 0x775e0bb7 -> 0x1374c085
0x579d6b4 | 0x2
0x579d6b8 | 0x64
0x579d6bc | 0x25a0251
0x579d6c0 | 0x1bfbe458 -> 0xbb005f
0x579d6c4 | 0x25b
0x579d6c8 | 0
0x579d6cc | 0x1cace010 -> 0x1bfbe448
0x579d6d0 | 0x1caf4e90 -> 0
0x579d6d4 | 0x1bfbe448 -> 0x5240c90
0x579d6d8 | 0x2fa0000 -> 0xfb9b1ee
0x579d6dc | 0x1cd3b668 -> 0
0x579d6e0 | 0x579d714 -> 0x579d800
0x579d6e4 | 0x7758ecaa -> 0x64f04d8b
0x579d6e8 | 0x2
0x579d6ec | 0xa5706de6
0x579d6f0 | 0x2fa0000 -> 0xfb9b1ee
0x579d6f4 | 0x1caf4e90 -> 0
0x579d6f8 | 0x200
0x579d6fc | 0x579d6ec -> 0xa5706de6
0x579d700 | 0x579d85c -> 0xa5706276
0x579d704 | 0x579d7f0 -> 0x5240000
0x579d708 | 0x775d1b70 -> 0x8b55ff8b
0x579d70c | 0xd76f618a
0x579d710 | 0xfffffffe
0x579d714 | 0x579d800 -> 0x332000
0x579d718 | 0x7758c377 -> 0x7d8b03eb
0x579d71c | 0x2fa0000 -> 0xfb9b1ee
0x579d720 | 0x2
0x579d724 | 0x1caf4e90 -> 0
0x579d728 | 0xa57062f2
0x579d72c | 0x2fa0000 -> 0xfb9b1ee
0x579d730 | 0x1caf4e88 -> 0x52aa00e5
0x579d734 | 0
0x579d738 | 0x2fa0000 -> 0xfb9b1ee
0x579d73c | 0xf497640 -> 0x7938078
0x579d740 | 0x332000 -> 0x579bf2c
0x579d744 | 0x38002d
0x579d748 | 0x1218c6c8 -> 0x5240cf8
0x579d74c | 0x12d6101c -> 0x3e
0x579d750 | 0x12d61028 -> 0xffffffff
0x579d754 | 0x579d794 -> 0x52401fc
0x579d758 | 0x77592a92 -> 0xb70ff88b
0x579d75c | 0xb9
0x579d760 | 0x20
0x579d764 | 0x524027c -> 0x300041
0x579d768 | 0x2
0x579d76c | 0x5240000 -> 0
0x579d770 | 0x332000 -> 0x579bf2c
0x579d774 | 0x290032
0x579d778 | 0x1218c6a0 -> 0x5240a20
0x579d77c | 0x1a018c2c -> 0x3b
0x579d780 | 0x1a018c38 -> 0xffffffff
0x579d784 | 0x579d7c4 -> 0x579d814
0x579d788 | 0x77592a92 -> 0xb70ff88b
0x579d78c | 0xaa
0x579d790 | 0x20
0x579d794 | 0x52401fc -> 0x100011
0x579d798 | 0x2
0x579d79c | 0x5240000 -> 0
0x579d7a0 | 0
0x579d7a4 | 0x39
0x579d7a8 | 0x20
0x579d7ac | 0x1a018c18 -> 0x1218c6a0
0x579d7b0 | 0x5240000 -> 0
0x579d7b4 | 0
0x579d7b8 | 0x1218c6c8 -> 0x5240cf8
0x579d7bc | 0x5240a24 -> 0x1218c1d8
0x579d7c0 | 0x5240a20 -> 0x52407d0
0x579d7c4 | 0x579d814 -> 0x2fa0000
0x579d7c8 | 0x775922e7 -> 0xf685f08b
0x579d7cc | 0x80
0x579d7d0 | 0x2
0x579d7d4 | 0x2fa0000 -> 0xfb9b1ee
0x579d7d8 | 0x2
0x579d7dc | 0x5240000 -> 0
0x579d7e0 | 0x52407d0 -> 0x1afe4f20
0x579d7e4 | 0xee
0x579d7e8 | 0x20
0x579d7ec | 0x88
0x579d7f0 | 0x5240000 -> 0
0x579d7f4 | 0
0x579d7f8 | 0
0x579d7fc | 0x5240cfc -> 0xf32acd0
0x579d800 | 0x332000 -> 0x579bf2c
0x579d804 | 0x5240000 -> 0
0x579d808 | 0x52401fc -> 0x100011
0x579d80c | 0x775e209e -> 0x1374c085
0x579d810 | 0x14113b50 -> 0x103b41c8
0x579d814 | 0x2fa0000 -> 0xfb9b1ee
0x579d818 | 0x80
0x579d81c | 0x80
0x579d820 | 0x775e0bb7 -> 0x1374c085
0x579d824 | 0x2
0x579d828 | 0x64
0x579d82c | 0x1c50372
0x579d830 | 0x1218c880 -> 0x2a90000
0x579d834 | 0x1c5
0x579d838 | 0
0x579d83c | 0x14111008 -> 0x1218c870
0x579d840 | 0x14113b50 -> 0x103b41c8
0x579d844 | 0x1218c870 -> 0x5240950
0x579d848 | 0x2fa0000 -> 0xfb9b1ee
0x579d84c | 0x5240bc4 -> 0x1218c6f0
0x579d850 | 0x579d884 -> 0x579d970
0x579d854 | 0x7758ecaa -> 0x64f04d8b
0x579d858 | 0x2
0x579d85c | 0xa5706276
0x579d860 | 0x2fa0000 -> 0xfb9b1ee
0x579d864 | 0x14113b50 -> 0x103b41c8
0x579d868 | 0x80
0x579d86c | 0x579d85c -> 0xa5706276
0x579d870 | 0x20
0x579d874 | 0x579d960 -> 0x2
0x579d878 | 0x775d1b70 -> 0x8b55ff8b
0x579d87c | 0xd76f618a
0x579d880 | 0xfffffffe
0x579d884 | 0x579d970 -> 0x52407d0
0x579d888 | 0x7758c377 -> 0x7d8b03eb
0x579d88c | 0x2fa0000 -> 0xfb9b1ee
0x579d890 | 0x2
0x579d894 | 0x14113b50 -> 0x103b41c8
0x579d898 | 0xa5706382
0x579d89c | 0x2fa0000 -> 0xfb9b1ee
0x579d8a0 | 0x14113b48 -> 0x1b1ace5d
0x579d8a4 | 0
0x579d8a8 | 0x775922e7 -> 0xf685f08b
0x579d8ac | 0x40
0x579d8b0 | 0x2
0x579d8b4 | 0x2fa0000 -> 0xfb9b1ee
0x579d8b8 | 0x64
0x579d8bc | 0x39002b
0x579d8c0 | 0x332000 -> 0x579bf2c
0x579d8c4 | 0x39002b
0x579d8c8 | 0x1218c6c8 -> 0x5240cf8
0x579d8cc | 0x12d6101c -> 0x3e
0x579d8d0 | 0x12d61028 -> 0xffffffff
0x579d8d4 | 0x579d914 -> 0x579d954
0x579d8d8 | 0x77592a92 -> 0xb70ff88b
0x579d8dc | 0x31
0x579d8e0 | 0x20
0x579d8e4 | 0x524027c -> 0x300041
0x579d8e8 | 0x2
0x579d8ec | 0x5240000 -> 0
0x579d8f0 | 0
0x579d8f4 | 0x3e
0x579d8f8 | 0x20
0x579d8fc | 0x12d61008 -> 0x1218c6c8
0x579d900 | 0x332000 -> 0x579bf2c
0x579d904 | 0x220031
0x579d908 | 0x1218c6a0 -> 0x5240a20
0x579d90c | 0x1a018c2c -> 0x3b
0x579d910 | 0x1a018c38 -> 0xffffffff
0x579d914 | 0x579d954 -> 0x579d9a4
0x579d918 | 0x77592a92 -> 0xb70ff88b
0x579d91c | 0xe6
0x579d920 | 0x20
0x579d924 | 0x52401fc -> 0x100011
0x579d928 | 0x2
0x579d92c | 0x5240000 -> 0
0x579d930 | 0
0x579d934 | 0x2b
0x579d938 | 0x20
0x579d93c | 0x1a018c18 -> 0x1218c6a0
0x579d940 | 0x5240000 -> 0
0x579d944 | 0
0x579d948 | 0x1218c6a0 -> 0x5240a20
0x579d94c | 0x5240a24 -> 0x1218c1d8
0x579d950 | 0x5240a20 -> 0x52407d0
0x579d954 | 0x579d9a4 -> 0x2fa0000
0x579d958 | 0x775922e7 -> 0xf685f08b
0x579d95c | 0x80
0x579d960 | 0x2
0x579d964 | 0x2fa0000 -> 0xfb9b1ee
0x579d968 | 0x2
0x579d96c | 0x5240000 -> 0
0x579d970 | 0x52407d0 -> 0x1afe4f20
0x579d974 | 0x75
0x579d978 | 0x20
0x579d97c | 0x88
0x579d980 | 0x5240000 -> 0
0x579d984 | 0
0x579d988 | 0
0x579d98c | 0x5240a24 -> 0x1218c1d8
0x579d990 | 0x5240a20 -> 0x52407d0
0x579d994 | 0x5240000 -> 0
0x579d998 | 0x52401fc -> 0x100011
0x579d99c | 0x775e209e -> 0x1374c085
0x579d9a0 | 0x104799b0 -> 0x2f
0x579d9a4 | 0x2fa0000 -> 0xfb9b1ee
0x579d9a8 | 0x80
0x579d9ac | 0x80
0x579d9b0 | 0x775e0bb7 -> 0x1374c085
0x579d9b4 | 0x2
0x579d9b8 | 0x64
0x579d9bc | 0x256013f
0x579d9c0 | 0x1218c638 -> 0x1de0220
0x579d9c4 | 0x259
0x579d9c8 | 0
0x579d9cc | 0x1046f010 -> 0x1218c628
0x579d9d0 | 0x104799b0 -> 0x2f
0x579d9d4 | 0x1218c628 -> 0x5240dc8
0x579d9d8 | 0x2fa0000 -> 0xfb9b1ee
0x579d9dc | 0x775e209e -> 0x1374c085
0x579d9e0 | 0x332000 -> 0x579bf2c
0x579d9e4 | 0x3b20216 -> 0
0x579d9e8 | 0x1bfbe7e0 -> 0x5240af0
0x579d9ec | 0x1cd5e024 -> 0x660
0x579d9f0 | 0x1cd5e0a0 -> 0xffffffff
0x579d9f4 | 0x579da34 -> 0xfa
0x579d9f8 | 0x77592a92 -> 0xb70ff88b
0x579d9fc | 0xb3
0x579da00 | 0x332000 -> 0x579bf2c
0x579da04 | 0x256013e
0x579da08 | 0x1218c628 -> 0x5240dc8
0x579da0c | 0x1046f024 -> 0x38c
0x579da10 | 0x1046f074 -> 0xcfaf3cce
0x579da14 | 0x579da54 -> 0x579daa4
0x579da18 | 0x77592a92 -> 0xb70ff88b
0x579da1c | 0xcc
0x579da20 | 0x20
0x579da24 | 0x52401dc -> 0x80009
0x579da28 | 0x2
0x579da2c | 0x5240000 -> 0
0x579da30 | 0
0x579da34 | 0xfa
0x579da38 | 0x20
0x579da3c | 0x1046f010 -> 0x1218c628
0x579da40 | 0x5240000 -> 0
0x579da44 | 0
0x579da48 | 0x5a5322 -> 0x8304ec83
0x579da4c | 0x5240dcc -> 0x1bfbe768
0x579da50 | 0x5240dc8 -> 0x52407d0
0x579da54 | 0x579daa4 -> 0x2fa0000
0x579da58 | 0x775922e7 -> 0xf685f08b
0x579da5c | 0x40
0x579da60 | 0x2
0x579da64 | 0x2fa0000 -> 0xfb9b1ee
0x579da68 | 0
0x579da6c | 0x775a30a9 -> 0xc0335e5f
0x579da70 | 0x52407d0 -> 0x1afe4f20
0x579da74 | 0x5240000 -> 0
0x579da78 | 0x52401cc -> 0x40005
0x579da7c | 0x48
0x579da80 | 0x141140a8 -> 0x103b4ce8
0x579da84 | 0x2fa0000 -> 0xfb9b1ee
0x579da88 | 0
0x579da8c | 0x20
0x579da90 | 0x775e0bb7 -> 0x1374c085
0x579da94 | 0x5240000 -> 0
0x579da98 | 0x52401dc -> 0x80009
0x579da9c | 0x775e209e -> 0x1374c085
0x579daa0 | 0x1cd67528 -> 0x1cd67280
0x579daa4 | 0x2fa0000 -> 0xfb9b1ee
0x579daa8 | 0x40
0x579daac | 0x40
0x579dab0 | 0x775e0bb7 -> 0x1374c085
0x579dab4 | 0x2
0x579dab8 | 0x64
0x579dabc | 0x3b20216 -> 0
0x579dac0 | 0x1bfbe7f0 -> 0x1090001
0x579dac4 | 0x3b4
0x579dac8 | 0
0x579dacc | 0x1cd5e010 -> 0x1bfbe7e0
0x579dad0 | 0x1cd67528 -> 0x1cd67280
0x579dad4 | 0x1bfbe7e0 -> 0x5240af0
0x579dad8 | 0x2fa0000 -> 0xfb9b1ee
0x579dadc | 0x579dacc -> 0x1cd5e010
0x579dae0 | 0x579db14 -> 0x579dc00
0x579dae4 | 0x7758ecaa -> 0x64f04d8b
0x579dae8 | 0x2
0x579daec | 0xa57061e6
0x579daf0 | 0x2fa0000 -> 0xfb9b1ee
0x579daf4 | 0x1cd67528 -> 0x1cd67280
0x579daf8 | 0x40
0x579dafc | 0x579daec -> 0xa57061e6
0x579db00 | 0x2
0x579db04 | 0x579dbf0 -> 0x2
0x579db08 | 0x775d1b70 -> 0x8b55ff8b
0x579db0c | 0xd76f618a
0x579db10 | 0xfffffffe
0x579db14 | 0x579dc00 -> 0x52407d0
0x579db18 | 0x7758c377 -> 0x7d8b03eb
0x579db1c | 0x2fa0000 -> 0xfb9b1ee
0x579db20 | 0x332000 -> 0x579bf2c
0x579db24 | 0x380029
0x579db28 | 0x1218c6c8 -> 0x5240cf8
0x579db2c | 0x12d6101c -> 0x3e
0x579db30 | 0x12d61028 -> 0xffffffff
0x579db34 | 0x579db74 -> 0x579dbc4
0x579db38 | 0x77592a92 -> 0xb70ff88b
0x579db3c | 0xd
0x579db40 | 0x20
0x579db44 | 0x524027c -> 0x300041
0x579db48 | 0x2
0x579db4c | 0x5240000 -> 0
0x579db50 | 0
0x579db54 | 0x1e
0x579db58 | 0x20
0x579db5c | 0x12d61008 -> 0x1218c6c8
0x579db60 | 0x5240000 -> 0
0x579db64 | 0
0x579db68 | 0
0x579db6c | 0x5240cfc -> 0xf32acd0
0x579db70 | 0x5240cf8 -> 0x52407d0
0x579db74 | 0x579dbc4 -> 0x21
0x579db78 | 0x775922e7 -> 0xf685f08b
0x579db7c | 0x200
0x579db80 | 0x2
0x579db84 | 0x2fa0000 -> 0xfb9b1ee
0x579db88 | 0x2fa0000 -> 0xfb9b1ee
0x579db8c | 0x1cd675f0 -> 0x1cd69e68
0x579db90 | 0x332000 -> 0x579bf2c
0x579db94 | 0x310027
0x579db98 | 0x1218c6f0 -> 0x5240bc0
0x579db9c | 0x1044d034 -> 0x43
0x579dba0 | 0x1044d040 -> 0x609ffff
0x579dba4 | 0x579dbe4 -> 0x579dc34
0x579dba8 | 0x77592a92 -> 0xb70ff88b
0x579dbac | 0x15
0x579dbb0 | 0x10
0x579dbb4 | 0x52402bc -> 0x400081
0x579dbb8 | 0x2
0x579dbbc | 0x5240000 -> 0
0x579dbc0 | 0
0x579dbc4 | 0x21
0x579dbc8 | 0x10
0x579dbcc | 0x1044d020 -> 0x1218c6f0
0x579dbd0 | 0x5240000 -> 0
0x579dbd4 | 0
0x579dbd8 | 0x59a3bb -> 0x3087883
0x579dbdc | 0x5240bc4 -> 0x1218c6f0
0x579dbe0 | 0x5240bc0 -> 0x52407d0
0x579dbe4 | 0x579dc34 -> 0x2fa0000
0x579dbe8 | 0x775922e7 -> 0xf685f08b
0x579dbec | 0x400
0x579dbf0 | 0x2
0x579dbf4 | 0x2fa0000 -> 0xfb9b1ee
0x579dbf8 | 0x587cd2 -> 0x76df343d
0x579dbfc | 0xf4975c8 -> 0x1cd61060
0x579dc00 | 0x52407d0 -> 0x1afe4f20
0x579dc04 | 0x27f0e7f
0x579dc08 | 0x579dcac -> 0x2fa0000
0x579dc0c | 0x408
0x579dc10 | 0x579dcac -> 0x2fa0000
0x579dc14 | 0x579dc64 -> 0x1218c6c8
0x579dc18 | 0
0x579dc1c | 0x579e69c -> 0
0x579dc20 | 0x579dcac -> 0x2fa0000
0x579dc24 | 0x5240000 -> 0
0x579dc28 | 0x52402bc -> 0x400081
0x579dc2c | 0x775e209e -> 0x1374c085
0x579dc30 | 0x12d65548 -> 0x103b4588
0x579dc34 | 0x2fa0000 -> 0xfb9b1ee
0x579dc38 | 0x400
0x579dc3c | 0x400
0x579dc40 | 0x775e0bb7 -> 0x1374c085
0x579dc44 | 0x2
0x579dc48 | 0x64
0x579dc4c | 0x26002a
0x579dc50 | 0x1218c6d8 -> 0x2e0000
0x579dc54 | 0x22
0x579dc58 | 0
0x579dc5c | 0x12d61008 -> 0x1218c6c8
0x579dc60 | 0x12d65548 -> 0x103b4588
0x579dc64 | 0x1218c6c8 -> 0x5240cf8
0x579dc68 | 0x2fa0000 -> 0xfb9b1ee
0x579dc6c | 0xb4
0x579dc70 | 0x579dca4 -> 0x579dd90
0x579dc74 | 0x7758ecaa -> 0x64f04d8b
0x579dc78 | 0x2
0x579dc7c | 0xa5706656
0x579dc80 | 0x2fa0000 -> 0xfb9b1ee
0x579dc84 | 0x12d65548 -> 0x103b4588
0x579dc88 | 0x400
0x579dc8c | 0x579dc7c -> 0xa5706656
0x579dc90 | 0x5240000 -> 0
0x579dc94 | 0x579dd80 -> 0x332000
0x579dc98 | 0x775d1b70 -> 0x8b55ff8b
0x579dc9c | 0xd76f618a
0x579dca0 | 0xfffffffe
0x579dca4 | 0x579dd90 -> 0x1caf3e10
0x579dca8 | 0x7758c377 -> 0x7d8b03eb
0x579dcac | 0x2fa0000 -> 0xfb9b1ee
0x579dcb0 | 0x2
0x579dcb4 | 0x12d65548 -> 0x103b4588
0x579dcb8 | 0xa5706762
0x579dcbc | 0x2fa0000 -> 0xfb9b1ee
0x579dcc0 | 0x12d65540 -> 0x160d239c
0x579dcc4 | 0
0x579dcc8 | 0x597ad6 -> 0x7408f883
0x579dccc | 0x408
0x579dcd0 | 0x1
0x579dcd4 | 0x579dcf4 -> 0x26002b
0x579dcd8 | 0
0x579dcdc | 0x579eedc -> 0xbf07d0
0x579dce0 | 0x579de3c -> 0x1e
0x579dce4 | 0x5240000 -> 0
0x579dce8 | 0x52402bc -> 0x400081
0x579dcec | 0x775e209e -> 0x1374c085
0x579dcf0 | 0x332000 -> 0x579bf2c
0x579dcf4 | 0x26002b
0x579dcf8 | 0x1218c6c8 -> 0x5240cf8
0x579dcfc | 0x12d6101c -> 0x3e
0x579dd00 | 0x12d61028 -> 0xffffffff
0x579dd04 | 0x579dd44 -> 0x579dd94
0x579dd08 | 0x77592a92 -> 0xb70ff88b
0x579dd0c | 0xef
0x579dd10 | 0x20
0x579dd14 | 0x524027c -> 0x300041
0x579dd18 | 0x2
0x579dd1c | 0x5240000 -> 0
0x579dd20 | 0
0x579dd24 | 0x37
0x579dd28 | 0x20
0x579dd2c | 0x12d61008 -> 0x1218c6c8
0x579dd30 | 0x5240000 -> 0
0x579dd34 | 0
0x579dd38 | 0x597918 -> 0x850c4d8b
0x579dd3c | 0x5240cfc -> 0xf32acd0
0x579dd40 | 0x5240cf8 -> 0x52407d0
0x579dd44 | 0x579dd94 -> 0x2fa0000
0x579dd48 | 0x775922e7 -> 0xf685f08b
0x579dd4c | 0x200
0x579dd50 | 0x2
0x579dd54 | 0x2fa0000 -> 0xfb9b1ee
0x579dd58 | 0x597918 -> 0x850c4d8b
0x579dd5c | 0x7
0x579dd60 | 0x52407d0 -> 0x1afe4f20
0x579dd64 | 0x524025c -> 0x280031
0x579dd68 | 0x579eedc -> 0xbf07d0
0x579dd6c | 0x208
0x579dd70 | 0x579df1c -> 0x143373e8
0x579dd74 | 0x579dd84 -> 0x5240000
0x579dd78 | 0
0x579dd7c | 0xf4967d8 -> 0xf47af70
0x579dd80 | 0x332000 -> 0x579bf2c
0x579dd84 | 0x5240000 -> 0
0x579dd88 | 0x524027c -> 0x300041
0x579dd8c | 0x775e209e -> 0x1374c085
0x579dd90 | 0x1caf3e10 -> 0
0x579dd94 | 0x2fa0000 -> 0xfb9b1ee
0x579dd98 | 0x200
0x579dd9c | 0x200
0x579dda0 | 0x775e0bb7 -> 0x1374c085
0x579dda4 | 0x2
0x579dda8 | 0x64
0x579ddac | 0x2490248
0x579ddb0 | 0x1bfbe458 -> 0xbb005f
0x579ddb4 | 0x24b
0x579ddb8 | 0
0x579ddbc | 0x1cace010 -> 0x1bfbe448
0x579ddc0 | 0x1caf3e10 -> 0
0x579ddc4 | 0x1bfbe448 -> 0x5240c90
0x579ddc8 | 0x2fa0000 -> 0xfb9b1ee
0x579ddcc | 0x1a018c18 -> 0x1218c6a0
0x579ddd0 | 0x579de04 -> 0x579def0
0x579ddd4 | 0x7758ecaa -> 0x64f04d8b
0x579ddd8 | 0x2
0x579dddc | 0xa57064f6
0x579dde0 | 0x2fa0000 -> 0xfb9b1ee
0x579dde4 | 0x1caf3e10 -> 0
0x579dde8 | 0x200
0x579ddec | 0x579dddc -> 0xa57064f6
0x579ddf0 | 0x1cace074 -> 0xf5fff5fd
0x579ddf4 | 0x579dee0 -> 0
0x579ddf8 | 0x775d1b70 -> 0x8b55ff8b
0x579ddfc | 0xd76f618a
0x579de00 | 0xfffffffe
0x579de04 | 0x579def0 -> 0x579df9c
0x579de08 | 0x7758c377 -> 0x7d8b03eb
0x579de0c | 0x2fa0000 -> 0xfb9b1ee
0x579de10 | 0x2
0x579de14 | 0x1caf3e10 -> 0
0x579de18 | 0xa5706402
0x579de1c | 0x2fa0000 -> 0xfb9b1ee
0x579de20 | 0x332000 -> 0x579bf2c
0x579de24 | 0x380029
0x579de28 | 0x1218c6c8 -> 0x5240cf8
0x579de2c | 0x12d6101c -> 0x3e
0x579de30 | 0x12d61028 -> 0xffffffff
0x579de34 | 0x579de74 -> 0x579dec4
0x579de38 | 0x77592a92 -> 0xb70ff88b
0x579de3c | 0x1e
0x579de40 | 0x20
0x579de44 | 0x524027c -> 0x300041
0x579de48 | 0x2
0x579de4c | 0x5240000 -> 0
0x579de50 | 0
0x579de54 | 0x3a
0x579de58 | 0x20
0x579de5c | 0x12d61008 -> 0x1218c6c8
0x579de60 | 0x5240000 -> 0
0x579de64 | 0
0x579de68 | 0
0x579de6c | 0x5240cfc -> 0xf32acd0
0x579de70 | 0x5240cf8 -> 0x52407d0
0x579de74 | 0x579dec4 -> 0
0x579de78 | 0x775922e7 -> 0xf685f08b
0x579de7c | 0x200
0x579de80 | 0x2
0x579de84 | 0x2fa0000 -> 0xfb9b1ee
0x579de88 | 0x100
0x579de8c | 0x100
0x579de90 | 0x52407d0 -> 0x1afe4f20
0x579de94 | 0
0x579de98 | 0x2fa0000 -> 0xfb9b1ee
0x579de9c | 0x775c8f7c -> 0x900024c2
0x579dea0 | 0x76a77c6e -> 0xf981c88b
0x579dea4 | 0x4b0
0x579dea8 | 0
0x579deac | 0
0x579deb0 | 0x579dfec -> 0x730053b0
0x579deb4 | 0xfa00000
0x579deb8 | 0x579def0 -> 0x579df9c
0x579debc | 0x76aa058c -> 0x2be47d8b
0x579dec0 | 0x76b97408 -> 0
0x579dec4 | 0
0x579dec8 | 0x76aa0659 -> 0x20c2c9
0x579decc | 0
0x579ded0 | 0
0x579ded4 | 0x76b97580 -> 0x80000000
0x579ded8 | 0
0x579dedc | 0x50000 -> 0x610030
0x579dee0 | 0
0x579dee4 | 0
0x579dee8 | 0x579dec8 -> 0x76aa0659
0x579deec | 0x574a2a84
0x579def0 | 0x579df9c -> 0x579dfc8
0x579def4 | 0x76aa035e -> 0x8bf84d8b
0x579def8 | 0x5
0x579defc | 0
0x579df00 | 0
0x579df04 | 0
0x579df08 | 0
0x579df0c | 0
0x579df10 | 0x579dfec -> 0x730053b0
0x579df14 | 0x1
0x579df18 | 0x76aa0d90 -> 0x8b55ff8b
0x579df1c | 0x143373e8
0x579df20 | 0x76aa036d -> 0x14c2c9
0x579df24 | 0x579df74 -> 0xfa00000
0x579df28 | 0x178c
0x579df2c | 0x7
0x579df30 | 0x775e443b -> 0xf685f08b
0x579df34 | 0x579dfc0 -> 0x4
0x579df38 | 0
0x579df3c | 0
0x579df40 | 0x579dfec -> 0x730053b0
0x579df44 | 0x76b97408 -> 0
0x579df48 | 0x1015e -> 0xa200a1
0x579df4c | 0xf64e098 -> 0x61636f6c
0x579df50 | 0x579eedc -> 0xbf07d0
0x579df54 | 0x579df74 -> 0xfa00000
0x579df58 | 0x597597 -> 0x89f85d8b
0x579df5c | 0x579eedc -> 0xbf07d0
0x579df60 | 0x76ead8a6 -> 0xccccc359
0x579df64 | 0x1cd6a610 -> 0
0x579df68 | 0x579e69c -> 0
0x579df6c | 0
0x579df70 | 0x579e0ac -> 0x579e0cc
0x579df74 | 0xfa00000
0x579df78 | 0x579dfb0 -> 0x143373e8
0x579df7c | 0x76aa058c -> 0x2be47d8b
0x579df80 | 0x76b97408 -> 0
0x579df84 | 0
0x579df88 | 0x76aa0659 -> 0x20c2c9
0x579df8c | 0x579eedc -> 0xbf07d0
0x579df90 | 0
0x579df94 | 0x574a2be8
0x579df98 | 0
0x579df9c | 0x579dfc8 -> 0x579e020
0x579dfa0 | 0x76aa0dc7 -> 0x508b088b
0x579dfa4 | 0x579dfc0 -> 0x4
0x579dfa8 | 0x178c
0x579dfac | 0x579dfec -> 0x730053b0
0x579dfb0 | 0x143373e8
0x579dfb4 | 0
0x579dfb8 | 0x579e0b0 -> 0x775b7721
0x579dfbc | 0
0x579dfc0 | 0x4
0x579dfc4 | 0
0x579dfc8 | 0x579e020 -> 0x579e054
0x579dfcc | 0x73004b5c -> 0x89e8458b
0x579dfd0 | 0
0x579dfd4 | 0x579dfec -> 0x730053b0
0x579dfd8 | 0x579e008 -> 0x579e508
0x579dfdc | 0x7983c1f2
0x579dfe0 | 0x73004a90 -> 0x8b55ff8b
0x579dfe4 | 0x730052f2 -> 0x45c7d233
0x579dfe8 | 0x7983c1de
0x579dfec | 0x730053b0 -> 0x8b55ff8b
0x579dff0 | 0x579e0b0 -> 0x775b7721
0x579dff4 | 0x579e508 -> 0x579e840
0x579dff8 | 0xa
0x579dffc | 0xa
0x579e000 | 0x730053b0 -> 0x8b55ff8b
0x579e004 | 0x579e0b0 -> 0x775b7721
0x579e008 | 0x579e508 -> 0x579e840
0x579e00c | 0x1
0x579e010 | 0x579e018 -> 0x579e054
0x579e014 | 0x730053ec -> 0xa74c085
0x579e018 | 0x579e054 -> 0x579f514
0x579e01c | 0x7300632a -> 0x37203d8b
0x579e020 | 0x579e054 -> 0x579f514
0x579e024 | 0x7300633f -> 0x37383d8b
0x579e028 | 0x730063a3 -> 0xc01bd8f7
0x579e02c | 0x7983c186
0x579e030 | 0x579f548 -> 0x58c5c78
0x579e034 | 0
0x579e038 | 0x73008518 -> 0x4815ff56
0x579e03c | 0x75c8e126 -> 0x478df08b
0x579e040 | 0x259
0x579e044 | 0
0x579e048 | 0x579f574 -> 0
0x579e04c | 0x73010dba -> 0x548b9090
0x579e050 | 0xffffffff
0x579e054 | 0x579f514 -> 0x579f544
0x579e058 | 0x730060f9 -> 0x242444f6
0x579e05c | 0x73001930 -> 0x63656e6f
0x579e060 | 0
0x579e064 | 0
0x579e068 | 0x73008518 -> 0x4815ff56
0x579e06c | 0x2
0x579e070 | 0x579f548 -> 0x58c5c78
0x579e074 | 0
0x579e078 | 0
0x579e07c | 0x579e508 -> 0x579e840
0x579e080 | 0x800
0x579e084 | 0x579e108 -> 0x579e5a8
0x579e088 | 0x400
0x579e08c | 0x579e0b0 -> 0x775b7721
0x579e090 | 0x20
0x579e094 | 0x579e10c -> 0x775697d8
0x579e098 | 0x1
0x579e09c | 0
0x579e0a0 | 0x1001c -> 0x10000
0x579e0a4 | 0x1
0x579e0a8 | 0x775ddd63 -> 0x774c084
0x579e0ac | 0x579e0cc -> 0x579e0fc
0x579e0b0 | 0x775b7721 -> 0xc25dc033
0x579e0b4 | 0x776868c0 -> 0x104e4
0x579e0b8 | 0x579e0f8 -> 0x77560052
0x579e0bc | 0x2
0x579e0c0 | 0
0x579e0c4 | 0x775697d8 -> 0x52
0x579e0c8 | 0x1
0x579e0cc | 0x579e0fc -> 0x579e110
0x579e0d0 | 0x775b76dd -> 0xf66c085
0x579e0d4 | 0x579e0f8 -> 0x77560052
0x579e0d8 | 0x2
0x579e0dc | 0
0x579e0e0 | 0x775697d8 -> 0x52
0x579e0e4 | 0x1
0x579e0e8 | 0x1
0x579e0ec | 0x775697d8 -> 0x52
0x579e0f0 | 0x20
0x579e0f4 | 0x775697d8 -> 0x52
0x579e0f8 | 0x77560052 -> 0x5a65
0x579e0fc | 0x579e110 -> 0x579e584
0x579e100 | 0x775d4100 -> 0xffb95959
0x579e104 | 0x2d
0x579e108 | 0x579e5a8 -> 0xa5705f5e
0x579e10c | 0x775697d8 -> 0x52
0x579e110 | 0x579e584 -> 0x579e5c8
0x579e114 | 0x775d3a72 -> 0xe90cc483
0x579e118 | 0x2d
0x579e11c | 0x579e5a8 -> 0xa5705f5e
0x579e120 | 0x579e178 -> 0x1b
0x579e124 | 0x579e9c8 -> 0
0x579e128 | 0x579e9c8 -> 0
0x579e12c | 0x775d40b7 -> 0x1f0fc3c9
0x579e130 | 0x579f608 -> 0
0x579e134 | 0x1
0x579e138 | 0x6c
0x579e13c | 0x5790052 -> 0
0x579e140 | 0x27
0x579e144 | 0x775697d9 -> 0x45000000
0x579e148 | 0
0x579e14c | 0x579e170 -> 0xffffffff
0x579e150 | 0
0x579e154 | 0
0x579e158 | 0x73006111 -> 0xc25de58b
0x579e15c | 0x20
0x579e160 | 0x579e5a8 -> 0xa5705f5e
0x579e164 | 0x1
0x579e168 | 0
0x579e16c | 0x579e660 -> 0x7755b4f8
0x579e170 | 0xffffffff
0x579e174 | 0x20
0x579e178 | 0x1b
0x579e17c | 0x579e660 -> 0x7755b4f8
0x579e180 | 0x3
0x579e184 | 0
0x579e188 | 0x178c
0x579e18c | 0
0x579e190 | 0
0x579e194 | 0x73001930 -> 0x63656e6f
0x579e198 | 0x259
0x579e19c | 0x3
0x579e1a0 | 0
0x579e1a4 | 0
0x579e1a8 | 0
0x579e1ac | 0
0x579e1b0 | 0
0x579e1b4 | 0
0x579e1b8 | 0
0x579e1bc | 0x73013770 -> 0x6e616c6e
0x579e1c0 | 0x73008518 -> 0x4815ff56
0x579e1c4 | 0x75c8e126 -> 0x478df08b
0x579e1c8 | 0xffffff00
0x579e1cc | 0
0x579e1d0 | 0x579e1f4 -> 0x579e214
0x579e1d4 | 0x775e443b -> 0xf685f08b
0x579e1d8 | 0x20
0x579e1dc | 0x579e254 -> 0x775697d8
0x579e1e0 | 0x1
0x579e1e4 | 0x14
0x579e1e8 | 0x1001c -> 0x10000
0x579e1ec | 0x1
0x579e1f0 | 0x775ddd63 -> 0x774c084
0x579e1f4 | 0x579e214 -> 0x579e244
0x579e1f8 | 0x775b7721 -> 0xc25dc033
0x579e1fc | 0x776868c0 -> 0x104e4
0x579e200 | 0x579e240 -> 0x77560052
0x579e204 | 0x2
0x579e208 | 0
0x579e20c | 0x775697d8 -> 0x52
0x579e210 | 0x1
0x579e214 | 0x579e244 -> 0x579e258
0x579e218 | 0x775b76dd -> 0xf66c085
0x579e21c | 0x579e240 -> 0x77560052
0x579e220 | 0x2
0x579e224 | 0
0x579e228 | 0x775697d8 -> 0x52
0x579e22c | 0x1
0x579e230 | 0x1
0x579e234 | 0x775697d8 -> 0x52
0x579e238 | 0x20
0x579e23c | 0x775697d8 -> 0x52
0x579e240 | 0x77560052 -> 0x5a65
0x579e244 | 0x579e258 -> 0x1001c
0x579e248 | 0x20
0x579e24c | 0x579e2c4 -> 0x775697d8
0x579e250 | 0x1
0x579e254 | 0x775697d8 -> 0x52
0x579e258 | 0x1001c -> 0x10000
0x579e25c | 0x1
0x579e260 | 0x775ddd63 -> 0x774c084
0x579e264 | 0x579e284 -> 0x579e2b4
0x579e268 | 0x775b7721 -> 0xc25dc033
0x579e26c | 0x776868c0 -> 0x104e4
0x579e270 | 0x579e2b0 -> 0x77560052
0x579e274 | 0x2
0x579e278 | 0
0x579e27c | 0x775697d8 -> 0x52
0x579e280 | 0x1
0x579e284 | 0x579e2b4 -> 0x579e2c8
0x579e288 | 0x775b76dd -> 0xf66c085
0x579e28c | 0x579e2b0 -> 0x77560052
0x579e290 | 0x2
0x579e294 | 0
0x579e298 | 0x775697d8 -> 0x52
0x579e29c | 0x1
0x579e2a0 | 0x1
0x579e2a4 | 0x775697d8 -> 0x52
0x579e2a8 | 0x20
0x579e2ac | 0x775697d8 -> 0x52
0x579e2b0 | 0x77560052 -> 0x5a65
0x579e2b4 | 0x579e2c8 -> 0x579e73c
0x579e2b8 | 0x775d4100 -> 0xffb95959
0x579e2bc | 0x2d
0x579e2c0 | 0x579e760 -> 0xa5705d96
0x579e2c4 | 0x775697d8 -> 0x52
0x579e2c8 | 0x579e73c -> 0x579e780
0x579e2cc | 0x775d3a72 -> 0xe90cc483
0x579e2d0 | 0x2d
0x579e2d4 | 0x579e760 -> 0xa5705d96
0x579e2d8 | 0x579e330 -> 0x12
0x579e2dc | 0x579eb80 -> 0xfffffffe
0x579e2e0 | 0x579eb80 -> 0xfffffffe
0x579e2e4 | 0x775d40b7 -> 0x1f0fc3c9
0x579e2e8 | 0x579e314 -> 0x20
0x579e2ec | 0x1
0x579e2f0 | 0x6c
0x579e2f4 | 0x5790052 -> 0
0x579e2f8 | 0x27
0x579e2fc | 0x775697d9 -> 0x45000000
0x579e300 | 0
0x579e304 | 0x579e314 -> 0x20
0x579e308 | 0
0x579e30c | 0
0x579e310 | 0x579ebe0 -> 0xb20003b1
0x579e314 | 0x20
0x579e318 | 0x579e760 -> 0xa5705d96
0x579e31c | 0x1
0x579e320 | 0
0x579e324 | 0x579e818 -> 0x7755b464
0x579e328 | 0xffffffff
0x579e32c | 0x20
0x579e330 | 0x12
0x579e334 | 0x579e818 -> 0x7755b464
0x579e338 | 0x579e5ac -> 0x579e5ec
0x579e33c | 0x775d2fed -> 0xe90cc483
0x579e340 | 0x13a1cd0a -> 0x21200586
0x579e344 | 0x579e5cc -> 0x579e68a
0x579e348 | 0x579e398 -> 0x2
0x579e34c | 0x579e688 -> 0xa30
0x579e350 | 0x579e688 -> 0xa30
0x579e354 | 0x775d35c9 -> 0xcd90c3c9
0x579e358 | 0x13a1cd00 -> 0
0x579e35c | 0x1
0x579e360 | 0x775a30a9 -> 0xc0335e5f
0x579e364 | 0
0x579e368 | 0x579eb0c -> 0
0x579e36c | 0x27
0x579e370 | 0
0x579e374 | 0
0x579e378 | 0
0x579e37c | 0
0x579e380 | 0x579e5cc -> 0x579e68a
0x579e384 | 0
0x579e388 | 0x2d0
0x579e38c | 0xffffffff
0x579e390 | 0x1
0x579e394 | 0
0x579e398 | 0x2
0x579e39c | 0x579eb0c -> 0
0x579e3a0 | 0x579e3c4 -> 0x2000002
0x579e3a4 | 0x2000002
0x579e3a8 | 0x86eb28 -> 0xffffffff
0x579e3ac | 0xf608fe00
0x579e3b0 | 0x2
0x579e3b4 | 0x97000097
0x579e3b8 | 0xfffffffe
0x579e3bc | 0
0x579e3c0 | 0x579e3e4 -> 0x86ecb8
0x579e3c4 | 0x2000002
0x579e3c8 | 0x86eb28 -> 0xffffffff
0x579e3cc | 0xf608fe00
0x579e3d0 | 0
0x579e3d4 | 0x14
0x579e3d8 | 0x2
0x579e3dc | 0x86eb28 -> 0xffffffff
0x579e3e0 | 0x2
0x579e3e4 | 0x86ecb8 -> 0x86ec20
0x579e3e8 | 0x5a5322 -> 0x8304ec83
0x579e3ec | 0
0x579e3f0 | 0
0x579e3f4 | 0xc
0x579e3f8 | 0xffff020e
0x579e3fc | 0xe
0x579e400 | 0x579e4a4 -> 0x1
0x579e404 | 0x800
0x579e408 | 0
0x579e40c | 0x59
0x579e410 | 0
0x579e414 | 0x1
0x579e418 | 0x775ddd63 -> 0x774c084
0x579e41c | 0x579e43c -> 0x579e460
0x579e420 | 0x775b5c91 -> 0xc25dc033
0x579e424 | 0x776868c0 -> 0x104e4
0x579e428 | 0x579e6e8 -> 0x7f
0x579e42c | 0x6
0x579e430 | 0x579e45c -> 0x579e47c
0x579e434 | 0x579e474 -> 0x1
0x579e438 | 0x2
0x579e43c | 0x579e460 -> 0x775d36b0
0x579e440 | 0x775d6343 -> 0xe79c085
0x579e444 | 0x579e6e8 -> 0x7f
0x579e448 | 0x6
0x579e44c | 0x579e45c -> 0x579e47c
0x579e450 | 0x579e474 -> 0x1
0x579e454 | 0x2
0x579e458 | 0x579ed00 -> 0xaf0270
0x579e45c | 0x579e47c -> 0x579e6f4
0x579e460 | 0x775d36b0 -> 0x8308458b
0x579e464 | 0x30
0x579e468 | 0x579e714 -> 0x579e7d2
0x579e46c | 0x579e4e0 -> 0
0x579e470 | 0
0x579e474 | 0x1
0x579e478 | 0x579e6e7 -> 0x7f30
0x579e47c | 0x579e6f4 -> 0x579e734
0x579e480 | 0x579e6f4 -> 0x579e734
0x579e484 | 0x775d2fed -> 0xe90cc483
0x579e488 | 0x579e40a -> 0x590000
0x579e48c | 0x579e714 -> 0x579e7d2
0x579e490 | 0x579e4e0 -> 0
0x579e494 | 0x579e7d0 -> 0x1001c
0x579e498 | 0x579e7d0 -> 0x1001c
0x579e49c | 0x775d35c9 -> 0xcd90c3c9
0x579e4a0 | 0x579e400 -> 0x579e4a4
0x579e4a4 | 0x1
0x579e4a8 | 0x2
0x579e4ac | 0
0x579e4b0 | 0x579ec54 -> 0x73e2ae
0x579e4b4 | 0x27
0x579e4b8 | 0
0x579e4bc | 0
0x579e4c0 | 0
0x579e4c4 | 0
0x579e4c8 | 0x579e714 -> 0x579e7d2
0x579e4cc | 0x579e4ec -> 0x579e764
0x579e4d0 | 0x775d36b0 -> 0x8308458b
0x579e4d4 | 0x30
0x579e4d8 | 0x579e784 -> 0x579e842
0x579e4dc | 0x579e550 -> 0x2
0x579e4e0 | 0
0x579e4e4 | 0x1
0x579e4e8 | 0x579e757 -> 0x7f30
0x579e4ec | 0x579e764 -> 0x579e7a4
0x579e4f0 | 0x579e764 -> 0x579e7a4
0x579e4f4 | 0x775d2fed -> 0xe90cc483
0x579e4f8 | 0xa
0x579e4fc | 0x579e784 -> 0x579e842
0x579e500 | 0x579e550 -> 0x2
0x579e504 | 0x579e840 -> 0xa30
0x579e508 | 0x579e840 -> 0xa30
0x579e50c | 0x775d35c9 -> 0xcd90c3c9
0x579e510 | 0
0x579e514 | 0x1
0x579e518 | 0x579e570 -> 0x19
0x579e51c | 0
0x579e520 | 0x579ecc0 -> 0x32
0x579e524 | 0x27
0x579e528 | 0
0x579e52c | 0
0x579e530 | 0
0x579e534 | 0
0x579e538 | 0x579e784 -> 0x579e842
0x579e53c | 0
0x579e540 | 0
0x579e544 | 0xffffffff
0x579e548 | 0x1
0x579e54c | 0
0x579e550 | 0x2
0x579e554 | 0x579ecc0 -> 0x32
0x579e558 | 0x579e9a0 -> 0
0x579e55c | 0x1
0x579e560 | 0
0x579e564 | 0x579ea58 -> 0
0x579e568 | 0xffffffff
0x579e56c | 0x20
0x579e570 | 0x19
0x579e574 | 0x579ea58 -> 0
0x579e578 | 0x579e59c -> 0x3079e9c8
0x579e57c | 0x775e443b -> 0xf685f08b
0x579e580 | 0xa5705f76
0x579e584 | 0x579e5c8 -> 0xff
0x579e588 | 0x775ce56e -> 0x8b10c483
0x579e58c | 0x579e5a8 -> 0xa5705f5e
0x579e590 | 0x7755d4ea -> 0
0x579e594 | 0
0x579e598 | 0x579e654 -> 0x579e678
0x579e59c | 0x3079e9c8
0x579e5a0 | 0x7f
0x579e5a4 | 0
0x579e5a8 | 0xa5705f5e
0x579e5ac | 0x579e5ec -> 0x579e608
0x579e5b0 | 0x775ce49f -> 0x8b10c483
0x579e5b4 | 0x579e5cc -> 0x579e68a
0x579e5b8 | 0x7755b44f -> 0x61745300
0x579e5bc | 0
0x579e5c0 | 0x579eb08 -> 0
0x579e5c4 | 0x579e688 -> 0xa30
0x579e5c8 | 0xff
0x579e5cc | 0x579e68a -> 0
0x579e5d0 | 0xfc
0x579e5d4 | 0x579e688 -> 0xa30
0x579e5d8 | 0x42
0x579e5dc | 0
0x579e5e0 | 0x579e654 -> 0x579e678
0x579e5e4 | 0x579e608 -> 0x579e7c0
0x579e5e8 | 0x7757987c -> 0x8510c483
0x579e5ec | 0x579e608 -> 0x579e7c0
0x579e5f0 | 0x775ce448 -> 0x5d14c483
0x579e5f4 | 0x579e688 -> 0xa30
0x579e5f8 | 0xff
0x579e5fc | 0x7755b44c -> 0xa7825
0x579e600 | 0
0x579e604 | 0x579eb08 -> 0
0x579e608 | 0x579e7c0 -> 0x579e978
0x579e60c | 0x2
0x579e610 | 0x80000005
0x579e614 | 0xff
0x579e618 | 0x1001c -> 0x10000
0x579e61c | 0x100
0x579e620 | 0x775ddd63 -> 0x774c084
0x579e624 | 0x579e644 -> 0x579e78c
0x579e628 | 0x775b7721 -> 0xc25dc033
0x579e62c | 0x776868c0 -> 0x104e4
0x579e630 | 0x579e7c8 -> 0x80000005
0x579e634 | 0x200
0x579e638 | 0x579e678 -> 0x4
0x579e63c | 0x579e688 -> 0xa30
0x579e640 | 0x2
0x579e644 | 0x579e78c -> 0x579e840
0x579e648 | 0x776020cf -> 0x5ffc4d8b
0x579e64c | 0x579e7c8 -> 0x80000005
0x579e650 | 0x200
0x579e654 | 0x579e678 -> 0x4
0x579e658 | 0x579e688 -> 0xa30
0x579e65c | 0x2
0x579e660 | 0x7755b4f8 -> 0x7072644c
0x579e664 | 0x6
0x579e668 | 0x776020dc -> 0x14c2c9
0x579e66c | 0x579eb08 -> 0
0x579e670 | 0x579e7c0 -> 0x579e978
0x579e674 | 0x579ef18 -> 0x579f284
0x579e678 | 0x4
0x579e67c | 0x6
0x579e680 | 0xfe
0x579e684 | 0x65
0x579e688 | 0xa30
0x579e68c | 0
0x579e690 | 0
0x579e694 | 0
0x579e698 | 0
0x579e69c | 0
0x579e6a0 | 0
0x579e6a4 | 0
0x579e6a8 | 0
0x579e6ac | 0
0x579e6b0 | 0
0x579e6b4 | 0
0x579e6b8 | 0
0x579e6bc | 0
0x579e6c0 | 0
0x579e6c4 | 0
0x579e6c8 | 0xa5705c3e
0x579e6cc | 0x579e710 -> 0xff
0x579e6d0 | 0x775ce56e -> 0x8b10c483
0x579e6d4 | 0x579e6f0 -> 0xa5705c06
0x579e6d8 | 0x7755d4ea -> 0
0x579e6dc | 0
0x579e6e0 | 0x579e79c -> 0x579e7c0
0x579e6e4 | 0x3079eb10
0x579e6e8 | 0x7f
0x579e6ec | 0
0x579e6f0 | 0xa5705c06
0x579e6f4 | 0x579e734 -> 0x579e750
0x579e6f8 | 0x775ce49f -> 0x8b10c483
0x579e6fc | 0x579e714 -> 0x579e7d2
0x579e700 | 0x7755b44f -> 0x61745300
0x579e704 | 0
0x579e708 | 0x579ec50 -> 0xaf0000
0x579e70c | 0x579e7d0 -> 0x1001c
0x579e710 | 0xff
0x579e714 | 0x579e7d2 -> 0x1000001
0x579e718 | 0xfc
0x579e71c | 0x579e7d0 -> 0x1001c
0x579e720 | 0x42
0x579e724 | 0
0x579e728 | 0x579e79c -> 0x579e7c0
0x579e72c | 0x579e750 -> 0x579e80c
0x579e730 | 0x7757987c -> 0x8510c483
0x579e734 | 0x579e750 -> 0x579e80c
0x579e738 | 0xa5705dce
0x579e73c | 0x579e780 -> 0xff
0x579e740 | 0x775ce56e -> 0x8b10c483
0x579e744 | 0x579e760 -> 0xa5705d96
0x579e748 | 0x7755d4ea -> 0
0x579e74c | 0
0x579e750 | 0x579e80c -> 0x579e830
0x579e754 | 0x3079eb80
0x579e758 | 0x7f
0x579e75c | 0
0x579e760 | 0xa5705d96
0x579e764 | 0x579e7a4 -> 0x579e7c0
0x579e768 | 0x775ce49f -> 0x8b10c483
0x579e76c | 0x579e784 -> 0x579e842
0x579e770 | 0x7755b44f -> 0x61745300
0x579e774 | 0
0x579e778 | 0x579ecbc -> 0xb5bd30
0x579e77c | 0x579e840 -> 0xa30
0x579e780 | 0xff
0x579e784 | 0x579e842 -> 0
0x579e788 | 0xfc
0x579e78c | 0x579e840 -> 0xa30
0x579e790 | 0x42
0x579e794 | 0
0x579e798 | 0x579e80c -> 0x579e830
0x579e79c | 0x579e7c0 -> 0x579e978
0x579e7a0 | 0x7757987c -> 0x8510c483
0x579e7a4 | 0x579e7c0 -> 0x579e978
0x579e7a8 | 0x775ce448 -> 0x5d14c483
0x579e7ac | 0x579e840 -> 0xa30
0x579e7b0 | 0xff
0x579e7b4 | 0x7755b44c -> 0xa7825
0x579e7b8 | 0
0x579e7bc | 0x579ecbc -> 0xb5bd30
0x579e7c0 | 0x579e978 -> 0x1000024
0x579e7c4 | 0x2
0x579e7c8 | 0x80000005
0x579e7cc | 0xff
0x579e7d0 | 0x1001c -> 0x10000
0x579e7d4 | 0x100
0x579e7d8 | 0x775ddd63 -> 0x774c084
0x579e7dc | 0x579e7fc -> 0x579e944
0x579e7e0 | 0x775b7721 -> 0xc25dc033
0x579e7e4 | 0x776868c0 -> 0x104e4
0x579e7e8 | 0x579e980 -> 0xa0030
0x579e7ec | 0x200
0x579e7f0 | 0x579e830 -> 0x4
0x579e7f4 | 0x579e840 -> 0xa30
0x579e7f8 | 0x2
0x579e7fc | 0x579e944 -> 0x579ec88
0x579e800 | 0x776020cf -> 0x5ffc4d8b
0x579e804 | 0x579e980 -> 0xa0030
0x579e808 | 0x200
0x579e80c | 0x579e830 -> 0x4
0x579e810 | 0x579e840 -> 0xa30
0x579e814 | 0x2
0x579e818 | 0x7755b464 -> 0x4c72644c
0x579e81c | 0x6
0x579e820 | 0x776020dc -> 0x14c2c9
0x579e824 | 0x579ecbc -> 0xb5bd30
0x579e828 | 0x579e978 -> 0x1000024
0x579e82c | 0
0x579e830 | 0x4
0x579e834 | 0x6
0x579e838 | 0xfe
0x579e83c | 0x6e
0x579e840 | 0xa30
0x579e844 | 0
0x579e848 | 0
0x579e84c | 0
0x579e850 | 0
0x579e854 | 0
0x579e858 | 0
0x579e85c | 0
0x579e860 | 0
0x579e864 | 0
0x579e868 | 0
0x579e86c | 0
0x579e870 | 0
0x579e874 | 0
0x579e878 | 0
0x579e87c | 0
0x579e880 | 0
0x579e884 | 0
0x579e888 | 0
0x579e88c | 0
0x579e890 | 0
0x579e894 | 0
0x579e898 | 0
0x579e89c | 0
0x579e8a0 | 0
0x579e8a4 | 0
0x579e8a8 | 0
0x579e8ac | 0
0x579e8b0 | 0
0x579e8b4 | 0
0x579e8b8 | 0
0x579e8bc | 0
0x579e8c0 | 0
0x579e8c4 | 0
0x579e8c8 | 0
0x579e8cc | 0
0x579e8d0 | 0
0x579e8d4 | 0
0x579e8d8 | 0
0x579e8dc | 0
0x579e8e0 | 0
0x579e8e4 | 0
0x579e8e8 | 0
0x579e8ec | 0
0x579e8f0 | 0
0x579e8f4 | 0
0x579e8f8 | 0
0x579e8fc | 0
0x579e900 | 0
0x579e904 | 0
0x579e908 | 0
0x579e90c | 0
0x579e910 | 0
0x579e914 | 0x4
0x579e918 | 0xfffffffe
0x579e91c | 0
0x579e920 | 0x579e944 -> 0x579ec88
0x579e924 | 0x775e443b -> 0xf685f08b
0x579e928 | 0x7768633c -> 0x77686704
0x579e92c | 0x775a30a9 -> 0xc0335e5f
0x579e930 | 0x7768633c -> 0x77686704
0x579e934 | 0x579e970 -> 0x2000004
0x579e938 | 0x77687260 -> 0x1000039c
0x579e93c | 0xaf0978 -> 0xa0030
0x579e940 | 0x579ec88 -> 0x1e20000
0x579e944 | 0x579ec88 -> 0x1e20000
0x579e948 | 0x776017c6 -> 0xc35b5e5f
0x579e94c | 0x7768633c -> 0x77686704
0x579e950 | 0x2
0x579e954 | 0x775519b8 -> 0x4
0x579e958 | 0x776027bf -> 0x8c2c9
0x579e95c | 0x579ecac -> 0xb5bec0
0x579e960 | 0x6
0x579e964 | 0x775519e8 -> 0x8
0x579e968 | 0x776027bf -> 0x8c2c9
0x579e96c | 0x579ecbc -> 0xb5bd30
0x579e970 | 0x2000004
0x579e974 | 0x579e980 -> 0xa0030
0x579e978 | 0x1000024
0x579e97c | 0x579eb80 -> 0xfffffffe
0x579e980 | 0xa0030 -> 0x17c
0x579e984 | 0
0x579e988 | 0
0x579e98c | 0
0x579e990 | 0
0x579e994 | 0
0x579e998 | 0
0x579e99c | 0
0x579e9a0 | 0
0x579e9a4 | 0
0x579e9a8 | 0
0x579e9ac | 0
0x579e9b0 | 0
0x579e9b4 | 0
0x579e9b8 | 0
0x579e9bc | 0
0x579e9c0 | 0
0x579e9c4 | 0
0x579e9c8 | 0
0x579e9cc | 0
0x579e9d0 | 0
0x579e9d4 | 0
0x579e9d8 | 0
0x579e9dc | 0
0x579e9e0 | 0
0x579e9e4 | 0
0x579e9e8 | 0
0x579e9ec | 0
0x579e9f0 | 0
0x579e9f4 | 0
0x579e9f8 | 0
0x579e9fc | 0
0x579ea00 | 0
0x579ea04 | 0
0x579ea08 | 0
0x579ea0c | 0
0x579ea10 | 0
0x579ea14 | 0
0x579ea18 | 0
0x579ea1c | 0
0x579ea20 | 0
0x579ea24 | 0
0x579ea28 | 0
0x579ea2c | 0
0x579ea30 | 0
0x579ea34 | 0
0x579ea38 | 0
0x579ea3c | 0
0x579ea40 | 0
0x579ea44 | 0
0x579ea48 | 0
0x579ea4c | 0
0x579ea50 | 0
0x579ea54 | 0
0x579ea58 | 0
0x579ea5c | 0
0x579ea60 | 0
0x579ea64 | 0
0x579ea68 | 0
0x579ea6c | 0
0x579ea70 | 0
0x579ea74 | 0
0x579ea78 | 0
0x579ea7c | 0
0x579ea80 | 0
0x579ea84 | 0
0x579ea88 | 0
0x579ea8c | 0
0x579ea90 | 0
0x579ea94 | 0
0x579ea98 | 0
0x579ea9c | 0
0x579eaa0 | 0
0x579eaa4 | 0
0x579eaa8 | 0
0x579eaac | 0
0x579eab0 | 0
0x579eab4 | 0
0x579eab8 | 0
0x579eabc | 0
0x579eac0 | 0
0x579eac4 | 0
0x579eac8 | 0
0x579eacc | 0
0x579ead0 | 0
0x579ead4 | 0
0x579ead8 | 0
0x579eadc | 0
0x579eae0 | 0
0x579eae4 | 0
0x579eae8 | 0
0x579eaec | 0
0x579eaf0 | 0
0x579eaf4 | 0
0x579eaf8 | 0
0x579eafc | 0
0x579eb00 | 0
0x579eb04 | 0
0x579eb08 | 0
0x579eb0c | 0
0x579eb10 | 0
0x579eb14 | 0
0x579eb18 | 0
0x579eb1c | 0
0x579eb20 | 0
0x579eb24 | 0
0x579eb28 | 0
0x579eb2c | 0
0x579eb30 | 0
0x579eb34 | 0
0x579eb38 | 0
0x579eb3c | 0
0x579eb40 | 0
0x579eb44 | 0
0x579eb48 | 0
0x579eb4c | 0
0x579eb50 | 0
0x579eb54 | 0
0x579eb58 | 0
0x579eb5c | 0
0x579eb60 | 0
0x579eb64 | 0
0x579eb68 | 0
0x579eb6c | 0
0x579eb70 | 0
0x579eb74 | 0
0x579eb78 | 0
0x579eb7c | 0
0x579eb80 | 0xfffffffe
0x579eb84 | 0
0x579eb88 | 0x579ebac -> 0xb5bd38
0x579eb8c | 0x775e443b -> 0xf685f08b
0x579eb90 | 0xaf0258 -> 0x776884a0
0x579eb94 | 0x775a30a9 -> 0xc0335e5f
0x579eb98 | 0xaf0000 -> 0x83f000b
0x579eb9c | 0x1
0x579eba0 | 0x190
0x579eba4 | 0xaf0000 -> 0x83f000b
0x579eba8 | 0x775a2b36 -> 0xe90cc483
0x579ebac | 0xb5bd38 -> 0x7
0x579ebb0 | 0
0x579ebb4 | 0x775a2f5e -> 0x3b74c085
0x579ebb8 | 0xa57057d2
0x579ebbc | 0x184
0x579ebc0 | 0x100008 -> 0x1400130
0x579ebc4 | 0xaf0000 -> 0x83f000b
0x579ebc8 | 0x10
0x579ebcc | 0x1
0x579ebd0 | 0
0x579ebd4 | 0
0x579ebd8 | 0x2000002
0x579ebdc | 0x579ec04 -> 0
0x579ebe0 | 0xb20003b1
0x579ebe4 | 0x5cda06 -> 0x5b34c483
0x579ebe8 | 0x56000056
0x579ebec | 0x579ebc4 -> 0xaf0000
0x579ebf0 | 0
0x579ebf4 | 0x579ed58 -> 0
0x579ebf8 | 0x2000002
0x579ebfc | 0xd76f599a
0x579ec00 | 0xb20003b1
0x579ec04 | 0
0x579ec08 | 0
0x579ec0c | 0x579ec30 -> 0xe
0x579ec10 | 0x775e443b -> 0xf685f08b
0x579ec14 | 0x742faf80 -> 0xffffffff
0x579ec18 | 0x775a30a9 -> 0xc0335e5f
0x579ec1c | 0xafb5e8 -> 0xaf0000
0x579ec20 | 0
0x579ec24 | 0xb05c68 -> 0xb057e8
0x579ec28 | 0xc
0x579ec2c | 0xfffffc5d
0x579ec30 | 0xe
0x579ec34 | 0xffffffea
0x579ec38 | 0xb5bd38 -> 0x7
0x579ec3c | 0x796cdc0 -> 0
0x579ec40 | 0x30
0x579ec44 | 0xfffffc81
0x579ec48 | 0x7429c2db -> 0xc25de58b
0x579ec4c | 0xaf2cac -> 0xc30062
0x579ec50 | 0xaf0000 -> 0x83f000b
0x579ec54 | 0x73e2ae -> 0x726f72
0x579ec58 | 0x73e2
0x579ec5c | 0xaf0294 -> 0x4200efe4
0x579ec60 | 0xd
0x579ec64 | 0x21
0x579ec68 | 0x80
0x579ec6c | 0xaf00c0 -> 0xb5e0f8
0x579ec70 | 0xaf029c -> 0
0x579ec74 | 0
0x579ec78 | 0
0x579ec7c | 0x40
0x579ec80 | 0x190
0x579ec84 | 0
0x579ec88 | 0x1e20000
0x579ec8c | 0xf
0x579ec90 | 0xf0d3f -> 0
0x579ec94 | 0x76a6633e -> 0x1febfe23
0x579ec98 | 0x75c918a0 -> 0x8d89c88b
0x579ec9c | 0
0x579eca0 | 0x1
0x579eca4 | 0x10000a -> 0x1500140
0x579eca8 | 0x10001e6
0x579ecac | 0xb5bec0 -> 0x923e0090
0x579ecb0 | 0xb5bd30 -> 0xaf3f00ac
0x579ecb4 | 0x5d25ed -> 0x89e8458d
0x579ecb8 | 0xe
0x579ecbc | 0xb5bd30 -> 0xaf3f00ac
0x579ecc0 | 0x32
0x579ecc4 | 0xf00000f -> 0
0x579ecc8 | 0x7f
0x579eccc | 0
0x579ecd0 | 0
0x579ecd4 | 0x77010d3f
0x579ecd8 | 0xe
0x579ecdc | 0xb5bd38 -> 0x7
0x579ece0 | 0
0x579ece4 | 0xe
0x579ece8 | 0xe
0x579ecec | 0x2
0x579ecf0 | 0
0x579ecf4 | 0xe
0x579ecf8 | 0xaf00c0 -> 0xb5e0f8
0x579ecfc | 0x3
0x579ed00 | 0xaf0270 -> 0xaf3c58
0x579ed04 | 0x2
0x579ed08 | 0
0x579ed0c | 0x5e2417 -> 0x4244489
0x579ed10 | 0x579ed88 -> 0x73e23280
0x579ed14 | 0x775d1b70 -> 0x8b55ff8b
0x579ed18 | 0xd76f649a
0x579ed1c | 0xfffffffe
0x579ed20 | 0x579ed64 -> 0
0x579ed24 | 0x775e0a85 -> 0xff85f88b
0x579ed28 | 0x184
0x579ed2c | 0x190
0x579ed30 | 0xaf036c -> 0
0x579ed34 | 0x775e0bb7 -> 0x1374c085
0x579ed38 | 0x73e6b3fc -> 0
0x579ed3c | 0xaf0000 -> 0x83f000b
0x579ed40 | 0x579ef28 -> 0x663ac631
0x579ed44 | 0xffffffff
0x579ed48 | 0xfffffffe
0x579ed4c | 0x587baa0 -> 0x5869cd0
0x579ed50 | 0x5872a18 -> 0
0x579ed54 | 0x1
0x579ed58 | 0
0x579ed5c | 0x579f124 -> 0x6e0065
0x579ed60 | 0
0x579ed64 | 0
0x579ed68 | 0x579edd4 -> 0x73e2ae90
0x579ed6c | 0
0x579ed70 | 0xa570576a
0x579ed74 | 0x579ed90 -> 0
0x579ed78 | 0xf46a2d0 -> 0x5871350
0x579ed7c | 0x73e23280 -> 0xe220
0x579ed80 | 0x73e20000 -> 0x905a4d
0x579ed84 | 0
0x579ed88 | 0x73e23280 -> 0xe220
0x579ed8c | 0x579eda8 -> 0x7759387f
0x579ed90 | 0
0x579ed94 | 0
0x579ed98 | 0x7759fbbe -> 0x5d5b5e5f
0x579ed9c | 0x579edb8 -> 0x579ede4
0x579eda0 | 0x775e443b -> 0xf685f08b
0x579eda4 | 0xb05968 -> 0xb05ba8
0x579eda8 | 0x7759387f -> 0x5d5b5e5f
0x579edac | 0
0x579edb0 | 0xb05968 -> 0xb05ba8
0x579edb4 | 0x77689818 -> 0
0x579edb8 | 0x579ede4 -> 0
0x579edbc | 0x77593404 -> 0x5e5fc78b
0x579edc0 | 0x77689818 -> 0
0x579edc4 | 0xb05968 -> 0xb05ba8
0x579edc8 | 0
0x579edcc | 0
0x579edd0 | 0x775ac200 -> 0x5ec68b5f
0x579edd4 | 0x73e2ae90 -> 0x8b55ff8b
0x579edd8 | 0
0x579eddc | 0x9
0x579ede0 | 0xfffffffe
0x579ede4 | 0
0x579ede8 | 0x579ee0c -> 0x579ef80
0x579edec | 0x775e443b -> 0xf685f08b
0x579edf0 | 0xaf0258 -> 0x776884a0
0x579edf4 | 0x775a30a9 -> 0xc0335e5f
0x579edf8 | 0xaf0000 -> 0x83f000b
0x579edfc | 0x1
0x579ee00 | 0xf8
0x579ee04 | 0x1f
0x579ee08 | 0x1f
0x579ee0c | 0x579ef80 -> 0x332000
0x579ee10 | 0x775a2b1a -> 0xd345c6
0x579ee14 | 0x775a2f5e -> 0x3b74c085
0x579ee18 | 0xa5705572
0x579ee1c | 0xf0
0x579ee20 | 0
0x579ee24 | 0xaf0000 -> 0x83f000b
0x579ee28 | 0x8000008 -> 0
0x579ee2c | 0x579ee5c -> 0x1
0x579ee30 | 0x73e2b2e2 -> 0x5e5fc033
0x579ee34 | 0x73e6b404 -> 0xffffffff
0x579ee38 | 0x2000002
0x579ee3c | 0xb4c090 -> 0x1
0x579ee40 | 0xb20003b1
0x579ee44 | 0
0x579ee48 | 0x5b00005b
0x579ee4c | 0x775e443b -> 0xf685f08b
0x579ee50 | 0xaf0258 -> 0x776884a0
0x579ee54 | 0x775a30a9 -> 0xc0335e5f
0x579ee58 | 0x2000002
0x579ee5c | 0x1
0x579ee60 | 0xb20003b1
0x579ee64 | 0x10
0x579ee68 | 0x10
0x579ee6c | 0x332000 -> 0x579bf2c
0x579ee70 | 0x30010 -> 0
0x579ee74 | 0xb2ce58 -> 0xbf0f68
0x579ee78 | 0xb4a054 -> 0x1d
0x579ee7c | 0x775e443b -> 0xf685f08b
0x579ee80 | 0x579eec0 -> 0
0x579ee84 | 0x77592a92 -> 0xb70ff88b
0x579ee88 | 0xf1
0x579ee8c | 0x20
0x579ee90 | 0xbf01fc -> 0x100011
0x579ee94 | 0x100008 -> 0x1400130
0x579ee98 | 0xbf0000 -> 0
0x579ee9c | 0
0x579eea0 | 0x5d
0x579eea4 | 0x20
0x579eea8 | 0xb4a040 -> 0xb2ce58
0x579eeac | 0xbf0000 -> 0
0x579eeb0 | 0
0x579eeb4 | 0xb4a178 -> 0x1f
0x579eeb8 | 0x775927ee -> 0x8b0cc483
0x579eebc | 0xb4a178 -> 0x1f
0x579eec0 | 0
0x579eec4 | 0x80
0x579eec8 | 0x80
0x579eecc | 0x100008 -> 0x1400130
0x579eed0 | 0xaf0000 -> 0x83f000b
0x579eed4 | 0
0x579eed8 | 0
0x579eedc | 0xbf07d0 -> 0
0x579eee0 | 0xf8
0x579eee4 | 0
0x579eee8 | 0x88
0x579eeec | 0x5b
0x579eef0 | 0xffffffe8
0x579eef4 | 0
0x579eef8 | 0
0x579eefc | 0
0x579ef00 | 0x579f124 -> 0x6e0065
0x579ef04 | 0xbf01fc -> 0x100011
0x579ef08 | 0
0x579ef0c | 0xb520d0 -> 0x853e0087
0x579ef10 | 0x579ef4c -> 0xdb
0x579ef14 | 0x775e0a26 -> 0xff85f88b
0x579ef18 | 0x579f284 -> 0xb
0x579ef1c | 0
0x579ef20 | 0x5872a18 -> 0
0x579ef24 | 0x579f054 -> 0
0x579ef28 | 0x663ac631 -> 0xff70958b
0x579ef2c | 0
0x579ef30 | 0x332000 -> 0x579bf2c
0x579ef34 | 0x80015
0x579ef38 | 0xaf6350 -> 0xbf0bc0
0x579ef3c | 0xb28724 -> 0x2a
0x579ef40 | 0xb2872c -> 0xe75fe4e6
0x579ef44 | 0x579ef84 -> 0x15
0x579ef48 | 0x77592a92 -> 0xb70ff88b
0x579ef4c | 0xdb
0x579ef50 | 0x20
0x579ef54 | 0xbf0218 -> 0x170018
0x579ef58 | 0
0x579ef5c | 0xbf0000 -> 0
0x579ef60 | 0
0x579ef64 | 0x9d
0x579ef68 | 0x20
0x579ef6c | 0xb28710 -> 0xaf6350
0x579ef70 | 0xbf0000 -> 0
0x579ef74 | 0
0x579ef78 | 0xd76f614a
0x579ef7c | 0xbf0bc4 -> 0xaf6350
0x579ef80 | 0x332000 -> 0x579bf2c
0x579ef84 | 0x15
0x579ef88 | 0xaf6350 -> 0xbf0bc0
0x579ef8c | 0xb28724 -> 0x2a
0x579ef90 | 0xb2872c -> 0xe75fe4e6
0x579ef94 | 0x579efd4 -> 0x579f024
0x579ef98 | 0x77592a92 -> 0xb70ff88b
0x579ef9c | 0x65
0x579efa0 | 0x20
0x579efa4 | 0xbf0218 -> 0x170018
0x579efa8 | 0
0x579efac | 0xbf0000 -> 0
0x579efb0 | 0
0x579efb4 | 0xb6
0x579efb8 | 0x20
0x579efbc | 0xb28710 -> 0xaf6350
0x579efc0 | 0xbf0000 -> 0
0x579efc4 | 0
0x579efc8 | 0x20
0x579efcc | 0xbf0bc4 -> 0xaf6350
0x579efd0 | 0xbf0bc0 -> 0xbf07d0
0x579efd4 | 0x579f024 -> 0x579f060
0x579efd8 | 0x775922e7 -> 0xf685f08b
0x579efdc | 0xb4
0x579efe0 | 0
0x579efe4 | 0xaf0000 -> 0x83f000b
0x579efe8 | 0
0x579efec | 0xaa
0x579eff0 | 0xbf07d0 -> 0
0x579eff4 | 0x13286518 -> 0x3a0043
0x579eff8 | 0x579f090 -> 0x579f0f8
0x579effc | 0xc0
0x579f000 | 0xa5704a62
0x579f004 | 0x579f0f8 -> 0x3a0043
0x579f008 | 0
0x579f00c | 0x7758ff51 -> 0xc25de58b
0x579f010 | 0xa5704a52
0x579f014 | 0xbf0000 -> 0
0x579f018 | 0xbf0218 -> 0x170018
0x579f01c | 0xbf0bc0 -> 0xbf07d0
0x579f020 | 0x579f0a8 -> 0x13286518
0x579f024 | 0x579f060 -> 0x579f094
0x579f028 | 0x775e0a26 -> 0xff85f88b
0x579f02c | 0xb4
0x579f030 | 0x775e0bb7 -> 0x1374c085
0x579f034 | 0x579f0f8 -> 0x3a0043
0x579f038 | 0xaf0000 -> 0x83f000b
0x579f03c | 0xaa
0x579f040 | 0x18
0x579f044 | 0xc0
0x579f048 | 0
0x579f04c | 0x1
0x579f050 | 0x2
0x579f054 | 0
0x579f058 | 0xb4
0x579f05c | 0x1000001
0x579f060 | 0x579f094 -> 0x579f30c
0x579f064 | 0x7758f6f9 -> 0x64f04d8b
0x579f068 | 0
0x579f06c | 0xa5704a66
0x579f070 | 0x579f0f8 -> 0x3a0043
0x579f074 | 0
0x579f078 | 0xaa
0x579f07c | 0x579f06c -> 0xa5704a66
0x579f080 | 0x579fe74 -> 0x579ff5c
0x579f084 | 0x579fe74 -> 0x579ff5c
0x579f088 | 0x775d1b70 -> 0x8b55ff8b
0x579f08c | 0x579f378 -> 0x180
0x579f090 | 0x579f0f8 -> 0x3a0043
0x579f094 | 0x579f30c -> 0x55807a0
0x579f098 | 0x7758f491 -> 0x2824448b
0x579f09c | 0xb29048 -> 0x3a0043
0x579f0a0 | 0x579f0f8 -> 0x3a0043
0x579f0a4 | 0xaa
0x579f0a8 | 0x13286518 -> 0x3a0043
0x579f0ac | 0
0x579f0b0 | 0x7758f553 -> 0xc25de58b
0x579f0b4 | 0xaa
0x579f0b8 | 0x285c78
0x579f0bc | 0xb29048 -> 0x3a0043
0x579f0c0 | 0xaa
0x579f0c4 | 0x20800aa
0x579f0c8 | 0x579f0f8 -> 0x3a0043
0x579f0cc | 0x775512a0 -> 0xa0008
0x579f0d0 | 0
0x579f0d4 | 0
0x579f0d8 | 0x20800aa
0x579f0dc | 0x579f0f8 -> 0x3a0043
0x579f0e0 | 0
0x579f0e4 | 0
0x579f0e8 | 0x579f378 -> 0x180
0x579f0ec | 0
0x579f0f0 | 0x2
0x579f0f4 | 0
0x579f0f8 | 0x3a0043
0x579f0fc | 0x55005c -> 0x24048904
0x579f100 | 0x650073 -> 0x558b2851
0x579f104 | 0x730072 -> 0x29e01
0x579f108 | 0x47005c -> 0x5d96e824
0x579f10c | 0x760061 -> 0x6e652074
0x579f110 | 0x690072 -> 0xb884e824
0x579f114 | 0x6c0065 -> 0xc0940fc0
0x579f118 | 0x44005c -> 0x108b008b
0x579f11c | 0x63006f -> 0x80808b
0x579f120 | 0x6d0075 -> 0x4890c45
0x579f124 | 0x6e0065 -> 0x5c70000
0x579f128 | 0x730074 -> 0x2970002
0x579f12c | 0x4e005c -> 0xc
0x579f130 | 0x720061 -> 0x2d0510
0x579f134 | 0x740075 -> 0x64695f6e
0x579f138 | 0x20006f
0x579f13c | 0x610042 -> 0x24048908
0x579f140 | 0x740074 -> 0x695f6e6f
0x579f144 | 0x65006c -> 0x89240489
0x579f148 | 0x420020 -> 0x23d3e8
0x579f14c | 0x670065 -> 0x408b0845
0x579f150 | 0x6e0069 -> 0x737c28
0x579f154 | 0x4e005c -> 0xc
0x579f158 | 0x420042 -> 0x8908458b
0x579f15c | 0x450053 -> 0xe8240489
0x579f160 | 0x560052 -> 0x830000db
0x579f164 | 0x520045 -> 0x281
0x579f168 | 0x66005c -> 0x4a8b138b
0x579f16c | 0x72006f -> 0x7100018b
0x579f170 | 0x6f0067 -> 0x24ec8353
0x579f174 | 0x740074 -> 0x695f6e6f
0x579f178 | 0x6e0065 -> 0x5c70000
0x579f17c | 0x650073 -> 0x558b2851
0x579f180 | 0x760072 -> 0x66612065
0x579f184 | 0x720065 -> 0x543
0x579f188 | 0x73002e -> 0xc7000005
0x579f18c | 0x640033 -> 0xfffc4ce9
0x579f190 | 0x2d0062
0x579f194 | 0x6f006a -> 0x8458d24
0x579f198 | 0x720075 -> 0x26018000
0x579f19c | 0x61006e -> 0xc408b08
0x579f1a0 | 0x6c
0x579f1a4 | 0
0x579f1a8 | 0
0x579f1ac | 0
0x579f1b0 | 0
0x579f1b4 | 0
0x579f1b8 | 0
0x579f1bc | 0
0x579f1c0 | 0
0x579f1c4 | 0
0x579f1c8 | 0
0x579f1cc | 0
0x579f1d0 | 0
0x579f1d4 | 0
0x579f1d8 | 0
0x579f1dc | 0
0x579f1e0 | 0
0x579f1e4 | 0
0x579f1e8 | 0
0x579f1ec | 0
0x579f1f0 | 0
0x579f1f4 | 0
0x579f1f8 | 0
0x579f1fc | 0
0x579f200 | 0
0x579f204 | 0
0x579f208 | 0
0x579f20c | 0
0x579f210 | 0
0x579f214 | 0
0x579f218 | 0
0x579f21c | 0
0x579f220 | 0
0x579f224 | 0
0x579f228 | 0
0x579f22c | 0
0x579f230 | 0
0x579f234 | 0
0x579f238 | 0
0x579f23c | 0
0x579f240 | 0
0x579f244 | 0
0x579f248 | 0
0x579f24c | 0
0x579f250 | 0
0x579f254 | 0
0x579f258 | 0
0x579f25c | 0
0x579f260 | 0
0x579f264 | 0
0x579f268 | 0xfffffffe
0x579f26c | 0
0x579f270 | 0x579f294 -> 0x579f2b4
0x579f274 | 0x775e443b -> 0xf685f08b
0x579f278 | 0x663df248 -> 0xffffffff
0x579f27c | 0x775a30a9 -> 0xc0335e5f
0x579f280 | 0x2
0x579f284 | 0xb
0x579f288 | 0x58c2264 -> 0xb
0x579f28c | 0xb
0x579f290 | 0x1
0x579f294 | 0x579f2b4 -> 0x579f304
0x579f298 | 0x663a93c4 -> 0x90c3c951
0x579f29c | 0x1
0x579f2a0 | 0x20
0x579f2a4 | 0x5240260 -> 0x290033
0x579f2a8 | 0
0x579f2ac | 0x5240000 -> 0
0x579f2b0 | 0x5594f28 -> 0
0x579f2b4 | 0x579f304 -> 0x579f344
0x579f2b8 | 0x6638f219 -> 0x4374db85
0x579f2bc | 0x663df248 -> 0xffffffff
0x579f2c0 | 0x5240000 -> 0
0x579f2c4 | 0
0x579f2c8 | 0x77688658 -> 0
0x579f2cc | 0x5241a64 -> 0x1218c650
0x579f2d0 | 0x5241a60 -> 0x52407d0
0x579f2d4 | 0x579f324 -> 0x579f360
0x579f2d8 | 0x775922e7 -> 0xf685f08b
0x579f2dc | 0x188
0x579f2e0 | 0
0x579f2e4 | 0x2fa0000 -> 0xfb9b1ee
0x579f2e8 | 0x1afe4998 -> 0x5241518
0x579f2ec | 0x5240000 -> 0
0x579f2f0 | 0x52407d0 -> 0x1afe4f20
0x579f2f4 | 0x77594496 -> 0x5ec68b5f
0x579f2f8 | 0x5594f28 -> 0
0x579f2fc | 0xb
0x579f300 | 0x2
0x579f304 | 0x579f344 -> 0x579f3b4
0x579f308 | 0x66389664 -> 0xc085c289
0x579f30c | 0x55807a0 -> 0x474
0x579f310 | 0xb
0x579f314 | 0x2
0x579f318 | 0x5240260 -> 0x290033
0x579f31c | 0x5241a60 -> 0x52407d0
0x579f320 | 0x2
0x579f324 | 0x579f360 -> 0x579f394
0x579f328 | 0x775e0a26 -> 0xff85f88b
0x579f32c | 0x188
0x579f330 | 0x775e0bb7 -> 0x1374c085
0x579f334 | 0x579f428 -> 0x66397d2f
0x579f338 | 0xb
0x579f33c | 0
0x579f340 | 0x579f594 -> 0
0x579f344 | 0x579f3b4 -> 0x579f404
0x579f348 | 0x66395ba3 -> 0x85d44589
0x579f34c | 0x579f3e8 -> 0x58c1df0
0x579f350 | 0x2
0x579f354 | 0
0x579f358 | 0x188
0x579f35c | 0
0x579f360 | 0x579f394 -> 0x579f3b4
0x579f364 | 0x7758f6f9 -> 0x64f04d8b
0x579f368 | 0
0x579f36c | 0xa5704966
0x579f370 | 0x579f428 -> 0x66397d2f
0x579f374 | 0x188
0x579f378 | 0x180
0x579f37c | 0x58c1df0 -> 0x58c1e64
0x579f380 | 0x579f3e8 -> 0x58c1df0
0x579f384 | 0x5594e78 -> 0x663d5920
0x579f388 | 0
0x579f38c | 0xd76f614a
0x579f390 | 0xfffffffe
0x579f394 | 0x579f3b4 -> 0x579f404
0x579f398 | 0x76ea8ac6 -> 0xff85f88b
0x579f39c | 0x2fa0000 -> 0xfb9b1ee
0x579f3a0 | 0
0x579f3a4 | 0x188
0x579f3a8 | 0xb
0x579f3ac | 0x558f378 -> 0x5594e78
0x579f3b0 | 0x579f594 -> 0
0x579f3b4 | 0x579f404 -> 0x579f424
0x579f3b8 | 0x66395d68 -> 0x2175c085
0x579f3bc | 0
0x579f3c0 | 0x579f3e4 -> 0x579f404
0x579f3c4 | 0x775e443b -> 0xf685f08b
0x579f3c8 | 0x663df1dc -> 0xffffffff
0x579f3cc | 0x775a30a9 -> 0xc0335e5f
0x579f3d0 | 0
0x579f3d4 | 0x180
0x579f3d8 | 0x14121fa8 -> 0x58c1e14
0x579f3dc | 0x180
0x579f3e0 | 0x1
0x579f3e4 | 0x579f404 -> 0x579f424
0x579f3e8 | 0x58c1df0 -> 0x58c1e64
0x579f3ec | 0x1
0x579f3f0 | 0x58c1e14 -> 0x1010001
0x579f3f4 | 0x10
0x579f3f8 | 0x14121fa8 -> 0x58c1e14
0x579f3fc | 0
0x579f400 | 0x579f594 -> 0
0x579f404 | 0x579f424 -> 0x579f444
0x579f408 | 0x66397afb -> 0xc085c689
0x579f40c | 0
0x579f410 | 0x559500e -> 0x555c3a43
0x579f414 | 0x4
0x579f418 | 0x663dd3b8 -> 0x20010203
0x579f41c | 0x14121f48 -> 0x558d3e8
0x579f420 | 0x558f378 -> 0x5594e78
0x579f424 | 0x579f444 -> 0x579f4b4
0x579f428 | 0x66397d2f -> 0x5175c085
0x579f42c | 0x55979b9 -> 0x202040
0x579f430 | 0x5869cd0 -> 0x663d5920
0x579f434 | 0x579f454 -> 0x579f484
0x579f438 | 0x58c1e14 -> 0x1010001
0x579f43c | 0x14121f48 -> 0x558d3e8
0x579f440 | 0x58c211e -> 0x1b000b09
0x579f444 | 0x579f4b4 -> 0x579f794
0x579f448 | 0x6639fefb -> 0x8bd84d8b
0x579f44c | 0x69
0x579f450 | 0x58c5cf0 -> 0
0x579f454 | 0x579f484 -> 0x8
0x579f458 | 0x66390c57 -> 0x8b244389
0x579f45c | 0
0x579f460 | 0
0x579f464 | 0
0x579f468 | 0x14121f68 -> 0x58c211d
0x579f46c | 0
0x579f470 | 0x1
0x579f474 | 0x58c1e14 -> 0x1010001
0x579f478 | 0x58c211d -> 0xb0922
0x579f47c | 0x579f4b4 -> 0x579f794
0x579f480 | 0x66383fcc -> 0x8dc0b60f
0x579f484 | 0x8
0x579f488 | 0x14121f68 -> 0x58c211d
0x579f48c | 0x13a17888 -> 0x5869cd0
0x579f490 | 0x1
0x579f494 | 0
0x579f498 | 0x6639bcc4 -> 0x1443c7
0x579f49c | 0
0x579f4a0 | 0
0x579f4a4 | 0xffff0000
0x579f4a8 | 0x13a17888 -> 0x5869cd0
0x579f4ac | 0x58c5b98 -> 0x51
0x579f4b0 | 0x21
0x579f4b4 | 0x579f794 -> 0x579f7c4
0x579f4b8 | 0x663cc184 -> 0xfdc8858b
0x579f4bc | 0x9
0x579f4c0 | 0
0x579f4c4 | 0
0x579f4c8 | 0x579f594 -> 0
0x579f4cc | 0x13a17888 -> 0x5869cd0
0x579f4d0 | 0
0x579f4d4 | 0x579f558 -> 0
0x579f4d8 | 0x775d1b70 -> 0x8b55ff8b
0x579f4dc | 0xd76f64ba
0x579f4e0 | 0xfffffffe
0x579f4e4 | 0x579f534 -> 0x5869e78
0x579f4e8 | 0x775e2092 -> 0x84d8b60f
0x579f4ec | 0
0x579f4f0 | 0x579f59c -> 0
0x579f4f4 | 0x579f514 -> 0x579f544
0x579f4f8 | 0x579f5cc -> 0
0x579f4fc | 0
0x579f500 | 0xfffffffe
0x579f504 | 0xffffffff
0x579f508 | 0xffffffff
0x579f50c | 0x400
0x579f510 | 0x5876658 -> 0
0x579f514 | 0x579f544 -> 0x13a178e4
0x579f518 | 0x66390c57 -> 0x8b244389
0x579f51c | 0
0x579f520 | 0
0x579f524 | 0x170a9ce8 -> 0x2c8
0x579f528 | 0x5869ddc -> 0
0x579f52c | 0
0x579f530 | 0
0x579f534 | 0x5869e78 -> 0x663d7a3d
0x579f538 | 0x1
0x579f53c | 0x1d7a730
0x579f540 | 0
0x579f544 | 0x13a178e4 -> 0
0x579f548 | 0x58c5c78 -> 0x9
0x579f54c | 0
0x579f550 | 0
0x579f554 | 0x58c5c78 -> 0x9
0x579f558 | 0
0x579f55c | 0x64
0x579f560 | 0x1420202
0x579f564 | 0x3b9aca00
0x579f568 | 0
0x579f56c | 0x58c5c78 -> 0x9
0x579f570 | 0x2fa0000 -> 0xfb9b1ee
0x579f574 | 0
0x579f578 | 0xa
0x579f57c | 0x5869cd0 -> 0x663d5920
0x579f580 | 0
0x579f584 | 0x579f614 -> 0x579f654
0x579f588 | 0x663a7731 -> 0x14c78346
0x579f58c | 0x58c5cc8 -> 0x1
0x579f590 | 0x1
0x579f594 | 0
0x579f598 | 0
0x579f59c | 0
0x579f5a0 | 0x9
0x579f5a4 | 0x14121ea0 -> 0x14121f48
0x579f5a8 | 0x58c211f -> 0x1b1b000b
0x579f5ac | 0x14121f48 -> 0x558d3e8
0x579f5b0 | 0x14121ef8 -> 0
0x579f5b4 | 0x14121f20 -> 0xb
0x579f5b8 | 0xa
0x579f5bc | 0xb
0x579f5c0 | 0xa
0x579f5c4 | 0x58c211f -> 0x1b1b000b
0x579f5c8 | 0x58c5cc8 -> 0x1
0x579f5cc | 0
0x579f5d0 | 0
0x579f5d4 | 0
0x579f5d8 | 0
0x579f5dc | 0
0x579f5e0 | 0
0x579f5e4 | 0
0x579f5e8 | 0x1
0x579f5ec | 0
0x579f5f0 | 0
0x579f5f4 | 0x58c212a -> 0x65707578
0x579f5f8 | 0x58c212a -> 0x65707578
0x579f5fc | 0xb
0x579f600 | 0x332000 -> 0x579bf2c
0x579f604 | 0x22
0x579f608 | 0
0x579f60c | 0x1
0x579f610 | 0x22
0x579f614 | 0x579f654 -> 0x12d833dc
0x579f618 | 0x77592a92 -> 0xb70ff88b
0x579f61c | 0x47
0x579f620 | 0x20
0x579f624 | 0x52401c8 -> 0x30004
0x579f628 | 0
0x579f62c | 0x5240000 -> 0
0x579f630 | 0
0x579f634 | 0xb3
0x579f638 | 0x20
0x579f63c | 0x10593010 -> 0x1218c020
0x579f640 | 0x5240000 -> 0
0x579f644 | 0x77f22c -> 0x614e7c
0x579f648 | 0
0x579f64c | 0x77f240 -> 0x6f4b0c
0x579f650 | 0x782028 -> 0x67f774
0x579f654 | 0x12d833dc -> 0x454c4553
0x579f658 | 0x12d833dc -> 0x454c4553
0x579f65c | 0x12d835dd -> 0x67616972
0x579f660 | 0x12d833dc -> 0x454c4553
0x579f664 | 0x12d83656 -> 0
0x579f668 | 0x12d837dc -> 0
0x579f66c | 0x7368b8 -> 0x1b
0x579f670 | 0x18
0x579f674 | 0x12d833dc -> 0x454c4553
0x579f678 | 0x77f254 -> 0x6f4cac
0x579f67c | 0x6
0x579f680 | 0
0x579f684 | 0x1002
0x579f688 | 0
0x579f68c | 0
0x579f690 | 0
0x579f694 | 0
0x579f698 | 0
0x579f69c | 0
0x579f6a0 | 0
0x579f6a4 | 0
0x579f6a8 | 0
0x579f6ac | 0
0x579f6b0 | 0
0x579f6b4 | 0
0x579f6b8 | 0
0x579f6bc | 0
0x579f6c0 | 0
0x579f6c4 | 0
0x579f6c8 | 0
0x579f6cc | 0
0x579f6d0 | 0
0x579f6d4 | 0
0x579f6d8 | 0
0x579f6dc | 0x8
0x579f6e0 | 0x579f69c -> 0
0x579f6e4 | 0x7368b8 -> 0x1b
0x579f6e8 | 0
0x579f6ec | 0xa5700120
0x579f6f0 | 0x579f650 -> 0x782028
0x579f6f4 | 0x736dc0 -> 0x782648
0x579f6f8 | 0x737430 -> 0x782808
0x579f6fc | 0x737420 -> 0x782788
0x579f700 | 0x77f0a8 -> 0x614910
0x579f704 | 0x9
0x579f708 | 0
0x579f70c | 0x69529c40
0x579f710 | 0
0x579f714 | 0x105a2c34 -> 0x65707578
0x579f718 | 0x105a2974 -> 0x32383933
0x579f71c | 0x1bd77974 -> 0x640030
0x579f720 | 0x579f720 -> 0x579f720
0x579f724 | 0x579f720 -> 0x579f720
0x579f728 | 0xd84e120 -> 0x77ec4c
0x579f72c | 0x18
0x579f730 | 0x105a1e58 -> 0x105a1f34
0x579f734 | 0x579f754 -> 0x40000002
0x579f738 | 0x775cad0c -> 0x900014c2
0x579f73c | 0x76b5dd77 -> 0x578c085
0x579f740 | 0x464
0x579f744 | 0x579f780 -> 0x105a1eb4
0x579f748 | 0x579f754 -> 0x40000002
0x579f74c | 0x579f75c -> 0x1fe
0x579f750 | 0
0x579f754 | 0x40000002
0x579f758 | 0
0x579f75c | 0x1fe
0x579f760 | 0
0x579f764 | 0
0x579f768 | 0x77cff8 -> 0x5ab920
0x579f76c | 0x5874d82 -> 0
0x579f770 | 0x5874d82 -> 0
0x579f774 | 0x1a
0x579f778 | 0
0x579f77c | 0x105a1ff4 -> 0
0x579f780 | 0x105a1eb4 -> 0x616e616d
0x579f784 | 0x121872e4 -> 0x454c4553
0x579f788 | 0x105a27f4 -> 0
0x579f78c | 0
0x579f790 | 0x105a2074 -> 0x44203932
0x579f794 | 0x579f7c4 -> 0x105a2074
0x579f798 | 0x1bd77ac4 -> 0x1c006469
0x579f79c | 0x464
0x579f7a0 | 0x8
0x579f7a4 | 0x737930 -> 0
0x579f7a8 | 0x105a2074 -> 0x44203932
0x579f7ac | 0
0x579f7b0 | 0x1bd77a4c -> 0x786573
0x579f7b4 | 0x579f7d4 -> 0x105a1e48
0x579f7b8 | 0xfffffffe
0x579f7bc | 0x5594f58 -> 0x663de2a0
0x579f7c0 | 0xf5
0x579f7c4 | 0x105a2074 -> 0x44203932
0x579f7c8 | 0x663ab5d3 -> 0x7e02fe83
0x579f7cc | 0x1
0x579f7d0 | 0x105a2074 -> 0x44203932
0x579f7d4 | 0x105a1e48 -> 0x1
0x579f7d8 | 0x105a2074 -> 0x44203932
0x579f7dc | 0x105a1e58 -> 0x105a1f34
0x579f7e0 | 0x1bd77b84 -> 0x706163
0x579f7e4 | 0x579f814 -> 0x579f848
0x579f7e8 | 0x105a2074 -> 0x44203932
0x579f7ec | 0x64
0x579f7f0 | 0x105a2074 -> 0x44203932
0x579f7f4 | 0x1218c030 -> 0x77901f7
0x579f7f8 | 0x105a2074 -> 0x44203932
0x579f7fc | 0
0x579f800 | 0x10593010 -> 0x1218c020
0x579f804 | 0x105a1e48 -> 0x1
0x579f808 | 0x105a2074 -> 0x44203932
0x579f80c | 0x2fa0000 -> 0xfb9b1ee
0x579f810 | 0x105a2074 -> 0x44203932
0x579f814 | 0x579f848 -> 0x579f894
0x579f818 | 0x105a2074 -> 0x44203932
0x579f81c | 0
0x579f820 | 0x105a2074 -> 0x44203932
0x579f824 | 0xd84e120 -> 0x77ec4c
0x579f828 | 0x105a2074 -> 0x44203932
0x579f82c | 0x105a1e58 -> 0x105a1f34
0x579f830 | 0x105a2074 -> 0x44203932
0x579f834 | 0x58c5ac8 -> 0x400
0x579f838 | 0x105a2074 -> 0x44203932
0x579f83c | 0x775d1b70 -> 0x8b55ff8b
0x579f840 | 0x105a2074 -> 0x44203932
0x579f844 | 0xfffffffe
0x579f848 | 0x579f894 -> 0x579f8b4
0x579f84c | 0x76ea88a9 -> 0x1675c085
0x579f850 | 0x2fa0000 -> 0xfb9b1ee
0x579f854 | 0
0x579f858 | 0x105a1e48 -> 0x1
0x579f85c | 0x1600d802 -> 0xfc0004cd
0x579f860 | 0xd84e120 -> 0x77ec4c
0x579f864 | 0x1073687c -> 0x105a13f4
0x579f868 | 0x105a1e58 -> 0x105a1f34
0x579f86c | 0
0x579f870 | 0x13a14020 -> 0x1218c3b8
0x579f874 | 0x13a17880 -> 0xd8
0x579f878 | 0x1218c3b8 -> 0x5241b98
0x579f87c | 0x579f85c -> 0x1600d802
0x579f880 | 0x775e209e -> 0x1374c085
0x579f884 | 0x587ba98 -> 0x218
0x579f888 | 0x2fa0000 -> 0xfb9b1ee
0x579f88c | 0x77cb24 -> 0x77452c
0x579f890 | 0xfffffffe
0x579f894 | 0x579f8b4 -> 0x587ba98
0x579f898 | 0x61c84d -> 0x5590c3c9
0x579f89c | 0x64
0x579f8a0 | 0x80004
0x579f8a4 | 0x5581910 -> 0xd0005
0x579f8a8 | 0x5
0x579f8ac | 0
0x579f8b0 | 0x587afa8 -> 0x5581900
0x579f8b4 | 0x587ba98 -> 0x218
0x579f8b8 | 0x5581900 -> 0x5240e98
0x579f8bc | 0x2fa0000 -> 0xfb9b1ee
0x579f8c0 | 0x105a1e48 -> 0x1
0x579f8c4 | 0x579f8f8 -> 0x579f944
0x579f8c8 | 0x7758ecaa -> 0x64f04d8b
0x579f8cc | 0
0x579f8d0 | 0xa570420a
0x579f8d4 | 0x587ba98 -> 0x218
0x579f8d8 | 0x587ba98 -> 0x218
0x579f8dc | 0x77cb24 -> 0x77452c
0x579f8e0 | 0x579f8d0 -> 0xa570420a
0x579f8e4 | 0x1
0x579f8e8 | 0x579f934 -> 0x579fe74
0x579f8ec | 0x775d1b70 -> 0x8b55ff8b
0x579f8f0 | 0xd76f618a
0x579f8f4 | 0xfffffffe
0x579f8f8 | 0x579f944 -> 0x579f984
0x579f8fc | 0x76ea88a9 -> 0x1675c085
0x579f900 | 0x2fa0000 -> 0xfb9b1ee
0x579f904 | 0
0x579f908 | 0x587ba98 -> 0x218
0x579f90c | 0x1600d9d2 -> 0xdd880000
0x579f910 | 0x587ba98 -> 0x218
0x579f914 | 0x579f9d8 -> 0x76ea8682
0x579f918 | 0x77cb24 -> 0x77452c
0x579f91c | 0x579fa08 -> 0x579fa2c
0x579f920 | 0
0x579f924 | 0x1
0x579f928 | 0x737930 -> 0
0x579f92c | 0x579f90c -> 0x1600d9d2
0x579f930 | 0x2fa0000 -> 0xfb9b1ee
0x579f934 | 0x579fe74 -> 0x579ff5c
0x579f938 | 0x76ebea50 -> 0x8b55ff8b
0x579f93c | 0x65882486
0x579f940 | 0x77cb24 -> 0x77452c
0x579f944 | 0x579f984 -> 0x579f9b4
0x579f948 | 0x579fa0c -> 0x558ccf0
0x579f94c | 0x1073687c -> 0x105a13f4
0x579f950 | 0xd84e120 -> 0x77ec4c
0x579f954 | 0x579f984 -> 0x579f9b4
0x579f958 | 0x6e1424 -> 0x8d68438b
0x579f95c | 0x579fa0c -> 0x558ccf0
0x579f960 | 0
0x579f964 | 0x579f984 -> 0x579f9b4
0x579f968 | 0x5eabb2 -> 0x8955c3c9
0x579f96c | 0x858f80 -> 0x80000000
0x579f970 | 0
0x579f974 | 0
0x579f978 | 0
0x579f97c | 0x1073687c -> 0x105a13f4
0x579f980 | 0
0x579f984 | 0x579f9b4 -> 0x579fab4
0x579f988 | 0x614fab -> 0xb8
0x579f98c | 0x579fa78 -> 0x579fa84
0x579f990 | 0x77cb24 -> 0x77452c
0x579f994 | 0x579f9ab -> 0
0x579f998 | 0x4519ee -> 0x44c724eb
0x579f99c | 0x107365f0 -> 0xf
0x579f9a0 | 0x74f778 -> 0
0x579f9a4 | 0x737930 -> 0
0x579f9a8 | 0
0x579f9ac | 0
0x579f9b0 | 0x1073687c -> 0x105a13f4
0x579f9b4 | 0x579fab4 -> 0x579fcf4
0x579f9b8 | 0x485fe6 -> 0x658dd888
0x579f9bc | 0x579f9d8 -> 0x76ea8682
0x579f9c0 | 0xd84e120 -> 0x77ec4c
0x579f9c4 | 0x2faded0 -> 0x568cadb9
0x579f9c8 | 0x2faded0 -> 0x568cadb9
0x579f9cc | 0xdf80b0bb
0x579f9d0 | 0x579faa0 -> 0x52d798
0x579f9d4 | 0x579fa24 -> 0xe6ea9fc
0x579f9d8 | 0x76ea8682 -> 0x8be44589
0x579f9dc | 0x2fa0000 -> 0xfb9b1ee
0x579f9e0 | 0
0x579f9e4 | 0x2faded0 -> 0x568cadb9
0x579f9e8 | 0x1600dab2 -> 0
0x579f9ec | 0xd84e120 -> 0x77ec4c
0x579f9f0 | 0x264
0x579f9f4 | 0x2faded0 -> 0x568cadb9
0x579f9f8 | 0x587baa4 -> 0
0x579f9fc | 0x587bca4 -> 0
0x579fa00 | 0xfffffffe
0x579fa04 | 0
0x579fa08 | 0x579fa2c -> 0xe4e1c00
0x579fa0c | 0x558ccf0 -> 0x77dc68
0x579fa10 | 0x10736780 -> 0x77d828
0x579fa14 | 0x9
0x579fa18 | 0xe81c408 -> 0x77eaa8
0x579fa1c | 0xe416d20 -> 0
0x579fa20 | 0
0x579fa24 | 0xe6ea9fc -> 0
0x579fa28 | 0
0x579fa2c | 0xe4e1c00 -> 0
0x579fa30 | 0
0x579fa34 | 0x579fa54 -> 0x579fab4
0x579fa38 | 0x5874d68 -> 0x40001
0x579fa3c | 0x869464 -> 0
0x579fa40 | 0x8
0x579fa44 | 0x76eb8b2d -> 0xccccccc3
0x579fa48 | 0x76eb8b13 -> 0x4d8bc68b
0x579fa4c | 0x1600daee -> 0x12000
0x579fa50 | 0xd84e120 -> 0x77ec4c
0x579fa54 | 0x579fab4 -> 0x579fcf4
0x579fa58 | 0x574a2e -> 0x874c084
0x579fa5c | 0x737fe4 -> 0x737fe4
0x579fa60 | 0xf
0x579fa64 | 0x579fa84 -> 0x579fab4
0x579fa68 | 0x579fe74 -> 0x579ff5c
0x579fa6c | 0x76ebea50 -> 0x8b55ff8b
0x579fa70 | 0x65882a5e
0x579fa74 | 0xfffffffe
0x579fa78 | 0x579fa84 -> 0x579fab4
0x579fa7c | 0x76eb8c1d -> 0x1b59d8f7
0x579fa80 | 0x52d798 -> 0x83e58955
0x579fa84 | 0x579fab4 -> 0x579fcf4
0x579fa88 | 0x5ae527 -> 0xd68920eb
0x579fa8c | 0x52d798 -> 0x83e58955
0x579fa90 | 0x1073687c -> 0x105a13f4
0x579fa94 | 0
0x579fa98 | 0x3e8
0x579fa9c | 0x579fc40 -> 0
0x579faa0 | 0x52d798 -> 0x83e58955
0x579faa4 | 0x4876a0 -> 0x8814458b
0x579faa8 | 0xd84e120 -> 0x77ec4c
0x579faac | 0x1073687c -> 0x105a13f4
0x579fab0 | 0xd84e120 -> 0x77ec4c
0x579fab4 | 0x579fcf4 -> 0x579fd34 \\\\\\ stack frame //////
0x579fab8 | 0x52e6e1 -> 0x8401f083 <-- ret
0x579fabc | 0x737fa0 -> 0x77d2c8
0x579fac0 | 0xd84e120 -> 0x77ec4c
0x579fac4 | 0x1073687c -> 0x105a13f4
0x579fac8 | 0
0x579facc | 0
0x579fad0 | 0x80000000
0x579fad4 | 0xffffffff
0x579fad8 | 0x7fffffff
0x579fadc | 0x579fbbc -> 0xffffffff
0x579fae0 | 0x579fd8c -> 0x10736878
0x579fae4 | 0x579fb14 -> 0x579fb74
0x579fae8 | 0x62d817 -> 0xa74c084
0x579faec | 0x579fb4c -> 0xffffffff
0x579faf0 | 0x7fffffff
0x579faf4 | 0x579fb14 -> 0x579fb74
0x579faf8 | 0x62dc1a -> 0xc9fc458b
0x579fafc | 0x579fb10 -> 0x579fd8c
0x579fb00 | 0xffffffff
0x579fb04 | 0x579fbd0 -> 0xffffffff
0x579fb08 | 0x579fb14 -> 0x579fb74
0x579fb0c | 0x579fbbc -> 0xffffffff
0x579fb10 | 0x579fd8c -> 0x10736878
0x579fb14 | 0x579fb74 -> 0x579fc44
0x579fb18 | 0x5f6413 -> 0x53890389
0x579fb1c | 0x579fb4c -> 0xffffffff
0x579fb20 | 0x579fb48 -> 0xffff0356
0x579fb24 | 0
0x579fb28 | 0x5f5caa -> 0x97e813eb
0x579fb2c | 0x5c73c9 -> 0x5590c3c9
0x579fb30 | 0x579fbc4 -> 0xffffffff
0x579fb34 | 0x579fb74 -> 0x579fc44
0x579fb38 | 0x5f9c08 -> 0x30c7d83
0x579fb3c | 0x579fbd0 -> 0xffffffff
0x579fb40 | 0xffffffff
0x579fb44 | 0x1bd77a00 -> 0
0x579fb48 | 0xffff0356
0x579fb4c | 0xffffffff
0x579fb50 | 0x7fffffff
0x579fb54 | 0x579fb74 -> 0x579fc44
0x579fb58 | 0x5bd614 -> 0x9090c3c9
0x579fb5c | 0x579fbc4 -> 0xffffffff
0x579fb60 | 0x2
0x579fb64 | 0x579fba4 -> 0
0x579fb68 | 0x579fca4 -> 0x579fd04
0x579fb6c | 0x579fd8c -> 0x10736878
0x579fb70 | 0x579fd50 -> 0xa
0x579fb74 | 0x579fc44 -> 0
0x579fb78 | 0x5f65ff -> 0xff78858b
0x579fb7c | 0x579fbbc -> 0xffffffff
0x579fb80 | 0x579fbd0 -> 0xffffffff
0x579fb84 | 0x579fbc4 -> 0xffffffff
0x579fb88 | 0
0x579fb8c | 0xfffffffe
0x579fb90 | 0
0x579fb94 | 0x579fca4 -> 0x579fd04
0x579fb98 | 0x57cce6 -> 0x3910ec83
0x579fb9c | 0x2
0x579fba0 | 0x579fc40 -> 0
0x579fba4 | 0
0x579fba8 | 0xfffffffe
0x579fbac | 0xd6
0x579fbb0 | 0x20
0x579fbb4 | 0x52401c8 -> 0x30004
0x579fbb8 | 0
0x579fbbc | 0xffffffff
0x579fbc0 | 0x7fffffff
0x579fbc4 | 0xffffffff
0x579fbc8 | 0x7fffffff
0x579fbcc | 0x10593010 -> 0x1218c020
0x579fbd0 | 0xffffffff
0x579fbd4 | 0x1
0x579fbd8 | 0
0x579fbdc | 0x240a8c
0x579fbe0 | 0xffffffff
0x579fbe4 | 0xfffffffe
0x579fbe8 | 0x579fd8c -> 0x10736878
0x579fbec | 0
0x579fbf0 | 0x6952a85c
0x579fbf4 | 0xfffffffe
0x579fbf8 | 0x7fffffff
0x579fbfc | 0x579fc24 -> 0
0x579fc00 | 0x5f5f64 -> 0x8bf8458b
0x579fc04 | 0x579fc1c -> 0
0x579fc08 | 0x2
0x579fc0c | 0xb
0x579fc10 | 0
0x579fc14 | 0x10000a29 -> 0
0x579fc18 | 0x3
0x579fc1c | 0
0x579fc20 | 0
0x579fc24 | 0
0x579fc28 | 0
0x579fc2c | 0x737930 -> 0
0x579fc30 | 0x737930 -> 0
0x579fc34 | 0xfffffffe
0x579fc38 | 0x7fffffff
0x579fc3c | 0
0x579fc40 | 0
0x579fc44 | 0
0x579fc48 | 0
0x579fc4c | 0x579fc74 -> 0x579fca4
0x579fc50 | 0
0x579fc54 | 0
0x579fc58 | 0
0x579fc5c | 0x105a1374 -> 0x616e616d
0x579fc60 | 0x80000000
0x579fc64 | 0xfffffffe
0x579fc68 | 0x7fffffff
0x579fc6c | 0xfffffffe
0x579fc70 | 0x7fffffff
0x579fc74 | 0x579fca4 -> 0x579fd04
0x579fc78 | 0x62d795 -> 0xfce9
0x579fc7c | 0
0x579fc80 | 0x579fc8c -> 0x579fca0
0x579fc84 | 0x579fca4 -> 0x579fd04
0x579fc88 | 0x62dc1a -> 0xc9fc458b
0x579fc8c | 0x579fca0 -> 0x57dff8
0x579fc90 | 0xfffffffe
0x579fc94 | 0x579fd48 -> 0x9
0x579fc98 | 0x579fca4 -> 0x579fd04
0x579fc9c | 0x579fd34 -> 0x579fd84
0x579fca0 | 0x57dff8 -> 0x53e58955
0x579fca4 | 0x579fd04 -> 0x9
0x579fca8 | 0x5f6413 -> 0x53890389
0x579fcac | 0x579fcdc -> 0xfffffffe
0x579fcb0 | 0x579fcd8 -> 0xfffffffe
0x579fcb4 | 0
0x579fcb8 | 0x5f5c9c -> 0x21e821eb
0x579fcbc | 0x5c73c9 -> 0x5590c3c9
0x579fcc0 | 0x579fd3c -> 0x10736870
0x579fcc4 | 0x579fd04 -> 0x9
0x579fcc8 | 0x5f9c08 -> 0x30c7d83
0x579fccc | 0x579fd48 -> 0x9
0x579fcd0 | 0
0x579fcd4 | 0xffffff
0x579fcd8 | 0xfffffffe
0x579fcdc | 0xfffffffe
0x579fce0 | 0x7fffffff
0x579fce4 | 0x579fd04 -> 0x9
0x579fce8 | 0
0x579fcec | 0x1073687c -> 0x105a13f4
0x579fcf0 | 0x10736884 -> 0x105a1534
0x579fcf4 | 0x579fd34 -> 0x579fd84 \\\\\\ stack frame //////
0x579fcf8 | 0x62ba8b -> 0x5b34c483 <-- ret
0x579fcfc | 0x1cd017e8 -> 0x77d7e8
0x579fd00 | 0x1073687c -> 0x105a13f4
0x579fd04 | 0x9
0x579fd08 | 0x10736884 -> 0x105a1534
0x579fd0c | 0xa
0x579fd10 | 0x356
0x579fd14 | 0
0x579fd18 | 0x62a511 -> 0x5590c3c9
0x579fd1c | 0x10736878 -> 0x1cd017e8
0x579fd20 | 0x989680
0x579fd24 | 0
0x579fd28 | 0x76ec0356 -> 0xf4a304c0
0x579fd2c | 0x57dff8 -> 0x53e58955
0x579fd30 | 0x1cd017e8 -> 0x77d7e8
0x579fd34 | 0x579fd84 -> 0x579fdc4 \\\\\\ stack frame //////
0x579fd38 | 0x5caa09 -> 0x5b3cc483 <-- ret
0x579fd3c | 0x10736870 -> 0x52d8f8
0x579fd40 | 0x1cd017e8 -> 0x77d7e8
0x579fd44 | 0x1073687c -> 0x105a13f4
0x579fd48 | 0x9
0x579fd4c | 0x10736884 -> 0x105a1534
0x579fd50 | 0xa
0x579fd54 | 0x356
0x579fd58 | 0
0x579fd5c | 0
0x579fd60 | 0x356
0x579fd64 | 0xa
0x579fd68 | 0x9
0x579fd6c | 0x76ea88a9 -> 0x1675c085
0x579fd70 | 0x2fa0000 -> 0xfb9b1ee
0x579fd74 | 0x579fda4 -> 0x579fdc4
0x579fd78 | 0x563c64 -> 0x56e58955
0x579fd7c | 0x57dff8 -> 0x53e58955
0x579fd80 | 0x76ec8d10 -> 0x8b55ff8b
0x579fd84 | 0x579fdc4 -> 0x579fdf4 \\\\\\ stack frame //////
0x579fd88 | 0x5cc9da -> 0x5b34c483 <-- ret
0x579fd8c | 0x10736878 -> 0x1cd017e8
0x579fd90 | 0x80000064
0x579fd94 | 0x10736870 -> 0x52d8f8
0x579fd98 | 0x579fdbb -> 0x79fdc805
0x579fd9c | 0
0x579fda0 | 0x80000001
0x579fda4 | 0x579fdc4 -> 0x579fdf4
0x579fda8 | 0x62db9e -> 0x8955c3c9
0x579fdac | 0xfffffffe
0x579fdb0 | 0x7fffffff
0x579fdb4 | 0x5c7255 -> 0x5590c3c9
0x579fdb8 | 0x579fe2c -> 0x10736560
0x579fdbc | 0x579fdc8 -> 0x5f302d
0x579fdc0 | 0x563c64 -> 0x56e58955
0x579fdc4 | 0x579fdf4 -> 0x579fe24 \\\\\\ stack frame //////
0x579fdc8 | 0x5f302d -> 0x5590c3c9 <-- ret
0x579fdcc | 0x10736870 -> 0x52d8f8
0x579fdd0 | 0x579fe2c -> 0x10736560
0x579fdd4 | 0x579fdf4 -> 0x579fe24
0x579fdd8 | 0x5f71fc -> 0x53890389
0x579fddc | 0
0x579fde0 | 0x14b95308 -> 0x737f8c
0x579fde4 | 0xfffffffe
0x579fde8 | 0x10736870 -> 0x52d8f8
0x579fdec | 0x563c64 -> 0x56e58955
0x579fdf0 | 0x1600dd62 -> 0xbf300077
0x579fdf4 | 0x579fe24 -> 0x579fe44 \\\\\\ stack frame //////
0x579fdf8 | 0x62dd59 -> 0x5b20c483 <-- ret
0x579fdfc | 0x10736564 -> 0x10736870
0x579fe00 | 0x579fe2c -> 0x10736560
0x579fe04 | 0x579fe24 -> 0x579fe44
0x579fe08 | 0x14b95308 -> 0x737f8c
0x579fe0c | 0
0x579fe10 | 0x6952a85c
0x579fe14 | 0xb40296 -> 0
0x579fe18 | 0x620000 -> 0xe9c92808
0x579fe1c | 0x563c64 -> 0x56e58955
0x579fe20 | 0x57dff8 -> 0x53e58955
0x579fe24 | 0x579fe44 -> 0x579fe94 \\\\\\ stack frame //////
0x579fe28 | 0x5b90ac -> 0x9090c3c9 <-- ret
0x579fe2c | 0x10736560 -> 0x738330
0x579fe30 | 0x76ec8d10 -> 0x8b55ff8b
0x579fe34 | 0x579fe44 -> 0x579fe94
0x579fe38 | 0x50e1e3 -> 0x89084d8b
0x579fe3c | 0x57dff8 -> 0x53e58955
0x579fe40 | 0x76ec8d10 -> 0x8b55ff8b
0x579fe44 | 0x579fe94 -> 0x579feb4 \\\\\\ stack frame //////
0x579fe48 | 0x563d89 -> 0xf07d83 <-- ret
0x579fe4c | 0x10736550 -> 0x77e798
0x579fe50 | 0x579fe68 -> 0x737f64
0x579fe54 | 0x579fe64 -> 0x579feb4
0x579fe58 | 0x775d1b70 -> 0x8b55ff8b
0x579fe5c | 0xd76f64ba
0x579fe60 | 0xfffffffe
0x579fe64 | 0x579feb4 -> 0x579fef4
0x579fe68 | 0x737f64 -> 0
0x579fe6c | 0
0x579fe70 | 0x77dfc8 -> 0x452792
0x579fe74 | 0x579ff5c -> 0x579ffcc
0x579fe78 | 0x4529cf -> 0x57e58955
0x579fe7c | 0xb0be01 -> 0xb03c
0x579fe80 | 0x737f60 -> 0x77ce28
0x579fe84 | 0x7380c0 -> 0x77e0c0
0x579fe88 | 0x10736550 -> 0x77e798
0x579fe8c | 0x563c64 -> 0x56e58955
0x579fe90 | 0x57dff8 -> 0x53e58955
0x579fe94 | 0x579feb4 -> 0x579fef4 \\\\\\ stack frame //////
0x579fe98 | 0x5c8275 -> 0x5b14c483 <-- ret
0x579fe9c | 0x737f60 -> 0x77ce28
0x579fea0 | 0xb0be34 -> 0x737f60
0x579fea4 | 0x2fae718 -> 0x2faeb68
0x579fea8 | 0
0x579feac | 0x2fa0000 -> 0xfb9b1ee
0x579feb0 | 0xb0be10 -> 0x781270
0x579feb4 | 0x579fef4 -> 0x579ff14 \\\\\\ stack frame //////
0x579feb8 | 0x5cda5e -> 0x5b34c483 <-- ret
0x579febc | 0xb0be34 -> 0x737f60
0x579fec0 | 0xa5704410
0x579fec4 | 0xb0be30 -> 0x563c64
0x579fec8 | 0x579feeb -> 0xea88a905
0x579fecc | 0
0x579fed0 | 0x579fec0 -> 0xa5704410
0x579fed4 | 0
0x579fed8 | 0x579ff24 -> 0x76ec88a2
0x579fedc | 0x775d1b70 -> 0x8b55ff8b
0x579fee0 | 0xd76f618a
0x579fee4 | 0xfffffffe
0x579fee8 | 0x579ff34 -> 0x579ff6c
0x579feec | 0x76ea88a9 -> 0x1675c085
0x579fef0 | 0xb0be10 -> 0x781270
0x579fef4 | 0x579ff14 -> 0x579ff34 \\\\\\ stack frame //////
0x579fef8 | 0x5e786c -> 0x9090c3c9 <-- ret
0x579fefc | 0xb0be30 -> 0x563c64
0x579ff00 | 0xb0be10 -> 0x781270
0x579ff04 | 0x579ff14 -> 0x579ff34
0x579ff08 | 0x76a649d1 -> 0xd79c085
0x579ff0c | 0xc
0x579ff10 | 0xb0be10 -> 0x781270
0x579ff14 | 0x579ff34 -> 0x579ff6c \\\\\\ stack frame //////
0x579ff18 | 0x57e023 -> 0xfffe1ce8 <-- ret
0x579ff1c | 0xb0be10 -> 0x781270
0x579ff20 | 0xb0be10 -> 0x781270
0x579ff24 | 0x76ec88a2 -> 0x5ec68b5f
0x579ff28 | 0
0x579ff2c | 0x76ec8d10 -> 0x8b55ff8b
0x579ff30 | 0x2fae718 -> 0x2faeb68
0x579ff34 | 0x579ff6c -> 0x579ff74 \\\\\\ stack frame //////
0x579ff38 | 0x76ec8ca5 -> 0x35e850 <-- ret
0x579ff3c | 0xb0be10 -> 0x781270
0x579ff40 | 0x1600dffa -> 0
0x579ff44 | 0x76ec8d10 -> 0x8b55ff8b
0x579ff48 | 0x76ec8d10 -> 0x8b55ff8b
0x579ff4c | 0x2fae718 -> 0x2faeb68
0x579ff50 | 0x579ff40 -> 0x1600dffa
0x579ff54 | 0x579ff40 -> 0x1600dffa
0x579ff58 | 0x579ffcc -> 0x579ffe4
0x579ff5c | 0x579ffcc -> 0x579ffe4
0x579ff60 | 0x76ebea50 -> 0x8b55ff8b
0x579ff64 | 0x65882eae
0x579ff68 | 0
0x579ff6c | 0x579ff74 -> 0x579ff84 \\\\\\ stack frame //////
0x579ff70 | 0x76ec8d71 -> 0xcccccccc <-- ret
0x579ff74 | 0x579ff84 -> 0x579ffdc
0x579ff78 | 0x74fd5d49 -> 0x2415ff50 <-- ret
0x579ff7c | 0x2fae718 -> 0x2faeb68
0x579ff80 | 0x74fd5d30 -> 0x8b55ff8b
0x579ff84 | 0x579ffdc -> 0x579ffec \\\\\\ stack frame //////
0x579ff88 | 0x775bd5db -> 0xb0e9 <-- ret
0x579ff8c | 0x2fae718 -> 0x2faeb68
0x579ff90 | 0xa570452e
0x579ff94 | 0
0x579ff98 | 0
0x579ff9c | 0x2fae718 -> 0x2faeb68
0x579ffa0 | 0
0x579ffa4 | 0
0x579ffa8 | 0
0x579ffac | 0
0x579ffb0 | 0
0x579ffb4 | 0
0x579ffb8 | 0
0x579ffbc | 0
0x579ffc0 | 0
0x579ffc4 | 0x579ff90 -> 0xa570452e
0x579ffc8 | 0
0x579ffcc | 0x579ffe4 -> 0xffffffff
0x579ffd0 | 0x775d1b70 -> 0x8b55ff8b
0x579ffd4 | 0xd76f5fc2
0x579ffd8 | 0
0x579ffdc | 0x579ffec -> 0 \\\\\\ stack frame //////
0x579ffe0 | 0x775bd561 -> 0xcccccccc <-- ret
0x579ffe4 | 0xffffffff
0x579ffe8 | 0x776044ba -> 0x90909090
0x579ffec | 0 \\\\\\ stack frame //////
0x579fff0 | 0 <-- ret
0x579fff4 | 0x76ec8d10 -> 0x8b55ff8b
0x579fff8 | 0x2fae718 -> 0x2faeb68
0x579fffc | 0
*****************************************************
*****************************************************
Error report - Mon Dec 29 13:21:17 2025

Compiler Info - GNU C++ version 4.4.0
Compilation Date - Dec 27 2025 15:35:59

Memory load: 45
Total phys: 16666124 K available phys: 9064956 K
Start time: 29-12-2025  16:21:13
Kernel time: 0:0:0.562
User time: 0:0:1.687
Threads: 9

Exception: 0xc0000005 at eip = 0x6268be
eax = 0
ebx = 0x1449e800 -> 0
ecx = 0x77efa8 -> 0x513b02
edx = 0x62f8a4 -> 0x83e58955
esi = 0x1
edi = 0x1449e830 -> 0x77ec6c
ebp = 0x573f7d4 -> 0x573f874
esp = 0x573f7d4 -> 0x573f874
efl = 0x10202

---Stack Trace---
From: 0x573f7d4 to: 0x5740000
0x573f7d4 | 0x573f874 -> 0x573f9d4 \\\\\\ stack frame //////
0x573f7d8 | 0x567f59 -> 0x8401f083 <-- ret
0x573f7dc | 0
0x573f7e0 | 0x10
0x573f7e4 | 0x260211
0x573f7e8 | 0x1bfb9bb0 -> 0x5742968
0x573f7ec | 0x1cd3201c -> 0x54d
0x573f7f0 | 0x1cd32028 -> 0xfff7ffff
0x573f7f4 | 0x573f834 -> 0xbc8
0x573f7f8 | 0x77592a92 -> 0xb70ff88b
0x573f7fc | 0x6
0x573f800 | 0x573f824 -> 0
0x573f804 | 0x4dc9d3 -> 0x574c084
0x573f808 | 0x13159388 -> 0x77db68
0x573f80c | 0x5740bc8 -> 0
0x573f810 | 0xbfc
0x573f814 | 0x13159388 -> 0x77db68
0x573f818 | 0x19eaa090 -> 0
0x573f81c | 0x19eaa07c -> 0x77dda8
0x573f820 | 0x1449e830 -> 0x77ec6c
0x573f824 | 0
0x573f828 | 0x4d9432 -> 0x83f44589
0x573f82c | 0x13159388 -> 0x77db68
0x573f830 | 0x7
0x573f834 | 0xbc8
0x573f838 | 0x1449e830 -> 0x77ec6c
0x573f83c | 0xc
0x573f840 | 0
0x573f844 | 0x13159388 -> 0x77db68
0x573f848 | 0x19830828 -> 0x19e804d8
0x573f84c | 0x43
0x573f850 | 0x57407e8 -> 0
0x573f854 | 0x573f874 -> 0x573f9d4
0x573f858 | 0x5b7736 -> 0x8955c3c9
0x573f85c | 0x10f73800 -> 0x77e220
0x573f860 | 0xbfc
0x573f864 | 0xbc8
0x573f868 | 0x7
0x573f86c | 0x151e291c -> 0x7473616c
0x573f870 | 0x1449e800 -> 0
0x573f874 | 0x573f9d4 -> 0x573fa24 \\\\\\ stack frame //////
0x573f878 | 0x4d98b5 -> 0x80e04589 <-- ret
0x573f87c | 0x19eaa060 -> 0x77d1e8
0x573f880 | 0
0x573f884 | 0x1449ef48 -> 0x77efa8
0x573f888 | 0x1
0x573f88c | 0x2
0x573f890 | 0x775e0bb7 -> 0x1374c085
0x573f894 | 0x1449e830 -> 0x77ec6c
0x573f898 | 0x1860000 -> 0xcc3b9604
0x573f89c | 0xc
0x573f8a0 | 0x3
0x573f8a4 | 0
0x573f8a8 | 0
0x573f8ac | 0x8
0x573f8b0 | 0x2
0x573f8b4 | 0
0x573f8b8 | 0xc
0x573f8bc | 0x573f9c0 -> 0x1cd325a0
0x573f8c0 | 0x573f8f4 -> 0x1bfb9bc0
0x573f8c4 | 0x7758f6f9 -> 0x64f04d8b
0x573f8c8 | 0
0x573f8cc | 0xf583b4a7
0x573f8d0 | 0x775e209e -> 0x1374c085
0x573f8d4 | 0x1cd325a0 -> 0x1449eb8c
0x573f8d8 | 0x1860000 -> 0xcc3b9604
0x573f8dc | 0x1cd325a8 -> 0x137a7ce0
0x573f8e0 | 0x76ef28cd -> 0xccccc3c9
0x573f8e4 | 0x573fe74 -> 0x573ff5c
0x573f8e8 | 0x775d1b70 -> 0x8b55ff8b
0x573f8ec | 0x64
0x573f8f0 | 0x260210
0x573f8f4 | 0x1bfb9bc0 -> 0x330211
0x573f8f8 | 0x33
0x573f8fc | 0
0x573f900 | 0x1cd32008 -> 0x1bfb9bb0
0x573f904 | 0x1cd325a0 -> 0x1449eb8c
0x573f908 | 0x1bfb9bb0 -> 0x5742968
0x573f90c | 0x1860000 -> 0xcc3b9604
0x573f910 | 0
0x573f914 | 0x573f948 -> 0x573f994
0x573f918 | 0x7758ecaa -> 0x64f04d8b
0x573f91c | 0
0x573f920 | 0xf583b51b
0x573f924 | 0x1449e830 -> 0x77ec6c
0x573f928 | 0x1cd325a0 -> 0x1449eb8c
0x573f92c | 0x1cd325a8 -> 0x137a7ce0
0x573f930 | 0x573f920 -> 0xf583b51b
0x573f934 | 0x573f954 -> 0
0x573f938 | 0x573f984 -> 0x573fe74
0x573f93c | 0x775d1b70 -> 0x8b55ff8b
0x573f940 | 0x8796972b
0x573f944 | 0xfffffffe
0x573f948 | 0x573f994 -> 0x573f9b4
0x573f94c | 0x76ea88a9 -> 0x1675c085
0x573f950 | 0x1860000 -> 0xcc3b9604
0x573f954 | 0
0x573f958 | 0x1cd325a0 -> 0x1449eb8c
0x573f95c | 0x5f212952
0x573f960 | 0x1449e830 -> 0x77ec6c
0x573f964 | 0x1
0x573f968 | 0x1cd325a8 -> 0x137a7ce0
0x573f96c | 0x4
0x573f970 | 0x1cd32470 -> 0x137a7ce0
0x573f974 | 0x573f9a4 -> 0x19eaa060
0x573f978 | 0x69988d -> 0x8bf4458b
0x573f97c | 0x573f95c -> 0x5f212952
0x573f980 | 0x1cd32470 -> 0x137a7ce0
0x573f984 | 0x573fe74 -> 0x573ff5c
0x573f988 | 0x76ebea50 -> 0x8b55ff8b
0x573f98c | 0x2ca3d4d6
0x573f990 | 0xfffffffe
0x573f994 | 0x573f9b4 -> 0x573f9d4
0x573f998 | 0x61b959 -> 0x5590c3c9
0x573f99c | 0x1cd325a0 -> 0x1449eb8c
0x573f9a0 | 0xffff
0x573f9a4 | 0x19eaa060 -> 0x77d1e8
0x573f9a8 | 0x699a05 -> 0x5590c3c9
0x573f9ac | 0x1cd32468 -> 0x1449ead8
0x573f9b0 | 0x2
0x573f9b4 | 0x573f9d4 -> 0x573fa24
0x573f9b8 | 0x669ae8 -> 0x9090c3c9
0x573f9bc | 0x1449eb8c -> 0x1449eb8c
0x573f9c0 | 0x1cd325a0 -> 0x1449eb8c
0x573f9c4 | 0x1
0x573f9c8 | 0x522159 -> 0x66008b66
0x573f9cc | 0x1449e800 -> 0
0x573f9d0 | 0x1
0x573f9d4 | 0x573fa24 -> 0x573fab4 \\\\\\ stack frame //////
0x573f9d8 | 0x459e59 -> 0x8401f083 <-- ret
0x573f9dc | 0x10f73800 -> 0x77e220
0x573f9e0 | 0x573fc94 -> 0xbc80bfc
0x573f9e4 | 0x1449e830 -> 0x77ec6c
0x573f9e8 | 0
0x573f9ec | 0
0x573f9f0 | 0xffffffff
0x573f9f4 | 0x1449eb8c -> 0x1449eb8c
0x573f9f8 | 0x1cd325a0 -> 0x1449eb8c
0x573f9fc | 0x573fa18 -> 0x1449eb8c
0x573fa00 | 0x1449e800 -> 0
0x573fa04 | 0x573fa00 -> 0x1449e800
0x573fa08 | 0x699900 -> 0x83e58955
0x573fa0c | 0x1449eb8c -> 0x1449eb8c
0x573fa10 | 0
0x573fa14 | 0x9
0x573fa18 | 0x1449eb8c -> 0x1449eb8c
0x573fa1c | 0x1449e800 -> 0
0x573fa20 | 0x1
0x573fa24 | 0x573fab4 -> 0x573fcf4 \\\\\\ stack frame //////
0x573fa28 | 0x45a047 -> 0x8401f083 <-- ret
0x573fa2c | 0x868a80 -> 0x77e648
0x573fa30 | 0x1449e830 -> 0x77ec6c
0x573fa34 | 0x573fc94 -> 0xbc80bfc
0x573fa38 | 0
0x573fa3c | 0
0x573fa40 | 0
0x573fa44 | 0x280
0x573fa48 | 0
0x573fa4c | 0
0x573fa50 | 0
0x573fa54 | 0
0x573fa58 | 0x157496a -> 0x63000002
0x573fa5c | 0x737fe4 -> 0x737fe4
0x573fa60 | 0x1dd01ff0 -> 0x77e868
0x573fa64 | 0x6fa00
0x573fa68 | 0
0x573fa6c | 0x1449eb8c -> 0x1449eb8c
0x573fa70 | 0
0x573fa74 | 0
0x573fa78 | 0
0x573fa7c | 0x1449eb8c -> 0x1449eb8c
0x573fa80 | 0x137a7e98 -> 0x77e66c
0x573fa84 | 0x573fab4 -> 0x573fcf4
0x573fa88 | 0x5ae467 -> 0xd68920eb
0x573fa8c | 0x52d6d4 -> 0x83e58955
0x573fa90 | 0x137a7a44 -> 0x14f6fddc
0x573fa94 | 0
0x573fa98 | 0x1449e830 -> 0x77ec6c
0x573fa9c | 0x573fc40 -> 0
0x573faa0 | 0xf
0x573faa4 | 0x4876a0 -> 0x8814458b
0x573faa8 | 0x1449e800 -> 0
0x573faac | 0x1
0x573fab0 | 0x1449e830 -> 0x77ec6c
0x573fab4 | 0x573fcf4 -> 0x573fd34 \\\\\\ stack frame //////
0x573fab8 | 0x52e6c3 -> 0x8401f083 <-- ret
0x573fabc | 0x868a80 -> 0x77e648
0x573fac0 | 0x1449e830 -> 0x77ec6c
0x573fac4 | 0x573fc94 -> 0xbc80bfc
0x573fac8 | 0
0x573facc | 0
0x573fad0 | 0x80000000
0x573fad4 | 0xffffffff
0x573fad8 | 0x7fffffff
0x573fadc | 0x573fbbc -> 0xffffffff
0x573fae0 | 0x573fd8c -> 0x137a7a40
0x573fae4 | 0x573fb14 -> 0x573fb74
0x573fae8 | 0x62d757 -> 0xa74c084
0x573faec | 0x573fb4c -> 0xffffffff
0x573faf0 | 0x7fffffff
0x573faf4 | 0x573fb14 -> 0x573fb74
0x573faf8 | 0x62db5a -> 0xc9fc458b
0x573fafc | 0x573fb10 -> 0x573fd8c
0x573fb00 | 0xffffffff
0x573fb04 | 0x573fbd0 -> 0xffffffff
0x573fb08 | 0x573fb14 -> 0x573fb74
0x573fb0c | 0x573fbbc -> 0xffffffff
0x573fb10 | 0x573fd8c -> 0x137a7a40
0x573fb14 | 0x573fb74 -> 0x573fc44
0x573fb18 | 0x5f6353 -> 0x53890389
0x573fb1c | 0x573fb4c -> 0xffffffff
0x573fb20 | 0x573fb48 -> 0xffff0356
0x573fb24 | 0
0x573fb28 | 0x5f5bea -> 0x97e813eb
0x573fb2c | 0x5c7309 -> 0x5590c3c9
0x573fb30 | 0x573fbc4 -> 0xffffffff
0x573fb34 | 0x573fb74 -> 0x573fc44
0x573fb38 | 0x5f9b48 -> 0x30c7d83
0x573fb3c | 0x573fbd0 -> 0xffffffff
0x573fb40 | 0xffffffff
0x573fb44 | 0x573fb00 -> 0xffffffff
0x573fb48 | 0xffff0356
0x573fb4c | 0xffffffff
0x573fb50 | 0x7fffffff
0x573fb54 | 0x573fb74 -> 0x573fc44
0x573fb58 | 0x5bd554 -> 0x9090c3c9
0x573fb5c | 0x573fbc4 -> 0xffffffff
0x573fb60 | 0x2
0x573fb64 | 0x573fba4 -> 0
0x573fb68 | 0x573fca4 -> 0x573fd04
0x573fb6c | 0x573fd8c -> 0x137a7a40
0x573fb70 | 0x573fd50 -> 0xa
0x573fb74 | 0x573fc44 -> 0
0x573fb78 | 0x5f653f -> 0xff78858b
0x573fb7c | 0x573fbbc -> 0xffffffff
0x573fb80 | 0x573fbd0 -> 0xffffffff
0x573fb84 | 0x573fbc4 -> 0xffffffff
0x573fb88 | 0
0x573fb8c | 0xfffffffe
0x573fb90 | 0
0x573fb94 | 0x573fca4 -> 0x573fd04
0x573fb98 | 0x57cc22 -> 0x3910ec83
0x573fb9c | 0x2
0x573fba0 | 0x573fc40 -> 0
0x573fba4 | 0
0x573fba8 | 0xfffffffe
0x573fbac | 0x9f
0x573fbb0 | 0x20
0x573fbb4 | 0x57401c8 -> 0x1030004
0x573fbb8 | 0
0x573fbbc | 0xffffffff
0x573fbc0 | 0x7fffffff
0x573fbc4 | 0xffffffff
0x573fbc8 | 0x7fffffff
0x573fbcc | 0x151de008 -> 0x1afe7a28
0x573fbd0 | 0xffffffff
0x573fbd4 | 0x1
0x573fbd8 | 0
0x573fbdc | 0x7422ec -> 0x30312054
0x573fbe0 | 0xffffffff
0x573fbe4 | 0xfffffffe
0x573fbe8 | 0x573fd8c -> 0x137a7a40
0x573fbec | 0
0x573fbf0 | 0x6952aa7d
0x573fbf4 | 0xfffffffe
0x573fbf8 | 0x7fffffff
0x573fbfc | 0x573fc24 -> 0
0x573fc00 | 0x5f5ea4 -> 0x8bf8458b
0x573fc04 | 0x573fc1c -> 0
0x573fc08 | 0x2
0x573fc0c | 0xb
0x573fc10 | 0
0x573fc14 | 0x10000a29 -> 0
0x573fc18 | 0x3
0x573fc1c | 0
0x573fc20 | 0
0x573fc24 | 0
0x573fc28 | 0
0x573fc2c | 0x737930 -> 0
0x573fc30 | 0x737930 -> 0
0x573fc34 | 0xfffffffe
0x573fc38 | 0x7fffffff
0x573fc3c | 0
0x573fc40 | 0
0x573fc44 | 0
0x573fc48 | 0
0x573fc4c | 0x573fc74 -> 0x573fca4
0x573fc50 | 0
0x573fc54 | 0
0x573fc58 | 0
0x573fc5c | 0x151e121c -> 0
0x573fc60 | 0x80000000
0x573fc64 | 0xfffffffe
0x573fc68 | 0x7fffffff
0x573fc6c | 0xfffffffe
0x573fc70 | 0x7fffffff
0x573fc74 | 0x573fca4 -> 0x573fd04
0x573fc78 | 0x62d6d5 -> 0xfce9
0x573fc7c | 0
0x573fc80 | 0x573fc8c -> 0x573fca0
0x573fc84 | 0x573fca4 -> 0x573fd04
0x573fc88 | 0x62db5a -> 0xc9fc458b
0x573fc8c | 0x573fca0 -> 0x57df34
0x573fc90 | 0xfffffffe
0x573fc94 | 0xbc80bfc -> 0
0x573fc98 | 0x5730007 -> 0
0x573fc9c | 0x573fd34 -> 0x573fd84
0x573fca0 | 0x57df34 -> 0x53e58955
0x573fca4 | 0x573fd04 -> 0x9
0x573fca8 | 0x5f6353 -> 0x53890389
0x573fcac | 0x573fcdc -> 0xfffffffe
0x573fcb0 | 0x573fcd8 -> 0xfffffffe
0x573fcb4 | 0
0x573fcb8 | 0x5f5bdc -> 0x21e821eb
0x573fcbc | 0x5c7309 -> 0x5590c3c9
0x573fcc0 | 0x573fd3c -> 0x137a7a38
0x573fcc4 | 0x573fd04 -> 0x9
0x573fcc8 | 0x5f9b48 -> 0x30c7d83
0x573fccc | 0x573fd48 -> 0x9
0x573fcd0 | 0
0x573fcd4 | 0xffffff
0x573fcd8 | 0xfffffffe
0x573fcdc | 0xfffffffe
0x573fce0 | 0x7fffffff
0x573fce4 | 0x573fd04 -> 0x9
0x573fce8 | 0
0x573fcec | 0x137a7a44 -> 0x14f6fddc
0x573fcf0 | 0x137a7a4c -> 0x14f7011c
0x573fcf4 | 0x573fd34 -> 0x573fd84 \\\\\\ stack frame //////
0x573fcf8 | 0x62b9cb -> 0x5b34c483 <-- ret
0x573fcfc | 0x1dcbb7c0 -> 0x77d808
0x573fd00 | 0x137a7a44 -> 0x14f6fddc
0x573fd04 | 0x9
0x573fd08 | 0x137a7a4c -> 0x14f7011c
0x573fd0c | 0xa
0x573fd10 | 0x356
0x573fd14 | 0
0x573fd18 | 0x62a451 -> 0x5590c3c9
0x573fd1c | 0x137a7a40 -> 0x1dcbb7c0
0x573fd20 | 0x989680
0x573fd24 | 0
0x573fd28 | 0x76ec0356 -> 0xf4a304c0
0x573fd2c | 0x57df34 -> 0x53e58955
0x573fd30 | 0x1dcbb7c0 -> 0x77d808
0x573fd34 | 0x573fd84 -> 0x573fdc4 \\\\\\ stack frame //////
0x573fd38 | 0x5ca949 -> 0x5b3cc483 <-- ret
0x573fd3c | 0x137a7a38 -> 0x52d834
0x573fd40 | 0x1dcbb7c0 -> 0x77d808
0x573fd44 | 0x137a7a44 -> 0x14f6fddc
0x573fd48 | 0x9
0x573fd4c | 0x137a7a4c -> 0x14f7011c
0x573fd50 | 0xa
0x573fd54 | 0x356
0x573fd58 | 0
0x573fd5c | 0
0x573fd60 | 0x356
0x573fd64 | 0xa
0x573fd68 | 0x9
0x573fd6c | 0x76ea88a9 -> 0x1675c085
0x573fd70 | 0x1860000 -> 0xcc3b9604
0x573fd74 | 0x573fda4 -> 0x573fdc4
0x573fd78 | 0x563ba0 -> 0x56e58955
0x573fd7c | 0x57df34 -> 0x53e58955
0x573fd80 | 0x76ec8d10 -> 0x8b55ff8b
0x573fd84 | 0x573fdc4 -> 0x573fdf4 \\\\\\ stack frame //////
0x573fd88 | 0x5cc91a -> 0x5b34c483 <-- ret
0x573fd8c | 0x137a7a40 -> 0x1dcbb7c0
0x573fd90 | 0x800000a0
0x573fd94 | 0x137a7a38 -> 0x52d834
0x573fd98 | 0x573fdbb -> 0x73fdc805
0x573fd9c | 0
0x573fda0 | 0x80000001
0x573fda4 | 0x573fdc4 -> 0x573fdf4
0x573fda8 | 0x62dade -> 0x8955c3c9
0x573fdac | 0xfffffffe
0x573fdb0 | 0x7fffffff
0x573fdb4 | 0x5c7195 -> 0x5590c3c9
0x573fdb8 | 0x573fe2c -> 0x137a7c00
0x573fdbc | 0x573fdc8 -> 0x5f2f6d
0x573fdc0 | 0x563ba0 -> 0x56e58955
0x573fdc4 | 0x573fdf4 -> 0x573fe24 \\\\\\ stack frame //////
0x573fdc8 | 0x5f2f6d -> 0x5590c3c9 <-- ret
0x573fdcc | 0x137a7a38 -> 0x52d834
0x573fdd0 | 0x573fe2c -> 0x137a7c00
0x573fdd4 | 0x573fdf4 -> 0x573fe24
0x573fdd8 | 0x5f713c -> 0x53890389
0x573fddc | 0
0x573fde0 | 0x160d3de8 -> 0x737f8c
0x573fde4 | 0xfffffffe
0x573fde8 | 0x137a7a38 -> 0x52d834
0x573fdec | 0x563ba0 -> 0x56e58955
0x573fdf0 | 0x5f212d32
0x573fdf4 | 0x573fe24 -> 0x573fe44 \\\\\\ stack frame //////
0x573fdf8 | 0x62dc99 -> 0x5b20c483 <-- ret
0x573fdfc | 0x137a7c04 -> 0x137a7a38
0x573fe00 | 0x573fe2c -> 0x137a7c00
0x573fe04 | 0x573fe24 -> 0x573fe44
0x573fe08 | 0x160d3de8 -> 0x737f8c
0x573fe0c | 0
0x573fe10 | 0x6952aa7d
0x573fe14 | 0xb40375 -> 0x10021002
0x573fe18 | 0x620000 -> 0x85d8b2c
0x573fe1c | 0x563ba0 -> 0x56e58955
0x573fe20 | 0x57df34 -> 0x53e58955
0x573fe24 | 0x573fe44 -> 0x573fe94 \\\\\\ stack frame //////
0x573fe28 | 0x5b8fec -> 0x9090c3c9 <-- ret
0x573fe2c | 0x137a7c00 -> 0x738330
0x573fe30 | 0x76ec8d10 -> 0x8b55ff8b
0x573fe34 | 0x573fe44 -> 0x573fe94
0x573fe38 | 0x50e1e3 -> 0x89084d8b
0x573fe3c | 0x57df34 -> 0x53e58955
0x573fe40 | 0x76ec8d10 -> 0x8b55ff8b
0x573fe44 | 0x573fe94 -> 0x573feb4 \\\\\\ stack frame //////
0x573fe48 | 0x563cc5 -> 0xf07d83 <-- ret
0x573fe4c | 0x137a7bf0 -> 0x77e7b8
0x573fe50 | 0x573fe68 -> 0x737f64
0x573fe54 | 0x573fea0 -> 0xb6bc34
0x573fe58 | 0x775d1b70 -> 0x8b55ff8b
0x573fe5c | 0x8796921b
0x573fe60 | 0xfffffffe
0x573fe64 | 0x573feb4 -> 0x573fef4
0x573fe68 | 0x737f64 -> 0
0x573fe6c | 0
0x573fe70 | 0x77dfe8 -> 0x452792
0x573fe74 | 0x573ff5c -> 0x573ffcc
0x573fe78 | 0x4529cf -> 0x57e58955
0x573fe7c | 0xb6bc01 -> 0
0x573fe80 | 0x737f60 -> 0x77ce48
0x573fe84 | 0x7380c0 -> 0x77e0e0
0x573fe88 | 0x137a7bf0 -> 0x77e7b8
0x573fe8c | 0x563ba0 -> 0x56e58955
0x573fe90 | 0x57df34 -> 0x53e58955
0x573fe94 | 0x573feb4 -> 0x573fef4 \\\\\\ stack frame //////
0x573fe98 | 0x5c81b5 -> 0x5b14c483 <-- ret
0x573fe9c | 0x737f60 -> 0x77ce48
0x573fea0 | 0xb6bc34 -> 0x737f60
0x573fea4 | 0x186e718 -> 0x186eb68
0x573fea8 | 0
0x573feac | 0x1860000 -> 0xcc3b9604
0x573feb0 | 0xb6bc10 -> 0x781290
0x573feb4 | 0x573fef4 -> 0x573ff14 \\\\\\ stack frame //////
0x573feb8 | 0x5cd99e -> 0x5b34c483 <-- ret
0x573febc | 0xb6bc34 -> 0x737f60
0x573fec0 | 0xf583b210
0x573fec4 | 0xb6bc30 -> 0x563ba0
0x573fec8 | 0x573feeb -> 0xea88a905
0x573fecc | 0
0x573fed0 | 0x573fec0 -> 0xf583b210
0x573fed4 | 0
0x573fed8 | 0x573ff24 -> 0x76ec88a2
0x573fedc | 0x775d1b70 -> 0x8b55ff8b
0x573fee0 | 0x8796972b
0x573fee4 | 0xfffffffe
0x573fee8 | 0x573ff34 -> 0x573ff6c
0x573feec | 0x76ea88a9 -> 0x1675c085
0x573fef0 | 0xb6bc10 -> 0x781290
0x573fef4 | 0x573ff14 -> 0x573ff34 \\\\\\ stack frame //////
0x573fef8 | 0x5e77ac -> 0x9090c3c9 <-- ret
0x573fefc | 0xb6bc30 -> 0x563ba0
0x573ff00 | 0xb6bc10 -> 0x781290
0x573ff04 | 0x573ff14 -> 0x573ff34
0x573ff08 | 0x76a649d1 -> 0xd79c085
0x573ff0c | 0xc
0x573ff10 | 0xb6bc10 -> 0x781290
0x573ff14 | 0x573ff34 -> 0x573ff6c \\\\\\ stack frame //////
0x573ff18 | 0x57df5f -> 0xfffe1ce8 <-- ret
0x573ff1c | 0xb6bc10 -> 0x781290
0x573ff20 | 0xb6bc10 -> 0x781290
0x573ff24 | 0x76ec88a2 -> 0x5ec68b5f
0x573ff28 | 0
0x573ff2c | 0x76ec8d10 -> 0x8b55ff8b
0x573ff30 | 0x186e718 -> 0x186eb68
0x573ff34 | 0x573ff6c -> 0x573ff74 \\\\\\ stack frame //////
0x573ff38 | 0x76ec8ca5 -> 0x35e850 <-- ret
0x573ff3c | 0xb6bc10 -> 0x781290
0x573ff40 | 0x5f212faa
0x573ff44 | 0x76ec8d10 -> 0x8b55ff8b
0x573ff48 | 0x76ec8d10 -> 0x8b55ff8b
0x573ff4c | 0x186e718 -> 0x186eb68
0x573ff50 | 0x573ff40 -> 0x5f212faa
0x573ff54 | 0x573ff40 -> 0x5f212faa
0x573ff58 | 0x573ffcc -> 0x573ffe4
0x573ff5c | 0x573ffcc -> 0x573ffe4
0x573ff60 | 0x76ebea50 -> 0x8b55ff8b
0x573ff64 | 0x2ca3defe
0x573ff68 | 0
0x573ff6c | 0x573ff74 -> 0x573ff84 \\\\\\ stack frame //////
0x573ff70 | 0x76ec8d71 -> 0xcccccccc <-- ret
0x573ff74 | 0x573ff84 -> 0x573ffdc
0x573ff78 | 0x74fd5d49 -> 0x2415ff50 <-- ret
0x573ff7c | 0x186e718 -> 0x186eb68
0x573ff80 | 0x74fd5d30 -> 0x8b55ff8b
0x573ff84 | 0x573ffdc -> 0x573ffec \\\\\\ stack frame //////
0x573ff88 | 0x775bd5db -> 0xb0e9 <-- ret
0x573ff8c | 0x186e718 -> 0x186eb68
0x573ff90 | 0xf583b38f
0x573ff94 | 0
0x573ff98 | 0
0x573ff9c | 0x186e718 -> 0x186eb68
0x573ffa0 | 0
0x573ffa4 | 0
0x573ffa8 | 0
0x573ffac | 0
0x573ffb0 | 0
0x573ffb4 | 0
0x573ffb8 | 0
0x573ffbc | 0
0x573ffc0 | 0
0x573ffc4 | 0x573ff90 -> 0xf583b38f
0x573ffc8 | 0
0x573ffcc | 0x573ffe4 -> 0xffffffff
0x573ffd0 | 0x775d1b70 -> 0x8b55ff8b
0x573ffd4 | 0x8796a963
0x573ffd8 | 0
0x573ffdc | 0x573ffec -> 0 \\\\\\ stack frame //////
0x573ffe0 | 0x775bd561 -> 0xcccccccc <-- ret
0x573ffe4 | 0xffffffff
0x573ffe8 | 0x776044cd -> 0x90909090
0x573ffec | 0 \\\\\\ stack frame //////
0x573fff0 | 0 <-- ret
0x573fff4 | 0x76ec8d10 -> 0x8b55ff8b
0x573fff8 | 0x186e718 -> 0x186eb68
0x573fffc | 0
*****************************************************
*****************************************************
Error report - Tue Dec 30 14:43:24 2025

Compiler Info - GNU C++ version 4.4.0
Compilation Date - Dec 29 2025 23:39:19

Memory load: 48
Total phys: 16666124 K available phys: 8658560 K
Start time: 30-12-2025  17:42:57
Kernel time: 0:0:0.781
User time: 0:0:2.187
Threads: 9

Exception: 0xc0000005 at eip = 0x4a5fa5
eax = 0
ebx = 0x54f927 -> 0x4244483
ecx = 0
edx = 0x579f980 -> 0x10561a14
esi = 0x40000a2c
edi = 0x76ec8d10 -> 0x8b55ff8b
ebp = 0x579f964 -> 0x579f994
esp = 0x579f93c -> 0x40000a2c
efl = 0x10216

---Stack Trace---
From: 0x579f93c to: 0x57a0000
0x579f93c | 0x40000a2c
0x579f940 | 0x752869 -> 0x72747865
0x579f944 | 0x579f964 -> 0x579f994
0x579f948 | 0x665987 -> 0x8908558b
0x579f94c | 0x752861 -> 0x65666564
0x579f950 | 0x752868 -> 0x74786500
0x579f954 | 0x579f987 -> 0
0x579f958 | 0x10537e00 -> 0
0x579f95c | 0x1
0x579f960 | 0x76ec8d10 -> 0x8b55ff8b
0x579f964 | 0x579f994 -> 0x579f9e4 \\\\\\ stack frame //////
0x579f968 | 0x624ca7 -> 0x8df44589 <-- ret
0x579f96c | 0
0x579f970 | 0x579f980 -> 0x10561a14
0x579f974 | 0x579f987 -> 0
0x579f978 | 0
0x579f97c | 0xffff
0x579f980 | 0x10561a14 -> 0x65666564
0x579f984 | 0xa
0x579f988 | 0
0x579f98c | 0x54f927 -> 0x4244483
0x579f990 | 0x40000a2c
0x579f994 | 0x579f9e4 -> 0x579fa34 \\\\\\ stack frame //////
0x579f998 | 0x515402 -> 0x89e44503 <-- ret
0x579f99c | 0
0x579f9a0 | 0x5
0x579f9a4 | 0
0x579f9a8 | 0x434f9e -> 0x210c558b
0x579f9ac | 0xb8ae160 -> 0x77ec4c
0x579f9b0 | 0x62efe8 -> 0x474c084
0x579f9b4 | 0x990c590 -> 0x77eaa8
0x579f9b8 | 0xf
0x579f9bc | 0
0x579f9c0 | 0
0x579f9c4 | 0x10530918 -> 0x77e64c
0x579f9c8 | 0x5
0x579f9cc | 0
0x579f9d0 | 0xa
0x579f9d4 | 0
0x579f9d8 | 0x3f99999a
0x579f9dc | 0x121919b0 -> 0x77db48
0x579f9e0 | 0x131649c0 -> 0x77db48
0x579f9e4 | 0x579fa34 -> 0x579fac4 \\\\\\ stack frame //////
0x579f9e8 | 0x432fc6 -> 0x8be44589 <-- ret
0x579f9ec | 0xb8ae160 -> 0x77ec4c
0x579f9f0 | 0x1
0x579f9f4 | 0x579f9a6 -> 0x4f9e0000
0x579f9f8 | 0
0x579f9fc | 0x1cc7ba68 -> 0x1bd0ae40
0x579fa00 | 0x40000a2c
0x579fa04 | 0x579fa01 -> 0x140000a
0x579fa08 | 0x667e01 -> 0
0x579fa0c | 0x579fa8c -> 0x579fa8c
0x579fa10 | 0
0x579fa14 | 0x179fa8c
0x579fa18 | 0
0x579fa1c | 0x3
0x579fa20 | 0x1
0x579fa24 | 0x579fa44 -> 0x1
0x579fa28 | 0x667f8e -> 0x5b10c483
0x579fa2c | 0x579fa8c -> 0x579fa8c
0x579fa30 | 0x54f927 -> 0x4244483
0x579fa34 | 0x579fac4 -> 0x579fb24 \\\\\\ stack frame //////
0x579fa38 | 0x51cb6e -> 0x83d44589 <-- ret
0x579fa3c | 0xb8ae160 -> 0x77ec4c
0x579fa40 | 0x10af84e0 -> 0x77f48c
0x579fa44 | 0x1
0x579fa48 | 0x579fb00 -> 0xa
0x579fa4c | 0x1
0x579fa50 | 0x1
0x579fa54 | 0xf353584 -> 0
0x579fa58 | 0x579fa8c -> 0x579fa8c
0x579fa5c | 0x40000a2c
0x579fa60 | 0x76ec8d10 -> 0x8b55ff8b
0x579fa64 | 0x579fac4 -> 0x579fb24
0x579fa68 | 0x4148d0 -> 0x658dd889
0x579fa6c | 0x579fa8c -> 0x579fa8c
0x579fa70 | 0x579fa94 -> 0x579fa8c
0x579fa74 | 0x1
0x579fa78 | 0xffffff01
0x579fa7c | 0x3
0x579fa80 | 0
0x579fa84 | 0x54f927 -> 0x4244483
0x579fa88 | 0x579fa8c -> 0x579fa8c
0x579fa8c | 0x579fa8c -> 0x579fa8c
0x579fa90 | 0x579fa8c -> 0x579fa8c
0x579fa94 | 0x579fa8c -> 0x579fa8c
0x579fa98 | 0x3
0x579fa9c | 0
0x579faa0 | 0x76ec8d10 -> 0x8b55ff8b
0x579faa4 | 0x579fac4 -> 0x579fb24
0x579faa8 | 0x523402 -> 0x8401f083
0x579faac | 0x1e160 -> 0x3f3f3f3f
0x579fab0 | 0xb8ae160 -> 0x77ec4c
0x579fab4 | 0
0x579fab8 | 0xbf97157a
0x579fabc | 0x54f927 -> 0x4244483
0x579fac0 | 0x40000a2c
0x579fac4 | 0x579fb24 -> 0x579fb74 \\\\\\ stack frame //////
0x579fac8 | 0x469e89 -> 0x8bf04589 <-- ret
0x579facc | 0xb8ae160 -> 0x77ec4c
0x579fad0 | 0x10af84e0 -> 0x77f48c
0x579fad4 | 0x1
0x579fad8 | 0x579fb00 -> 0xa
0x579fadc | 0x1
0x579fae0 | 0x1
0x579fae4 | 0x990c590 -> 0x77eaa8
0x579fae8 | 0x3
0x579faec | 0x1
0x579faf0 | 0x41400000
0x579faf4 | 0x579fb01 -> 0x2000000
0x579faf8 | 0x27f0c01
0x579fafc | 0x579fb3c -> 0x579fb58
0x579fb00 | 0xa
0x579fb04 | 0xbf90002 -> 0
0x579fb08 | 0x70bcd
0x579fb0c | 0x579fb06 -> 0xbcd0bf9
0x579fb10 | 0x1cc7ba68 -> 0x1bd0ae40
0x579fb14 | 0x3f800000
0x579fb18 | 0x4148d0 -> 0x658dd889
0x579fb1c | 0x54f927 -> 0x4244483
0x579fb20 | 0x40000a2c
0x579fb24 | 0x579fb74 -> 0x579fbb4 \\\\\\ stack frame //////
0x579fb28 | 0x415318 -> 0x774c084 <-- ret
0x579fb2c | 0x868a80 -> 0x77e628
0x579fb30 | 0x1
0x579fb34 | 0x10af84e0 -> 0x77f48c
0x579fb38 | 0xb8ae160 -> 0x77ec4c
0x579fb3c | 0x579fb58 -> 0xfffffff6
0x579fb40 | 0x1
0x579fb44 | 0x1
0x579fb48 | 0x413a85 -> 0x774c084
0x579fb4c | 0x10af84e0 -> 0x77f48c
0x579fb50 | 0x579fbe8 -> 0
0x579fb54 | 0x579fbe4 -> 0xfffffff4
0x579fb58 | 0xfffffff6
0x579fb5c | 0x1fbdc -> 0x3f3f3f3f
0x579fb60 | 0xb8ae160 -> 0x77ec4c
0x579fb64 | 0
0x579fb68 | 0x579fb8c -> 0
0x579fb6c | 0x54f927 -> 0x4244483
0x579fb70 | 0x40000a2c
0x579fb74 | 0x579fbb4 -> 0x579fbf4 \\\\\\ stack frame //////
0x579fb78 | 0x416318 -> 0x8b18458b <-- ret
0x579fb7c | 0x10af84e0 -> 0x77f48c
0x579fb80 | 0xb8ae160 -> 0x77ec4c
0x579fb84 | 0x1039e2c4 -> 0x101
0x579fb88 | 0x579fb8c -> 0
0x579fb8c | 0
0x579fb90 | 0xfffffff4
0x579fb94 | 0
0x579fb98 | 0x69748d -> 0x5590c3c9
0x579fb9c | 0x579fbdc -> 0x579fbdc
0x579fba0 | 0x7
0x579fba4 | 0x579fbd4 -> 0x579fc24
0x579fba8 | 0x579fbdc -> 0x579fbdc
0x579fbac | 0x54f927 -> 0x4244483
0x579fbb0 | 0x40000a2c
0x579fbb4 | 0x579fbf4 -> 0x579fc64 \\\\\\ stack frame //////
0x579fbb8 | 0x41614e -> 0x458b48eb <-- ret
0x579fbbc | 0x10af84e0 -> 0x77f48c
0x579fbc0 | 0xb8ae160 -> 0x77ec4c
0x579fbc4 | 0
0x579fbc8 | 0xfffffff4
0x579fbcc | 0x1039e2c4 -> 0x101
0x579fbd0 | 0x76ec8d10 -> 0x8b55ff8b
0x579fbd4 | 0x579fc24 -> 0x579fc64
0x579fbd8 | 0x579fbdc -> 0x579fbdc
0x579fbdc | 0x579fbdc -> 0x579fbdc
0x579fbe0 | 0x579fbdc -> 0x579fbdc
0x579fbe4 | 0xfffffff4
0x579fbe8 | 0
0x579fbec | 0x54f927 -> 0x4244483
0x579fbf0 | 0x40000a2c
0x579fbf4 | 0x579fc64 -> 0x579fcd4 \\\\\\ stack frame //////
0x579fbf8 | 0x54fbd7 -> 0xd88801b3 <-- ret
0x579fbfc | 0x1039e2c0 -> 0x77ebf8
0x579fc00 | 0x10af84e0 -> 0x77f48c
0x579fc04 | 0xb8ae160 -> 0x77ec4c
0x579fc08 | 0x62edef -> 0x8904ec83
0x579fc0c | 0x579fc42 -> 0xbcd0bf9
0x579fc10 | 0x8ae160
0x579fc14 | 0x579fc64 -> 0x579fcd4
0x579fc18 | 0x56cfec -> 0x8b0c4d8b
0x579fc1c | 0x64
0x579fc20 | 0x40000a2c
0x579fc24 | 0x579fc64 -> 0x579fcd4
0x579fc28 | 0x4e4179 -> 0x83f8658d
0x579fc2c | 0x868a80 -> 0x77e628
0x579fc30 | 0x10af84e0 -> 0x77f48c
0x579fc34 | 0x1
0x579fc38 | 0x4e1635 -> 0x458b108b
0x579fc3c | 0xbcd0bf8 -> 0
0x579fc40 | 0xbf90007 -> 0
0x579fc44 | 0x70bcd
0x579fc48 | 0x1
0x579fc4c | 0x579fc3c -> 0xbcd0bf8
0x579fc50 | 0x579fc42 -> 0xbcd0bf9
0x579fc54 | 0
0x579fc58 | 0x3ff00000
0x579fc5c | 0x54f927 -> 0x4244483
0x579fc60 | 0x40000a2c
0x579fc64 | 0x579fcd4 -> 0x579fd14 \\\\\\ stack frame //////
0x579fc68 | 0x4e12d9 -> 0x89d0458d <-- ret
0x579fc6c | 0xf304f08 -> 0x77d168
0x579fc70 | 0x10af84e0 -> 0x77f48c
0x579fc74 | 0xb8ae160 -> 0x77ec4c
0x579fc78 | 0xf2bf468 -> 0x101
0x579fc7c | 0
0x579fc80 | 0x579fca3 -> 0x2bf46001
0x579fc84 | 0x579fd00 -> 0xbcd0bf9
0x579fc88 | 0x868abc -> 0
0x579fc8c | 0x579fca0 -> 0x1eb2750
0x579fc90 | 0x579fd00 -> 0xbcd0bf9
0x579fc94 | 0x27f0c7f
0x579fc98 | 0xfffffff4
0x579fc9c | 0x579fd00 -> 0xbcd0bf9
0x579fca0 | 0x1eb2750
0x579fca4 | 0xf2bf460 -> 0x103a7f98
0x579fca8 | 0xbcd0bf8 -> 0
0x579fcac | 0xbf90007 -> 0
0x579fcb0 | 0x70bcd
0x579fcb4 | 0x103a7f98 -> 0xf2bf460
0x579fcb8 | 0x1000001
0x579fcbc | 0x579fca8 -> 0xbcd0bf8
0x579fcc0 | 0x579fcae -> 0xbcd0bf9
0x579fcc4 | 0
0x579fcc8 | 0x3ff00000
0x579fccc | 0x868a01 -> 0
0x579fcd0 | 0x40000a2c
0x579fcd4 | 0x579fd14 -> 0x579fd44 \\\\\\ stack frame //////
0x579fcd8 | 0x42fd51 -> 0x1bb <-- ret
0x579fcdc | 0x10af84e0 -> 0x77f48c
0x579fce0 | 0
0x579fce4 | 0x579fd00 -> 0xbcd0bf9
0x579fce8 | 0x1
0x579fcec | 0x579fd04 -> 0xbf80007
0x579fcf0 | 0x579fcf4 -> 0x579fcf4
0x579fcf4 | 0x579fcf4 -> 0x579fcf4
0x579fcf8 | 0x579fcf4 -> 0x579fcf4
0x579fcfc | 0x579fcf4 -> 0x579fcf4
0x579fd00 | 0xbcd0bf9 -> 0
0x579fd04 | 0xbf80007 -> 0
0x579fd08 | 0x70bcd
0x579fd0c | 0x868a80 -> 0x77e628
0x579fd10 | 0x40000a2c
0x579fd14 | 0x579fd44 -> 0x579fd64 \\\\\\ stack frame //////
0x579fd18 | 0x469373 -> 0x5590c3c9 <-- ret
0x579fd1c | 0x10af84e0 -> 0x77f48c
0x579fd20 | 0
0x579fd24 | 0
0x579fd28 | 0x76ec8d10 -> 0x8b55ff8b
0x579fd2c | 0x57dd8c -> 0x53e58955
0x579fd30 | 0x76ef28cd -> 0xccccc3c9
0x579fd34 | 0xd52be67 -> 0
0x579fd38 | 0x10af84e0 -> 0x77f48c
0x579fd3c | 0x1dc79b3
0x579fd40 | 0x2a30
0x579fd44 | 0x579fd64 -> 0x579fd84 \\\\\\ stack frame //////
0x579fd48 | 0x62acfc -> 0x9090c3c9 <-- ret
0x579fd4c | 0x868a80 -> 0x77e628
0x579fd50 | 0x40000a2c
0x579fd54 | 0x579fd60 -> 0xa83461f7
0x579fd58 | 0x579fda4 -> 0x579fdc4
0x579fd5c | 0x775d1b70 -> 0x8b55ff8b
0x579fd60 | 0xa83461f7
0x579fd64 | 0x579fd84 -> 0x579fdc4 \\\\\\ stack frame //////
0x579fd68 | 0x5c88aa -> 0x5b10c483 <-- ret
0x579fd6c | 0x1bd0ade0 -> 0x469316
0x579fd70 | 0x868a80 -> 0x77e628
0x579fd74 | 0x40000a2c
0x579fd78 | 0x5f69d8 -> 0x9090c3c9
0x579fd7c | 0x5639f8 -> 0x56e58955
0x579fd80 | 0x57dd8c -> 0x53e58955
0x579fd84 | 0x579fdc4 -> 0x579fdf4 \\\\\\ stack frame //////
0x579fd88 | 0x5cd362 -> 0x5b34c483 <-- ret
0x579fd8c | 0x1bd0ade8 -> 0x868a80
0x579fd90 | 0x800000f8
0x579fd94 | 0x1bd0ade0 -> 0x469316
0x579fd98 | 0x579fdbb -> 0x79fdc805
0x579fd9c | 0
0x579fda0 | 0x80000000
0x579fda4 | 0x579fdc4 -> 0x579fdf4
0x579fda8 | 0x62d942 -> 0x8955c3c9
0x579fdac | 0xfffffffe
0x579fdb0 | 0x7fffffff
0x579fdb4 | 0x5c6ff5 -> 0x5590c3c9
0x579fdb8 | 0x579fe2c -> 0x10537e80
0x579fdbc | 0x579fdc8 -> 0x5f3019
0x579fdc0 | 0x5639f8 -> 0x56e58955
0x579fdc4 | 0x579fdf4 -> 0x579fe24 \\\\\\ stack frame //////
0x579fdc8 | 0x5f3019 -> 0x5590c3c9 <-- ret
0x579fdcc | 0x1bd0ade0 -> 0x469316
0x579fdd0 | 0x579fe2c -> 0x10537e80
0x579fdd4 | 0x579fdf4 -> 0x579fe24
0x579fdd8 | 0x5f6f9c -> 0x53890389
0x579fddc | 0
0x579fde0 | 0x1bd0ad08 -> 0x1bd0aff0
0x579fde4 | 0xfffffffe
0x579fde8 | 0x1bd0ade0 -> 0x469316
0x579fdec | 0x5639f8 -> 0x56e58955
0x579fdf0 | 0xae5a5750
0x579fdf4 | 0x579fe24 -> 0x579fe44 \\\\\\ stack frame //////
0x579fdf8 | 0x62dafd -> 0x5b20c483 <-- ret
0x579fdfc | 0x10537e84 -> 0x1bd0ade0
0x579fe00 | 0x579fe2c -> 0x10537e80
0x579fe04 | 0x579fe24 -> 0x579fe44
0x579fe08 | 0x1bd0ad08 -> 0x1bd0aff0
0x579fe0c | 0x579fdec -> 0x5639f8
0x579fe10 | 0x69540f3c
0x579fe14 | 0xb40074
0x579fe18 | 0x620000 -> 0x890c458b
0x579fe1c | 0x5639f8 -> 0x56e58955
0x579fe20 | 0x57dd8c -> 0x53e58955
0x579fe24 | 0x579fe44 -> 0x579fe94 \\\\\\ stack frame //////
0x579fe28 | 0x5b8e4c -> 0x9090c3c9 <-- ret
0x579fe2c | 0x10537e80 -> 0x7383d8
0x579fe30 | 0x76ec8d10 -> 0x8b55ff8b
0x579fe34 | 0x579fe44 -> 0x579fe94
0x579fe38 | 0x50e007 -> 0x89084d8b
0x579fe3c | 0x57dd8c -> 0x53e58955
0x579fe40 | 0x76ec8d10 -> 0x8b55ff8b
0x579fe44 | 0x579fe94 -> 0x579feb4 \\\\\\ stack frame //////
0x579fe48 | 0x563b1d -> 0xf07d83 <-- ret
0x579fe4c | 0x10537e70 -> 0x77e798
0x579fe50 | 0x579fe68 -> 0x737f64
0x579fe54 | 0x579fef8 -> 0x5e760c
0x579fe58 | 0x775d1b70 -> 0x8b55ff8b
0x579fe5c | 0xa83464c7
0x579fe60 | 0xfffffffe
0x579fe64 | 0x579feb4 -> 0x579fef4
0x579fe68 | 0x737f64 -> 0
0x579fe6c | 0
0x579fe70 | 0x77dfc8 -> 0x452722
0x579fe74 | 0x579ff5c -> 0x579ffcc
0x579fe78 | 0x45295f -> 0x57e58955
0x579fe7c | 0xc0bb01 -> 0x4d4f435f
0x579fe80 | 0x737f60 -> 0x77ce28
0x579fe84 | 0x7380c0 -> 0x77e0c0
0x579fe88 | 0x10537e70 -> 0x77e798
0x579fe8c | 0x5639f8 -> 0x56e58955
0x579fe90 | 0x57dd8c -> 0x53e58955
0x579fe94 | 0x579feb4 -> 0x579fef4 \\\\\\ stack frame //////
0x579fe98 | 0x5c8015 -> 0x5b14c483 <-- ret
0x579fe9c | 0x737f60 -> 0x77ce28
0x579fea0 | 0xc0bb84 -> 0x737f60
0x579fea4 | 0x2fbe710 -> 0x2fbeb60
0x579fea8 | 0
0x579feac | 0x2fb0000 -> 0x29b18304
0x579feb0 | 0xc0bb60 -> 0x781270
0x579feb4 | 0x579fef4 -> 0x579ff14 \\\\\\ stack frame //////
0x579feb8 | 0x5cd7fe -> 0x5b34c483 <-- ret
0x579febc | 0xc0bb84 -> 0x737f60
0x579fec0 | 0xda2b4460
0x579fec4 | 0xc0bb80 -> 0x5639f8
0x579fec8 | 0x579feeb -> 0xea88a905
0x579fecc | 0
0x579fed0 | 0x579fec0 -> 0xda2b4460
0x579fed4 | 0
0x579fed8 | 0x579ff24 -> 0x76ec88a2
0x579fedc | 0x775d1b70 -> 0x8b55ff8b
0x579fee0 | 0xa83461f7
0x579fee4 | 0xfffffffe
0x579fee8 | 0x579ff34 -> 0x579ff6c
0x579feec | 0x76ea88a9 -> 0x1675c085
0x579fef0 | 0xc0bb60 -> 0x781270
0x579fef4 | 0x579ff14 -> 0x579ff34 \\\\\\ stack frame //////
0x579fef8 | 0x5e760c -> 0x9090c3c9 <-- ret
0x579fefc | 0xc0bb80 -> 0x5639f8
0x579ff00 | 0xc0bb60 -> 0x781270
0x579ff04 | 0x579ff14 -> 0x579ff34
0x579ff08 | 0x76a649d1 -> 0xd79c085
0x579ff0c | 0xc
0x579ff10 | 0xc0bb60 -> 0x781270
0x579ff14 | 0x579ff34 -> 0x579ff6c \\\\\\ stack frame //////
0x579ff18 | 0x57ddb7 -> 0xfffe1ce8 <-- ret
0x579ff1c | 0xc0bb60 -> 0x781270
0x579ff20 | 0xc0bb60 -> 0x781270
0x579ff24 | 0x76ec88a2 -> 0x5ec68b5f
0x579ff28 | 0
0x579ff2c | 0x76ec8d10 -> 0x8b55ff8b
0x579ff30 | 0x2fbe710 -> 0x2fbeb60
0x579ff34 | 0x579ff6c -> 0x579ff74 \\\\\\ stack frame //////
0x579ff38 | 0x76ec8ca5 -> 0x35e850 <-- ret
0x579ff3c | 0xc0bb60 -> 0x781270
0x579ff40 | 0xae5a55c8
0x579ff44 | 0x76ec8d10 -> 0x8b55ff8b
0x579ff48 | 0x76ec8d10 -> 0x8b55ff8b
0x579ff4c | 0x2fbe710 -> 0x2fbeb60
0x579ff50 | 0x579ff40 -> 0xae5a55c8
0x579ff54 | 0x579ff40 -> 0xae5a55c8
0x579ff58 | 0x579ffcc -> 0x579ffe4
0x579ff5c | 0x579ffcc -> 0x579ffe4
0x579ff60 | 0x76ebea50 -> 0x8b55ff8b
0x579ff64 | 0xddd2a49c
0x579ff68 | 0
0x579ff6c | 0x579ff74 -> 0x579ff84 \\\\\\ stack frame //////
0x579ff70 | 0x76ec8d71 -> 0xcccccccc <-- ret
0x579ff74 | 0x579ff84 -> 0x579ffdc
0x579ff78 | 0x74fd5d49 -> 0x2415ff50 <-- ret
0x579ff7c | 0x2fbe710 -> 0x2fbeb60
0x579ff80 | 0x74fd5d30 -> 0x8b55ff8b
0x579ff84 | 0x579ffdc -> 0x579ffec \\\\\\ stack frame //////
0x579ff88 | 0x775bd5db -> 0xb0e9 <-- ret
0x579ff8c | 0x2fbe710 -> 0x2fbeb60
0x579ff90 | 0xda2b4553
0x579ff94 | 0
0x579ff98 | 0
0x579ff9c | 0x2fbe710 -> 0x2fbeb60
0x579ffa0 | 0
0x579ffa4 | 0
0x579ffa8 | 0
0x579ffac | 0
0x579ffb0 | 0
0x579ffb4 | 0
0x579ffb8 | 0
0x579ffbc | 0
0x579ffc0 | 0
0x579ffc4 | 0x579ff90 -> 0xda2b4553
0x579ffc8 | 0
0x579ffcc | 0x579ffe4 -> 0xffffffff
0x579ffd0 | 0x775d1b70 -> 0x8b55ff8b
0x579ffd4 | 0xa8345fbf
0x579ffd8 | 0
0x579ffdc | 0x579ffec -> 0 \\\\\\ stack frame //////
0x579ffe0 | 0x775bd561 -> 0xcccccccc <-- ret
0x579ffe4 | 0xffffffff
0x579ffe8 | 0x776044b1 -> 0x90909090
0x579ffec | 0 \\\\\\ stack frame //////
0x579fff0 | 0 <-- ret
0x579fff4 | 0x76ec8d10 -> 0x8b55ff8b
0x579fff8 | 0x2fbe710 -> 0x2fbeb60
0x579fffc | 0
*****************************************************
*****************************************************
Error report - Wed Dec 31 17:14:01 2025

Compiler Info - GNU C++ version 4.4.0
Compilation Date - Dec 29 2025 23:39:19

Memory load: 52
Total phys: 16666124 K available phys: 7871500 K
Start time: 31-12-2025  20:6:16
Kernel time: 0:0:1.218
User time: 0:0:5.250
Threads: 5

Exception: 0xc0000005 at eip = 0x584b5b
eax = 0xf0
ebx = 0x1
ecx = 0x71db88e5
edx = 0xf0
esi = 0x754f35 -> 0x4e455645
edi = 0x150
ebp = 0x576fb94 -> 0x576fbd4
esp = 0x576fb6c -> 0x576fc08
efl = 0x10297

---Stack Trace---
From: 0x576fb6c to: 0x5770000
0x576fb6c | 0x576fc08 -> 0x576fc08
0x576fb70 | 0x1412dad8 -> 0x1a010148
0x576fb74 | 0x576fc76 -> 0xc6f0aa0
0x576fb78 | 0
0x576fb7c | 0xfffffff5
0x576fb80 | 0xf0
0x576fb84 | 0x71db88e5
0x576fb88 | 0xf355098 -> 0xf0
0x576fb8c | 0x754f35 -> 0x4e455645
0x576fb90 | 0x150
0x576fb94 | 0x576fbd4 -> 0x576fbf4 \\\\\\ stack frame //////
0x576fb98 | 0x581945 -> 0x8bd84589 <-- ret
0x576fb9c | 0xf355098 -> 0xf0
0x576fba0 | 0x754f35 -> 0x4e455645
0x576fba4 | 0x6
0x576fba8 | 0x667f5e -> 0x5b10c483
0x576fbac | 0x576fc08 -> 0x576fc08
0x576fbb0 | 0xf
0x576fbb4 | 0x576fbe4 -> 0x754f35
0x576fbb8 | 0x697154 -> 0xc9f4458b
0x576fbbc | 0x1040cf48 -> 0x77db58
0x576fbc0 | 0x576fd20 -> 0x11cffc48
0x576fbc4 | 0x576fbe4 -> 0x754f35
0x576fbc8 | 0x1040cf48 -> 0x77db58
0x576fbcc | 0x576fd20 -> 0x11cffc48
0x576fbd0 | 0x576fcec -> 0
0x576fbd4 | 0x576fbf4 -> 0x576fc24 \\\\\\ stack frame //////
0x576fbd8 | 0x4b3dac -> 0x8b08458b <-- ret
0x576fbdc | 0xf355098 -> 0xf0
0x576fbe0 | 0xffffd8f0
0x576fbe4 | 0x754f35 -> 0x4e455645
0x576fbe8 | 0x42fb3b -> 0x83f8658d
0x576fbec | 0x576fc08 -> 0x576fc08
0x576fbf0 | 0x1040cf48 -> 0x77db58
0x576fbf4 | 0x576fc24 -> 0x576fcd4 \\\\\\ stack frame //////
0x576fbf8 | 0x5047e4 -> 0x8b08458b <-- ret
0x576fbfc | 0xf2e0580 -> 0x77e0d0
0x576fc00 | 0x4bf
0x576fc04 | 0xf2e0580 -> 0x77e0d0
0x576fc08 | 0x576fc08 -> 0x576fc08
0x576fc0c | 0x576fc08 -> 0x576fc08
0x576fc10 | 0xbc00002 -> 0
0x576fc14 | 0x60bbd
0x576fc18 | 0x867480 -> 0x77e068
0x576fc1c | 0x1040cf48 -> 0x77db58
0x576fc20 | 0x1040cf48 -> 0x77db58
0x576fc24 | 0x576fcd4 -> 0x576fd44 \\\\\\ stack frame //////
0x576fc28 | 0x4fb4b7 -> 0x8994458d <-- ret
0x576fc2c | 0x127b09f0 -> 0x780288
0x576fc30 | 0x1f4
0x576fc34 | 0
0x576fc38 | 0xf2f4354 -> 0x104111a8
0x576fc3c | 0xf2f4444 -> 0x104117a8
0x576fc40 | 0xf2f4448 -> 0x10411bf8
0x576fc44 | 0xf2f4348 -> 0x104112c8
0x576fc48 | 0xf2f4348 -> 0x104112c8
0x576fc4c | 0xf2f4348 -> 0x104112c8
0x576fc50 | 0x3
0x576fc54 | 0x576fc84 -> 0x13f224e8
0x576fc58 | 0x13f224e8 -> 0x13f224e8
0x576fc5c | 0x576fc78 -> 0x60c6f
0x576fc60 | 0x1412dad8 -> 0x1a010148
0x576fc64 | 0
0x576fc68 | 0
0x576fc6c | 0
0x576fc70 | 0
0x576fc74 | 0xaa0fc94 -> 0
0x576fc78 | 0x60c6f
0x576fc7c | 0x1412dad8 -> 0x1a010148
0x576fc80 | 0x11cffc48 -> 0x10517ba8
0x576fc84 | 0x13f224e8 -> 0x13f224e8
0x576fc88 | 0x635e85 -> 0x5590c3c9
0x576fc8c | 0x1412dad8 -> 0x1a010148
0x576fc90 | 0x40cf48 -> 0xfffd3085
0x576fc94 | 0x576fcb4 -> 0x576fcd4
0x576fc98 | 0x6a9632 -> 0x8b08458b
0x576fc9c | 0x11cffc48 -> 0x10517ba8
0x576fca0 | 0x11cffc48 -> 0x10517ba8
0x576fca4 | 0x576fcd4 -> 0x576fd44
0x576fca8 | 0x6a9687 -> 0xc9f4458b
0x576fcac | 0x576fcc8 -> 0x1040cf48
0x576fcb0 | 0x868b5c -> 0x104e2974
0x576fcb4 | 0x576fcd4 -> 0x576fd44
0x576fcb8 | 0x622603 -> 0xc339008b
0x576fcbc | 0x576fd24 -> 0x104e2974
0x576fcc0 | 0x11cffc48 -> 0x10517ba8
0x576fcc4 | 0x89e5
0x576fcc8 | 0x1040cf48 -> 0x77db58
0x576fccc | 0x576fd20 -> 0x11cffc48
0x576fcd0 | 0x576fcec -> 0
0x576fcd4 | 0x576fd44 -> 0x576fd64 \\\\\\ stack frame //////
0x576fcd8 | 0x46964c -> 0x89bc458d <-- ret
0x576fcdc | 0x13f20930 -> 0x77e22c
0x576fce0 | 0x1f4
0x576fce4 | 0
0x576fce8 | 0x868a80 -> 0x77e628
0x576fcec | 0
0x576fcf0 | 0
0x576fcf4 | 0x13e63300 -> 0x737f8c
0x576fcf8 | 0x76ef43d3 -> 0xea343d83
0x576fcfc | 0xdb9e2a3a
0x576fd00 | 0x104e2970 -> 0x13f20930
0x576fd04 | 0
0x576fd08 | 0x46942e -> 0x57e58955
0x576fd0c | 0
0x576fd10 | 0x868a80 -> 0x77e628
0x576fd14 | 0x46942e -> 0x57e58955
0x576fd18 | 0
0x576fd1c | 0x868a80 -> 0x77e628
0x576fd20 | 0x11cffc48 -> 0x10517ba8
0x576fd24 | 0x104e2974 -> 0x31203532
0x576fd28 | 0x868b58 -> 0x104e2960
0x576fd2c | 0x57dd60 -> 0x53e58955
0x576fd30 | 0x76ef28cd -> 0xccccc3c9
0x576fd34 | 0xd52c49e -> 0
0x576fd38 | 0x868a80 -> 0x77e628
0x576fd3c | 0x57dd60 -> 0x53e58955
0x576fd40 | 0x76ec8d10 -> 0x8b55ff8b
0x576fd44 | 0x576fd64 -> 0x576fd84 \\\\\\ stack frame //////
0x576fd48 | 0x62a901 -> 0x5590c3c9 <-- ret
0x576fd4c | 0x868a80 -> 0x77e628
0x576fd50 | 0x576fd40 -> 0x76ec8d10
0x576fd54 | 0x576fd84 -> 0x576fdc4
0x576fd58 | 0x576fda4 -> 0x576fdc4
0x576fd5c | 0x775d1b70 -> 0x8b55ff8b
0x576fd60 | 0xf64f8f0a
0x576fd64 | 0x576fd84 -> 0x576fdc4 \\\\\\ stack frame //////
0x576fd68 | 0x5c7e7a -> 0x5b14c483 <-- ret
0x576fd6c | 0x104120bc -> 0x46942e
0x576fd70 | 0x868a80 -> 0x77e628
0x576fd74 | 0x576fda4 -> 0x576fdc4
0x576fd78 | 0x5f69a8 -> 0x9090c3c9
0x576fd7c | 0xfffffffe
0x576fd80 | 0x5639cc -> 0x56e58955
0x576fd84 | 0x576fdc4 -> 0x576fdf4 \\\\\\ stack frame //////
0x576fd88 | 0x5ccd5e -> 0x5b34c483 <-- ret
0x576fd8c | 0x104120c4 -> 0x868a80
0x576fd90 | 0x800000cc
0x576fd94 | 0x104120bc -> 0x46942e
0x576fd98 | 0x576fdbb -> 0x76fdc805
0x576fd9c | 0
0x576fda0 | 0x80000001
0x576fda4 | 0x576fdc4 -> 0x576fdf4
0x576fda8 | 0x62d912 -> 0x8955c3c9
0x576fdac | 0xfffffffe
0x576fdb0 | 0x7fffffff
0x576fdb4 | 0x5c6fc5 -> 0x5590c3c9
0x576fdb8 | 0x576fe2c -> 0x104120b8
0x576fdbc | 0x576fdc8 -> 0x5f2eb3
0x576fdc0 | 0x5639cc -> 0x56e58955
0x576fdc4 | 0x576fdf4 -> 0x576fe24 \\\\\\ stack frame //////
0x576fdc8 | 0x5f2eb3 -> 0x9090c3c9 <-- ret
0x576fdcc | 0x104120bc -> 0x46942e
0x576fdd0 | 0x576fe2c -> 0x104120b8
0x576fdd4 | 0x576fdf4 -> 0x576fe24
0x576fdd8 | 0x5f6f6c -> 0x53890389
0x576fddc | 0
0x576fde0 | 0x13e63300 -> 0x737f8c
0x576fde4 | 0xfffffffe
0x576fde8 | 0x104120bc -> 0x46942e
0x576fdec | 0x5639cc -> 0x56e58955
0x576fdf0 | 0xdb9e2aea
0x576fdf4 | 0x576fe24 -> 0x576fe44 \\\\\\ stack frame //////
0x576fdf8 | 0x62dacd -> 0x5b20c483 <-- ret
0x576fdfc | 0x104120bc -> 0x46942e
0x576fe00 | 0x576fe2c -> 0x104120b8
0x576fe04 | 0x576fe24 -> 0x576fe44
0x576fe08 | 0x13e63300 -> 0x737f8c
0x576fe0c | 0
0x576fe10 | 0x69558409
0x576fe14 | 0xb400d4 -> 0x610042
0x576fe18 | 0x620000 -> 0x53bebe8
0x576fe1c | 0x5639cc -> 0x56e58955
0x576fe20 | 0x57dd60 -> 0x53e58955
0x576fe24 | 0x576fe44 -> 0x576fe94 \\\\\\ stack frame //////
0x576fe28 | 0x5b8e1c -> 0x9090c3c9 <-- ret
0x576fe2c | 0x104120b8 -> 0x738381
0x576fe30 | 0x76ec8d10 -> 0x8b55ff8b
0x576fe34 | 0x576fe44 -> 0x576fe94
0x576fe38 | 0x50e007 -> 0x89084d8b
0x576fe3c | 0x57dd60 -> 0x53e58955
0x576fe40 | 0x76ec8d10 -> 0x8b55ff8b
0x576fe44 | 0x576fe94 -> 0x576feb4 \\\\\\ stack frame //////
0x576fe48 | 0x563af1 -> 0xf07d83 <-- ret
0x576fe4c | 0x104120a8 -> 0x77db58
0x576fe50 | 0x576fe68 -> 0x737f64
0x576fe54 | 0x576fecc -> 0
0x576fe58 | 0x775d1b70 -> 0x8b55ff8b
0x576fe5c | 0xf64f8a3a
0x576fe60 | 0xfffffffe
0x576fe64 | 0x576feb4 -> 0x576fef4
0x576fe68 | 0x737f64 -> 0
0x576fe6c | 0
0x576fe70 | 0x77dfc8 -> 0x452722
0x576fe74 | 0x576ff5c -> 0x576ffcc
0x576fe78 | 0x45295f -> 0x57e58955
0x576fe7c | 0xb42e01 -> 0x1007812
0x576fe80 | 0x737f60 -> 0x77ce28
0x576fe84 | 0x7380c0 -> 0x77e0c0
0x576fe88 | 0x104120a8 -> 0x77db58
0x576fe8c | 0x5639cc -> 0x56e58955
0x576fe90 | 0x57dd60 -> 0x53e58955
0x576fe94 | 0x576feb4 -> 0x576fef4 \\\\\\ stack frame //////
0x576fe98 | 0x5c7fe5 -> 0x5b14c483 <-- ret
0x576fe9c | 0x737f60 -> 0x77ce28
0x576fea0 | 0xb42e24 -> 0x737f60
0x576fea4 | 0x2e9e318 -> 0xffffffff
0x576fea8 | 0
0x576feac | 0x2e90000 -> 0x6e7887ff
0x576feb0 | 0xb42e00 -> 0x781270
0x576feb4 | 0x576fef4 -> 0x576ff14 \\\\\\ stack frame //////
0x576feb8 | 0x5cd7ce -> 0x5b34c483 <-- ret
0x576febc | 0xb42e24 -> 0x737f60
0x576fec0 | 0x845faa00
0x576fec4 | 0xb42e20 -> 0x5639cc
0x576fec8 | 0x576feeb -> 0xea88a905
0x576fecc | 0
0x576fed0 | 0x576fec0 -> 0x845faa00
0x576fed4 | 0
0x576fed8 | 0x576ff24 -> 0x76ec88a2
0x576fedc | 0x775d1b70 -> 0x8b55ff8b
0x576fee0 | 0xf64f8f0a
0x576fee4 | 0xfffffffe
0x576fee8 | 0x576ff34 -> 0x576ff6c
0x576feec | 0x76ea88a9 -> 0x1675c085
0x576fef0 | 0xb42e00 -> 0x781270
0x576fef4 | 0x576ff14 -> 0x576ff34 \\\\\\ stack frame //////
0x576fef8 | 0x5e75dc -> 0x9090c3c9 <-- ret
0x576fefc | 0xb42e20 -> 0x5639cc
0x576ff00 | 0xb42e00 -> 0x781270
0x576ff04 | 0x576ff14 -> 0x576ff34
0x576ff08 | 0x76a649d1 -> 0xd79c085
0x576ff0c | 0xc
0x576ff10 | 0xb42e00 -> 0x781270
0x576ff14 | 0x576ff34 -> 0x576ff6c \\\\\\ stack frame //////
0x576ff18 | 0x57dd8b -> 0xfffe1ce8 <-- ret
0x576ff1c | 0xb42e00 -> 0x781270
0x576ff20 | 0xb42e00 -> 0x781270
0x576ff24 | 0x76ec88a2 -> 0x5ec68b5f
0x576ff28 | 0
0x576ff2c | 0x76ec8d10 -> 0x8b55ff8b
0x576ff30 | 0x2e9e318 -> 0xffffffff
0x576ff34 | 0x576ff6c -> 0x576ff74 \\\\\\ stack frame //////
0x576ff38 | 0x76ec8ca5 -> 0x35e850 <-- ret
0x576ff3c | 0xb42e00 -> 0x781270
0x576ff40 | 0xdb9e2872
0x576ff44 | 0x76ec8d10 -> 0x8b55ff8b
0x576ff48 | 0x76ec8d10 -> 0x8b55ff8b
0x576ff4c | 0x2e9e318 -> 0xffffffff
0x576ff50 | 0x576ff40 -> 0xdb9e2872
0x576ff54 | 0x576ff40 -> 0xdb9e2872
0x576ff58 | 0x576ffcc -> 0x576ffe4
0x576ff5c | 0x576ffcc -> 0x576ffe4
0x576ff60 | 0x76ebea50 -> 0x8b55ff8b
0x576ff64 | 0xa819d926
0x576ff68 | 0
0x576ff6c | 0x576ff74 -> 0x576ff84 \\\\\\ stack frame //////
0x576ff70 | 0x76ec8d71 -> 0xcccccccc <-- ret
0x576ff74 | 0x576ff84 -> 0x576ffdc
0x576ff78 | 0x74fd5d49 -> 0x2415ff50 <-- ret
0x576ff7c | 0x2e9e318 -> 0xffffffff
0x576ff80 | 0x74fd5d30 -> 0x8b55ff8b
0x576ff84 | 0x576ffdc -> 0x576ffec \\\\\\ stack frame //////
0x576ff88 | 0x775bd5db -> 0xb0e9 <-- ret
0x576ff8c | 0x2e9e318 -> 0xffffffff
0x576ff90 | 0x845fabae
0x576ff94 | 0
0x576ff98 | 0
0x576ff9c | 0x2e9e318 -> 0xffffffff
0x576ffa0 | 0
0x576ffa4 | 0
0x576ffa8 | 0
0x576ffac | 0
0x576ffb0 | 0
0x576ffb4 | 0
0x576ffb8 | 0
0x576ffbc | 0
0x576ffc0 | 0
0x576ffc4 | 0x576ff90 -> 0x845fabae
0x576ffc8 | 0
0x576ffcc | 0x576ffe4 -> 0xffffffff
0x576ffd0 | 0x775d1b70 -> 0x8b55ff8b
0x576ffd4 | 0xf64fb142
0x576ffd8 | 0
0x576ffdc | 0x576ffec -> 0 \\\\\\ stack frame //////
0x576ffe0 | 0x775bd561 -> 0xcccccccc <-- ret
0x576ffe4 | 0xffffffff
0x576ffe8 | 0x776044d9 -> 0x90909090
0x576ffec | 0 \\\\\\ stack frame //////
0x576fff0 | 0 <-- ret
0x576fff4 | 0x76ec8d10 -> 0x8b55ff8b
0x576fff8 | 0x2e9e318 -> 0xffffffff
0x576fffc | 0
*****************************************************
*****************************************************
Error report - Wed Dec 31 17:19:21 2025

Compiler Info - GNU C++ version 4.4.0
Compilation Date - Dec 29 2025 23:39:19

Memory load: 52
Total phys: 16666124 K available phys: 7961056 K
Start time: 31-12-2025  20:16:2
Kernel time: 0:0:0.687
User time: 0:0:3.640
Threads: 5

Exception: 0xc0000005 at eip = 0x3f3f3f3f
eax = 0x3f3f3f3f
ebx = 0xf0074 -> 0x3f3f3f3f
ecx = 0x71db88e5
edx = 0x3f3f3f3f
esi = 0
edi = 0x17
ebp = 0x57afb64 -> 0x57afb94
esp = 0x57afb38 -> 0x58cf4f
efl = 0x10216

---Stack Trace---
From: 0x57afb38 to: 0x57b0000
0x57afb38 | 0x58cf4f -> 0xc689c085
0x57afb3c | 0x3f3f3f3f
0x57afb40 | 0
0x57afb44 | 0
0x57afb48 | 0x17
0x57afb4c | 0x57afc08 -> 0x57afc08
0x57afb50 | 0x1aa2f400 -> 0
0x57afb54 | 0x57afb06 -> 0x8594057a
0x57afb58 | 0
0x57afb5c | 0xf470109 -> 0x74537465
0x57afb60 | 0xf00d4 -> 0x3f3f3f3f
0x57afb64 | 0x57afb94 -> 0x57afbd4 \\\\\\ stack frame //////
0x57afb68 | 0x584bea -> 0x458bc389 <-- ret
0x57afb6c | 0xf470109 -> 0x74537465
0x57afb70 | 0
0x57afb74 | 0
0x57afb78 | 0x17
0x57afb7c | 0xfffffff5
0x57afb80 | 0xf0074 -> 0x3f3f3f3f
0x57afb84 | 0x71db88e5
0x57afb88 | 0xf470109 -> 0x74537465
0x57afb8c | 0x754f35 -> 0x4e455645
0x57afb90 | 0xf00d4 -> 0x3f3f3f3f
0x57afb94 | 0x57afbd4 -> 0x57afbf4 \\\\\\ stack frame //////
0x57afb98 | 0x581945 -> 0x8bd84589 <-- ret
0x57afb9c | 0xf470109 -> 0x74537465
0x57afba0 | 0x754f35 -> 0x4e455645
0x57afba4 | 0x6
0x57afba8 | 0x667f5e -> 0x5b10c483
0x57afbac | 0x57afc08 -> 0x57afc08
0x57afbb0 | 0xf
0x57afbb4 | 0x57afbe4 -> 0x754f35
0x57afbb8 | 0x697154 -> 0xc9f4458b
0x57afbbc | 0x144f73b8 -> 0x77db58
0x57afbc0 | 0x57afd20 -> 0x1328c100
0x57afbc4 | 0x57afbe4 -> 0x754f35
0x57afbc8 | 0x144f73b8 -> 0x77db58
0x57afbcc | 0x57afd20 -> 0x1328c100
0x57afbd0 | 0x57afcec -> 0
0x57afbd4 | 0x57afbf4 -> 0x57afc24 \\\\\\ stack frame //////
0x57afbd8 | 0x4b3dac -> 0x8b08458b <-- ret
0x57afbdc | 0xf470109 -> 0x74537465
0x57afbe0 | 0xffffd8f0
0x57afbe4 | 0x754f35 -> 0x4e455645
0x57afbe8 | 0x42fb3b -> 0x83f8658d
0x57afbec | 0x57afc08 -> 0x57afc08
0x57afbf0 | 0x144f73b8 -> 0x77db58
0x57afbf4 | 0x57afc24 -> 0x57afcd4 \\\\\\ stack frame //////
0x57afbf8 | 0x5047e4 -> 0x8b08458b <-- ret
0x57afbfc | 0x10422770 -> 0x1056d8c8
0x57afc00 | 0x4c3
0x57afc04 | 0x10422770 -> 0x1056d8c8
0x57afc08 | 0x57afc08 -> 0x57afc08
0x57afc0c | 0x57afc08 -> 0x57afc08
0x57afc10 | 0xbca0002 -> 0
0x57afc14 | 0x70c56
0x57afc18 | 0x867480 -> 0x77e068
0x57afc1c | 0x144f73b8 -> 0x77db58
0x57afc20 | 0x144f73b8 -> 0x77db58
0x57afc24 | 0x57afcd4 -> 0x57afd44 \\\\\\ stack frame //////
0x57afc28 | 0x4fb4b7 -> 0x8994458d <-- ret
0x57afc2c | 0x13afcf20 -> 0
0x57afc30 | 0x1f4
0x57afc34 | 0
0x57afc38 | 0x621c99 -> 0xda89008b
0x57afc3c | 0x57afc84 -> 0x103e3c30
0x57afc40 | 0x1cd9032c -> 0x12f57f78
0x57afc44 | 0x80000000
0x57afc48 | 0x80000000
0x57afc4c | 0x738518 -> 0x1cd90328
0x57afc50 | 0x1cd9032c -> 0x12f57f78
0x57afc54 | 0x57afc74 -> 0xccdfc94
0x57afc58 | 0x103e3c30 -> 0x103e3c30
0x57afc5c | 0x738508 -> 0
0x57afc60 | 0x1ccdad78 -> 0x13fda898
0x57afc64 | 0
0x57afc68 | 0
0x57afc6c | 0
0x57afc70 | 0
0x57afc74 | 0xccdfc94 -> 0
0x57afc78 | 0x70d06
0x57afc7c | 0x1ccdad78 -> 0x13fda898
0x57afc80 | 0x1328c100 -> 0x13e74428
0x57afc84 | 0x103e3c30 -> 0x103e3c30
0x57afc88 | 0x635e85 -> 0x5590c3c9
0x57afc8c | 0x1ccdad78 -> 0x13fda898
0x57afc90 | 0x14f73b8 -> 0xfef88308
0x57afc94 | 0x57afcb4 -> 0x57afcd4
0x57afc98 | 0x6a9632 -> 0x8b08458b
0x57afc9c | 0x1328c100 -> 0x13e74428
0x57afca0 | 0x1328c100 -> 0x13e74428
0x57afca4 | 0x57afcd4 -> 0x57afd44
0x57afca8 | 0x6a9687 -> 0xc9f4458b
0x57afcac | 0x57afcc8 -> 0x144f73b8
0x57afcb0 | 0x868b20 -> 0x11388290
0x57afcb4 | 0x57afcd4 -> 0x57afd44
0x57afcb8 | 0x622603 -> 0xc339008b
0x57afcbc | 0x57afd24 -> 0x11388290
0x57afcc0 | 0x1328c100 -> 0x13e74428
0x57afcc4 | 0x3aa0
0x57afcc8 | 0x144f73b8 -> 0x77db58
0x57afccc | 0x57afd20 -> 0x1328c100
0x57afcd0 | 0x57afcec -> 0
0x57afcd4 | 0x57afd44 -> 0x57afd64 \\\\\\ stack frame //////
0x57afcd8 | 0x46964c -> 0x89bc458d <-- ret
0x57afcdc | 0x103e6d10 -> 0x77e22c
0x57afce0 | 0x1f4
0x57afce4 | 0
0x57afce8 | 0x868a80 -> 0x77e628
0x57afcec | 0
0x57afcf0 | 0
0x57afcf4 | 0x1bcf5fe8 -> 0x737f8c
0x57afcf8 | 0x76ef43d3 -> 0xea343d83
0x57afcfc | 0x47ebadd3
0x57afd00 | 0x11388288 -> 0x103e6d10
0x57afd04 | 0
0x57afd08 | 0x46942e -> 0x57e58955
0x57afd0c | 0
0x57afd10 | 0x868a80 -> 0x77e628
0x57afd14 | 0x46942e -> 0x57e58955
0x57afd18 | 0
0x57afd1c | 0x868a80 -> 0x77e628
0x57afd20 | 0x1328c100 -> 0x13e74428
0x57afd24 | 0x11388290 -> 0
0x57afd28 | 0x868b1c -> 0x11388278
0x57afd2c | 0x57dd60 -> 0x53e58955
0x57afd30 | 0x76ef28cd -> 0xccccc3c9
0x57afd34 | 0xd52c4a3 -> 0
0x57afd38 | 0x868a80 -> 0x77e628
0x57afd3c | 0x57dd60 -> 0x53e58955
0x57afd40 | 0x76ec8d10 -> 0x8b55ff8b
0x57afd44 | 0x57afd64 -> 0x57afd84 \\\\\\ stack frame //////
0x57afd48 | 0x62a901 -> 0x5590c3c9 <-- ret
0x57afd4c | 0x868a80 -> 0x77e628
0x57afd50 | 0x57afd40 -> 0x76ec8d10
0x57afd54 | 0x57afd84 -> 0x57afdc4
0x57afd58 | 0x57afda4 -> 0x57afdc4
0x57afd5c | 0x775d1b70 -> 0x8b55ff8b
0x57afd60 | 0x9d9eadd -> 0
0x57afd64 | 0x57afd84 -> 0x57afdc4 \\\\\\ stack frame //////
0x57afd68 | 0x5c7e7a -> 0x5b14c483 <-- ret
0x57afd6c | 0x144ef89c -> 0x46942e
0x57afd70 | 0x868a80 -> 0x77e628
0x57afd74 | 0x57afda4 -> 0x57afdc4
0x57afd78 | 0x5f69a8 -> 0x9090c3c9
0x57afd7c | 0xfffffffe
0x57afd80 | 0x5639cc -> 0x56e58955
0x57afd84 | 0x57afdc4 -> 0x57afdf4 \\\\\\ stack frame //////
0x57afd88 | 0x5ccd5e -> 0x5b34c483 <-- ret
0x57afd8c | 0x144ef8a4 -> 0x868a80
0x57afd90 | 0x800000cc
0x57afd94 | 0x144ef89c -> 0x46942e
0x57afd98 | 0x57afdbb -> 0x7afdc805
0x57afd9c | 0
0x57afda0 | 0x80000001
0x57afda4 | 0x57afdc4 -> 0x57afdf4
0x57afda8 | 0x62d912 -> 0x8955c3c9
0x57afdac | 0xfffffffe
0x57afdb0 | 0x7fffffff
0x57afdb4 | 0x5c6fc5 -> 0x5590c3c9
0x57afdb8 | 0x57afe2c -> 0x144ef898
0x57afdbc | 0x57afdc8 -> 0x5f2eb3
0x57afdc0 | 0x5639cc -> 0x56e58955
0x57afdc4 | 0x57afdf4 -> 0x57afe24 \\\\\\ stack frame //////
0x57afdc8 | 0x5f2eb3 -> 0x9090c3c9 <-- ret
0x57afdcc | 0x144ef89c -> 0x46942e
0x57afdd0 | 0x57afe2c -> 0x144ef898
0x57afdd4 | 0x57afdf4 -> 0x57afe24
0x57afdd8 | 0x5f6f6c -> 0x53890389
0x57afddc | 0
0x57afde0 | 0x1bcf5fe8 -> 0x737f8c
0x57afde4 | 0xfffffffe
0x57afde8 | 0x144ef89c -> 0x46942e
0x57afdec | 0x5639cc -> 0x56e58955
0x57afdf0 | 0x47ebad03
0x57afdf4 | 0x57afe24 -> 0x57afe44 \\\\\\ stack frame //////
0x57afdf8 | 0x62dacd -> 0x5b20c483 <-- ret
0x57afdfc | 0x144ef89c -> 0x46942e
0x57afe00 | 0x57afe2c -> 0x144ef898
0x57afe04 | 0x57afe24 -> 0x57afe44
0x57afe08 | 0x1bcf5fe8 -> 0x737f8c
0x57afe0c | 0
0x57afe10 | 0x69558549
0x57afe14 | 0xb4038a
0x57afe18 | 0x620000 -> 0x53bebe8
0x57afe1c | 0x5639cc -> 0x56e58955
0x57afe20 | 0x57dd60 -> 0x53e58955
0x57afe24 | 0x57afe44 -> 0x57afe94 \\\\\\ stack frame //////
0x57afe28 | 0x5b8e1c -> 0x9090c3c9 <-- ret
0x57afe2c | 0x144ef898 -> 0x738381
0x57afe30 | 0x76ec8d10 -> 0x8b55ff8b
0x57afe34 | 0x57afe44 -> 0x57afe94
0x57afe38 | 0x50e007 -> 0x89084d8b
0x57afe3c | 0x57dd60 -> 0x53e58955
0x57afe40 | 0x76ec8d10 -> 0x8b55ff8b
0x57afe44 | 0x57afe94 -> 0x57afeb4 \\\\\\ stack frame //////
0x57afe48 | 0x563af1 -> 0xf07d83 <-- ret
0x57afe4c | 0x144ef888 -> 0x77db58
0x57afe50 | 0x57afe68 -> 0x737f64
0x57afe54 | 0x57afecc -> 0
0x57afe58 | 0x775d1b70 -> 0x8b55ff8b
0x57afe5c | 0x9d9efed -> 0
0x57afe60 | 0xfffffffe
0x57afe64 | 0x57afeb4 -> 0x57afef4
0x57afe68 | 0x737f64 -> 0
0x57afe6c | 0
0x57afe70 | 0x77dfc8 -> 0x452722
0x57afe74 | 0x57aff5c -> 0x57affcc
0x57afe78 | 0x45295f -> 0x57e58955
0x57afe7c | 0xd04301 -> 0xf0725073
0x57afe80 | 0x737f60 -> 0x77ce28
0x57afe84 | 0x7380c0 -> 0x77e0c0
0x57afe88 | 0x144ef888 -> 0x77db58
0x57afe8c | 0x5639cc -> 0x56e58955
0x57afe90 | 0x57dd60 -> 0x53e58955
0x57afe94 | 0x57afeb4 -> 0x57afef4 \\\\\\ stack frame //////
0x57afe98 | 0x5c7fe5 -> 0x5b14c483 <-- ret
0x57afe9c | 0x737f60 -> 0x77ce28
0x57afea0 | 0xd0439c -> 0x737f60
0x57afea4 | 0x2fae318 -> 0xffffffff
0x57afea8 | 0
0x57afeac | 0x2fa0000 -> 0x213bce2c
0x57afeb0 | 0xd04378 -> 0x781270
0x57afeb4 | 0x57afef4 -> 0x57aff14 \\\\\\ stack frame //////
0x57afeb8 | 0x5cd7ce -> 0x5b34c483 <-- ret
0x57afebc | 0xd0439c -> 0x737f60
0x57afec0 | 0x7bc5cf78
0x57afec4 | 0xd04398 -> 0x5639cc
0x57afec8 | 0x57afeeb -> 0xea88a905
0x57afecc | 0
0x57afed0 | 0x57afec0 -> 0x7bc5cf78
0x57afed4 | 0
0x57afed8 | 0x57aff24 -> 0x76ec88a2
0x57afedc | 0x775d1b70 -> 0x8b55ff8b
0x57afee0 | 0x9d9eadd -> 0
0x57afee4 | 0xfffffffe
0x57afee8 | 0x57aff34 -> 0x57aff6c
0x57afeec | 0x76ea88a9 -> 0x1675c085
0x57afef0 | 0xd04378 -> 0x781270
0x57afef4 | 0x57aff14 -> 0x57aff34 \\\\\\ stack frame //////
0x57afef8 | 0x5e75dc -> 0x9090c3c9 <-- ret
0x57afefc | 0xd04398 -> 0x5639cc
0x57aff00 | 0xd04378 -> 0x781270
0x57aff04 | 0x57aff14 -> 0x57aff34
0x57aff08 | 0x76a649d1 -> 0xd79c085
0x57aff0c | 0xc
0x57aff10 | 0xd04378 -> 0x781270
0x57aff14 | 0x57aff34 -> 0x57aff6c \\\\\\ stack frame //////
0x57aff18 | 0x57dd8b -> 0xfffe1ce8 <-- ret
0x57aff1c | 0xd04378 -> 0x781270
0x57aff20 | 0xd04378 -> 0x781270
0x57aff24 | 0x76ec88a2 -> 0x5ec68b5f
0x57aff28 | 0
0x57aff2c | 0x76ec8d10 -> 0x8b55ff8b
0x57aff30 | 0x2fae318 -> 0xffffffff
0x57aff34 | 0x57aff6c -> 0x57aff74 \\\\\\ stack frame //////
0x57aff38 | 0x76ec8ca5 -> 0x35e850 <-- ret
0x57aff3c | 0xd04378 -> 0x781270
0x57aff40 | 0x47ebaf9b
0x57aff44 | 0x76ec8d10 -> 0x8b55ff8b
0x57aff48 | 0x76ec8d10 -> 0x8b55ff8b
0x57aff4c | 0x2fae318 -> 0xffffffff
0x57aff50 | 0x57aff40 -> 0x47ebaf9b
0x57aff54 | 0x57aff40 -> 0x47ebaf9b
0x57aff58 | 0x57affcc -> 0x57affe4
0x57aff5c | 0x57affcc -> 0x57affe4
0x57aff60 | 0x76ebea50 -> 0x8b55ff8b
0x57aff64 | 0x34605ecf
0x57aff68 | 0
0x57aff6c | 0x57aff74 -> 0x57aff84 \\\\\\ stack frame //////
0x57aff70 | 0x76ec8d71 -> 0xcccccccc <-- ret
0x57aff74 | 0x57aff84 -> 0x57affdc
0x57aff78 | 0x74fd5d49 -> 0x2415ff50 <-- ret
0x57aff7c | 0x2fae318 -> 0xffffffff
0x57aff80 | 0x74fd5d30 -> 0x8b55ff8b
0x57aff84 | 0x57affdc -> 0x57affec \\\\\\ stack frame //////
0x57aff88 | 0x775bd5db -> 0xb0e9 <-- ret
0x57aff8c | 0x2fae318 -> 0xffffffff
0x57aff90 | 0x7bc5ce79
0x57aff94 | 0
0x57aff98 | 0
0x57aff9c | 0x2fae318 -> 0xffffffff
0x57affa0 | 0
0x57affa4 | 0
0x57affa8 | 0
0x57affac | 0
0x57affb0 | 0
0x57affb4 | 0
0x57affb8 | 0
0x57affbc | 0
0x57affc0 | 0
0x57affc4 | 0x57aff90 -> 0x7bc5ce79
0x57affc8 | 0
0x57affcc | 0x57affe4 -> 0xffffffff
0x57affd0 | 0x775d1b70 -> 0x8b55ff8b
0x57affd4 | 0x9d9d495 -> 0
0x57affd8 | 0
0x57affdc | 0x57affec -> 0 \\\\\\ stack frame //////
0x57affe0 | 0x775bd561 -> 0xcccccccc <-- ret
0x57affe4 | 0xffffffff
0x57affe8 | 0x776044c9 -> 0x90909090
0x57affec | 0 \\\\\\ stack frame //////
0x57afff0 | 0 <-- ret
0x57afff4 | 0x76ec8d10 -> 0x8b55ff8b
0x57afff8 | 0x2fae318 -> 0xffffffff
0x57afffc | 0
*****************************************************
*****************************************************
Error report - Wed Dec 31 17:23:18 2025

Compiler Info - GNU C++ version 4.4.0
Compilation Date - Dec 29 2025 23:39:19

Memory load: 53
Total phys: 16666124 K available phys: 7754228 K
Start time: 31-12-2025  20:21:48
Kernel time: 0:0:0.640
User time: 0:0:2.906
Threads: 9

Exception: 0xc0000005 at eip = 0x584b76
eax = 0x1c2
ebx = 0x3
ecx = 0x5183c1c2
edx = 0xf72d070 -> 0x6d783f3c
esi = 0xb
edi = 0x5599fc8 -> 0xf408a40
ebp = 0x57af914 -> 0x57af984
esp = 0x57af8ec -> 0x144f6448
efl = 0x10206

---Stack Trace---
From: 0x57af8ec to: 0x57b0000
0x57af8ec | 0x144f6448 -> 0x15726c10
0x57af8f0 | 0x5599fc8 -> 0xf408a40
0x57af8f4 | 0x57af914 -> 0x57af984
0x57af8f8 | 0x58450a -> 0x478b0689
0x57af8fc | 0x5599fc8 -> 0xf408a40
0x57af900 | 0x559a040 -> 0xf72d070
0x57af904 | 0x5183c1c2
0x57af908 | 0x144f6458 -> 0x157268a0
0x57af90c | 0x76e5f5 -> 0x65747461
0x57af910 | 0x5599fc8 -> 0xf408a40
0x57af914 | 0x57af984 -> 0x57afa14 \\\\\\ stack frame //////
0x57af918 | 0x5845e9 -> 0x478b0389 <-- ret
0x57af91c | 0x5599fc8 -> 0xf408a40
0x57af920 | 0x76e5f5 -> 0x65747461
0x57af924 | 0xb
0x57af928 | 0x775e0a26 -> 0xff85f88b
0x57af92c | 0xc
0x57af930 | 0x76e600 -> 0x61207325
0x57af934 | 0x1
0x57af938 | 0x1840000 -> 0x52d547df
0x57af93c | 0xc
0x57af940 | 0x3
0x57af944 | 0x18
0x57af948 | 0
0x57af94c | 0x8
0x57af950 | 0x2
0x57af954 | 0
0x57af958 | 0xc
0x57af95c | 0x20
0x57af960 | 0x57af994 -> 0x57afa24
0x57af964 | 0x7758f6f9 -> 0x64f04d8b
0x57af968 | 0
0x57af96c | 0x6ff0e2e7
0x57af970 | 0x57afcec -> 0
0x57af974 | 0xc
0x57af978 | 0xf583f98 -> 0x1bd8dcd8
0x57af97c | 0x5599fc8 -> 0xf408a40
0x57af980 | 0x5599fc8 -> 0xf408a40
0x57af984 | 0x57afa14 -> 0x57afa44 \\\\\\ stack frame //////
0x57af988 | 0x588bb7 -> 0x89145f8b <-- ret
0x57af98c | 0x5599fc8 -> 0xf408a40
0x57af990 | 0x76e5f5 -> 0x65747461
0x57af994 | 0x57afa24 -> 0x76e6ed
0x57af998 | 0x76ea8ac6 -> 0xff85f88b
0x57af99c | 0x1840000 -> 0x52d547df
0x57af9a0 | 0
0x57af9a4 | 0xc
0x57af9a8 | 0x28c000 -> 0x57af344
0x57af9ac | 0x7a80141 -> 0
0x57af9b0 | 0x13e163e0 -> 0x2fc0a88
0x57af9b4 | 0x1057a01c -> 0x7f7
0x57af9b8 | 0x1057a118 -> 0xc1304910
0x57af9bc | 0x57af9fc -> 0x57afa34
0x57af9c0 | 0x77592a92 -> 0xb70ff88b
0x57af9c4 | 0xff
0x57af9c8 | 0x20
0x57af9cc | 0x2fc01c8 -> 0x1030004
0x57af9d0 | 0
0x57af9d4 | 0x2fc0000 -> 0
0x57af9d8 | 0
0x57af9dc | 0xee
0x57af9e0 | 0x20
0x57af9e4 | 0x1057a008 -> 0x13e163e0
0x57af9e8 | 0x2fc0000 -> 0
0x57af9ec | 0
0x57af9f0 | 0x2fc01c8 -> 0x1030004
0x57af9f4 | 0x2fc0a8c -> 0x13e163e0
0x57af9f8 | 0x2fc0a88 -> 0x2fc07d0
0x57af9fc | 0x57afa34 -> 0
0x57afa00 | 0xf583f98 -> 0x1bd8dcd8
0x57afa04 | 0x5599fc8 -> 0xf408a40
0x57afa08 | 0xf583f98 -> 0x1bd8dcd8
0x57afa0c | 0x5599fc8 -> 0xf408a40
0x57afa10 | 0x76e074 -> 0x6c696e
0x57afa14 | 0x57afa44 -> 0x57afa94 \\\\\\ stack frame //////
0x57afa18 | 0x588d13 -> 0x8bf45d8b <-- ret
0x57afa1c | 0x5599fc8 -> 0xf408a40
0x57afa20 | 0x76e5f5 -> 0x65747461
0x57afa24 | 0x76e6ed -> 0x6c6c6163
0x57afa28 | 0x76e074 -> 0x6c696e
0x57afa2c | 0
0x57afa30 | 0
0x57afa34 | 0
0x57afa38 | 0x76e6ed -> 0x6c6c6163
0x57afa3c | 0x144f6418 -> 0x2c8
0x57afa40 | 0x144f6438 -> 0x15726bc0
0x57afa44 | 0x57afa94 -> 0x57afab4 \\\\\\ stack frame //////
0x57afa48 | 0x58aa55 -> 0x8b085d8b <-- ret
0x57afa4c | 0x5599fc8 -> 0xf408a40
0x57afa50 | 0x144f6438 -> 0x15726bc0
0x57afa54 | 0x76e6ed -> 0x6c6c6163
0x57afa58 | 0x775e0bb7 -> 0x1374c085
0x57afa5c | 0x18
0x57afa60 | 0x1840000 -> 0x52d547df
0x57afa64 | 0
0x57afa68 | 0x4
0x57afa6c | 0x20
0x57afa70 | 0
0x57afa74 | 0x10
0x57afa78 | 0x2
0x57afa7c | 0x20
0x57afa80 | 0x76df34 -> 0
0x57afa84 | 0x10
0x57afa88 | 0x5599fc8 -> 0xf408a40
0x57afa8c | 0x1
0x57afa90 | 0x144f6438 -> 0x15726bc0
0x57afa94 | 0x57afab4 -> 0x57afad4 \\\\\\ stack frame //////
0x57afa98 | 0x58af1c -> 0x3c74c085 <-- ret
0x57afa9c | 0x5599fc8 -> 0xf408a40
0x57afaa0 | 0x144f6438 -> 0x15726bc0
0x57afaa4 | 0x1
0x57afaa8 | 0
0x57afaac | 0x5599fc8 -> 0xf408a40
0x57afab0 | 0x1
0x57afab4 | 0x57afad4 -> 0x57afb44 \\\\\\ stack frame //////
0x57afab8 | 0x581f5d -> 0xb68dc3c9 <-- ret
0x57afabc | 0x5599fc8 -> 0xf408a40
0x57afac0 | 0x144f6438 -> 0x15726bc0
0x57afac4 | 0x1
0x57afac8 | 0
0x57afacc | 0x18
0x57afad0 | 0x18
0x57afad4 | 0x57afb44 -> 0x57afb74 \\\\\\ stack frame //////
0x57afad8 | 0x58a4bc -> 0x8ba8458b <-- ret
0x57afadc | 0x5599fc8 -> 0xf408a40
0x57afae0 | 0x57afb9c -> 0x144f6438
0x57afae4 | 0x18
0x57afae8 | 0xeacc06b4
0x57afaec | 0
0x57afaf0 | 0x57afb44 -> 0x57afb74
0x57afaf4 | 0
0x57afaf8 | 0x1
0x57afafc | 0x5599fc8 -> 0xf408a40
0x57afb00 | 0x57afad8 -> 0x58a4bc
0x57afb04 | 0x58a493 -> 0x1574c085
0x57afb08 | 0x57afe74 -> 0x57aff5c
0x57afb0c | 0x737f60 -> 0x77ce28
0x57afb10 | 0x775e209e -> 0x1374c085
0x57afb14 | 0x57afe74 -> 0x57aff5c
0x57afb18 | 0x76ebea50 -> 0x8b55ff8b
0x57afb1c | 0x9947f9e8
0x57afb20 | 0xfffffffe
0x57afb24 | 0x57afb54 -> 0x57afb9c
0x57afb28 | 0x58cf4f -> 0xc689c085
0x57afb2c | 0
0x57afb30 | 0
0x57afb34 | 0
0x57afb38 | 0x18
0x57afb3c | 0
0x57afb40 | 0x1cd587e0 -> 0x1cd58790
0x57afb44 | 0x57afb74 -> 0x57afbb4 \\\\\\ stack frame //////
0x57afb48 | 0x58b28a -> 0xc789c085 <-- ret
0x57afb4c | 0x5599fc8 -> 0xf408a40
0x57afb50 | 0x581f3c -> 0x83e58955
0x57afb54 | 0x57afb9c -> 0x144f6438
0x57afb58 | 0
0x57afb5c | 0x1599fc8 -> 0x52fdbabd
0x57afb60 | 0
0x57afb64 | 0
0x57afb68 | 0
0x57afb6c | 0x5599fc8 -> 0xf408a40
0x57afb70 | 0x1
0x57afb74 | 0x57afbb4 -> 0x57afbf4 \\\\\\ stack frame //////
0x57afb78 | 0x581fc3 -> 0x8b1d7447 <-- ret
0x57afb7c | 0x5599fc8 -> 0xf408a40
0x57afb80 | 0x581f3c -> 0x83e58955
0x57afb84 | 0x57afb9c -> 0x144f6438
0x57afb88 | 0x20
0x57afb8c | 0x10
0x57afb90 | 0
0x57afb94 | 0x1cd58790 -> 0x5599fc8
0x57afb98 | 0x581969 -> 0x10084383
0x57afb9c | 0x144f6438 -> 0x15726bc0
0x57afba0 | 0x1
0x57afba4 | 0x580f1f -> 0x89087b8b
0x57afba8 | 0x1043a0a0 -> 0x77db58
0x57afbac | 0x57afd20 -> 0x12f53f08
0x57afbb0 | 0x57afcec -> 0
0x57afbb4 | 0x57afbf4 -> 0x57afc24 \\\\\\ stack frame //////
0x57afbb8 | 0x4b45a8 -> 0x950fc085 <-- ret
0x57afbbc | 0x5599fc8 -> 0xf408a40
0x57afbc0 | 0
0x57afbc4 | 0x1
0x57afbc8 | 0x1
0x57afbcc | 0x57afbd4 -> 0x57afbf4
0x57afbd0 | 0x5810aa -> 0x76df343d
0x57afbd4 | 0x57afbf4 -> 0x57afc24
0x57afbd8 | 0x4b3dc2 -> 0xf05f883
0x57afbdc | 0x5599fc8 -> 0xf408a40
0x57afbe0 | 0x1
0x57afbe4 | 0x1
0x57afbe8 | 0x42fb3b -> 0x83f8658d
0x57afbec | 0x1043a0a0 -> 0x77db58
0x57afbf0 | 0x57afd20 -> 0x12f53f08
0x57afbf4 | 0x57afc24 -> 0x57afcd4 \\\\\\ stack frame //////
0x57afbf8 | 0x5047fa -> 0xb1675e8 <-- ret
0x57afbfc | 0xf2ab710 -> 0x77e0d0
0x57afc00 | 0
0x57afc04 | 0xf2ab710 -> 0x77e0d0
0x57afc08 | 0x57afc08 -> 0x57afc08
0x57afc0c | 0x57afc08 -> 0x57afc08
0x57afc10 | 0xbc91c50 -> 0
0x57afc14 | 0x70bd4
0x57afc18 | 0x8674d8 -> 0x77e068
0x57afc1c | 0x1043a0a0 -> 0x77db58
0x57afc20 | 0x1043a0a0 -> 0x77db58
0x57afc24 | 0x57afcd4 -> 0x57afd44 \\\\\\ stack frame //////
0x57afc28 | 0x4fb4b7 -> 0x8994458d <-- ret
0x57afc2c | 0x1046ba68 -> 0x77dfe8
0x57afc30 | 0x1f4
0x57afc34 | 0x738518 -> 0x1cb71c48
0x57afc38 | 0x621c99 -> 0xda89008b
0x57afc3c | 0x57afc84 -> 0x1cb71c50
0x57afc40 | 0x1cb71c4c -> 0x55943d0
0x57afc44 | 0x80000000
0x57afc48 | 0x80000000
0x57afc4c | 0x738518 -> 0x1cb71c48
0x57afc50 | 0x1cb71c4c -> 0x55943d0
0x57afc54 | 0x57afc74 -> 0x57afc94
0x57afc58 | 0x5bd337 -> 0x9090c3c9
0x57afc5c | 0x738508 -> 0
0x57afc60 | 0x1
0x57afc64 | 0x1cb71c50 -> 0x8b3c4bcf
0x57afc68 | 0x1cb71c50 -> 0x8b3c4bcf
0x57afc6c | 0x738528 -> 0x12f515c8
0x57afc70 | 0x1cb71c50 -> 0x8b3c4bcf
0x57afc74 | 0x57afc94 -> 0x57afcb4
0x57afc78 | 0x6ef724 -> 0x9090c3c9
0x57afc7c | 0x12f53f08 -> 0xe82e160
0x57afc80 | 0x12f53f08 -> 0xe82e160
0x57afc84 | 0x1cb71c50 -> 0x8b3c4bcf
0x57afc88 | 0x635e85 -> 0x5590c3c9
0x57afc8c | 0x738528 -> 0x12f515c8
0x57afc90 | 0x1043a0a0 -> 0x77db58
0x57afc94 | 0x57afcb4 -> 0x57afcd4
0x57afc98 | 0x6a9632 -> 0x8b08458b
0x57afc9c | 0x12f53f08 -> 0xe82e160
0x57afca0 | 0x12f53f08 -> 0xe82e160
0x57afca4 | 0x57afcd4 -> 0x57afd44
0x57afca8 | 0x6a9687 -> 0xc9f4458b
0x57afcac | 0x57afcc8 -> 0x1043a0a0
0x57afcb0 | 0x868b38 -> 0x1048e37c
0x57afcb4 | 0x57afcd4 -> 0x57afd44
0x57afcb8 | 0x622603 -> 0xc339008b
0x57afcbc | 0x57afd24 -> 0x1048e37c
0x57afcc0 | 0x12f53f08 -> 0xe82e160
0x57afcc4 | 0x1a4e
0x57afcc8 | 0x1043a0a0 -> 0x77db58
0x57afccc | 0x57afd20 -> 0x12f53f08
0x57afcd0 | 0x57afcec -> 0
0x57afcd4 | 0x57afd44 -> 0x57afd64 \\\\\\ stack frame //////
0x57afcd8 | 0x46964c -> 0x89bc458d <-- ret
0x57afcdc | 0x130ce918 -> 0x77e22c
0x57afce0 | 0x1f4
0x57afce4 | 0
0x57afce8 | 0x868a80 -> 0x77e628
0x57afcec | 0
0x57afcf0 | 0
0x57afcf4 | 0x1c585ad8 -> 0x737f8c
0x57afcf8 | 0x76ef43d3 -> 0xea343d83
0x57afcfc | 0xeacc00b4
0x57afd00 | 0x1048e368 -> 0x130ce918
0x57afd04 | 0
0x57afd08 | 0x46942e -> 0x57e58955
0x57afd0c | 0
0x57afd10 | 0x868a80 -> 0x77e628
0x57afd14 | 0x46942e -> 0x57e58955
0x57afd18 | 0
0x57afd1c | 0x868a80 -> 0x77e628
0x57afd20 | 0x12f53f08 -> 0xe82e160
0x57afd24 | 0x1048e37c -> 0x15fb8
0x57afd28 | 0x868b34 -> 0x1048e368
0x57afd2c | 0x57dd60 -> 0x53e58955
0x57afd30 | 0x76ef28cd -> 0xccccc3c9
0x57afd34 | 0xd52c4a7 -> 0
0x57afd38 | 0x868a80 -> 0x77e628
0x57afd3c | 0x57dd60 -> 0x53e58955
0x57afd40 | 0x76ec8d10 -> 0x8b55ff8b
0x57afd44 | 0x57afd64 -> 0x57afd84 \\\\\\ stack frame //////
0x57afd48 | 0x62a901 -> 0x5590c3c9 <-- ret
0x57afd4c | 0x868a80 -> 0x77e628
0x57afd50 | 0x57afd40 -> 0x76ec8d10
0x57afd54 | 0x57afd84 -> 0x57afdc4
0x57afd58 | 0x57afda4 -> 0x57afdc4
0x57afd5c | 0x775d1b70 -> 0x8b55ff8b
0x57afd60 | 0x1decc00b
0x57afd64 | 0x57afd84 -> 0x57afdc4 \\\\\\ stack frame //////
0x57afd68 | 0x5c7e7a -> 0x5b14c483 <-- ret
0x57afd6c | 0x1043b3d4 -> 0x46942e
0x57afd70 | 0x868a80 -> 0x77e628
0x57afd74 | 0x57afda4 -> 0x57afdc4
0x57afd78 | 0x5f69a8 -> 0x9090c3c9
0x57afd7c | 0xfffffffe
0x57afd80 | 0x5639cc -> 0x56e58955
0x57afd84 | 0x57afdc4 -> 0x57afdf4 \\\\\\ stack frame //////
0x57afd88 | 0x5ccd5e -> 0x5b34c483 <-- ret
0x57afd8c | 0x1043b3dc -> 0x868a80
0x57afd90 | 0x800000cc
0x57afd94 | 0x1043b3d4 -> 0x46942e
0x57afd98 | 0x57afdbb -> 0x7afdc805
0x57afd9c | 0
0x57afda0 | 0x80000001
0x57afda4 | 0x57afdc4 -> 0x57afdf4
0x57afda8 | 0x62d912 -> 0x8955c3c9
0x57afdac | 0xfffffffe
0x57afdb0 | 0x7fffffff
0x57afdb4 | 0x5c6fc5 -> 0x5590c3c9
0x57afdb8 | 0x57afe2c -> 0x1043b3d0
0x57afdbc | 0x57afdc8 -> 0x5f2eb3
0x57afdc0 | 0x5639cc -> 0x56e58955
0x57afdc4 | 0x57afdf4 -> 0x57afe24 \\\\\\ stack frame //////
0x57afdc8 | 0x5f2eb3 -> 0x9090c3c9 <-- ret
0x57afdcc | 0x1043b3d4 -> 0x46942e
0x57afdd0 | 0x57afe2c -> 0x1043b3d0
0x57afdd4 | 0x57afdf4 -> 0x57afe24
0x57afdd8 | 0x5f6f6c -> 0x53890389
0x57afddc | 0
0x57afde0 | 0x1c585ad8 -> 0x737f8c
0x57afde4 | 0xfffffffe
0x57afde8 | 0x1043b3d4 -> 0x46942e
0x57afdec | 0x5639cc -> 0x56e58955
0x57afdf0 | 0xeacc0064
0x57afdf4 | 0x57afe24 -> 0x57afe44 \\\\\\ stack frame //////
0x57afdf8 | 0x62dacd -> 0x5b20c483 <-- ret
0x57afdfc | 0x1043b3d4 -> 0x46942e
0x57afe00 | 0x57afe2c -> 0x1043b3d0
0x57afe04 | 0x57afe24 -> 0x57afe44
0x57afe08 | 0x1c585ad8 -> 0x737f8c
0x57afe0c | 0
0x57afe10 | 0x69558636
0x57afe14 | 0xb40084 -> 0x40210
0x57afe18 | 0x620000 -> 0x53bebe8
0x57afe1c | 0x5639cc -> 0x56e58955
0x57afe20 | 0x57dd60 -> 0x53e58955
0x57afe24 | 0x57afe44 -> 0x57afe94 \\\\\\ stack frame //////
0x57afe28 | 0x5b8e1c -> 0x9090c3c9 <-- ret
0x57afe2c | 0x1043b3d0 -> 0x738381
0x57afe30 | 0x76ec8d10 -> 0x8b55ff8b
0x57afe34 | 0x57afe44 -> 0x57afe94
0x57afe38 | 0x50e007 -> 0x89084d8b
0x57afe3c | 0x57dd60 -> 0x53e58955
0x57afe40 | 0x76ec8d10 -> 0x8b55ff8b
0x57afe44 | 0x57afe94 -> 0x57afeb4 \\\\\\ stack frame //////
0x57afe48 | 0x563af1 -> 0xf07d83 <-- ret
0x57afe4c | 0x1043b3c0 -> 0x77db58
0x57afe50 | 0x57afe68 -> 0x737f64
0x57afe54 | 0x57afecc -> 0
0x57afe58 | 0x775d1b70 -> 0x8b55ff8b
0x57afe5c | 0x1decc53b
0x57afe60 | 0xfffffffe
0x57afe64 | 0x57afeb4 -> 0x57afef4
0x57afe68 | 0x737f64 -> 0
0x57afe6c | 0
0x57afe70 | 0x77dfc8 -> 0x452722
0x57afe74 | 0x57aff5c -> 0x57affcc
0x57afe78 | 0x45295f -> 0x57e58955
0x57afe7c | 0xd64401 -> 0xd645
0x57afe80 | 0x737f60 -> 0x77ce28
0x57afe84 | 0x7380c0 -> 0x77e0c0
0x57afe88 | 0x1043b3c0 -> 0x77db58
0x57afe8c | 0x5639cc -> 0x56e58955
0x57afe90 | 0x57dd60 -> 0x53e58955
0x57afe94 | 0x57afeb4 -> 0x57afef4 \\\\\\ stack frame //////
0x57afe98 | 0x5c7fe5 -> 0x5b14c483 <-- ret
0x57afe9c | 0x737f60 -> 0x77ce28
0x57afea0 | 0xd6447c -> 0x737f60
0x57afea4 | 0x184e318 -> 0xffffffff
0x57afea8 | 0
0x57afeac | 0x1840000 -> 0x52d547df
0x57afeb0 | 0xd64458 -> 0x781270
0x57afeb4 | 0x57afef4 -> 0x57aff14 \\\\\\ stack frame //////
0x57afeb8 | 0x5cd7ce -> 0x5b34c483 <-- ret
0x57afebc | 0xd6447c -> 0x737f60
0x57afec0 | 0x6ff0e558
0x57afec4 | 0xd64478 -> 0x5639cc
0x57afec8 | 0x57afeeb -> 0xea88a905
0x57afecc | 0
0x57afed0 | 0x57afec0 -> 0x6ff0e558
0x57afed4 | 0
0x57afed8 | 0x57aff24 -> 0x76ec88a2
0x57afedc | 0x775d1b70 -> 0x8b55ff8b
0x57afee0 | 0x1decc00b
0x57afee4 | 0xfffffffe
0x57afee8 | 0x57aff34 -> 0x57aff6c
0x57afeec | 0x76ea88a9 -> 0x1675c085
0x57afef0 | 0xd64458 -> 0x781270
0x57afef4 | 0x57aff14 -> 0x57aff34 \\\\\\ stack frame //////
0x57afef8 | 0x5e75dc -> 0x9090c3c9 <-- ret
0x57afefc | 0xd64478 -> 0x5639cc
0x57aff00 | 0xd64458 -> 0x781270
0x57aff04 | 0x57aff14 -> 0x57aff34
0x57aff08 | 0x76a649d1 -> 0xd79c085
0x57aff0c | 0xc
0x57aff10 | 0xd64458 -> 0x781270
0x57aff14 | 0x57aff34 -> 0x57aff6c \\\\\\ stack frame //////
0x57aff18 | 0x57dd8b -> 0xfffe1ce8 <-- ret
0x57aff1c | 0xd64458 -> 0x781270
0x57aff20 | 0xd64458 -> 0x781270
0x57aff24 | 0x76ec88a2 -> 0x5ec68b5f
0x57aff28 | 0
0x57aff2c | 0x76ec8d10 -> 0x8b55ff8b
0x57aff30 | 0x184e318 -> 0xffffffff
0x57aff34 | 0x57aff6c -> 0x57aff74 \\\\\\ stack frame //////
0x57aff38 | 0x76ec8ca5 -> 0x35e850 <-- ret
0x57aff3c | 0xd64458 -> 0x781270
0x57aff40 | 0xeacc02fc
0x57aff44 | 0x76ec8d10 -> 0x8b55ff8b
0x57aff48 | 0x76ec8d10 -> 0x8b55ff8b
0x57aff4c | 0x184e318 -> 0xffffffff
0x57aff50 | 0x57aff40 -> 0xeacc02fc
0x57aff54 | 0x57aff40 -> 0xeacc02fc
0x57aff58 | 0x57affcc -> 0x57affe4
0x57aff5c | 0x57affcc -> 0x57affe4
0x57aff60 | 0x76ebea50 -> 0x8b55ff8b
0x57aff64 | 0x9947f3a8
0x57aff68 | 0
0x57aff6c | 0x57aff74 -> 0x57aff84 \\\\\\ stack frame //////
0x57aff70 | 0x76ec8d71 -> 0xcccccccc <-- ret
0x57aff74 | 0x57aff84 -> 0x57affdc
0x57aff78 | 0x74fd5d49 -> 0x2415ff50 <-- ret
0x57aff7c | 0x184e318 -> 0xffffffff
0x57aff80 | 0x74fd5d30 -> 0x8b55ff8b
0x57aff84 | 0x57affdc -> 0x57affec \\\\\\ stack frame //////
0x57aff88 | 0x775bd5db -> 0xb0e9 <-- ret
0x57aff8c | 0x184e318 -> 0xffffffff
0x57aff90 | 0x6ff0e4af
0x57aff94 | 0
0x57aff98 | 0
0x57aff9c | 0x184e318 -> 0xffffffff
0x57affa0 | 0
0x57affa4 | 0
0x57affa8 | 0
0x57affac | 0
0x57affb0 | 0
0x57affb4 | 0
0x57affb8 | 0
0x57affbc | 0
0x57affc0 | 0
0x57affc4 | 0x57aff90 -> 0x6ff0e4af
0x57affc8 | 0
0x57affcc | 0x57affe4 -> 0xffffffff
0x57affd0 | 0x775d1b70 -> 0x8b55ff8b
0x57affd4 | 0x1decfe43
0x57affd8 | 0
0x57affdc | 0x57affec -> 0 \\\\\\ stack frame //////
0x57affe0 | 0x775bd561 -> 0xcccccccc <-- ret
0x57affe4 | 0xffffffff
0x57affe8 | 0x776044ce -> 0x90909090
0x57affec | 0 \\\\\\ stack frame //////
0x57afff0 | 0 <-- ret
0x57afff4 | 0x76ec8d10 -> 0x8b55ff8b
0x57afff8 | 0x184e318 -> 0xffffffff
0x57afffc | 0
*****************************************************
