[17/12/2013 02:50:39] /m troll
[17/12/2013 03:10:54] /i kikaichuu hide
[17/12/2013 03:11:10] /i hide kikaichuu
[17/12/2013 03:12:10] /i hide kikaichuu
[17/12/2013 03:12:12] /i kikaichuu hide
[17/12/2013 15:55:56] /i 2308
[17/12/2013 16:13:12] /m troll
[17/12/2013 16:13:41] /m troll
[17/12/2013 16:13:43] /m troll
[17/12/2013 16:13:45] /m troll
[17/12/2013 16:13:47] /m troll
[17/12/2013 16:13:47] /m troll
[17/12/2013 16:13:48] /m troll
[17/12/2013 16:43:32] /i shunshin no jutsu
[17/12/2013 16:53:32] /i dai shunshin no jutsu
[17/12/2013 17:28:10] /a
[17/12/2013 17:28:12] /a
[17/12/2013 17:28:12] /a
[17/12/2013 17:28:13] /a
[17/12/2013 17:28:13] /a
[17/12/2013 17:28:14] /a
[17/12/2013 17:28:14] /a
[17/12/2013 17:28:15] /a
[17/12/2013 17:28:15] /a
[17/12/2013 17:28:15] /a
[17/12/2013 17:28:16] /a
[17/12/2013 17:28:16] /a
[17/12/2013 17:28:28] /a
[17/12/2013 17:28:28] /a
[17/12/2013 17:28:28] /a
[17/12/2013 17:28:28] /a
[17/12/2013 17:28:28] /a
[17/12/2013 17:28:28] /a
[17/12/2013 17:28:28] /a
[17/12/2013 17:28:28] /a
[17/12/2013 17:28:28] /a
[17/12/2013 17:28:28] /a
[17/12/2013 17:28:28] /a
[17/12/2013 17:28:28] /a
[17/12/2013 17:28:29] /a
[17/12/2013 17:28:29] /a
[17/12/2013 17:28:29] /a
[17/12/2013 17:28:29] /a
[17/12/2013 17:28:29] /a
[17/12/2013 17:28:29] /a
[17/12/2013 17:28:29] /a
[17/12/2013 17:28:29] /a
[17/12/2013 17:28:29] /a
[17/12/2013 17:28:29] /a
[17/12/2013 17:28:29] /a
[17/12/2013 17:28:29] /a
[17/12/2013 17:28:29] /a
[17/12/2013 17:28:29] /a
[17/12/2013 17:28:29] /a
[17/12/2013 17:28:29] /a
[17/12/2013 17:28:29] /a
[17/12/2013 17:28:29] /a
[17/12/2013 17:28:29] /a
[17/12/2013 17:28:30] /a
[17/12/2013 17:28:30] /a
[17/12/2013 17:28:30] /a
[17/12/2013 17:28:30] /a
[17/12/2013 17:28:31] /a
[17/12/2013 17:28:31] /a
[17/12/2013 17:28:31] /a
[17/12/2013 17:28:31] /a
[17/12/2013 17:28:31] /a
[17/12/2013 17:28:31] /a
[17/12/2013 17:28:31] /a
[17/12/2013 17:28:31] /a
[17/12/2013 17:28:31] /a
[17/12/2013 17:28:31] /a
[17/12/2013 17:28:31] /a
[17/12/2013 17:28:31] /a
[17/12/2013 17:28:31] /a
[17/12/2013 17:28:31] /a
[17/12/2013 17:28:31] /a
[17/12/2013 17:28:31] /a
[17/12/2013 17:28:31] /a
[17/12/2013 17:28:31] /a
[17/12/2013 17:28:31] /a
[17/12/2013 17:28:31] /a
[17/12/2013 17:28:31] /a
[17/12/2013 17:28:31] /a
[17/12/2013 17:28:31] /a
[17/12/2013 17:28:32] /a
[17/12/2013 17:28:32] /a
[17/12/2013 17:28:32] /a
[17/12/2013 17:28:32] /a
[17/12/2013 17:28:32] /a
[17/12/2013 17:28:32] /a
[17/12/2013 17:28:32] /a
[17/12/2013 17:28:32] /a
[17/12/2013 17:28:32] /a
[17/12/2013 17:28:32] /a
[17/12/2013 17:28:32] /a
[17/12/2013 17:28:32] /a
[17/12/2013 17:28:32] /a
[17/12/2013 17:28:32] /a
[17/12/2013 17:28:32] /a
[17/12/2013 17:28:32] /a
[17/12/2013 17:28:32] /a
[17/12/2013 17:28:32] /a
[17/12/2013 17:28:33] /a
[17/12/2013 17:28:33] /a
[17/12/2013 17:28:33] /a
[17/12/2013 17:28:33] /a
[17/12/2013 17:28:33] /a
[17/12/2013 17:28:33] /a
[17/12/2013 17:28:34] /a
[17/12/2013 17:28:34] /a
[17/12/2013 17:28:34] /a
[17/12/2013 17:28:34] /a
[17/12/2013 17:28:34] /a
[17/12/2013 17:28:34] /a
[17/12/2013 17:28:34] /a
[17/12/2013 17:28:34] /a
[17/12/2013 17:28:34] /a
[17/12/2013 17:28:34] /a
[17/12/2013 17:28:34] /a
[17/12/2013 17:28:34] /a
[17/12/2013 17:28:34] /a
[17/12/2013 17:28:35] /a
[17/12/2013 17:28:35] /a
[17/12/2013 17:28:35] /a
[17/12/2013 17:28:35] /a
[17/12/2013 17:28:35] /a
[17/12/2013 17:28:35] /a
[17/12/2013 17:28:35] /a
[17/12/2013 17:28:35] /a
[17/12/2013 17:28:35] /a
[17/12/2013 17:28:35] /a
[17/12/2013 17:28:36] /a
[17/12/2013 17:28:36] /a
[17/12/2013 17:28:36] /a
[17/12/2013 17:28:36] /a
[17/12/2013 17:28:36] /a
[17/12/2013 17:28:36] /a
[17/12/2013 17:28:36] /a
[17/12/2013 17:28:36] /a
[17/12/2013 17:28:36] /a
[17/12/2013 17:28:36] /a
[17/12/2013 17:28:36] /a
[17/12/2013 17:28:36] /a
[17/12/2013 17:28:36] /a
[17/12/2013 17:28:36] /a
[17/12/2013 17:28:36] /a
[17/12/2013 17:28:36] /a
[17/12/2013 17:28:37] /a
[17/12/2013 17:28:37] /a
[17/12/2013 17:28:37] /a
[17/12/2013 17:28:37] /a
[17/12/2013 17:28:37] /a
[17/12/2013 17:28:37] /a
[17/12/2013 17:28:38] /a
[17/12/2013 17:28:38] /a
[17/12/2013 17:28:38] /a
[17/12/2013 17:28:38] /a
[17/12/2013 17:28:38] /a
[17/12/2013 17:28:38] /a
[17/12/2013 17:28:38] /a
[17/12/2013 17:28:38] /a
[17/12/2013 17:28:38] /a
[17/12/2013 17:28:38] /a
[17/12/2013 17:28:38] /a
[17/12/2013 17:28:38] /a
[17/12/2013 17:28:38] /a
[17/12/2013 17:28:38] /a
[17/12/2013 17:28:38] /a
[17/12/2013 17:28:38] /a
[17/12/2013 17:28:38] /a
[17/12/2013 17:28:38] /a
[17/12/2013 17:28:38] /a
[17/12/2013 17:28:38] /a
[17/12/2013 17:28:38] /a
[17/12/2013 17:28:38] /a
[17/12/2013 17:28:38] /a
[17/12/2013 17:28:39] /a
[17/12/2013 17:28:39] /a
[17/12/2013 17:28:39] /a
[17/12/2013 17:28:39] /a
[17/12/2013 17:28:39] /a
[17/12/2013 17:28:39] /a
[17/12/2013 17:28:39] /a
[17/12/2013 17:28:39] /a
[17/12/2013 17:28:39] /a
[17/12/2013 17:28:39] /a
[17/12/2013 17:28:39] /a
[17/12/2013 17:28:39] /a
[17/12/2013 17:28:39] /a
[17/12/2013 17:28:39] /a
[17/12/2013 17:28:39] /a
[17/12/2013 17:28:39] /a
[17/12/2013 17:28:39] /a
[17/12/2013 17:28:39] /a
[17/12/2013 17:28:39] /a
[17/12/2013 17:28:39] /a
[17/12/2013 17:28:39] /a
[17/12/2013 17:28:39] /a
[17/12/2013 17:28:40] /a
[17/12/2013 17:28:40] /a
[17/12/2013 17:28:40] /a
[17/12/2013 17:28:40] /a
[17/12/2013 17:28:40] /a
[17/12/2013 17:28:40] /a
[17/12/2013 17:28:40] /a
[17/12/2013 17:28:40] /a
[17/12/2013 17:28:40] /a
[17/12/2013 17:28:40] /a
[17/12/2013 17:28:40] /a
[17/12/2013 17:28:40] /a
[17/12/2013 17:28:40] /a
[17/12/2013 17:28:40] /a
[17/12/2013 17:28:40] /a
[17/12/2013 17:28:40] /a
[17/12/2013 17:28:40] /a
[17/12/2013 17:28:40] /a
[17/12/2013 17:28:40] /a
[17/12/2013 17:28:40] /a
[17/12/2013 17:28:40] /a
[17/12/2013 17:28:41] /a
[17/12/2013 17:28:41] /a
[17/12/2013 17:28:41] /a
[17/12/2013 17:28:41] /a
[17/12/2013 17:28:41] /a
[17/12/2013 17:28:41] /a
[17/12/2013 17:28:41] /a
[17/12/2013 17:28:41] /a
[17/12/2013 17:28:41] /a
[17/12/2013 17:28:41] /a
[17/12/2013 17:28:41] /a
[17/12/2013 17:28:41] /a
[17/12/2013 17:28:41] /a
[17/12/2013 17:28:41] /a
[17/12/2013 17:28:41] /a
[17/12/2013 17:28:41] /a
[17/12/2013 17:28:41] /a
[17/12/2013 17:28:41] /a
[17/12/2013 17:28:41] /a
[17/12/2013 17:28:41] /a
[17/12/2013 17:28:41] /a
[17/12/2013 17:28:41] /a
[17/12/2013 17:28:41] /a
[17/12/2013 17:28:42] /a
[17/12/2013 17:28:42] /a
[17/12/2013 17:28:42] /a
[17/12/2013 17:28:42] /a
[17/12/2013 17:28:42] /a
[17/12/2013 17:28:42] /a
[17/12/2013 17:28:42] /a
[17/12/2013 17:28:42] /a
[17/12/2013 17:28:42] /a
[17/12/2013 17:28:42] /a
[17/12/2013 17:28:42] /a
[17/12/2013 17:28:42] /a
[17/12/2013 17:28:42] /a
[17/12/2013 17:28:42] /a
[17/12/2013 17:28:42] /a
[17/12/2013 17:28:42] /a
[17/12/2013 17:28:42] /a
[17/12/2013 17:28:42] /a
[17/12/2013 17:28:42] /a
[17/12/2013 17:28:42] /a
[17/12/2013 17:28:42] /a
[17/12/2013 17:28:42] /a
[17/12/2013 17:28:42] /a
[17/12/2013 17:28:42] /a
[17/12/2013 17:28:43] /a
[17/12/2013 17:28:43] /a
[17/12/2013 17:28:43] /a
[17/12/2013 17:28:43] /a
[17/12/2013 17:28:43] /a
[17/12/2013 17:28:43] /a
[17/12/2013 17:28:43] /a
[17/12/2013 17:28:43] /a
[17/12/2013 17:28:43] /a
[17/12/2013 17:28:43] /a
[17/12/2013 17:28:43] /a
[17/12/2013 17:28:43] /a
[17/12/2013 17:28:43] /a
[17/12/2013 17:28:43] /a
[17/12/2013 17:28:43] /a
[17/12/2013 17:28:43] /a
[17/12/2013 17:28:43] /a
[17/12/2013 17:28:43] /a
[17/12/2013 17:28:43] /a
[17/12/2013 17:28:43] /a
[17/12/2013 17:28:43] /a
[17/12/2013 17:28:43] /a
[17/12/2013 17:28:44] /a
[17/12/2013 17:28:44] /a
[17/12/2013 17:28:44] /a
[17/12/2013 17:28:44] /a
[17/12/2013 17:28:44] /a
[17/12/2013 17:28:44] /a
[17/12/2013 17:28:44] /a
[17/12/2013 17:28:44] /a
[17/12/2013 17:28:44] /a
[17/12/2013 17:28:44] /a
[17/12/2013 17:28:44] /a
[17/12/2013 17:28:44] /a
[17/12/2013 17:28:44] /a
[17/12/2013 17:28:44] /a
[17/12/2013 17:28:44] /a
[17/12/2013 17:28:44] /a
[17/12/2013 17:28:44] /a
[17/12/2013 17:28:44] /a
[17/12/2013 17:28:44] /a
[17/12/2013 17:28:44] /a
[17/12/2013 17:28:44] /a
[17/12/2013 17:28:44] /a
[17/12/2013 17:28:44] /a
[17/12/2013 17:28:44] /a
[17/12/2013 17:28:44] /a
[17/12/2013 17:28:45] /a
[17/12/2013 17:28:45] /a
[17/12/2013 17:28:45] /a
[17/12/2013 17:28:45] /a
[17/12/2013 17:28:45] /a
[17/12/2013 17:28:45] /a
[17/12/2013 17:28:45] /a
[17/12/2013 17:28:45] /a
[17/12/2013 17:28:45] /a
[17/12/2013 17:28:45] /a
[17/12/2013 17:28:45] /a
[17/12/2013 17:28:45] /a
[17/12/2013 17:28:45] /a
[17/12/2013 17:28:45] /a
[17/12/2013 17:28:45] /a
[17/12/2013 17:28:45] /a
[17/12/2013 17:28:48] /a
[17/12/2013 17:28:48] /a
[17/12/2013 17:28:49] /a
[17/12/2013 17:28:50] /a
[17/12/2013 17:28:50] /a
[17/12/2013 17:28:50] /a
[17/12/2013 17:28:50] /a
[17/12/2013 17:28:50] /a
[17/12/2013 17:28:50] /a
[17/12/2013 17:28:50] /a
[17/12/2013 17:28:50] /a
[17/12/2013 17:28:50] /a
[17/12/2013 17:28:50] /a
[17/12/2013 17:28:50] /a
[17/12/2013 17:28:50] /a
[17/12/2013 17:28:50] /a
[17/12/2013 17:28:50] /a
[17/12/2013 17:28:50] /a
[17/12/2013 17:28:51] /a
[17/12/2013 17:28:51] /a
[17/12/2013 17:28:51] /a
[17/12/2013 17:28:51] /a
[17/12/2013 17:28:51] /a
[17/12/2013 17:28:51] /a
[17/12/2013 17:28:51] /a
[17/12/2013 17:28:51] /a
[17/12/2013 17:28:51] /a
[17/12/2013 17:28:51] /a
[17/12/2013 17:28:51] /a
[17/12/2013 17:28:51] /a
[17/12/2013 17:28:51] /a
[17/12/2013 17:28:51] /a
[17/12/2013 17:28:51] /a
[17/12/2013 17:28:51] /a
[17/12/2013 17:28:51] /a
[17/12/2013 17:28:51] /a
[17/12/2013 17:28:51] /a
[17/12/2013 17:28:51] /a
[17/12/2013 17:28:51] /a
[17/12/2013 17:28:51] /a
[17/12/2013 17:28:51] /a
[17/12/2013 17:28:52] /a
[17/12/2013 17:28:52] /a
[17/12/2013 17:28:52] /a
[17/12/2013 17:28:52] /a
[17/12/2013 17:28:52] /a
[17/12/2013 17:28:52] /a
[17/12/2013 17:28:52] /a
[17/12/2013 17:28:52] /a
[17/12/2013 17:28:52] /a
[17/12/2013 17:28:52] /a
[17/12/2013 17:28:52] /a
[17/12/2013 17:28:52] /a
[17/12/2013 17:28:52] /a
[17/12/2013 17:28:52] /a
[17/12/2013 17:28:52] /a
[17/12/2013 17:28:52] /a
[17/12/2013 17:28:52] /a
[17/12/2013 17:28:52] /a
[17/12/2013 17:28:52] /a
[17/12/2013 17:28:52] /a
[17/12/2013 17:28:52] /a
[17/12/2013 17:28:52] /a
[17/12/2013 17:28:53] /a
[17/12/2013 17:28:53] /a
[17/12/2013 17:28:53] /a
[17/12/2013 17:28:53] /a
[17/12/2013 17:28:53] /a
[17/12/2013 17:28:53] /a
[17/12/2013 17:28:53] /a
[17/12/2013 17:28:53] /a
[17/12/2013 17:28:53] /a
[17/12/2013 17:28:53] /a
[17/12/2013 17:28:53] /a
[17/12/2013 17:28:53] /a
[17/12/2013 17:28:53] /a
[17/12/2013 17:28:53] /a
[17/12/2013 17:28:53] /a
[17/12/2013 17:28:53] /a
[17/12/2013 17:28:53] /a
[17/12/2013 17:28:53] /a
[17/12/2013 17:28:53] /a
[17/12/2013 17:28:53] /a
[17/12/2013 17:28:53] /a
[17/12/2013 17:28:53] /a
[17/12/2013 17:28:53] /a
[17/12/2013 17:28:54] /a
[17/12/2013 17:28:54] /a
[17/12/2013 17:28:54] /a
[17/12/2013 17:28:54] /a
[17/12/2013 17:28:54] /a
[17/12/2013 17:28:54] /a
[17/12/2013 17:28:54] /a
[17/12/2013 17:28:54] /a
[17/12/2013 17:28:54] /a
[17/12/2013 17:28:54] /a
[17/12/2013 17:28:54] /a
[17/12/2013 17:28:54] /a
[17/12/2013 17:28:54] /a
[17/12/2013 17:28:54] /a
[17/12/2013 17:28:54] /a
[17/12/2013 17:28:54] /a
[17/12/2013 17:28:54] /a
[17/12/2013 17:28:54] /a
[17/12/2013 17:28:54] /a
[17/12/2013 17:28:54] /a
[17/12/2013 17:28:54] /a
[17/12/2013 17:28:54] /a
[17/12/2013 17:28:55] /a
[17/12/2013 17:28:55] /a
[17/12/2013 17:28:55] /a
[17/12/2013 17:28:55] /a
[17/12/2013 17:28:55] /a
[17/12/2013 17:28:55] /a
[17/12/2013 17:28:55] /a
[17/12/2013 17:28:55] /a
[17/12/2013 17:28:55] /a
[17/12/2013 17:28:55] /a
[17/12/2013 17:28:55] /a
[17/12/2013 17:28:55] /a
[17/12/2013 17:28:55] /a
[17/12/2013 17:28:55] /a
[17/12/2013 17:28:55] /a
[17/12/2013 17:28:55] /a
[17/12/2013 17:28:55] /a
[17/12/2013 17:28:55] /a
[17/12/2013 17:28:55] /a
[17/12/2013 17:28:55] /a
[17/12/2013 17:28:55] /a
[17/12/2013 17:28:56] /a
[17/12/2013 17:28:56] /a
[17/12/2013 17:28:56] /a
[17/12/2013 17:28:56] /a
[17/12/2013 17:28:56] /a
[17/12/2013 17:28:56] /a
[17/12/2013 17:28:56] /a
[17/12/2013 17:28:56] /a
[17/12/2013 17:28:56] /a
[17/12/2013 17:28:56] /a
[17/12/2013 17:28:56] /a
[17/12/2013 17:28:56] /a
[17/12/2013 17:28:56] /a
[17/12/2013 17:28:56] /a
[17/12/2013 17:28:56] /a
[17/12/2013 17:28:56] /a
[17/12/2013 17:28:56] /a
[17/12/2013 17:28:56] /a
[17/12/2013 17:28:56] /a
[17/12/2013 17:28:56] /a
[17/12/2013 17:28:56] /a
[17/12/2013 17:28:56] /a
[17/12/2013 17:28:56] /a
[17/12/2013 17:28:57] /a
[17/12/2013 17:28:57] /a
[17/12/2013 17:28:57] /a
[17/12/2013 17:28:57] /a
[17/12/2013 17:28:57] /a
[17/12/2013 17:28:57] /a
[17/12/2013 17:28:57] /a
[17/12/2013 17:28:57] /a
[17/12/2013 17:28:57] /a
[17/12/2013 17:28:57] /a
[17/12/2013 17:28:57] /a
[17/12/2013 17:28:57] /a
[17/12/2013 17:28:57] /a
[17/12/2013 17:28:57] /a
[17/12/2013 17:28:57] /a
[17/12/2013 17:28:57] /a
[17/12/2013 17:28:57] /a
[17/12/2013 17:28:57] /a
[17/12/2013 17:28:57] /a
[17/12/2013 17:28:57] /a
[17/12/2013 17:28:57] /a
[17/12/2013 17:28:57] /a
[17/12/2013 17:28:57] /a
[17/12/2013 17:28:58] /a
[17/12/2013 17:28:58] /a
[17/12/2013 17:28:58] /a
[17/12/2013 17:28:58] /a
[17/12/2013 17:28:58] /a
[17/12/2013 17:28:58] /a
[17/12/2013 17:28:58] /a
[17/12/2013 17:28:58] /a
[17/12/2013 17:28:58] /a
[17/12/2013 17:28:58] /a
[17/12/2013 17:28:58] /a
[17/12/2013 17:28:58] /a
[17/12/2013 17:28:58] /a
[17/12/2013 17:28:58] /a
[17/12/2013 17:28:58] /a
[17/12/2013 17:28:58] /a
[17/12/2013 17:28:58] /a
[17/12/2013 17:28:58] /a
[17/12/2013 17:28:58] /a
[17/12/2013 17:28:58] /a
[17/12/2013 17:28:58] /a
[17/12/2013 17:28:59] /a
[17/12/2013 17:28:59] /a
[17/12/2013 17:28:59] /a
[17/12/2013 17:28:59] /a
[17/12/2013 17:28:59] /a
[17/12/2013 17:28:59] /a
[17/12/2013 17:28:59] /a
[17/12/2013 17:28:59] /a
[17/12/2013 17:28:59] /a
[17/12/2013 17:28:59] /a
[17/12/2013 17:28:59] /a
[17/12/2013 17:28:59] /a
[17/12/2013 17:28:59] /a
[17/12/2013 17:28:59] /a
[17/12/2013 17:28:59] /a
[17/12/2013 17:28:59] /a
[17/12/2013 17:28:59] /a
[17/12/2013 17:28:59] /a
[17/12/2013 17:28:59] /a
[17/12/2013 17:28:59] /a
[17/12/2013 17:28:59] /a
[17/12/2013 17:28:59] /a
[17/12/2013 17:29:00] /a
[17/12/2013 17:29:00] /a
[17/12/2013 17:29:00] /a
[17/12/2013 17:29:00] /a
[17/12/2013 17:29:00] /a
[17/12/2013 17:29:00] /a
[17/12/2013 17:29:00] /a
[17/12/2013 17:29:00] /a
[17/12/2013 17:29:00] /a
[17/12/2013 17:29:00] /a
[17/12/2013 17:29:00] /a
[17/12/2013 17:29:00] /a
[17/12/2013 17:29:00] /a
[17/12/2013 17:29:00] /a
[17/12/2013 17:29:00] /a
[17/12/2013 17:29:00] /a
[17/12/2013 17:29:00] /a
[17/12/2013 17:29:00] /a
[17/12/2013 17:29:00] /a
[17/12/2013 17:29:00] /a
[17/12/2013 17:29:00] /a
[17/12/2013 17:29:00] /a
[17/12/2013 17:29:01] /a
[17/12/2013 17:29:01] /a
[17/12/2013 17:29:01] /a
[17/12/2013 17:29:01] /a
[17/12/2013 17:29:01] /a
[17/12/2013 17:29:01] /a
[17/12/2013 17:29:01] /a
[17/12/2013 17:29:01] /a
[17/12/2013 17:29:01] /a
[17/12/2013 17:29:01] /a
[17/12/2013 17:29:01] /a
[17/12/2013 17:29:01] /a
[17/12/2013 17:29:01] /a
[17/12/2013 17:29:01] /a
[17/12/2013 17:29:01] /a
[17/12/2013 17:29:01] /a
[17/12/2013 17:29:01] /a
[17/12/2013 17:29:01] /a
[17/12/2013 17:29:01] /a
[17/12/2013 17:29:02] /a
[17/12/2013 17:29:02] /a
[17/12/2013 17:29:02] /a
[17/12/2013 17:29:02] /a
[17/12/2013 17:29:02] /a
[17/12/2013 17:29:02] /a
[17/12/2013 17:29:02] /a
[17/12/2013 17:29:02] /a
[17/12/2013 17:29:02] /a
[17/12/2013 17:29:02] /a
[17/12/2013 17:29:02] /a
[17/12/2013 17:29:03] /a
[17/12/2013 17:29:03] /a
[17/12/2013 17:29:04] /a
[17/12/2013 17:29:05] /a
[17/12/2013 17:29:05] /a
[17/12/2013 17:29:05] /a
[17/12/2013 17:29:06] /a
[17/12/2013 17:29:07] /a
[17/12/2013 17:29:07] /a
[17/12/2013 17:29:07] /a
[17/12/2013 17:29:07] /a
[17/12/2013 17:29:07] /a
[17/12/2013 17:29:07] /a
[17/12/2013 17:29:07] /a
[17/12/2013 17:29:07] /a
[17/12/2013 17:29:07] /a
[17/12/2013 17:29:07] /a
[17/12/2013 17:29:07] /a
[17/12/2013 17:29:07] /a
[17/12/2013 17:29:07] /a
[17/12/2013 17:29:07] /a
[17/12/2013 17:29:07] /a
[17/12/2013 17:29:07] /a
[17/12/2013 17:29:07] /a
[17/12/2013 17:29:08] /a
[17/12/2013 17:29:08] /a
[17/12/2013 17:29:08] /a
[17/12/2013 17:29:08] /a
[17/12/2013 17:29:08] /a
[17/12/2013 17:29:08] /a
[17/12/2013 17:29:08] /a
[17/12/2013 17:29:08] /a
[17/12/2013 17:29:08] /a
[17/12/2013 17:29:08] /a
[17/12/2013 17:29:08] /a
[17/12/2013 17:29:08] /a
[17/12/2013 17:29:08] /a
[17/12/2013 17:29:08] /a
[17/12/2013 17:29:08] /a
[17/12/2013 17:29:08] /a
[17/12/2013 17:29:08] /a
[17/12/2013 17:29:08] /a
[17/12/2013 17:29:08] /a
[17/12/2013 17:29:08] /a
[17/12/2013 17:29:08] /a
[17/12/2013 17:29:08] /a
[17/12/2013 17:29:08] /a
[17/12/2013 17:29:08] /a
[17/12/2013 17:29:08] /a
[17/12/2013 17:29:09] /a
[17/12/2013 17:29:09] /a
[17/12/2013 17:29:09] /a
[17/12/2013 17:29:09] /a
[17/12/2013 17:29:09] /a
[17/12/2013 17:29:09] /a
[17/12/2013 17:29:09] /a
[17/12/2013 17:29:09] /a
[17/12/2013 17:29:09] /a
[17/12/2013 17:29:09] /a
[17/12/2013 17:29:09] /a
[17/12/2013 17:29:09] /a
[17/12/2013 17:29:09] /a
[17/12/2013 17:29:09] /a
[17/12/2013 17:29:09] /a
[17/12/2013 17:29:09] /a
[17/12/2013 17:29:09] /a
[17/12/2013 17:29:09] /a
[17/12/2013 17:29:09] /a
[17/12/2013 17:29:09] /a
[17/12/2013 17:29:10] /a
[17/12/2013 17:29:10] /a
[17/12/2013 17:29:10] /a
[17/12/2013 17:29:10] /a
[17/12/2013 17:29:10] /a
[17/12/2013 17:29:10] /a
[17/12/2013 17:29:10] /a
[17/12/2013 17:29:10] /a
[17/12/2013 17:29:10] /a
[17/12/2013 17:29:10] /a
[17/12/2013 17:29:10] /a
[17/12/2013 17:29:10] /a
[17/12/2013 17:29:10] /a
[17/12/2013 17:29:10] /a
[17/12/2013 17:29:10] /a
[17/12/2013 17:29:10] /a
[17/12/2013 17:29:10] /a
[17/12/2013 17:29:10] /a
[17/12/2013 17:29:10] /a
[17/12/2013 17:29:10] /a
[17/12/2013 17:29:10] /a
[17/12/2013 17:29:10] /a
[17/12/2013 17:29:10] /a
[17/12/2013 17:29:10] /a
[17/12/2013 17:29:11] /a
[17/12/2013 17:29:11] /a
[17/12/2013 17:29:11] /a
[17/12/2013 17:29:11] /a
[17/12/2013 17:29:11] /a
[17/12/2013 17:29:11] /a
[17/12/2013 17:29:11] /a
[17/12/2013 17:29:11] /a
[17/12/2013 17:29:11] /a
[17/12/2013 17:29:11] /a
[17/12/2013 17:29:11] /a
[17/12/2013 17:29:11] /a
[17/12/2013 17:29:11] /a
[17/12/2013 17:29:11] /a
[17/12/2013 17:29:11] /a
[17/12/2013 17:29:11] /a
[17/12/2013 17:29:11] /a
[17/12/2013 17:29:11] /a
[17/12/2013 17:29:11] /a
[17/12/2013 17:29:11] /a
[17/12/2013 17:29:11] /a
[17/12/2013 17:29:11] /a
[17/12/2013 17:29:11] /a
[17/12/2013 17:29:11] /a
[17/12/2013 17:29:11] /a
[17/12/2013 17:29:12] /a
[17/12/2013 17:29:12] /a
[17/12/2013 17:29:12] /a
[17/12/2013 17:29:12] /a
[17/12/2013 17:29:12] /a
[17/12/2013 17:29:12] /a
[17/12/2013 17:29:12] /a
[17/12/2013 17:29:12] /a
[17/12/2013 17:29:12] /a
[17/12/2013 17:29:12] /a
[17/12/2013 17:29:12] /a
[17/12/2013 17:29:12] /a
[17/12/2013 17:29:12] /a
[17/12/2013 17:29:12] /a
[17/12/2013 17:29:12] /a
[17/12/2013 17:29:12] /a
[17/12/2013 17:29:12] /a
[17/12/2013 17:29:12] /a
[17/12/2013 17:29:12] /a
[17/12/2013 17:29:12] /a
[17/12/2013 17:29:12] /a
[17/12/2013 17:29:12] /a
[17/12/2013 17:29:12] /a
[17/12/2013 17:29:12] /a
[17/12/2013 17:29:13] /a
[17/12/2013 17:29:13] /a
[17/12/2013 17:29:13] /a
[17/12/2013 17:29:13] /a
[17/12/2013 17:29:13] /a
[17/12/2013 17:29:13] /a
[17/12/2013 17:29:13] /a
[17/12/2013 17:29:13] /a
[17/12/2013 17:29:14] /a
[17/12/2013 17:29:14] /a
[17/12/2013 17:29:14] /a
[17/12/2013 17:29:14] /a
[17/12/2013 17:29:15] /a
[17/12/2013 17:29:15] /a
[17/12/2013 17:29:15] /a
[17/12/2013 17:29:15] /a
[17/12/2013 17:29:15] /a
[17/12/2013 17:29:15] /a
[17/12/2013 17:29:15] /a
[17/12/2013 17:29:15] /a
[17/12/2013 17:29:15] /a
[17/12/2013 17:29:15] /a
[17/12/2013 17:29:15] /a
[17/12/2013 17:29:15] /a
[17/12/2013 17:29:15] /a
[17/12/2013 17:29:15] /a
[17/12/2013 17:29:15] /a
[17/12/2013 17:29:15] /a
[17/12/2013 17:29:15] /a
[17/12/2013 17:29:15] /a
[17/12/2013 17:29:15] /a
[17/12/2013 17:29:15] /a
[17/12/2013 17:29:15] /a
[17/12/2013 17:29:15] /a
[17/12/2013 17:29:15] /a
[17/12/2013 17:29:15] /a
[17/12/2013 17:29:16] /a
[17/12/2013 17:29:16] /a
[17/12/2013 17:29:16] /a
[17/12/2013 17:29:16] /a
[17/12/2013 17:29:16] /a
[17/12/2013 17:29:16] /a
[17/12/2013 17:29:16] /a
[17/12/2013 17:29:16] /a
[17/12/2013 17:29:16] /a
[17/12/2013 17:29:16] /a
[17/12/2013 17:29:16] /a
[17/12/2013 17:29:16] /a
[17/12/2013 17:29:16] /a
[17/12/2013 17:29:16] /a
[17/12/2013 17:29:16] /a
[17/12/2013 17:29:16] /a
[17/12/2013 17:29:16] /a
[17/12/2013 17:29:16] /a
[17/12/2013 17:29:16] /a
[17/12/2013 17:29:16] /a
[17/12/2013 17:29:16] /a
[17/12/2013 17:29:16] /a
[17/12/2013 17:29:16] /a
[17/12/2013 17:29:17] /a
[17/12/2013 17:29:17] /a
[17/12/2013 17:29:17] /a
[17/12/2013 17:29:17] /a
[17/12/2013 17:29:17] /a
[17/12/2013 17:29:17] /a
[17/12/2013 17:29:17] /a
[17/12/2013 17:29:17] /a
[17/12/2013 17:29:17] /a
[17/12/2013 17:29:17] /a
[17/12/2013 17:29:17] /a
[17/12/2013 17:29:17] /a
[17/12/2013 17:29:17] /a
[17/12/2013 17:29:17] /a
[17/12/2013 17:29:17] /a
[17/12/2013 17:29:17] /a
[17/12/2013 17:29:17] /a
[17/12/2013 17:29:17] /a
[17/12/2013 17:29:18] /a
[17/12/2013 17:29:18] /a
[17/12/2013 17:29:18] /a
[17/12/2013 17:29:18] /a
[17/12/2013 17:29:18] /a
[17/12/2013 17:29:18] /a
[17/12/2013 17:29:18] /a
[17/12/2013 17:29:18] /a
[17/12/2013 17:29:18] /a
[17/12/2013 17:29:18] /a
[17/12/2013 17:29:18] /a
[17/12/2013 17:29:18] /a
[17/12/2013 17:29:18] /a
[17/12/2013 17:29:19] /a
[17/12/2013 17:29:19] /a
[17/12/2013 17:29:19] /a
[17/12/2013 17:29:19] /a
[17/12/2013 17:29:19] /a
[17/12/2013 17:29:19] /a
[17/12/2013 17:29:19] /a
[17/12/2013 17:29:19] /a
[17/12/2013 17:29:19] /a
[17/12/2013 17:29:19] /a
[17/12/2013 17:29:19] /a
[17/12/2013 17:29:19] /a
[17/12/2013 17:29:19] /a
[17/12/2013 17:29:19] /a
[17/12/2013 17:29:19] /a
[17/12/2013 17:29:19] /a
[17/12/2013 17:29:19] /a
[17/12/2013 17:29:20] /a
[17/12/2013 17:29:22] /a
[17/12/2013 17:29:22] /a
[17/12/2013 17:29:22] /a
[17/12/2013 17:29:22] /a
[17/12/2013 17:29:22] /a
[17/12/2013 17:29:22] /a
[17/12/2013 17:29:22] /a
[17/12/2013 17:29:22] /a
[17/12/2013 17:29:22] /a
[17/12/2013 17:29:22] /a
[17/12/2013 17:29:22] /a
[17/12/2013 17:29:22] /a
[17/12/2013 17:29:23] /a
[17/12/2013 17:29:23] /a
[17/12/2013 17:29:23] /a
[17/12/2013 17:29:23] /a
[17/12/2013 17:29:23] /a
[17/12/2013 17:29:23] /a
[17/12/2013 17:29:24] /a
[17/12/2013 17:29:25] /a
[17/12/2013 17:29:26] /a
[17/12/2013 17:29:30] /a
[17/12/2013 17:29:30] /a
[17/12/2013 17:29:30] /a
[17/12/2013 17:29:30] /a
[17/12/2013 17:29:31] /a
[17/12/2013 17:29:31] /a
[17/12/2013 17:29:31] /a
[17/12/2013 17:29:31] /a
[17/12/2013 17:29:31] /a
[17/12/2013 17:29:31] /a
[17/12/2013 17:29:31] /a
[17/12/2013 17:29:31] /a
[17/12/2013 17:29:31] /a
[17/12/2013 17:29:31] /a
[17/12/2013 17:29:31] /a
[17/12/2013 17:29:31] /a
[17/12/2013 17:29:31] /a
[17/12/2013 17:29:31] /a
[17/12/2013 17:29:31] /a
[17/12/2013 17:29:31] /a
[17/12/2013 17:29:31] /a
[17/12/2013 17:29:31] /a
[17/12/2013 17:29:31] /a
[17/12/2013 17:29:31] /a
[17/12/2013 17:29:32] /a
[17/12/2013 17:29:32] /a
[17/12/2013 17:29:32] /a
[17/12/2013 17:29:32] /a
[17/12/2013 17:29:32] /a
[17/12/2013 17:29:32] /a
[17/12/2013 17:29:32] /a
[17/12/2013 17:29:32] /a
[17/12/2013 17:29:32] /a
[17/12/2013 17:29:32] /a
[17/12/2013 17:29:32] /a
[17/12/2013 17:29:32] /a
[17/12/2013 17:29:32] /a
[17/12/2013 17:29:32] /a
[17/12/2013 17:29:32] /a
[17/12/2013 17:29:32] /a
[17/12/2013 17:29:32] /a
[17/12/2013 17:29:32] /a
[17/12/2013 17:29:32] /a
[17/12/2013 17:29:32] /a
[17/12/2013 17:29:32] /a
[17/12/2013 17:29:32] /a
[17/12/2013 17:29:32] /a
[17/12/2013 17:29:33] /a
[17/12/2013 17:29:33] /a
[17/12/2013 17:29:33] /a
[17/12/2013 17:29:33] /a
[17/12/2013 17:29:33] /a
[17/12/2013 17:29:33] /a
[17/12/2013 17:29:33] /a
[17/12/2013 17:29:33] /a
[17/12/2013 17:29:33] /a
[17/12/2013 17:29:33] /a
[17/12/2013 17:29:33] /a
[17/12/2013 17:29:33] /a
[17/12/2013 17:29:33] /a
[17/12/2013 17:29:33] /a
[17/12/2013 17:29:33] /a
[17/12/2013 17:29:33] /a
[17/12/2013 17:29:33] /a
[17/12/2013 17:29:33] /a
[17/12/2013 17:29:33] /a
[17/12/2013 17:29:34] /a
[17/12/2013 17:29:34] /a
[17/12/2013 17:29:34] /a
[17/12/2013 17:29:34] /a
[17/12/2013 17:29:34] /a
[17/12/2013 17:29:34] /a
[17/12/2013 17:29:34] /a
[17/12/2013 17:29:34] /a
[17/12/2013 17:29:34] /a
[17/12/2013 17:29:34] /a
[17/12/2013 17:29:34] /a
[17/12/2013 17:29:34] /a
[17/12/2013 17:29:34] /a
[17/12/2013 17:29:34] /a
[17/12/2013 17:29:34] /a
[17/12/2013 17:29:34] /a
[17/12/2013 17:29:34] /a
[17/12/2013 17:29:34] /a
[17/12/2013 17:29:34] /a
[17/12/2013 17:29:34] /a
[17/12/2013 17:29:34] /a
[17/12/2013 17:29:34] /a
[17/12/2013 17:29:34] /a
[17/12/2013 17:29:35] /a
[17/12/2013 17:29:35] /a
[17/12/2013 17:29:35] /a
[17/12/2013 17:29:35] /a
[17/12/2013 17:29:35] /a
[17/12/2013 17:29:35] /a
[17/12/2013 17:29:35] /a
[17/12/2013 17:29:35] /a
[17/12/2013 17:29:35] /a
[17/12/2013 17:29:35] /a
[17/12/2013 17:29:35] /a
[17/12/2013 17:29:35] /a
[17/12/2013 17:29:35] /a
[17/12/2013 17:29:35] /a
[17/12/2013 17:29:35] /a
[17/12/2013 17:29:35] /a
[17/12/2013 17:29:35] /a
[17/12/2013 17:29:35] /a
[17/12/2013 17:29:35] /a
[17/12/2013 17:29:35] /a
[17/12/2013 17:29:35] /a
[17/12/2013 17:29:35] /a
[17/12/2013 17:29:36] /a
[17/12/2013 17:29:36] /a
[17/12/2013 17:29:37] /a
[17/12/2013 17:29:37] /a
[17/12/2013 17:29:37] /a
[17/12/2013 17:29:37] /a
[17/12/2013 17:29:37] /a
[17/12/2013 17:29:37] /a
[17/12/2013 17:29:37] /a
[17/12/2013 17:29:37] /a
[17/12/2013 17:29:37] /a
[17/12/2013 17:29:37] /a
[17/12/2013 17:29:37] /a
[17/12/2013 17:29:37] /a
[17/12/2013 17:29:37] /a
[17/12/2013 17:29:37] /a
[17/12/2013 17:29:37] /a
[17/12/2013 17:29:37] /a
[17/12/2013 17:29:37] /a
[17/12/2013 17:29:37] /a
[17/12/2013 17:29:37] /a
[17/12/2013 17:29:37] /a
[17/12/2013 17:29:37] /a
[17/12/2013 17:29:37] /a
[17/12/2013 17:29:37] /a
[17/12/2013 17:29:38] /a
[17/12/2013 17:29:38] /a
[17/12/2013 17:29:38] /a
[17/12/2013 17:29:38] /a
[17/12/2013 17:29:40] /a
[17/12/2013 17:29:41] /a
[17/12/2013 17:29:41] /a
[17/12/2013 17:29:41] /a
[17/12/2013 17:29:41] /a
[17/12/2013 17:29:41] /a
[17/12/2013 17:29:41] /a
[17/12/2013 17:29:41] /a
[17/12/2013 17:29:41] /a
[17/12/2013 17:29:41] /a
[17/12/2013 17:29:41] /a
[17/12/2013 17:29:41] /a
[17/12/2013 17:29:41] /a
[17/12/2013 17:29:41] /a
[17/12/2013 17:29:41] /a
[17/12/2013 17:29:41] /a
[17/12/2013 17:29:41] /a
[17/12/2013 17:29:41] /a
[17/12/2013 17:29:41] /a
[17/12/2013 17:29:41] /a
[17/12/2013 17:29:41] /a
[17/12/2013 17:29:41] /a
[17/12/2013 17:29:42] /a
[17/12/2013 17:29:42] /a
[17/12/2013 17:29:42] /a
[17/12/2013 17:29:42] /a
[17/12/2013 17:29:42] /a
[17/12/2013 17:29:42] /a
[17/12/2013 17:29:42] /a
[17/12/2013 17:29:42] /a
[17/12/2013 17:29:42] /a
[17/12/2013 17:29:42] /a
[17/12/2013 17:29:42] /a
[17/12/2013 17:29:42] /a
[17/12/2013 17:29:42] /a
[17/12/2013 17:29:42] /a
[17/12/2013 17:29:42] /a
[17/12/2013 17:29:42] /a
[17/12/2013 17:29:42] /a
[17/12/2013 17:29:42] /a
[17/12/2013 17:29:42] /a
[17/12/2013 17:29:42] /a
[17/12/2013 17:29:42] /a
[17/12/2013 17:29:42] /a
[17/12/2013 17:29:42] /a
[17/12/2013 17:29:42] /a
[17/12/2013 17:29:42] /a
[17/12/2013 17:29:43] /a
[17/12/2013 17:29:43] /a
[17/12/2013 17:29:43] /a
[17/12/2013 17:29:43] /a
[17/12/2013 17:29:44] /a
[17/12/2013 17:29:44] /a
[17/12/2013 17:29:44] /a
[17/12/2013 17:29:44] /a
[17/12/2013 17:29:44] /a
[17/12/2013 17:29:44] /a
[17/12/2013 17:29:44] /a
[17/12/2013 17:29:44] /a
[17/12/2013 17:29:44] /a
[17/12/2013 17:29:44] /a
[17/12/2013 17:29:44] /a
[17/12/2013 17:29:44] /a
[17/12/2013 17:29:44] /a
[17/12/2013 17:29:44] /a
[17/12/2013 17:29:45] /a
[17/12/2013 17:29:45] /a
[17/12/2013 17:29:45] /a
[17/12/2013 17:29:45] /a
[17/12/2013 17:29:45] /a
[17/12/2013 17:29:45] /a
[17/12/2013 17:29:45] /a
[17/12/2013 17:29:45] /a
[17/12/2013 17:29:45] /a
[17/12/2013 17:29:45] /a
[17/12/2013 17:29:45] /a
[17/12/2013 17:29:47] /a
[17/12/2013 17:29:48] /a
[17/12/2013 17:29:49] /a
[17/12/2013 17:29:49] /a
[17/12/2013 17:29:49] /a
[17/12/2013 17:29:49] /a
[17/12/2013 17:29:49] /a
[17/12/2013 17:29:49] /a
[17/12/2013 17:29:49] /a
[17/12/2013 17:29:49] /a
[17/12/2013 17:29:49] /a
[17/12/2013 17:29:49] /a
[17/12/2013 17:29:49] /a
[17/12/2013 17:29:50] /a
[17/12/2013 17:29:50] /a
[17/12/2013 17:29:50] /a
[17/12/2013 17:29:50] /a
[17/12/2013 17:29:50] /a
[17/12/2013 17:29:50] /a
[17/12/2013 17:29:50] /a
[17/12/2013 17:29:50] /a
[17/12/2013 17:29:50] /a
[17/12/2013 17:29:50] /a
[17/12/2013 17:29:50] /a
[17/12/2013 17:29:50] /a
[17/12/2013 17:29:50] /a
[17/12/2013 17:29:50] /a
[17/12/2013 17:29:50] /a
[17/12/2013 17:29:50] /a
[17/12/2013 17:29:50] /a
[17/12/2013 17:29:50] /a
[17/12/2013 17:29:50] /a
[17/12/2013 17:29:50] /a
[17/12/2013 17:29:50] /a
[17/12/2013 17:29:50] /a
[17/12/2013 17:29:51] /a
[17/12/2013 17:29:51] /a
[17/12/2013 17:29:51] /a
[17/12/2013 17:29:51] /a
[17/12/2013 17:29:51] /a
[17/12/2013 17:29:51] /a
[17/12/2013 17:29:51] /a
[17/12/2013 17:29:51] /a
[17/12/2013 17:29:51] /a
[17/12/2013 17:29:53] /a
[17/12/2013 17:29:53] /a
[17/12/2013 17:29:53] /a
[17/12/2013 17:29:53] /a
[17/12/2013 17:29:53] /a
[17/12/2013 17:29:53] /a
[17/12/2013 17:29:53] /a
[17/12/2013 17:29:53] /a
[17/12/2013 17:29:53] /a
[17/12/2013 17:29:53] /a
[17/12/2013 17:29:54] /a
[17/12/2013 17:29:54] /a
[17/12/2013 17:29:54] /a
[17/12/2013 17:29:54] /a
[17/12/2013 17:29:54] /a
[17/12/2013 17:29:54] /a
[17/12/2013 17:29:54] /a
[17/12/2013 17:29:54] /a
[17/12/2013 17:29:54] /a
[17/12/2013 17:29:54] /a
[17/12/2013 17:29:54] /a
[17/12/2013 17:29:54] /a
[17/12/2013 17:29:54] /a
[17/12/2013 17:29:54] /a
[17/12/2013 17:29:54] /a
[17/12/2013 17:29:54] /a
[17/12/2013 17:29:54] /a
[17/12/2013 17:29:54] /a
[17/12/2013 17:29:54] /a
[17/12/2013 17:29:54] /a
[17/12/2013 17:29:54] /a
[17/12/2013 17:29:54] /a
[17/12/2013 17:29:54] /a
[17/12/2013 17:29:55] /a
[17/12/2013 17:29:55] /a
[17/12/2013 17:29:55] /a
[17/12/2013 17:29:55] /a
[17/12/2013 17:29:55] /a
[17/12/2013 17:29:56] /a
[17/12/2013 17:29:56] /a
[17/12/2013 17:29:56] /a
[17/12/2013 17:29:56] /a
[17/12/2013 17:29:56] /a
[17/12/2013 17:29:56] /a
[17/12/2013 17:29:56] /a
[17/12/2013 17:29:56] /a
[17/12/2013 17:29:56] /a
[17/12/2013 17:29:56] /a
[17/12/2013 17:29:56] /a
[17/12/2013 17:29:56] /a
[17/12/2013 17:29:56] /a
[17/12/2013 17:29:57] /a
[17/12/2013 17:29:57] /a
[17/12/2013 17:29:57] /a
[17/12/2013 17:29:57] /a
[17/12/2013 17:29:57] /a
[17/12/2013 17:29:57] /a
[17/12/2013 17:29:57] /a
[17/12/2013 17:29:57] /a
[17/12/2013 17:29:57] /a
[17/12/2013 17:29:57] /a
[17/12/2013 17:29:57] /a
[17/12/2013 17:29:57] /a
[17/12/2013 17:29:57] /a
[17/12/2013 17:29:57] /a
[17/12/2013 17:29:57] /a
[17/12/2013 17:29:57] /a
[17/12/2013 17:29:57] /a
[17/12/2013 17:29:57] /a
[17/12/2013 17:29:58] /a
[17/12/2013 17:29:59] /a
[17/12/2013 17:29:59] /a
[17/12/2013 17:29:59] /a
[17/12/2013 17:30:00] /a
[17/12/2013 17:30:00] /a
[17/12/2013 17:30:00] /a
[17/12/2013 17:30:00] /a
[17/12/2013 17:30:00] /a
[17/12/2013 17:30:00] /a
[17/12/2013 17:30:00] /a
[17/12/2013 17:30:00] /a
[17/12/2013 17:30:00] /a
[17/12/2013 17:30:00] /a
[17/12/2013 17:30:00] /a
[17/12/2013 17:30:00] /a
[17/12/2013 17:30:00] /a
[17/12/2013 17:30:00] /a
[17/12/2013 17:30:00] /a
[17/12/2013 17:30:01] /a
[17/12/2013 17:30:02] /a
[17/12/2013 17:30:02] /a
[17/12/2013 17:30:02] /a
[17/12/2013 17:30:02] /a
[17/12/2013 17:30:02] /a
[17/12/2013 17:30:02] /a
[17/12/2013 17:30:02] /a
[17/12/2013 17:30:02] /a
[17/12/2013 17:30:02] /a
[17/12/2013 17:30:02] /a
[17/12/2013 17:30:02] /a
[17/12/2013 17:30:02] /a
[17/12/2013 17:30:02] /a
[17/12/2013 17:30:02] /a
[17/12/2013 17:30:02] /a
[17/12/2013 17:30:02] /a
[17/12/2013 17:30:02] /a
[17/12/2013 17:30:02] /a
[17/12/2013 17:30:02] /a
[17/12/2013 17:30:02] /a
[17/12/2013 17:30:02] /a
[17/12/2013 17:30:02] /a
[17/12/2013 17:30:03] /a
[17/12/2013 17:30:03] /a
[17/12/2013 17:30:03] /a
[17/12/2013 17:30:03] /a
[17/12/2013 17:30:03] /a
[17/12/2013 17:30:03] /a
[17/12/2013 17:30:03] /a
[17/12/2013 17:30:04] /a
[17/12/2013 17:30:05] /a
[17/12/2013 17:30:05] /a
[17/12/2013 17:30:05] /a
[17/12/2013 17:30:06] /a
[17/12/2013 17:30:06] /a
[17/12/2013 17:30:06] /a
[17/12/2013 17:30:06] /a
[17/12/2013 17:30:06] /a
[17/12/2013 17:30:06] /a
[17/12/2013 17:30:06] /a
[17/12/2013 17:30:06] /a
[17/12/2013 17:30:06] /a
[17/12/2013 17:30:06] /a
[17/12/2013 17:30:06] /a
[17/12/2013 17:30:06] /a
[17/12/2013 17:30:06] /a
[17/12/2013 17:30:06] /a
[17/12/2013 17:30:06] /a
[17/12/2013 17:30:06] /a
[17/12/2013 17:30:07] /a
[17/12/2013 17:30:07] /a
[17/12/2013 17:30:07] /a
[17/12/2013 17:30:08] /a
[17/12/2013 17:30:08] /a
[17/12/2013 17:30:08] /a
[17/12/2013 17:30:08] /a
[17/12/2013 17:30:08] /a
[17/12/2013 17:30:08] /a
[17/12/2013 17:30:08] /a
[17/12/2013 17:30:10] /a
[17/12/2013 17:30:10] /a
[17/12/2013 17:30:10] /a
[17/12/2013 17:30:10] /a
[17/12/2013 17:30:10] /a
[17/12/2013 17:30:10] /a
[17/12/2013 17:30:10] /a
[17/12/2013 17:30:10] /a
[17/12/2013 17:30:10] /a
[17/12/2013 17:30:10] /a
[17/12/2013 17:30:11] /a
[17/12/2013 17:30:11] /a
[17/12/2013 17:30:11] /a
[17/12/2013 17:30:11] /a
[17/12/2013 17:30:11] /a
[17/12/2013 17:30:11] /a
[17/12/2013 17:30:11] /a
[17/12/2013 17:30:11] /a
[17/12/2013 17:30:11] /a
[17/12/2013 17:30:11] /a
[17/12/2013 17:30:11] /a
[17/12/2013 17:30:11] /a
[17/12/2013 17:30:11] /a
[17/12/2013 17:30:11] /a
[17/12/2013 17:30:11] /a
[17/12/2013 17:30:11] /a
[17/12/2013 17:30:11] /a
[17/12/2013 17:30:11] /a
[17/12/2013 17:30:11] /a
[17/12/2013 17:30:11] /a
[17/12/2013 17:30:11] /a
[17/12/2013 17:30:11] /a
[17/12/2013 17:30:12] /a
[17/12/2013 17:30:12] /a
[17/12/2013 17:30:12] /a
[17/12/2013 17:30:12] /a
[17/12/2013 17:30:12] /a
[17/12/2013 17:30:12] /a
[17/12/2013 17:30:12] /a
[17/12/2013 17:30:12] /a
[17/12/2013 17:30:12] /a
[17/12/2013 17:30:12] /a
[17/12/2013 17:30:12] /a
[17/12/2013 17:30:12] /a
[17/12/2013 17:30:12] /a
[17/12/2013 17:30:12] /a
[17/12/2013 17:30:12] /a
[17/12/2013 17:30:12] /a
[17/12/2013 17:30:12] /a
[17/12/2013 17:30:12] /a
[17/12/2013 17:30:12] /a
[17/12/2013 17:30:12] /a
[17/12/2013 17:30:12] /a
[17/12/2013 17:30:12] /a
[17/12/2013 17:30:13] /a
[17/12/2013 17:30:13] /a
[17/12/2013 17:30:13] /a
[17/12/2013 17:30:13] /a
[17/12/2013 17:30:13] /a
[17/12/2013 17:30:13] /a
[17/12/2013 17:30:15] /a
[17/12/2013 17:30:16] /a
[17/12/2013 17:30:16] /a
[17/12/2013 17:30:16] /a
[17/12/2013 17:30:16] /a
[17/12/2013 17:30:16] /a
[17/12/2013 17:30:16] /a
[17/12/2013 17:30:16] /a
[17/12/2013 17:30:16] /a
[17/12/2013 17:30:17] /a
[17/12/2013 17:30:17] /a
[17/12/2013 17:30:17] /a
[17/12/2013 17:30:17] /a
[17/12/2013 17:30:17] /a
[17/12/2013 17:30:18] /a
[17/12/2013 17:30:18] /a
[17/12/2013 17:30:18] /a
[17/12/2013 17:30:18] /a
[17/12/2013 17:30:18] /a
[17/12/2013 17:30:19] /a
[17/12/2013 17:30:19] /a
[17/12/2013 17:30:19] /a
[17/12/2013 17:30:19] /a
[17/12/2013 17:30:19] /a
[17/12/2013 17:30:19] /a
[17/12/2013 17:30:19] /a
[17/12/2013 17:30:19] /a
[17/12/2013 17:30:19] /a
[17/12/2013 17:30:19] /a
[17/12/2013 17:30:19] /a
[17/12/2013 17:30:20] /a
[17/12/2013 17:30:20] /a
[17/12/2013 17:30:22] /a
[17/12/2013 17:30:23] /a
[17/12/2013 17:30:23] /a
[17/12/2013 17:30:23] /a
[17/12/2013 17:30:23] /a
[17/12/2013 17:30:23] /a
[17/12/2013 17:30:23] /a
[17/12/2013 17:30:23] /a
[17/12/2013 17:30:23] /a
[17/12/2013 17:30:23] /a
[17/12/2013 17:30:23] /a
[17/12/2013 17:30:23] /a
[17/12/2013 17:30:23] /a
[17/12/2013 17:30:23] /a
[17/12/2013 17:30:24] /a
[17/12/2013 17:30:24] /a
[17/12/2013 17:30:24] /a
[17/12/2013 17:30:25] /a
[17/12/2013 17:30:25] /a
[17/12/2013 17:30:25] /a
[17/12/2013 17:30:25] /a
[17/12/2013 17:30:25] /a
[17/12/2013 17:30:25] /a
[17/12/2013 17:30:25] /a
[17/12/2013 17:30:25] /a
[17/12/2013 17:30:25] /a
[17/12/2013 17:30:25] /a
[17/12/2013 17:30:25] /a
[17/12/2013 17:30:25] /a
[17/12/2013 17:30:25] /a
[17/12/2013 17:30:25] /a
[17/12/2013 17:30:26] /a
[17/12/2013 17:30:27] /a
[17/12/2013 17:30:27] /a
[17/12/2013 17:30:27] /a
[17/12/2013 17:30:27] /a
[17/12/2013 17:30:27] /a
[17/12/2013 17:30:27] /a
[17/12/2013 17:30:27] /a
[17/12/2013 17:30:27] /a
[17/12/2013 17:30:27] /a
[17/12/2013 17:30:29] /a
[17/12/2013 17:30:29] /a
[17/12/2013 17:30:29] /a
[17/12/2013 17:30:29] /a
[17/12/2013 17:30:29] /a
[17/12/2013 17:30:29] /a
[17/12/2013 17:30:29] /a
[17/12/2013 17:30:29] /a
[17/12/2013 17:30:29] /a
[17/12/2013 17:30:30] /a
[17/12/2013 17:30:30] /a
[17/12/2013 17:30:30] /a
[17/12/2013 17:30:30] /a
[17/12/2013 17:30:30] /a
[17/12/2013 17:30:30] /a
[17/12/2013 17:30:30] /a
[17/12/2013 17:30:30] /a
[17/12/2013 17:30:30] /a
[17/12/2013 17:30:30] /a
[17/12/2013 17:30:30] /a
[17/12/2013 17:30:30] /a
[17/12/2013 17:30:30] /a
[17/12/2013 17:30:30] /a
[17/12/2013 17:30:30] /a
[17/12/2013 17:30:30] /a
[17/12/2013 17:30:30] /a
[17/12/2013 17:30:31] /a
[17/12/2013 17:30:31] /a
[17/12/2013 17:30:38] /a
[17/12/2013 17:30:39] /a
[17/12/2013 17:30:39] /a
[17/12/2013 17:30:39] /a
[17/12/2013 17:30:39] /a
[17/12/2013 17:30:39] /a
[17/12/2013 17:30:39] /a
[17/12/2013 17:30:39] /a
[17/12/2013 17:30:39] /a
[17/12/2013 17:30:39] /a
[17/12/2013 17:30:39] /a
[17/12/2013 17:30:39] /a
[17/12/2013 17:30:40] /a
[17/12/2013 17:30:41] /a
[17/12/2013 17:30:41] /a
[17/12/2013 17:30:41] /a
[17/12/2013 17:30:42] /a
[17/12/2013 17:30:42] /a
[17/12/2013 17:30:42] /a
[17/12/2013 17:30:42] /a
[17/12/2013 17:30:42] /a
[17/12/2013 17:30:42] /a
[17/12/2013 17:30:42] /a
[17/12/2013 17:30:42] /a
[17/12/2013 17:30:42] /a
[17/12/2013 17:30:42] /a
[17/12/2013 17:30:42] /a
[17/12/2013 17:30:42] /a
[17/12/2013 17:30:42] /a
[17/12/2013 17:30:42] /a
[17/12/2013 17:30:42] /a
[17/12/2013 17:30:42] /a
[17/12/2013 17:30:42] /a
[17/12/2013 17:30:42] /a
[17/12/2013 17:30:42] /a
[17/12/2013 17:30:42] /a
[17/12/2013 17:30:43] /a
[17/12/2013 17:30:43] /a
[17/12/2013 17:30:43] /a
[17/12/2013 17:30:43] /a
[17/12/2013 17:30:43] /a
[17/12/2013 17:30:43] /a
[17/12/2013 17:30:43] /a
[17/12/2013 17:30:43] /a
[17/12/2013 17:30:43] /a
[17/12/2013 17:30:43] /a
[17/12/2013 17:30:43] /a
[17/12/2013 17:30:43] /a
[17/12/2013 17:30:43] /a
[17/12/2013 17:30:43] /a
[17/12/2013 17:30:43] /a
[17/12/2013 17:30:43] /a
[17/12/2013 17:30:43] /a
[17/12/2013 17:30:43] /a
[17/12/2013 17:30:43] /a
[17/12/2013 17:30:43] /a
[17/12/2013 17:30:43] /a
[17/12/2013 17:30:44] /a
[17/12/2013 17:30:44] /a
[17/12/2013 17:30:44] /a
[17/12/2013 17:30:44] /a
[17/12/2013 17:30:44] /a
[17/12/2013 17:30:44] /a
[17/12/2013 17:30:44] /a
[17/12/2013 17:30:44] /a
[17/12/2013 17:30:44] /a
[17/12/2013 17:30:44] /a
[17/12/2013 17:30:44] /a
[17/12/2013 17:30:44] /a
[17/12/2013 17:30:44] /a
[17/12/2013 17:30:44] /a
[17/12/2013 17:30:44] /a
[17/12/2013 17:30:44] /a
[17/12/2013 17:30:44] /a
[17/12/2013 17:30:44] /a
[17/12/2013 17:30:44] /a
[17/12/2013 17:30:44] /a
[17/12/2013 17:30:44] /a
[17/12/2013 17:30:44] /a
[17/12/2013 17:30:44] /a
[17/12/2013 17:30:44] /a
[17/12/2013 17:30:45] /a
[17/12/2013 17:30:45] /a
[17/12/2013 17:30:45] /a
[17/12/2013 17:30:45] /a
[17/12/2013 17:30:45] /a
[17/12/2013 17:30:45] /a
[17/12/2013 17:30:45] /a
[17/12/2013 17:30:45] /a
[17/12/2013 17:30:45] /a
[17/12/2013 17:30:45] /a
[17/12/2013 17:30:45] /a
[17/12/2013 17:30:45] /a
[17/12/2013 17:30:45] /a
[17/12/2013 17:30:45] /a
[17/12/2013 17:30:46] /a
[17/12/2013 17:30:46] /a
[17/12/2013 17:30:46] /a
[17/12/2013 17:30:46] /a
[17/12/2013 17:30:46] /a
[17/12/2013 17:30:47] /a
[17/12/2013 17:30:47] /a
[17/12/2013 17:30:47] /a
[17/12/2013 17:30:47] /a
[17/12/2013 17:30:47] /a
[17/12/2013 17:30:48] /a
[17/12/2013 17:30:48] /a
[17/12/2013 17:30:48] /a
[17/12/2013 17:30:48] /a
[17/12/2013 17:30:49] /a
[17/12/2013 17:30:50] /a
[17/12/2013 17:30:51] /a
[17/12/2013 17:30:52] /a
[17/12/2013 17:30:52] /a
[17/12/2013 17:30:52] /a
[17/12/2013 17:30:52] /a
[17/12/2013 17:30:54] /a
[17/12/2013 17:30:57] /a
[17/12/2013 17:31:00] /a
[17/12/2013 17:31:04] /a
[17/12/2013 17:31:07] /a
[17/12/2013 17:31:07] /a
[17/12/2013 17:31:07] /a
[17/12/2013 17:31:08] /a
[17/12/2013 17:31:09] /a
[17/12/2013 17:31:09] /a
[17/12/2013 17:31:09] /a
[17/12/2013 17:31:09] /a
[17/12/2013 17:31:09] /a
[17/12/2013 17:31:09] /a
[17/12/2013 17:31:09] /a
[17/12/2013 17:31:09] /a
[17/12/2013 17:31:09] /a
[17/12/2013 17:31:09] /a
[17/12/2013 17:31:09] /a
[17/12/2013 17:31:09] /a
[17/12/2013 17:31:09] /a
[17/12/2013 17:31:10] /a
[17/12/2013 17:31:10] /a
[17/12/2013 17:31:10] /a
[17/12/2013 17:31:10] /a
[17/12/2013 17:31:10] /a
[17/12/2013 17:31:10] /a
[17/12/2013 17:31:10] /a
[17/12/2013 17:31:10] /a
[17/12/2013 17:31:10] /a
[17/12/2013 17:31:10] /a
[17/12/2013 17:31:10] /a
[17/12/2013 17:31:10] /a
[17/12/2013 17:31:10] /a
[17/12/2013 17:31:10] /a
[17/12/2013 17:31:10] /a
[17/12/2013 17:31:10] /a
[17/12/2013 17:31:10] /a
[17/12/2013 17:31:10] /a
[17/12/2013 17:31:10] /a
[17/12/2013 17:31:10] /a
[17/12/2013 17:31:11] /a
[17/12/2013 17:31:11] /a
[17/12/2013 17:31:11] /a
[17/12/2013 17:31:11] /a
[17/12/2013 17:31:11] /a
[17/12/2013 17:31:11] /a
[17/12/2013 17:31:11] /a
[17/12/2013 17:31:11] /a
[17/12/2013 17:31:11] /a
[17/12/2013 17:31:11] /a
[17/12/2013 17:31:11] /a
[17/12/2013 17:31:11] /a
[17/12/2013 17:31:11] /a
[17/12/2013 17:31:11] /a
[17/12/2013 17:31:11] /a
[17/12/2013 17:31:11] /a
[17/12/2013 17:31:11] /a
[17/12/2013 17:31:27] /m troll
[17/12/2013 17:31:28] /m troll
[17/12/2013 17:31:29] /m troll
[17/12/2013 17:31:30] /m troll
[17/12/2013 17:31:31] /m troll
[17/12/2013 17:31:32] /m troll
[17/12/2013 17:31:32] /m troll
[17/12/2013 17:31:33] /m troll
[17/12/2013 17:31:34] /a
[17/12/2013 17:31:35] /a
[17/12/2013 17:31:35] /a
[17/12/2013 17:31:35] /a
[17/12/2013 17:31:35] /a
[17/12/2013 17:31:35] /a
[17/12/2013 17:31:35] /a
[17/12/2013 17:31:37] /a
[17/12/2013 17:31:39] /m troll
[17/12/2013 17:31:40] /m troll
[17/12/2013 17:31:40] /m troll
[17/12/2013 17:31:41] /m troll
[17/12/2013 17:31:41] /m troll
[17/12/2013 17:31:42] /m troll
[17/12/2013 17:31:42] /m troll
[17/12/2013 17:31:43] /m troll
[17/12/2013 17:31:45] /a
[17/12/2013 17:31:46] /a
[17/12/2013 17:31:47] /a
[17/12/2013 17:31:48] /a
[17/12/2013 17:31:48] /a
[17/12/2013 17:31:48] /a
[17/12/2013 17:31:49] /a
[17/12/2013 17:31:50] /a
[17/12/2013 17:31:51] /m troll
[17/12/2013 17:31:52] /m troll
[17/12/2013 17:31:52] /m troll
[17/12/2013 17:31:53] /m troll
[17/12/2013 17:31:53] /m troll
[17/12/2013 17:31:53] /m troll
[17/12/2013 17:31:54] /m troll
[17/12/2013 17:31:54] /m troll
[17/12/2013 17:31:55] /m troll
[17/12/2013 17:31:56] /a
[17/12/2013 17:31:57] /a
[17/12/2013 17:31:58] /a
[17/12/2013 17:31:58] /a
[17/12/2013 17:31:59] /a
[17/12/2013 17:32:00] /a
[17/12/2013 17:32:03] /m troll
[17/12/2013 17:32:03] /m troll
[17/12/2013 17:32:04] /m troll
[17/12/2013 17:32:04] /m troll
[17/12/2013 17:32:05] /m troll
[17/12/2013 17:32:05] /m troll
[17/12/2013 17:32:07] /m troll
[17/12/2013 17:32:24] /m troll
[17/12/2013 17:32:24] /m troll
[17/12/2013 17:32:25] /m troll
[17/12/2013 17:32:25] /m troll
[17/12/2013 17:32:26] /m troll
[17/12/2013 17:32:27] /m troll
[17/12/2013 17:32:27] /m troll
[17/12/2013 17:32:30] /m troll
[17/12/2013 17:32:31] /m troll
[17/12/2013 17:32:31] /m troll
[17/12/2013 17:32:32] /m troll
[17/12/2013 17:32:32] /m troll
[17/12/2013 17:32:33] /m troll
[17/12/2013 17:32:33] /m troll
[17/12/2013 17:32:34] /m troll
[17/12/2013 17:32:36] /a
[17/12/2013 17:32:36] /a
[17/12/2013 17:32:42] /m troll
[17/12/2013 17:32:43] /m troll
[17/12/2013 17:32:43] /m troll
[17/12/2013 17:32:46] /m troll
[17/12/2013 17:32:53] /m troll
[17/12/2013 17:32:53] /m troll
[17/12/2013 17:32:54] /m troll
[17/12/2013 17:32:54] /m troll
[17/12/2013 17:32:57] /a
[17/12/2013 17:33:06] /a
[17/12/2013 17:33:08] /m troll
[17/12/2013 17:33:08] /m troll
[17/12/2013 17:33:09] /m troll
[17/12/2013 17:33:09] /m troll
[17/12/2013 17:33:10] /m troll
[17/12/2013 17:33:10] /m troll
[17/12/2013 17:33:12] /a
[17/12/2013 17:39:50] /m dragon
[17/12/2013 17:39:53] /m dragon
[17/12/2013 17:40:02] /m orc
[17/12/2013 17:40:13] /m behemot
[17/12/2013 17:40:26] /m bandit
[17/12/2013 17:40:40] /m tortoise
[17/12/2013 17:40:42] /m tortoise
[17/12/2013 17:40:42] /m tortoise
[17/12/2013 17:40:43] /m tortoise
[17/12/2013 17:40:43] /m tortoise
[17/12/2013 17:40:44] /m tortoise
[17/12/2013 17:41:01] /m tortoise
[17/12/2013 17:41:01] /m tortoise
[17/12/2013 17:41:02] /m tortoise
[17/12/2013 17:41:02] /m tortoise
[17/12/2013 17:41:02] /m tortoise
[17/12/2013 17:41:02] /m tortoise
[17/12/2013 17:41:02] /m tortoise
[17/12/2013 17:41:03] /m tortoise
[17/12/2013 17:41:03] /m tortoise
[17/12/2013 17:41:03] /m tortoise
[17/12/2013 17:41:03] /m tortoise
[17/12/2013 17:41:06] /m tortoise
[17/12/2013 17:41:06] /m tortoise
[17/12/2013 17:41:06] /m tortoise
[17/12/2013 17:41:06] /m tortoise
[17/12/2013 17:41:06] /m tortoise
[17/12/2013 17:41:07] /m tortoise
[17/12/2013 17:41:07] /m tortoise
[17/12/2013 17:41:08] /m tortoise
[17/12/2013 17:41:08] /m tortoise
[17/12/2013 17:41:09] /m tortoise
[17/12/2013 17:41:09] /m tortoise
[17/12/2013 17:41:09] /m tortoise
[17/12/2013 17:41:09] /m tortoise
[17/12/2013 17:41:09] /m tortoise
[17/12/2013 17:41:10] /m tortoise
[17/12/2013 17:41:10] /m tortoise
[17/12/2013 17:41:12] /m tortoise
[17/12/2013 17:41:12] /m tortoise
[17/12/2013 17:41:12] /m tortoise
[17/12/2013 17:41:12] /m tortoise
[17/12/2013 17:41:13] /m tortoise
[17/12/2013 17:41:13] /m tortoise
[17/12/2013 17:41:13] /m tortoise
[17/12/2013 17:41:13] /m tortoise
[17/12/2013 17:41:13] /m tortoise
[17/12/2013 17:41:13] /m tortoise
[17/12/2013 17:41:13] /m tortoise
[17/12/2013 17:41:13] /m tortoise
[17/12/2013 17:41:13] /m tortoise
[17/12/2013 17:41:13] /m tortoise
[17/12/2013 17:41:13] /m tortoise
[17/12/2013 17:41:13] /m tortoise
[17/12/2013 17:41:14] /m tortoise
[17/12/2013 17:41:14] /m tortoise
[17/12/2013 17:41:14] /m tortoise
[17/12/2013 17:41:14] /m tortoise
[17/12/2013 17:41:14] /m tortoise
[17/12/2013 17:41:15] /a
[17/12/2013 17:41:16] /m tortoise
[17/12/2013 17:41:16] /m tortoise
[17/12/2013 17:41:16] /m tortoise
[17/12/2013 17:41:16] /m tortoise
[17/12/2013 17:41:16] /m tortoise
[17/12/2013 17:41:16] /m tortoise
[17/12/2013 17:41:17] /m tortoise
[17/12/2013 17:41:17] /m tortoise
[17/12/2013 17:41:17] /m tortoise
[17/12/2013 17:41:17] /m tortoise
[17/12/2013 17:41:17] /m tortoise
[17/12/2013 17:41:17] /m tortoise
[17/12/2013 17:41:17] /m tortoise
[17/12/2013 17:41:17] /m tortoise
[17/12/2013 17:41:17] /m tortoise
[17/12/2013 17:41:17] /m tortoise
[17/12/2013 17:41:17] /m tortoise
[17/12/2013 17:41:17] /m tortoise
[17/12/2013 17:41:17] /m tortoise
[17/12/2013 17:41:17] /m tortoise
[17/12/2013 17:41:17] /m tortoise
[17/12/2013 17:41:17] /m tortoise
[17/12/2013 17:41:17] /m tortoise
[17/12/2013 17:41:18] /a
[17/12/2013 17:41:19] /m tortoise
[17/12/2013 17:41:20] /m tortoise
[17/12/2013 17:41:20] /m tortoise
[17/12/2013 17:41:20] /m tortoise
[17/12/2013 17:41:20] /m tortoise
[17/12/2013 17:41:20] /m tortoise
[17/12/2013 17:41:20] /m tortoise
[17/12/2013 17:41:20] /m tortoise
[17/12/2013 17:41:20] /m tortoise
[17/12/2013 17:41:20] /m tortoise
[17/12/2013 17:41:20] /m tortoise
[17/12/2013 17:41:20] /m tortoise
[17/12/2013 17:41:20] /m tortoise
[17/12/2013 17:41:20] /m tortoise
[17/12/2013 17:41:20] /m tortoise
[17/12/2013 17:41:20] /m tortoise
[17/12/2013 17:41:21] /m tortoise
[17/12/2013 17:41:21] /m tortoise
[17/12/2013 17:41:21] /a
[17/12/2013 17:41:23] /m tortoise
[17/12/2013 17:41:23] /m tortoise
[17/12/2013 17:41:23] /m tortoise
[17/12/2013 17:41:24] /m tortoise
[17/12/2013 17:41:24] /m tortoise
[17/12/2013 17:41:24] /m tortoise
[17/12/2013 17:41:24] /m tortoise
[17/12/2013 17:41:24] /m tortoise
[17/12/2013 17:41:24] /m tortoise
[17/12/2013 17:41:25] /m tortoise
[17/12/2013 17:41:25] /m tortoise
[17/12/2013 17:41:25] /m tortoise
[17/12/2013 17:41:25] /m tortoise
[17/12/2013 17:41:27] /a
[17/12/2013 17:41:28] /m tortoise
[17/12/2013 17:41:28] /m tortoise
[17/12/2013 17:41:28] /m tortoise
[17/12/2013 17:41:29] /m tortoise
[17/12/2013 17:41:30] /m tortoise
[17/12/2013 17:41:30] /m tortoise
[17/12/2013 17:41:30] /m tortoise
[17/12/2013 17:41:31] /m tortoise
[17/12/2013 17:41:31] /m tortoise
[17/12/2013 17:41:31] /m tortoise
[17/12/2013 17:41:32] /m tortoise
[17/12/2013 17:41:32] /m tortoise
[17/12/2013 17:41:32] /m tortoise
[17/12/2013 17:41:32] /m tortoise
[17/12/2013 17:41:32] /m tortoise
[17/12/2013 17:41:32] /m tortoise
[17/12/2013 17:41:33] /m tortoise
[17/12/2013 17:41:33] /m tortoise
[17/12/2013 17:41:33] /m tortoise
[17/12/2013 17:41:33] /m tortoise
[17/12/2013 17:41:33] /m tortoise
[17/12/2013 17:41:33] /m tortoise
[17/12/2013 17:41:34] /m tortoise
[17/12/2013 17:41:34] /m tortoise
[17/12/2013 17:41:35] /m tortoise
[17/12/2013 17:41:35] /m tortoise
[17/12/2013 17:41:36] /m tortoise
[17/12/2013 17:41:36] /m tortoise
[17/12/2013 17:41:36] /m tortoise
[17/12/2013 17:41:36] /m tortoise
[17/12/2013 17:41:36] /m tortoise
[17/12/2013 17:41:36] /m tortoise
[17/12/2013 17:41:37] /m tortoise
[17/12/2013 17:41:37] /m tortoise
[17/12/2013 17:41:37] /m tortoise
[17/12/2013 17:41:39] /a
[17/12/2013 17:41:40] /m tortoise
[17/12/2013 17:41:40] /m tortoise
[17/12/2013 17:41:40] /m tortoise
[17/12/2013 17:41:40] /m tortoise
[17/12/2013 17:41:41] /m tortoise
[17/12/2013 17:41:41] /m tortoise
[17/12/2013 17:41:41] /m tortoise
[17/12/2013 17:41:42] /a
[17/12/2013 17:41:43] /a
[17/12/2013 17:41:43] /m tortoise
[17/12/2013 17:41:43] /m tortoise
[17/12/2013 17:41:44] /m tortoise
[17/12/2013 17:41:44] /m tortoise
[17/12/2013 17:41:44] /m tortoise
[17/12/2013 17:41:45] /a
[17/12/2013 17:41:45] /a
[17/12/2013 17:41:47] /a
[17/12/2013 17:41:48] /m tortoise
[17/12/2013 17:41:50] /m tortoise
[17/12/2013 17:41:50] /m tortoise
[17/12/2013 17:41:50] /m tortoise
[17/12/2013 17:41:50] /m tortoise
[17/12/2013 17:41:50] /m tortoise
[17/12/2013 17:41:51] /m tortoise
[17/12/2013 17:41:53] /m tortoise
[17/12/2013 17:41:53] /m tortoise
[17/12/2013 17:41:53] /m tortoise
[17/12/2013 17:41:53] /m tortoise
[17/12/2013 17:41:53] /m tortoise
[17/12/2013 17:41:54] /a
[17/12/2013 17:41:54] /a
[17/12/2013 17:41:55] /m tortoise
[17/12/2013 17:41:55] /m tortoise
[17/12/2013 17:41:55] /m tortoise
[17/12/2013 17:41:55] /m tortoise
[17/12/2013 17:41:55] /m tortoise
[17/12/2013 17:41:55] /m tortoise
[17/12/2013 17:41:56] /m tortoise
[17/12/2013 17:41:57] /a
[17/12/2013 17:41:58] /a
[17/12/2013 17:41:59] /m tortoise
[17/12/2013 17:41:59] /m tortoise
[17/12/2013 17:41:59] /m tortoise
[17/12/2013 17:41:59] /m tortoise
[17/12/2013 17:42:00] /m tortoise
[17/12/2013 17:42:00] /m tortoise
[17/12/2013 17:42:00] /m tortoise
[17/12/2013 17:42:01] /m tortoise
[17/12/2013 17:42:01] /m tortoise
[17/12/2013 17:42:02] /m tortoise
[17/12/2013 17:42:02] /m tortoise
[17/12/2013 17:42:02] /m tortoise
[17/12/2013 17:42:02] /m tortoise
[17/12/2013 17:42:02] /m tortoise
[17/12/2013 17:42:02] /m tortoise
[17/12/2013 17:42:03] /m tortoise
[17/12/2013 17:42:03] /m tortoise
[17/12/2013 17:42:03] /m tortoise
[17/12/2013 17:42:03] /m tortoise
[17/12/2013 17:42:03] /m tortoise
[17/12/2013 17:42:04] /m tortoise
[17/12/2013 17:42:04] /m tortoise
[17/12/2013 17:42:04] /m tortoise
[17/12/2013 17:42:04] /m tortoise
[17/12/2013 17:42:04] /m tortoise
[17/12/2013 17:42:04] /m tortoise
[17/12/2013 17:42:05] /m tortoise
[17/12/2013 17:42:05] /m tortoise
[17/12/2013 17:42:05] /m tortoise
[17/12/2013 17:42:06] /a
[17/12/2013 17:42:06] /a
[17/12/2013 17:42:07] /m tortoise
[17/12/2013 17:42:07] /m tortoise
[17/12/2013 17:42:07] /m tortoise
[17/12/2013 17:42:08] /m tortoise
[17/12/2013 17:42:08] /m tortoise
[17/12/2013 17:42:08] /m tortoise
[17/12/2013 17:42:09] /m tortoise
[17/12/2013 17:42:10] /m tortoise
[17/12/2013 17:42:10] /m tortoise
[17/12/2013 17:42:10] /m tortoise
[17/12/2013 17:42:11] /m tortoise
[17/12/2013 17:42:13] /m tortoise
[17/12/2013 17:42:13] /m tortoise
[17/12/2013 17:42:13] /m tortoise
[17/12/2013 17:42:14] /m tortoise
[17/12/2013 17:42:14] /m tortoise
[17/12/2013 17:42:14] /m tortoise
[17/12/2013 17:42:15] /a
[17/12/2013 17:42:15] /a
[17/12/2013 17:42:15] /a
[17/12/2013 17:42:15] /a
[17/12/2013 17:42:15] /a
[17/12/2013 17:42:15] /a
[17/12/2013 17:42:15] /a
[17/12/2013 17:42:16] /a
[17/12/2013 17:42:17] /a
[17/12/2013 17:42:17] /a
[17/12/2013 17:42:17] /a
[17/12/2013 17:42:18] /a
[17/12/2013 17:42:18] /a
[17/12/2013 17:42:18] /a
[17/12/2013 17:42:19] /a
[17/12/2013 17:42:19] /a
[17/12/2013 17:42:19] /a
[17/12/2013 17:42:24] /m tortoise
[17/12/2013 17:42:24] /m tortoise
[17/12/2013 17:42:24] /m tortoise
[17/12/2013 17:42:24] /m tortoise
[17/12/2013 17:42:24] /m tortoise
[17/12/2013 17:42:25] /m tortoise
[17/12/2013 17:42:25] /m tortoise
[17/12/2013 17:42:25] /m tortoise
[17/12/2013 17:42:25] /m tortoise
[17/12/2013 17:42:27] /m tortoise
[17/12/2013 17:42:28] /m tortoise
[17/12/2013 17:42:29] /a
[17/12/2013 17:42:30] /a
[17/12/2013 17:42:30] /m tortoise
[17/12/2013 17:42:30] /m tortoise
[17/12/2013 17:42:30] /m tortoise
[17/12/2013 17:42:30] /m tortoise
[17/12/2013 17:42:31] /m tortoise
[17/12/2013 17:42:31] /m tortoise
[17/12/2013 17:42:31] /m tortoise
[17/12/2013 17:42:34] /m tortoise
[17/12/2013 17:42:34] /m tortoise
[17/12/2013 17:42:34] /m tortoise
[17/12/2013 17:42:35] /m tortoise
[17/12/2013 17:42:35] /m tortoise
[17/12/2013 17:42:35] /m tortoise
[17/12/2013 17:42:35] /m tortoise
[17/12/2013 17:42:35] /m tortoise
[17/12/2013 17:42:36] /m tortoise
[17/12/2013 17:42:36] /m tortoise
[17/12/2013 17:42:37] /m tortoise
[17/12/2013 17:42:38] /m tortoise
[17/12/2013 17:42:38] /m tortoise
[17/12/2013 17:42:39] /m tortoise
[17/12/2013 17:42:39] /m tortoise
[17/12/2013 17:42:39] /m tortoise
[17/12/2013 17:42:39] /m tortoise
[17/12/2013 17:42:40] /m tortoise
[17/12/2013 17:42:40] /m tortoise
[17/12/2013 17:42:41] /m tortoise
[17/12/2013 17:42:41] /m tortoise
[17/12/2013 17:42:41] /m tortoise
[17/12/2013 17:44:14] /t
[17/12/2013 17:44:34] /i food
[17/12/2013 17:44:41] /i 
[17/12/2013 17:44:52] /i ham
[17/12/2013 17:45:04] /i ham
[17/12/2013 17:45:04] /i ham
[17/12/2013 17:45:05] /i ham
[17/12/2013 17:45:05] /i ham
[17/12/2013 17:45:05] /i ham
[17/12/2013 17:45:06] /i ham
[17/12/2013 17:45:06] /i ham
[17/12/2013 17:45:07] /i ham
[17/12/2013 17:45:07] /i ham
[17/12/2013 17:45:08] /i ham
[17/12/2013 17:45:45] /i solar axe
[17/12/2013 17:48:11] /i kunai
[17/12/2013 17:48:13] /i kunai
[17/12/2013 17:48:13] /i kunai
[17/12/2013 17:48:14] /i kunai
[17/12/2013 17:48:15] /i kunai
[17/12/2013 17:48:15] /i kunai
[17/12/2013 17:48:47] /t
[17/12/2013 17:49:07] /i potion
[17/12/2013 17:49:15] /i great potion
[17/12/2013 20:10:18] /i 2304
[17/12/2013 22:00:04] /m troll
[17/12/2013 22:15:12] /i ham
[17/12/2013 22:18:08] /m tortoise
[17/12/2013 22:18:09] /m tortoise
[17/12/2013 22:18:09] /m tortoise
[17/12/2013 22:18:10] /m tortoise
[17/12/2013 22:18:10] /m tortoise
[17/12/2013 22:18:11] /m tortoise
[17/12/2013 22:18:11] /m tortoise
[17/12/2013 22:18:14] /m tortoise
[17/12/2013 22:18:14] /m tortoise
[17/12/2013 22:18:15] /m tortoise
[17/12/2013 22:18:15] /m tortoise
[17/12/2013 22:18:16] /m tortoise
[17/12/2013 22:18:16] /m tortoise
[17/12/2013 22:18:19] /a 
[17/12/2013 22:18:21] /m tortoise
[17/12/2013 22:18:21] /m tortoise
[17/12/2013 22:18:22] /m tortoise
[17/12/2013 22:18:22] /m tortoise
[17/12/2013 22:18:23] /m tortoise
[17/12/2013 22:18:26] /a
[17/12/2013 22:18:28] /m tortoise
[17/12/2013 22:18:29] /m tortoise
[17/12/2013 22:18:29] /m tortoise
[17/12/2013 22:25:50] /m troll
[17/12/2013 22:25:52] /m troll
[17/12/2013 22:25:52] /m troll
[17/12/2013 22:25:53] /m troll
[17/12/2013 22:25:53] /m troll
[17/12/2013 22:25:55] /m troll
[17/12/2013 22:25:55] /m troll
[17/12/2013 22:25:56] /m troll
[17/12/2013 22:25:56] /m troll
[17/12/2013 22:25:57] /m troll
[17/12/2013 22:25:58] /m troll
[17/12/2013 22:25:58] /m troll
[17/12/2013 22:25:58] /m troll
[17/12/2013 22:27:57] /m tortoise
[17/12/2013 22:27:58] /m tortoise
[17/12/2013 22:27:58] /m tortoise
[17/12/2013 22:27:59] /m tortoise
[17/12/2013 22:27:59] /m tortoise
[17/12/2013 22:28:00] /m tortoise
[17/12/2013 22:28:00] /m tortoise
[17/12/2013 22:28:01] /m tortoise
[17/12/2013 22:28:01] /m tortoise
[17/12/2013 22:28:01] /m tortoise
[17/12/2013 22:28:01] /m tortoise
[17/12/2013 22:28:01] /m tortoise
[17/12/2013 22:28:02] /m tortoise
[17/12/2013 22:28:03] /m tortoise
[17/12/2013 22:28:03] /m tortoise
[17/12/2013 22:28:04] /m tortoise
[17/12/2013 22:28:04] /m tortoise
[17/12/2013 22:28:04] /m tortoise
[17/12/2013 22:28:04] /m tortoise
[17/12/2013 22:28:05] /m tortoise
[17/12/2013 22:28:05] /m tortoise
[17/12/2013 22:28:05] /m tortoise
[17/12/2013 22:28:05] /m tortoise
[17/12/2013 22:28:06] /m tortoise
[17/12/2013 22:28:06] /m tortoise
[17/12/2013 22:28:07] /m tortoise
[17/12/2013 22:28:07] /m tortoise
[17/12/2013 22:28:09] /m tortoise
[17/12/2013 22:28:09] /m tortoise
[17/12/2013 22:28:09] /m tortoise
[17/12/2013 22:28:09] /m tortoise
[17/12/2013 22:28:11] /m tortoise
[17/12/2013 22:28:11] /m tortoise
[17/12/2013 22:28:11] /m tortoise
[17/12/2013 22:28:12] /m tortoise
[17/12/2013 22:28:12] /m tortoise
[17/12/2013 22:28:13] /m tortoise
[17/12/2013 22:28:15] /m tortoise
[17/12/2013 22:28:15] /m tortoise
[17/12/2013 22:28:15] /m tortoise
[17/12/2013 22:28:15] /m tortoise
[17/12/2013 22:28:16] /m tortoise
[17/12/2013 22:28:18] /m tortoise
[17/12/2013 22:28:18] /m tortoise
[17/12/2013 22:28:18] /m tortoise
[17/12/2013 22:28:20] /m tortoise
[17/12/2013 22:28:20] /m tortoise
[17/12/2013 22:28:22] /m tortoise
[17/12/2013 22:28:22] /m tortoise
[17/12/2013 22:28:23] /m tortoise
[17/12/2013 22:28:24] /m tortoise
[17/12/2013 22:28:24] /m tortoise
[17/12/2013 22:28:24] /m tortoise
[17/12/2013 22:28:26] /m tortoise
[17/12/2013 22:28:26] /m tortoise
[17/12/2013 22:28:27] /m tortoise
[17/12/2013 22:28:28] /m tortoise
[17/12/2013 22:28:29] /m tortoise
[17/12/2013 22:28:30] /m tortoise
[17/12/2013 22:28:30] /m tortoise
[17/12/2013 22:28:32] /m tortoise
[17/12/2013 22:28:32] /m tortoise
[17/12/2013 22:28:32] /m tortoise
[17/12/2013 22:28:33] /m tortoise
[17/12/2013 22:28:33] /m tortoise
[17/12/2013 22:28:35] /m tortoise
[17/12/2013 22:28:36] /m tortoise
[17/12/2013 22:28:38] /m tortoise
[17/12/2013 22:28:38] /m tortoise
[18/12/2013 02:58:24] /i 2277
[18/12/2013 03:13:00] /m troll
[18/12/2013 03:13:22] /m troll
[18/12/2013 03:15:24] /m troll
[18/12/2013 03:20:13] /m troll
[18/12/2013 03:40:22] /m troll
[18/12/2013 20:21:34] /m tortoise
[18/12/2013 20:21:34] /m tortoise
[18/12/2013 20:21:35] /m tortoise
[18/12/2013 20:21:35] /m tortoise
[18/12/2013 20:21:36] /m tortoise
[18/12/2013 21:16:10] /m tortoise
[18/12/2013 21:16:11] /m tortoise
[18/12/2013 21:16:12] /m tortoise
[18/12/2013 21:16:12] /m tortoise
[18/12/2013 21:16:12] /m tortoise
[18/12/2013 21:16:13] /m tortoise
[18/12/2013 21:16:13] /m tortoise
[18/12/2013 21:16:14] /m tortoise
[18/12/2013 21:35:40] /m troll
[18/12/2013 21:35:43] /m troll
[18/12/2013 21:35:44] /m troll
[18/12/2013 21:35:44] /m troll
[18/12/2013 21:36:18] /m tortoise
[18/12/2013 21:36:19] /m tortoise
[18/12/2013 21:36:19] /m tortoise
[18/12/2013 21:36:20] /m tortoise
[18/12/2013 21:36:20] /m tortoise
[18/12/2013 21:36:20] /m tortoise
[18/12/2013 21:36:21] /m tortoise
[18/12/2013 21:36:21] /m tortoise
[18/12/2013 21:36:38] /m tortoise
[18/12/2013 21:36:38] /m tortoise
[18/12/2013 21:36:39] /m tortoise
[18/12/2013 21:36:39] /m tortoise
[18/12/2013 21:36:40] /m tortoise
[18/12/2013 21:36:40] /m tortoise
[18/12/2013 21:37:37] /m tortoise
[18/12/2013 21:50:23] /m troll
[18/12/2013 21:50:24] /m troll
[18/12/2013 21:50:24] /m troll
[18/12/2013 21:50:25] /m troll
[18/12/2013 21:50:25] /m troll
[18/12/2013 21:50:25] /m troll
[18/12/2013 21:50:26] /m troll
[18/12/2013 21:50:26] /m troll
[18/12/2013 21:50:28] /m troll/a 
[18/12/2013 21:50:29] /a
[18/12/2013 21:50:33] /m troll
[18/12/2013 21:50:33] /m troll
[18/12/2013 21:50:34] /m troll
[18/12/2013 21:50:34] /m troll
[18/12/2013 21:50:35] /m troll
[18/12/2013 21:50:35] /m troll
[18/12/2013 21:50:35] /m troll
[18/12/2013 21:50:36] /m troll
[18/12/2013 21:50:39] /a
[18/12/2013 21:50:44] /m troll
[18/12/2013 21:50:44] /m troll
[18/12/2013 21:50:45] /m troll
[18/12/2013 21:50:45] /m troll
[18/12/2013 21:50:46] /m troll
[18/12/2013 21:50:46] /m troll
[18/12/2013 21:50:47] /m troll
[18/12/2013 21:50:47] /m troll
[18/12/2013 21:50:49] /a
[18/12/2013 21:50:54] /m tortoise
[18/12/2013 21:50:55] /m tortoise
[18/12/2013 21:50:55] /m tortoise
[18/12/2013 21:50:56] /m tortoise
[18/12/2013 21:50:56] /m tortoise
[18/12/2013 21:50:56] /m tortoise
[18/12/2013 21:50:57] /m tortoise
[18/12/2013 21:50:57] /m tortoise
[18/12/2013 21:50:58] /a
[18/12/2013 21:51:00] /m tortoise
[18/12/2013 21:51:01] /m tortoise
[18/12/2013 21:51:01] /m tortoise
[18/12/2013 21:51:02] /m tortoise
[18/12/2013 21:51:02] /m tortoise
[18/12/2013 21:51:02] /m tortoise
[18/12/2013 21:51:03] /m tortoise
[18/12/2013 21:51:03] /m tortoise
[18/12/2013 21:56:20] /m troll
[18/12/2013 21:56:21] /m troll
[18/12/2013 21:56:21] /m troll
[18/12/2013 21:56:21] /m troll
[18/12/2013 21:56:22] /m troll
[18/12/2013 21:56:22] /m troll
[19/12/2013 00:45:43] /m troll
[19/12/2013 00:45:43] /m troll
[19/12/2013 00:45:43] /m troll
[19/12/2013 00:45:44] /m troll
[19/12/2013 00:45:44] /m troll
[19/12/2013 00:45:45] /m troll
[19/12/2013 00:45:45] /m troll
[19/12/2013 00:45:46] /m troll
[19/12/2013 02:13:28] /i mana potion
[19/12/2013 02:13:29] /i mana potion
[19/12/2013 02:13:29] /i mana potion
[19/12/2013 02:13:29] /i mana potion
[19/12/2013 02:13:29] /i mana potion
[19/12/2013 02:13:29] /i mana potion
[19/12/2013 02:13:29] /i mana potion
[19/12/2013 02:13:29] /i mana potion
[19/12/2013 02:13:29] /i mana potion
[19/12/2013 02:13:29] /i mana potion
[19/12/2013 02:13:29] /i mana potion
[19/12/2013 02:13:29] /i mana potion
[19/12/2013 02:13:29] /i mana potion
[19/12/2013 02:13:29] /i mana potion
[19/12/2013 02:13:29] /i mana potion
[19/12/2013 02:13:29] /i mana potion
[19/12/2013 02:13:29] /i mana potion
[19/12/2013 02:13:29] /i mana potion
[19/12/2013 02:13:29] /i mana potion
[19/12/2013 02:13:29] /i mana potion
[19/12/2013 02:13:29] /i mana potion
[19/12/2013 02:13:29] /i mana potion
[19/12/2013 02:13:29] /i mana potion
[19/12/2013 02:13:29] /i mana potion
[19/12/2013 02:13:29] /i mana potion
[19/12/2013 02:13:29] /i mana potion
[19/12/2013 02:13:29] /i mana potion
[19/12/2013 02:13:30] /i mana potion
[19/12/2013 02:13:30] /i mana potion
[19/12/2013 02:13:30] /i mana potion
[19/12/2013 02:13:30] /i mana potion
[19/12/2013 02:13:30] /i mana potion
[19/12/2013 02:13:30] /i mana potion
[19/12/2013 02:13:30] /i mana potion
[19/12/2013 02:13:30] /i mana potion
[19/12/2013 02:13:30] /i mana potion
[19/12/2013 02:13:30] /i mana potion
[19/12/2013 02:13:30] /i mana potion
[19/12/2013 02:13:30] /i mana potion
[19/12/2013 02:13:30] /i mana potion
[19/12/2013 02:13:30] /i mana potion
[19/12/2013 02:13:30] /i mana potion
[19/12/2013 02:13:30] /i mana potion
[19/12/2013 02:13:30] /i mana potion
[19/12/2013 02:13:30] /i mana potion
[19/12/2013 02:13:30] /i mana potion
[19/12/2013 02:13:30] /i mana potion
[19/12/2013 02:13:30] /i mana potion
[19/12/2013 02:13:30] /i mana potion
[19/12/2013 02:13:30] /i mana potion
[19/12/2013 02:13:30] /i mana potion
[19/12/2013 02:13:30] /i mana potion
[19/12/2013 02:13:30] /i mana potion
[19/12/2013 02:13:30] /i mana potion
[19/12/2013 02:13:31] /i mana potion
[19/12/2013 02:13:31] /i mana potion
[19/12/2013 02:13:31] /i mana potion
[19/12/2013 02:13:31] /i mana potion
[19/12/2013 02:13:31] /i mana potion
[19/12/2013 02:13:31] /i mana potion
[19/12/2013 02:13:31] /i mana potion
[19/12/2013 02:13:31] /i mana potion
[19/12/2013 02:13:31] /i mana potion
[19/12/2013 02:13:31] /i mana potion
[19/12/2013 02:13:31] /i mana potion
[19/12/2013 02:13:31] /i mana potion
[19/12/2013 02:13:31] /i mana potion
[19/12/2013 02:13:31] /i mana potion
[19/12/2013 02:13:31] /i mana potion
[19/12/2013 02:13:31] /i mana potion
[19/12/2013 02:13:31] /i mana potion
[19/12/2013 02:13:31] /i mana potion
[19/12/2013 02:13:31] /i mana potion
[19/12/2013 02:13:31] /i mana potion
[19/12/2013 02:13:31] /i mana potion
[19/12/2013 02:13:31] /i mana potion
[19/12/2013 02:13:31] /i mana potion
[19/12/2013 02:13:31] /i mana potion
[19/12/2013 02:13:31] /i mana potion
[19/12/2013 02:13:31] /i mana potion
[19/12/2013 02:13:31] /i mana potion
[19/12/2013 02:13:31] /i mana potion
[19/12/2013 02:13:32] /i mana potion
[19/12/2013 02:13:32] /i mana potion
[19/12/2013 02:13:32] /i mana potion
[19/12/2013 02:13:32] /i mana potion
[19/12/2013 02:13:32] /i mana potion
[19/12/2013 02:13:32] /i mana potion
[19/12/2013 02:13:32] /i mana potion
[19/12/2013 02:13:32] /i mana potion
[19/12/2013 02:13:32] /i mana potion
[19/12/2013 02:13:32] /i mana potion
[19/12/2013 02:13:32] /i mana potion
[19/12/2013 02:13:32] /i mana potion
[19/12/2013 02:13:32] /i mana potion
[19/12/2013 02:13:32] /i mana potion
[19/12/2013 02:13:32] /i mana potion
[19/12/2013 02:13:32] /i mana potion
[19/12/2013 02:13:32] /i mana potion
[19/12/2013 02:13:32] /i mana potion
[19/12/2013 02:13:32] /i mana potion
[19/12/2013 02:13:32] /i mana potion
[19/12/2013 02:13:32] /i mana potion
[19/12/2013 02:13:32] /i mana potion
[19/12/2013 02:13:32] /i mana potion
[19/12/2013 02:13:32] /i mana potion
[19/12/2013 02:13:32] /i mana potion
[19/12/2013 02:13:32] /i mana potion
[19/12/2013 02:13:32] /i mana potion
[19/12/2013 02:13:32] /i mana potion
[19/12/2013 02:13:33] /i mana potion
[19/12/2013 02:13:33] /i mana potion
[19/12/2013 02:13:33] /i mana potion
[19/12/2013 02:13:33] /i mana potion
[19/12/2013 02:13:33] /i mana potion
[19/12/2013 02:13:33] /i mana potion
[19/12/2013 02:13:33] /i mana potion
[19/12/2013 02:13:33] /i mana potion
[19/12/2013 02:13:33] /i mana potion
[19/12/2013 02:13:33] /i mana potion
[19/12/2013 02:13:33] /i mana potion
[19/12/2013 02:13:33] /i mana potion
[19/12/2013 02:13:33] /i mana potion
[19/12/2013 02:13:33] /i mana potion
[19/12/2013 02:13:33] /i mana potion
[19/12/2013 02:13:33] /i mana potion
[19/12/2013 02:13:33] /i mana potion
[19/12/2013 02:13:33] /i mana potion
[19/12/2013 02:13:33] /i mana potion
[19/12/2013 02:13:33] /i mana potion
[19/12/2013 02:13:33] /i mana potion
[19/12/2013 02:13:34] /i mana potion
[19/12/2013 02:13:34] /i mana potion
[19/12/2013 02:13:34] /i mana potion
[19/12/2013 02:13:34] /i mana potion
[19/12/2013 02:13:34] /i mana potion
[19/12/2013 02:13:34] /i mana potion
[19/12/2013 02:13:34] /i mana potion
[19/12/2013 02:13:34] /i mana potion
[19/12/2013 02:13:34] /i mana potion
[19/12/2013 02:13:34] /i mana potion
[19/12/2013 02:13:34] /i mana potion
[19/12/2013 02:13:34] /i mana potion
[19/12/2013 02:13:34] /i mana potion
[19/12/2013 02:13:34] /i mana potion
[19/12/2013 02:13:34] /i mana potion
[19/12/2013 02:13:34] /i mana potion
[19/12/2013 02:13:34] /i mana potion
[19/12/2013 02:13:34] /i mana potion
[19/12/2013 02:13:34] /i mana potion
[19/12/2013 02:13:34] /i mana potion
[19/12/2013 02:13:34] /i mana potion
[19/12/2013 02:13:34] /i mana potion
[19/12/2013 02:13:34] /i mana potion
[19/12/2013 02:13:34] /i mana potion
[19/12/2013 02:13:34] /i mana potion
[19/12/2013 02:13:35] /i mana potion
[19/12/2013 02:13:35] /i mana potion
[19/12/2013 02:13:35] /i mana potion
[19/12/2013 02:13:35] /i mana potion
[19/12/2013 02:13:35] /i mana potion
[19/12/2013 02:13:35] /i mana potion
[19/12/2013 02:13:35] /i mana potion
[19/12/2013 02:13:35] /i mana potion
[19/12/2013 02:13:35] /i mana potion
[19/12/2013 02:13:35] /i mana potion
[19/12/2013 02:13:35] /i mana potion
[19/12/2013 02:13:35] /i mana potion
[19/12/2013 02:13:35] /i mana potion
[19/12/2013 02:13:35] /i mana potion
[19/12/2013 02:13:35] /i mana potion
[19/12/2013 02:13:35] /i mana potion
[19/12/2013 02:13:35] /i mana potion
[19/12/2013 02:13:35] /i mana potion
[19/12/2013 02:13:35] /i mana potion
[19/12/2013 02:13:35] /i mana potion
[19/12/2013 02:13:35] /i mana potion
[19/12/2013 02:13:35] /i mana potion
[19/12/2013 02:13:35] /i mana potion
[19/12/2013 02:13:35] /i mana potion
[19/12/2013 02:13:36] /i mana potion
[19/12/2013 02:13:36] /i mana potion
[19/12/2013 02:13:36] /i mana potion
[19/12/2013 02:13:36] /i mana potion
[19/12/2013 02:13:36] /i mana potion
[19/12/2013 02:13:36] /i mana potion
[19/12/2013 02:13:36] /i mana potion
[19/12/2013 02:13:36] /i mana potion
[19/12/2013 02:13:36] /i mana potion
[19/12/2013 02:13:36] /i mana potion
[19/12/2013 02:13:36] /i mana potion
[19/12/2013 02:13:36] /i mana potion
[19/12/2013 02:13:36] /i mana potion
[19/12/2013 02:13:36] /i mana potion
[19/12/2013 02:13:36] /i mana potion
[19/12/2013 02:13:36] /i mana potion
[19/12/2013 02:13:36] /i mana potion
[19/12/2013 02:13:36] /i mana potion
[19/12/2013 02:13:36] /i mana potion
[19/12/2013 02:13:36] /i mana potion
[19/12/2013 02:13:36] /i mana potion
[19/12/2013 02:13:36] /i mana potion
[19/12/2013 02:13:36] /i mana potion
[19/12/2013 02:13:36] /i mana potion
[19/12/2013 02:13:37] /i mana potion
[19/12/2013 02:13:37] /i mana potion
[19/12/2013 02:13:37] /i mana potion
[19/12/2013 02:13:37] /i mana potion
[19/12/2013 02:13:37] /i mana potion
[19/12/2013 02:13:37] /i mana potion
[19/12/2013 02:13:37] /i mana potion
[19/12/2013 02:13:37] /i mana potion
[19/12/2013 02:13:37] /i mana potion
[19/12/2013 02:13:37] /i mana potion
[19/12/2013 02:13:37] /i mana potion
[19/12/2013 02:13:37] /i mana potion
[19/12/2013 02:13:37] /i mana potion
[19/12/2013 02:13:37] /i mana potion
[19/12/2013 02:13:37] /i mana potion
[19/12/2013 02:13:37] /i mana potion
[19/12/2013 02:13:37] /i mana potion
[19/12/2013 02:13:37] /i mana potion
[19/12/2013 02:13:37] /i mana potion
[19/12/2013 02:13:37] /i mana potion
[19/12/2013 02:13:37] /i mana potion
[19/12/2013 02:13:37] /i mana potion
[19/12/2013 02:13:38] /i mana potion
[19/12/2013 02:13:38] /i mana potion
[19/12/2013 02:13:38] /i mana potion
[19/12/2013 02:13:38] /i mana potion
[19/12/2013 02:13:38] /i mana potion
[19/12/2013 02:13:38] /i mana potion
[19/12/2013 02:13:38] /i mana potion
[19/12/2013 02:13:38] /i mana potion
[19/12/2013 02:13:38] /i mana potion
[19/12/2013 02:13:38] /i mana potion
[19/12/2013 02:13:38] /i mana potion
[19/12/2013 02:13:38] /i mana potion
[19/12/2013 02:13:38] /i mana potion
[19/12/2013 02:13:38] /i mana potion
[19/12/2013 02:13:38] /i mana potion
[19/12/2013 02:13:38] /i mana potion
[19/12/2013 02:13:38] /i mana potion
[19/12/2013 02:13:38] /i mana potion
[19/12/2013 02:13:38] /i mana potion
[19/12/2013 02:13:38] /i mana potion
[19/12/2013 02:13:38] /i mana potion
[19/12/2013 02:13:39] /i mana potion
[19/12/2013 02:13:39] /i mana potion
[19/12/2013 02:13:39] /i mana potion
[19/12/2013 02:13:39] /i mana potion
[19/12/2013 02:13:39] /i mana potion
[19/12/2013 02:13:39] /i mana potion
[19/12/2013 02:13:39] /i mana potion
[19/12/2013 02:13:39] /i mana potion
[19/12/2013 02:13:39] /i mana potion
[19/12/2013 02:13:39] /i mana potion
[19/12/2013 02:13:39] /i mana potion
[19/12/2013 02:13:39] /i mana potion
[19/12/2013 02:13:39] /i mana potion
[19/12/2013 02:13:39] /i mana potion
[19/12/2013 02:13:39] /i mana potion
[19/12/2013 02:13:39] /i mana potion
[19/12/2013 02:13:39] /i mana potion
[19/12/2013 02:13:39] /i mana potion
[19/12/2013 02:13:39] /i mana potion
[19/12/2013 02:13:39] /i mana potion
[19/12/2013 02:13:39] /i mana potion
[19/12/2013 02:13:39] /i mana potion
[19/12/2013 02:13:40] /i mana potion
[19/12/2013 02:13:40] /i mana potion
[19/12/2013 02:13:40] /i mana potion
[19/12/2013 02:13:40] /i mana potion
[19/12/2013 02:13:40] /i mana potion
[19/12/2013 02:13:40] /i mana potion
[19/12/2013 02:13:40] /i mana potion
[19/12/2013 02:13:40] /i mana potion
[19/12/2013 02:13:40] /i mana potion
[19/12/2013 02:13:40] /i mana potion
[19/12/2013 02:13:40] /i mana potion
[19/12/2013 02:13:40] /i mana potion
[19/12/2013 02:13:40] /i mana potion
[19/12/2013 02:13:40] /i mana potion
[19/12/2013 02:13:40] /i mana potion
[19/12/2013 02:13:40] /i mana potion
[19/12/2013 02:13:40] /i mana potion
[19/12/2013 02:13:40] /i mana potion
[19/12/2013 02:13:40] /i mana potion
[19/12/2013 02:13:40] /i mana potion
[19/12/2013 02:13:40] /i mana potion
[19/12/2013 02:13:40] /i mana potion
[19/12/2013 02:13:41] /i mana potion
[19/12/2013 02:13:41] /i mana potion
[19/12/2013 02:13:41] /i mana potion
[19/12/2013 02:13:41] /i mana potion
[19/12/2013 02:13:41] /i mana potion
[19/12/2013 02:13:41] /i mana potion
[19/12/2013 02:13:41] /i mana potion
[19/12/2013 02:13:41] /i mana potion
[19/12/2013 02:13:41] /i mana potion
[19/12/2013 02:13:41] /i mana potion
[19/12/2013 02:13:41] /i mana potion
[19/12/2013 02:13:41] /i mana potion
[19/12/2013 02:13:41] /i mana potion
[19/12/2013 02:13:41] /i mana potion
[19/12/2013 02:13:41] /i mana potion
[19/12/2013 02:13:41] /i mana potion
[19/12/2013 02:13:41] /i mana potion
[19/12/2013 02:13:41] /i mana potion
[19/12/2013 02:13:41] /i mana potion
[19/12/2013 02:13:41] /i mana potion
[19/12/2013 02:13:41] /i mana potion
[19/12/2013 02:13:41] /i mana potion
[19/12/2013 02:13:42] /i mana potion
[19/12/2013 02:13:42] /i mana potion
[19/12/2013 02:13:42] /i mana potion
[19/12/2013 02:13:42] /i mana potion
[19/12/2013 02:13:42] /i mana potion
[19/12/2013 02:13:42] /i mana potion
[19/12/2013 02:13:42] /i mana potion
[19/12/2013 02:13:42] /i mana potion
[19/12/2013 02:13:42] /i mana potion
[19/12/2013 02:13:42] /i mana potion
[19/12/2013 02:13:42] /i mana potion
[19/12/2013 02:13:42] /i mana potion
[19/12/2013 02:13:42] /i mana potion
[19/12/2013 02:13:42] /i mana potion
[19/12/2013 02:13:42] /i mana potion
[19/12/2013 02:13:42] /i mana potion
[19/12/2013 02:13:42] /i mana potion
[19/12/2013 02:13:42] /i mana potion
[19/12/2013 02:13:42] /i mana potion
[19/12/2013 02:13:42] /i mana potion
[19/12/2013 02:13:42] /i mana potion
[19/12/2013 02:13:42] /i mana potion
[19/12/2013 02:13:43] /i mana potion
[19/12/2013 02:13:43] /i mana potion
[19/12/2013 02:13:43] /i mana potion
[19/12/2013 02:13:43] /i mana potion
[19/12/2013 02:13:43] /i mana potion
[19/12/2013 02:13:43] /i mana potion
[19/12/2013 02:13:43] /i mana potion
[19/12/2013 02:13:43] /i mana potion
[19/12/2013 02:13:43] /i mana potion
[19/12/2013 02:13:43] /i mana potion
[19/12/2013 02:13:43] /i mana potion
[19/12/2013 02:13:43] /i mana potion
[19/12/2013 02:13:43] /i mana potion
[19/12/2013 02:13:43] /i mana potion
[19/12/2013 02:13:43] /i mana potion
[19/12/2013 02:13:43] /i mana potion
[19/12/2013 02:13:43] /i mana potion
[19/12/2013 02:13:43] /i mana potion
[19/12/2013 02:13:43] /i mana potion
[19/12/2013 02:13:43] /i mana potion
[19/12/2013 02:13:43] /i mana potion
[19/12/2013 02:13:43] /i mana potion
[19/12/2013 02:13:43] /i mana potion
[19/12/2013 02:13:43] /i mana potion
[19/12/2013 02:13:44] /i mana potion
[19/12/2013 02:13:44] /i mana potion
[19/12/2013 02:13:44] /i mana potion
[19/12/2013 02:13:44] /i mana potion
[19/12/2013 02:13:44] /i mana potion
[19/12/2013 02:13:44] /i mana potion
[19/12/2013 02:13:44] /i mana potion
[19/12/2013 02:13:44] /i mana potion
[19/12/2013 02:13:44] /i mana potion
[19/12/2013 02:13:44] /i mana potion
[19/12/2013 02:13:44] /i mana potion
[19/12/2013 02:13:44] /i mana potion
[19/12/2013 02:13:44] /i mana potion
[19/12/2013 02:13:52] /i ham
[19/12/2013 16:22:31] /i ham
[19/12/2013 16:23:16] /i mana potion
[19/12/2013 16:23:18] /i mana potion
[19/12/2013 16:23:18] /i mana potion
[19/12/2013 16:23:18] /i mana potion
[19/12/2013 16:23:18] /i mana potion
[19/12/2013 16:23:18] /i mana potion
[19/12/2013 16:23:18] /i mana potion
[19/12/2013 16:23:18] /i mana potion
[19/12/2013 16:23:18] /i mana potion
[19/12/2013 16:23:18] /i mana potion
[19/12/2013 16:23:18] /i mana potion
[19/12/2013 16:23:18] /i mana potion
[19/12/2013 16:23:18] /i mana potion
[19/12/2013 16:23:18] /i mana potion
[19/12/2013 16:23:18] /i mana potion
[19/12/2013 16:23:18] /i mana potion
[19/12/2013 16:23:18] /i mana potion
[19/12/2013 16:23:18] /i mana potion
[19/12/2013 16:23:18] /i mana potion
[19/12/2013 16:23:18] /i mana potion
[19/12/2013 16:23:18] /i mana potion
[19/12/2013 16:23:18] /i mana potion
[19/12/2013 16:23:18] /i mana potion
[19/12/2013 16:23:18] /i mana potion
[19/12/2013 16:23:18] /i mana potion
[19/12/2013 16:23:18] /i mana potion
[19/12/2013 16:23:19] /i mana potion
[19/12/2013 16:23:19] /i mana potion
[19/12/2013 16:23:19] /i mana potion
[19/12/2013 16:23:19] /i mana potion
[19/12/2013 16:23:19] /i mana potion
[19/12/2013 16:23:19] /i mana potion
[19/12/2013 16:23:19] /i mana potion
[19/12/2013 16:23:19] /i mana potion
[19/12/2013 16:23:19] /i mana potion
[19/12/2013 16:23:19] /i mana potion
[19/12/2013 16:23:19] /i mana potion
[19/12/2013 16:23:20] /i mana potion
[19/12/2013 16:23:20] /i mana potion
[19/12/2013 16:23:20] /i mana potion
[19/12/2013 16:23:20] /i mana potion
[19/12/2013 16:23:20] /i mana potion
[19/12/2013 16:23:20] /i mana potion
[19/12/2013 16:23:20] /i mana potion
[19/12/2013 16:23:20] /i mana potion
[19/12/2013 16:23:20] /i mana potion
[19/12/2013 16:23:20] /i mana potion
[19/12/2013 16:23:20] /i mana potion
[19/12/2013 16:23:20] /i mana potion
[19/12/2013 16:23:20] /i mana potion
[19/12/2013 16:23:20] /i mana potion
[19/12/2013 16:23:20] /i mana potion
[19/12/2013 16:23:20] /i mana potion
[19/12/2013 16:23:20] /i mana potion
[19/12/2013 16:23:20] /i mana potion
[19/12/2013 16:23:20] /i mana potion
[19/12/2013 16:23:20] /i mana potion
[19/12/2013 16:23:20] /i mana potion
[19/12/2013 16:23:20] /i mana potion
[19/12/2013 16:23:20] /i mana potion
[19/12/2013 16:23:20] /i mana potion
[19/12/2013 16:23:20] /i mana potion
[19/12/2013 16:23:20] /i mana potion
[19/12/2013 16:23:20] /i mana potion
[19/12/2013 16:23:20] /i mana potion
[19/12/2013 16:23:21] /i mana potion
[19/12/2013 16:23:21] /i mana potion
[19/12/2013 16:23:21] /i mana potion
[19/12/2013 16:23:21] /i mana potion
[19/12/2013 16:23:21] /i mana potion
[19/12/2013 16:23:21] /i mana potion
[19/12/2013 16:23:21] /i mana potion
[19/12/2013 16:23:21] /i mana potion
[19/12/2013 16:23:21] /i mana potion
[19/12/2013 16:23:21] /i mana potion
[19/12/2013 16:23:21] /i mana potion
[19/12/2013 16:23:21] /i mana potion
[19/12/2013 16:23:21] /i mana potion
[19/12/2013 16:23:21] /i mana potion
[19/12/2013 16:23:21] /i mana potion
[19/12/2013 16:23:21] /i mana potion
[19/12/2013 16:23:21] /i mana potion
[19/12/2013 16:23:21] /i mana potion
[19/12/2013 16:23:21] /i mana potion
[19/12/2013 16:23:21] /i mana potion
[19/12/2013 16:23:21] /i mana potion
[19/12/2013 16:23:21] /i mana potion
[19/12/2013 16:23:21] /i mana potion
[19/12/2013 16:23:21] /i mana potion
[19/12/2013 16:23:21] /i mana potion
[19/12/2013 16:23:21] /i mana potion
[19/12/2013 16:23:21] /i mana potion
[19/12/2013 16:23:21] /i mana potion
[19/12/2013 16:23:22] /i mana potion
[19/12/2013 16:23:22] /i mana potion
[19/12/2013 16:23:22] /i mana potion
[19/12/2013 16:23:22] /i mana potion
[19/12/2013 16:23:22] /i mana potion
[19/12/2013 16:23:22] /i mana potion
[19/12/2013 16:23:22] /i mana potion
[19/12/2013 16:23:22] /i mana potion
[19/12/2013 16:23:22] /i mana potion
[19/12/2013 16:23:22] /i mana potion
[19/12/2013 16:23:22] /i mana potion
[19/12/2013 16:23:22] /i mana potion
[19/12/2013 16:23:22] /i mana potion
[19/12/2013 16:23:22] /i mana potion
[19/12/2013 16:23:22] /i mana potion
[19/12/2013 16:23:22] /i mana potion
[19/12/2013 16:23:22] /i mana potion
[19/12/2013 16:23:22] /i mana potion
[19/12/2013 16:23:22] /i mana potion
[19/12/2013 16:23:22] /i mana potion
[19/12/2013 16:23:22] /i mana potion
[19/12/2013 16:23:22] /i mana potion
[19/12/2013 16:23:22] /i mana potion
[19/12/2013 16:23:22] /i mana potion
[19/12/2013 16:23:22] /i mana potion
[19/12/2013 16:23:22] /i mana potion
[19/12/2013 16:23:23] /i mana potion
[19/12/2013 16:23:23] /i mana potion
[19/12/2013 16:23:23] /i mana potion
[19/12/2013 16:23:23] /i mana potion
[19/12/2013 16:23:23] /i mana potion
[19/12/2013 16:23:23] /i mana potion
[19/12/2013 16:23:23] /i mana potion
[19/12/2013 16:23:23] /i mana potion
[19/12/2013 16:23:23] /i mana potion
[19/12/2013 16:23:23] /i mana potion
[19/12/2013 16:23:23] /i mana potion
[19/12/2013 16:23:23] /i mana potion
[19/12/2013 16:23:23] /i mana potion
[19/12/2013 16:23:23] /i mana potion
[19/12/2013 16:23:23] /i mana potion
[19/12/2013 16:23:23] /i mana potion
[19/12/2013 16:23:23] /i mana potion
[19/12/2013 16:23:23] /i mana potion
[19/12/2013 16:23:23] /i mana potion
[19/12/2013 16:23:23] /i mana potion
[19/12/2013 16:23:23] /i mana potion
[19/12/2013 16:23:23] /i mana potion
[19/12/2013 16:23:23] /i mana potion
[19/12/2013 16:23:23] /i mana potion
[19/12/2013 16:23:24] /i mana potion
[19/12/2013 16:23:24] /i mana potion
[19/12/2013 16:23:24] /i mana potion
[19/12/2013 16:23:24] /i mana potion
[19/12/2013 16:23:24] /i mana potion
[19/12/2013 16:23:24] /i mana potion
[19/12/2013 16:23:24] /i mana potion
[19/12/2013 16:23:24] /i mana potion
[19/12/2013 16:23:24] /i mana potion
[19/12/2013 16:23:24] /i mana potion
[19/12/2013 16:23:24] /i mana potion
[19/12/2013 16:23:24] /i mana potion
[19/12/2013 16:23:24] /i mana potion
[19/12/2013 16:23:24] /i mana potion
[19/12/2013 16:23:24] /i mana potion
[19/12/2013 16:23:24] /i mana potion
[19/12/2013 16:23:24] /i mana potion
[19/12/2013 16:23:24] /i mana potion
[19/12/2013 16:23:24] /i mana potion
[19/12/2013 16:23:24] /i mana potion
[19/12/2013 16:23:24] /i mana potion
[19/12/2013 16:23:24] /i mana potion
[19/12/2013 16:23:24] /i mana potion
[19/12/2013 16:23:24] /i mana potion
[19/12/2013 16:23:25] /i mana potion
[19/12/2013 16:23:25] /i mana potion
[19/12/2013 16:23:25] /i mana potion
[19/12/2013 16:23:25] /i mana potion
[19/12/2013 16:23:25] /i mana potion
[19/12/2013 16:23:25] /i mana potion
[19/12/2013 16:23:25] /i mana potion
[19/12/2013 16:23:25] /i mana potion
[19/12/2013 16:23:25] /i mana potion
[19/12/2013 16:23:25] /i mana potion
[19/12/2013 16:23:25] /i mana potion
[19/12/2013 16:23:25] /i mana potion
[19/12/2013 16:23:25] /i mana potion
[19/12/2013 16:23:25] /i mana potion
[19/12/2013 16:23:25] /i mana potion
[19/12/2013 16:23:25] /i mana potion
[19/12/2013 16:23:25] /i mana potion
[19/12/2013 16:23:25] /i mana potion
[19/12/2013 16:23:25] /i mana potion
[19/12/2013 16:23:25] /i mana potion
[19/12/2013 16:23:25] /i mana potion
[19/12/2013 16:23:25] /i mana potion
[30/12/2013 11:22:23] /m troll
[30/12/2013 11:22:24] /m troll
[30/12/2013 11:22:25] /m troll
[30/12/2013 11:22:55] /m troll
[30/12/2013 11:22:55] /m troll
[30/12/2013 11:22:57] /m troll
[30/12/2013 11:22:57] /m troll
[30/12/2013 11:22:59] /m troll
[30/12/2013 17:55:22] /m tortoise
[30/12/2013 17:55:24] /m tortoise
[30/12/2013 17:56:35] /r
[30/12/2013 17:56:45] /i health potion
[30/12/2013 17:56:59] /i health potion
[30/12/2013 17:56:59] /i health potion
[30/12/2013 17:56:59] /i health potion
[30/12/2013 17:57:00] /i health potion
[30/12/2013 17:57:00] /i health potion
[30/12/2013 17:57:00] /i health potion
[30/12/2013 17:57:00] /i health potion
[30/12/2013 17:57:00] /i health potion
[30/12/2013 17:57:00] /i health potion
[30/12/2013 17:57:00] /i health potion
[30/12/2013 17:57:00] /i health potion
[30/12/2013 17:57:00] /i health potion
[30/12/2013 17:57:00] /i health potion
[30/12/2013 17:57:00] /i health potion
[30/12/2013 17:57:00] /i health potion
[30/12/2013 17:57:00] /i health potion
[30/12/2013 17:57:00] /i health potion
[30/12/2013 17:57:00] /i health potion
[30/12/2013 17:57:00] /i health potion
[30/12/2013 17:57:00] /i health potion
[30/12/2013 17:57:01] /i health potion
[30/12/2013 17:57:01] /i health potion
[30/12/2013 17:57:01] /i health potion
[30/12/2013 17:57:01] /i health potion
[30/12/2013 17:57:01] /i health potion
[30/12/2013 17:57:01] /i health potion
[30/12/2013 17:57:01] /i health potion
[30/12/2013 17:57:01] /i health potion
[30/12/2013 17:57:01] /i health potion
[30/12/2013 17:57:01] /i health potion
[30/12/2013 17:57:01] /i health potion
[30/12/2013 17:57:01] /i health potion
[30/12/2013 17:57:01] /i health potion
[30/12/2013 17:57:01] /i health potion
[30/12/2013 17:57:01] /i health potion
[30/12/2013 17:57:01] /i health potion
[30/12/2013 17:57:01] /i health potion
[30/12/2013 17:57:01] /i health potion
[30/12/2013 17:57:01] /i health potion
[30/12/2013 17:57:01] /i health potion
[30/12/2013 17:57:02] /i health potion
[30/12/2013 17:57:02] /i health potion
[30/12/2013 17:57:02] /i health potion
[30/12/2013 17:57:02] /i health potion
[30/12/2013 17:57:02] /i health potion
[30/12/2013 17:57:02] /i health potion
[30/12/2013 17:57:02] /i health potion
[30/12/2013 17:57:02] /i health potion
[30/12/2013 17:57:02] /i health potion
[30/12/2013 17:57:02] /i health potion
[30/12/2013 17:57:02] /i health potion
[30/12/2013 17:57:02] /i health potion
[30/12/2013 17:57:02] /i health potion
[30/12/2013 17:57:02] /i health potion
[30/12/2013 17:57:02] /i health potion
[30/12/2013 17:57:02] /i health potion
[30/12/2013 17:57:02] /i health potion
[30/12/2013 17:57:02] /i health potion
[30/12/2013 17:57:03] /i health potion
[30/12/2013 17:57:03] /i health potion
[30/12/2013 17:57:03] /i health potion
[30/12/2013 17:57:03] /i health potion
[30/12/2013 17:57:03] /i health potion
[30/12/2013 17:57:03] /i health potion
[30/12/2013 17:57:03] /i health potion
[30/12/2013 17:57:03] /i health potion
[30/12/2013 17:57:03] /i health potion
[30/12/2013 17:57:03] /i health potion
[30/12/2013 17:57:03] /i health potion
[30/12/2013 17:57:03] /i health potion
[30/12/2013 17:57:03] /i health potion
[30/12/2013 17:57:04] /i health potion
[30/12/2013 17:57:04] /i health potion
[30/12/2013 17:57:04] /i health potion
[30/12/2013 17:57:04] /i health potion
[30/12/2013 17:57:04] /i health potion
[30/12/2013 17:57:04] /i health potion
[30/12/2013 17:57:04] /i health potion
[30/12/2013 17:57:04] /i health potion
[30/12/2013 17:57:04] /i health potion
[30/12/2013 17:57:04] /i health potion
[30/12/2013 17:57:04] /i health potion
[30/12/2013 17:57:04] /i health potion
[30/12/2013 17:57:04] /i health potion
[30/12/2013 17:57:04] /i health potion
[30/12/2013 17:57:04] /i health potion
[30/12/2013 17:57:04] /i health potion
[30/12/2013 17:57:05] /i health potion
[30/12/2013 17:57:05] /i health potion
[30/12/2013 17:57:05] /i health potion
[30/12/2013 17:57:05] /i health potion
[30/12/2013 17:57:05] /i health potion
[30/12/2013 17:57:05] /i health potion
[30/12/2013 17:57:05] /i health potion
[30/12/2013 17:57:05] /i health potion
[30/12/2013 17:57:05] /i health potion
[30/12/2013 17:57:05] /i health potion
[30/12/2013 17:57:05] /i health potion
[30/12/2013 17:57:05] /i health potion
[30/12/2013 17:57:05] /i health potion
[30/12/2013 17:57:05] /i health potion
[30/12/2013 17:57:05] /i health potion
[30/12/2013 17:57:05] /i health potion
[30/12/2013 17:57:05] /i health potion
[30/12/2013 17:57:05] /i health potion
[30/12/2013 17:57:06] /i health potion
[30/12/2013 17:57:06] /i health potion
[30/12/2013 17:57:06] /i health potion
[30/12/2013 17:57:06] /i health potion
[30/12/2013 17:57:06] /i health potion
[30/12/2013 17:57:06] /i health potion
[30/12/2013 17:57:06] /i health potion
[30/12/2013 17:57:06] /i health potion
[30/12/2013 17:57:06] /i health potion
[30/12/2013 17:57:06] /i health potion
[30/12/2013 17:57:06] /i health potion
[30/12/2013 17:57:06] /i health potion
[30/12/2013 17:57:06] /i health potion
[30/12/2013 17:57:06] /i health potion
[30/12/2013 17:57:06] /i health potion
[30/12/2013 17:57:07] /i health potion
[30/12/2013 17:57:07] /i health potion
[30/12/2013 17:57:07] /i health potion
[30/12/2013 17:57:07] /i health potion
[30/12/2013 17:57:07] /i health potion
[30/12/2013 17:57:07] /i health potion
[30/12/2013 17:57:07] /i health potion
[30/12/2013 17:57:07] /i health potion
[30/12/2013 17:57:07] /i health potion
[30/12/2013 17:57:07] /i health potion
[30/12/2013 17:57:07] /i health potion
[30/12/2013 17:57:07] /i health potion
[30/12/2013 17:57:07] /i health potion
[30/12/2013 17:57:07] /i health potion
[30/12/2013 17:57:07] /i health potion
[30/12/2013 17:57:07] /i health potion
[30/12/2013 17:57:07] /i health potion
[30/12/2013 17:57:07] /i health potion
[30/12/2013 17:57:08] /i health potion
[30/12/2013 17:57:08] /i health potion
[30/12/2013 17:57:08] /i health potion
[30/12/2013 17:57:11] /i health potion
[30/12/2013 17:57:11] /i health potion
[30/12/2013 17:57:11] /i health potion
[30/12/2013 17:57:11] /i health potion
[30/12/2013 17:57:11] /i health potion
[30/12/2013 17:57:11] /i health potion
[30/12/2013 17:57:11] /i health potion
[30/12/2013 17:57:11] /i health potion
[30/12/2013 17:57:11] /i health potion
[30/12/2013 17:57:12] /i health potion
[30/12/2013 17:57:12] /i health potion
[30/12/2013 17:57:12] /i health potion
[30/12/2013 18:06:38] /i health potion
[30/12/2013 18:06:38] /i health potion
[30/12/2013 18:06:39] /i health potion
[30/12/2013 18:06:39] /i health potion
[30/12/2013 18:06:39] /i health potion
[30/12/2013 18:06:39] /i health potion
[30/12/2013 18:06:39] /i health potion
[30/12/2013 18:06:39] /i health potion
[30/12/2013 18:06:39] /i health potion
[30/12/2013 18:06:39] /i health potion
[30/12/2013 18:06:39] /i health potion
[30/12/2013 18:06:39] /i health potion
[30/12/2013 18:06:39] /i health potion
[30/12/2013 18:06:39] /i health potion
[30/12/2013 18:06:39] /i health potion
[30/12/2013 18:06:39] /i health potion
[30/12/2013 18:06:39] /i health potion
[30/12/2013 18:06:39] /i health potion
[30/12/2013 18:06:39] /i health potion
[30/12/2013 18:06:39] /i health potion
[30/12/2013 18:06:39] /i health potion
[30/12/2013 18:06:39] /i health potion
[30/12/2013 18:06:39] /i health potion
[30/12/2013 18:06:39] /i health potion
[30/12/2013 18:06:39] /i health potion
[30/12/2013 18:06:40] /i health potion
[30/12/2013 18:06:40] /i health potion
[30/12/2013 18:06:40] /i health potion
[30/12/2013 18:06:40] /i health potion
[30/12/2013 18:06:40] /i health potion
[30/12/2013 18:06:40] /i health potion
[30/12/2013 18:06:40] /i health potion
[30/12/2013 18:06:40] /i health potion
[30/12/2013 18:06:40] /i health potion
[30/12/2013 18:06:40] /i health potion
[30/12/2013 18:06:40] /i health potion
[30/12/2013 18:06:40] /i health potion
[30/12/2013 18:06:40] /i health potion
[30/12/2013 18:06:40] /i health potion
[30/12/2013 18:06:40] /i health potion
[30/12/2013 18:06:40] /i health potion
[30/12/2013 18:06:40] /i health potion
[30/12/2013 18:06:40] /i health potion
[30/12/2013 18:06:40] /i health potion
[30/12/2013 18:06:40] /i health potion
[30/12/2013 18:06:40] /i health potion
[30/12/2013 18:06:40] /i health potion
[30/12/2013 18:06:40] /i health potion
[30/12/2013 18:06:40] /i health potion
[30/12/2013 18:06:40] /i health potion
[30/12/2013 18:06:41] /i health potion
[30/12/2013 18:06:41] /i health potion
[30/12/2013 18:06:41] /i health potion
[30/12/2013 18:06:41] /i health potion
[30/12/2013 18:06:46] /m tortoise
[30/12/2013 18:10:19] /i health potion
[30/12/2013 18:10:20] /i health potion
[30/12/2013 18:10:20] /i health potion
[30/12/2013 18:10:20] /i health potion
[30/12/2013 18:10:20] /i health potion
[30/12/2013 18:10:21] /i health potion
[30/12/2013 18:10:21] /i health potion
[30/12/2013 18:10:21] /i health potion
[30/12/2013 18:10:21] /i health potion
[30/12/2013 18:10:21] /i health potion
[30/12/2013 18:10:21] /i health potion
[30/12/2013 18:10:22] /i health potion
[30/12/2013 18:10:22] /i health potion
[30/12/2013 18:10:22] /i health potion
[30/12/2013 18:10:22] /i health potion
[30/12/2013 18:10:27] /m tortoise
[30/12/2013 18:39:52] /m tortoise
[30/12/2013 18:40:38] /m tortoise
[30/12/2013 18:40:38] /m tortoise
[30/12/2013 18:40:39] /m tortoise
[30/12/2013 18:40:45] /i health potion
[30/12/2013 18:40:46] /i health potion
[30/12/2013 18:40:46] /i health potion
[30/12/2013 18:40:46] /i health potion
[30/12/2013 18:40:46] /i health potion
[30/12/2013 18:40:46] /i health potion
[30/12/2013 18:40:46] /i health potion
[30/12/2013 18:40:47] /i health potion
[30/12/2013 18:40:47] /i health potion
[30/12/2013 18:40:47] /i health potion
[30/12/2013 18:40:47] /i health potion
[30/12/2013 18:40:47] /i health potion
[30/12/2013 18:40:47] /i health potion
[30/12/2013 18:40:47] /i health potion
[30/12/2013 18:57:11] /i ham
[30/12/2013 18:57:30] /m tortoise
[30/12/2013 18:57:31] /m tortoise
[30/12/2013 18:57:31] /m tortoise
[30/12/2013 18:57:31] /m tortoise
[30/12/2013 18:57:31] /m tortoise
[30/12/2013 18:57:32] /m tortoise
[30/12/2013 18:57:32] /m tortoise
[30/12/2013 18:57:33] /m tortoise
[30/12/2013 18:57:34] /m tortoise
[30/12/2013 18:57:34] /m tortoise
[30/12/2013 18:57:34] /m tortoise
[30/12/2013 18:57:41] /m tortoise
[30/12/2013 18:57:42] /m tortoise
[30/12/2013 18:57:43] /m tortoise
[30/12/2013 18:57:43] /m tortoise
[30/12/2013 18:57:43] /m tortoise
[30/12/2013 18:57:43] /m tortoise
[30/12/2013 18:57:44] /m tortoise
[30/12/2013 18:57:44] /m tortoise
[30/12/2013 18:57:44] /m tortoise
[30/12/2013 18:57:44] /m tortoise
[30/12/2013 18:57:44] /m tortoise
[30/12/2013 18:57:44] /m tortoise
[30/12/2013 18:57:45] /m tortoise
[30/12/2013 18:57:46] /m tortoise
[30/12/2013 18:57:46] /m tortoise
[30/12/2013 18:57:48] /m tortoise
[30/12/2013 18:57:48] /m tortoise
[30/12/2013 18:57:48] /m tortoise
[30/12/2013 18:57:48] /m tortoise
[30/12/2013 18:57:48] /m tortoise
[30/12/2013 18:57:48] /m tortoise
[30/12/2013 18:57:49] /m tortoise
[30/12/2013 18:57:49] /m tortoise
[30/12/2013 18:57:50] /m tortoise
[30/12/2013 18:57:50] /m tortoise
[30/12/2013 18:57:50] /m tortoise
[30/12/2013 18:57:50] /m tortoise
[30/12/2013 18:57:50] /m tortoise
[30/12/2013 18:57:51] /m tortoise
[30/12/2013 18:57:51] /m tortoise
[30/12/2013 18:57:51] /m tortoise
[30/12/2013 18:57:52] /m tortoise
[30/12/2013 18:57:52] /m tortoise
[30/12/2013 18:57:52] /m tortoise
[30/12/2013 18:57:52] /m tortoise
[30/12/2013 18:57:53] /m tortoise
[30/12/2013 18:57:53] /m tortoise
[30/12/2013 18:57:53] /m tortoise
[30/12/2013 18:57:53] /m tortoise
[30/12/2013 18:57:54] /m tortoise
[30/12/2013 18:57:54] /m tortoise
[30/12/2013 18:57:54] /m tortoise
[30/12/2013 18:57:55] /m tortoise
[30/12/2013 18:57:55] /m tortoise
[30/12/2013 18:57:55] /m tortoise
[30/12/2013 18:57:55] /m tortoise
[30/12/2013 18:57:56] /m tortoise
[30/12/2013 18:57:56] /m tortoise
[30/12/2013 18:57:56] /m tortoise
[30/12/2013 18:57:56] /m tortoise
[30/12/2013 18:57:57] /m tortoise
[30/12/2013 18:57:57] /m tortoise
[30/12/2013 18:57:57] /m tortoise
[30/12/2013 18:57:57] /m tortoise
[30/12/2013 18:57:58] /m tortoise
[30/12/2013 18:57:59] /m tortoise
[30/12/2013 18:57:59] /m tortoise
[30/12/2013 18:57:59] /m tortoise
[30/12/2013 18:58:00] /m tortoise
[30/12/2013 18:58:00] /m tortoise
[30/12/2013 18:58:00] /m tortoise
[30/12/2013 18:58:01] /m tortoise
[30/12/2013 18:58:01] /m tortoise
[30/12/2013 18:58:02] /m tortoise
[30/12/2013 18:58:02] /m tortoise
[30/12/2013 18:58:02] /m tortoise
[30/12/2013 18:58:03] /m tortoise
[30/12/2013 18:58:03] /m tortoise
[30/12/2013 18:58:03] /m tortoise
[30/12/2013 18:58:03] /m tortoise
[30/12/2013 18:58:03] /m tortoise
[30/12/2013 18:58:04] /m tortoise
[30/12/2013 18:58:04] /m tortoise
[30/12/2013 18:58:04] /m tortoise
[30/12/2013 18:58:05] /m tortoise
[30/12/2013 18:58:05] /m tortoise
[30/12/2013 18:58:05] /m tortoise
[30/12/2013 18:58:05] /m tortoise
[30/12/2013 18:58:05] /m tortoise
[30/12/2013 18:58:06] /m tortoise
[30/12/2013 18:58:06] /m tortoise
[30/12/2013 18:58:06] /m tortoise
[30/12/2013 18:58:07] /m tortoise
[30/12/2013 18:58:07] /m tortoise
[30/12/2013 18:58:07] /m tortoise
[30/12/2013 18:58:07] /m tortoise
[30/12/2013 18:58:08] /m tortoise
[30/12/2013 18:58:08] /m tortoise
[30/12/2013 18:58:09] /m tortoise
[30/12/2013 18:58:09] /m tortoise
[30/12/2013 18:58:09] /m tortoise
[30/12/2013 18:58:10] /m tortoise
[30/12/2013 18:58:10] /m tortoise
[30/12/2013 18:58:10] /m tortoise
[30/12/2013 18:58:10] /m tortoise
[30/12/2013 18:58:11] /m tortoise
[30/12/2013 18:58:11] /m tortoise
[30/12/2013 18:58:11] /m tortoise
[30/12/2013 18:58:11] /m tortoise
[30/12/2013 18:58:11] /m tortoise
[30/12/2013 18:58:12] /m tortoise
[30/12/2013 18:58:12] /m tortoise
[30/12/2013 18:58:12] /m tortoise
[30/12/2013 18:58:13] /m tortoise
[30/12/2013 18:58:13] /m tortoise
[30/12/2013 18:58:13] /m tortoise
[30/12/2013 18:58:14] /m tortoise
[30/12/2013 18:58:14] /m tortoise
[30/12/2013 18:58:14] /m tortoise
[30/12/2013 18:58:15] /m tortoise
[30/12/2013 18:58:16] /m tortoise
[30/12/2013 18:58:16] /m tortoise
[30/12/2013 18:58:16] /m tortoise
[30/12/2013 18:58:16] /m tortoise
[30/12/2013 18:58:17] /m tortoise
[30/12/2013 18:58:17] /m tortoise
[30/12/2013 18:58:17] /m tortoise
[30/12/2013 18:58:18] /m tortoise
[30/12/2013 18:58:18] /m tortoise
[30/12/2013 18:58:19] /m tortoise
[30/12/2013 18:58:19] /m tortoise
[30/12/2013 18:58:19] /m tortoise
[30/12/2013 18:58:19] /m tortoise
[30/12/2013 18:58:20] /m tortoise
[30/12/2013 18:58:20] /m tortoise
[30/12/2013 18:58:20] /m tortoise
[30/12/2013 19:06:47] /t
[30/12/2013 19:06:54] /i mana potion
[30/12/2013 19:06:54] /i mana potion
[30/12/2013 19:06:55] /i mana potion
[30/12/2013 19:06:55] /i mana potion
[30/12/2013 19:06:56] /i mana potion
[30/12/2013 19:06:56] /i mana potion
[30/12/2013 19:06:56] /i mana potion
[30/12/2013 19:06:57] /i mana potion
[30/12/2013 19:06:57] /i mana potion
[30/12/2013 19:06:58] /i mana potion
[30/12/2013 19:06:58] /i mana potion
[30/12/2013 19:06:58] /i mana potion
[30/12/2013 19:06:59] /i mana potion
[30/12/2013 19:06:59] /i mana potion
[30/12/2013 19:06:59] /i mana potion
[30/12/2013 19:07:00] /i mana potion
[30/12/2013 19:07:00] /i mana potion
[30/12/2013 19:07:01] /i mana potion
[30/12/2013 19:07:01] /i mana potion
[30/12/2013 19:07:02] /i mana potion
[30/12/2013 19:07:02] /i mana potion
[30/12/2013 19:07:03] /i mana potion
[30/12/2013 19:07:03] /i mana potion
[30/12/2013 19:07:04] /i mana potion
[30/12/2013 19:07:04] /i mana potion
[30/12/2013 19:07:05] /i mana potion
[30/12/2013 19:07:05] /i mana potion
[30/12/2013 19:07:06] /i mana potion
[30/12/2013 19:07:06] /i mana potion
[30/12/2013 19:07:07] /i mana potion
[30/12/2013 19:07:08] /i mana potion
[30/12/2013 19:07:46] /m tortoise
[30/12/2013 19:07:47] /m tortoise
[30/12/2013 19:07:47] /m tortoise
[30/12/2013 19:07:48] /m tortoise
[30/12/2013 19:07:49] /m tortoise
[30/12/2013 19:07:49] /m tortoise
[31/12/2013 19:33:34] /i Ranshinshou
[01/01/2014 23:37:03] /i 2305
[01/01/2014 23:39:29] /i health potion
[01/01/2014 23:39:29] /i health potion
[01/01/2014 23:39:29] /i health potion
[01/01/2014 23:39:29] /i health potion
[01/01/2014 23:39:30] /i health potion
[01/01/2014 23:39:30] /i health potion
[01/01/2014 23:39:30] /i health potion
[01/01/2014 23:39:30] /i health potion
[01/01/2014 23:39:30] /i health potion
[01/01/2014 23:39:30] /i health potion
[01/01/2014 23:39:30] /i health potion
[01/01/2014 23:39:30] /i health potion
[01/01/2014 23:39:30] /i health potion
[01/01/2014 23:39:30] /i health potion
[01/01/2014 23:39:30] /i health potion
[01/01/2014 23:39:30] /i health potion
[01/01/2014 23:39:30] /i health potion
[01/01/2014 23:39:31] /i health potion
[01/01/2014 23:39:31] /i health potion
[01/01/2014 23:39:31] /i health potion
[01/01/2014 23:39:31] /i health potion
[01/01/2014 23:39:31] /i health potion
[01/01/2014 23:39:31] /i health potion
[01/01/2014 23:39:31] /i health potion
[01/01/2014 23:39:31] /i health potion
[01/01/2014 23:39:31] /i health potion
[01/01/2014 23:39:31] /i health potion
[01/01/2014 23:39:31] /i health potion
[01/01/2014 23:39:31] /i health potion
[01/01/2014 23:39:31] /i health potion
[01/01/2014 23:39:31] /i health potion
[01/01/2014 23:39:31] /i health potion
[01/01/2014 23:39:31] /i health potion
[01/01/2014 23:39:31] /i health potion
[01/01/2014 23:39:31] /i health potion
[01/01/2014 23:39:31] /i health potion
[01/01/2014 23:39:31] /i health potion
[01/01/2014 23:39:31] /i health potion
[01/01/2014 23:39:31] /i health potion
[01/01/2014 23:39:31] /i health potion
[01/01/2014 23:39:31] /i health potion
[01/01/2014 23:39:32] /i health potion
[01/01/2014 23:39:32] /i health potion
[01/01/2014 23:39:32] /i health potion
[01/01/2014 23:39:32] /i health potion
[01/01/2014 23:39:32] /i health potion
[01/01/2014 23:39:32] /i health potion
[01/01/2014 23:39:32] /i health potion
[01/01/2014 23:39:32] /i health potion
[01/01/2014 23:39:32] /i health potion
[01/01/2014 23:39:32] /i health potion
[01/01/2014 23:39:32] /i health potion
[01/01/2014 23:39:32] /i health potion
[01/01/2014 23:39:32] /i health potion
[01/01/2014 23:39:32] /i health potion
[01/01/2014 23:39:32] /i health potion
[01/01/2014 23:39:32] /i health potion
[01/01/2014 23:39:32] /i health potion
[01/01/2014 23:39:32] /i health potion
[01/01/2014 23:39:32] /i health potion
[01/01/2014 23:39:32] /i health potion
[01/01/2014 23:39:32] /i health potion
[01/01/2014 23:39:32] /i health potion
[01/01/2014 23:39:32] /i health potion
[01/01/2014 23:39:33] /i health potion
[01/01/2014 23:39:33] /i health potion
[01/01/2014 23:39:33] /i health potion
[01/01/2014 23:39:33] /i health potion
[01/01/2014 23:39:33] /i health potion
[01/01/2014 23:39:33] /i health potion
[01/01/2014 23:39:33] /i health potion
[01/01/2014 23:39:33] /i health potion
[01/01/2014 23:39:33] /i health potion
[01/01/2014 23:39:33] /i health potion
[01/01/2014 23:39:33] /i health potion
[01/01/2014 23:39:33] /i health potion
[01/01/2014 23:39:33] /i health potion
[01/01/2014 23:39:33] /i health potion
[01/01/2014 23:39:33] /i health potion
[01/01/2014 23:39:33] /i health potion
[01/01/2014 23:39:33] /i health potion
[01/01/2014 23:39:33] /i health potion
[01/01/2014 23:39:33] /i health potion
[01/01/2014 23:39:33] /i health potion
[01/01/2014 23:39:33] /i health potion
[01/01/2014 23:39:33] /i health potion
[01/01/2014 23:39:33] /i health potion
[01/01/2014 23:39:33] /i health potion
[01/01/2014 23:39:33] /i health potion
[01/01/2014 23:39:34] /i health potion
[01/01/2014 23:39:34] /i health potion
[01/01/2014 23:39:34] /i health potion
[01/01/2014 23:39:34] /i health potion
[01/01/2014 23:39:34] /i health potion
[01/01/2014 23:39:34] /i health potion
[01/01/2014 23:39:34] /i health potion
[01/01/2014 23:39:34] /i health potion
[01/01/2014 23:39:34] /i health potion
[01/01/2014 23:39:34] /i health potion
[01/01/2014 23:39:34] /i health potion
[01/01/2014 23:39:34] /i health potion
[01/01/2014 23:39:34] /i health potion
[01/01/2014 23:39:34] /i health potion
[01/01/2014 23:39:34] /i health potion
[01/01/2014 23:39:34] /i health potion
[01/01/2014 23:39:34] /i health potion
[01/01/2014 23:39:34] /i health potion
[01/01/2014 23:39:34] /i health potion
[01/01/2014 23:39:34] /i health potion
[01/01/2014 23:39:34] /i health potion
[01/01/2014 23:39:34] /i health potion
[01/01/2014 23:39:35] /i health potion
[01/01/2014 23:39:35] /i health potion
[01/01/2014 23:39:35] /i health potion
[01/01/2014 23:39:35] /i health potion
[01/01/2014 23:39:35] /i health potion
[01/01/2014 23:39:35] /i health potion
[01/01/2014 23:39:35] /i health potion
[01/01/2014 23:39:35] /i health potion
[01/01/2014 23:39:35] /i health potion
[01/01/2014 23:39:35] /i health potion
[01/01/2014 23:39:35] /i health potion
[01/01/2014 23:39:35] /i health potion
[01/01/2014 23:39:35] /i health potion
[01/01/2014 23:39:35] /i health potion
[01/01/2014 23:39:35] /i health potion
[01/01/2014 23:39:35] /i health potion
[01/01/2014 23:39:35] /i health potion
[01/01/2014 23:39:35] /i health potion
[01/01/2014 23:39:35] /i health potion
[01/01/2014 23:39:36] /i health potion
[01/01/2014 23:39:36] /i health potion
[01/01/2014 23:39:36] /i health potion
[01/01/2014 23:39:36] /i health potion
[01/01/2014 23:39:36] /i health potion
[01/01/2014 23:39:36] /i health potion
[01/01/2014 23:39:36] /i health potion
[01/01/2014 23:39:36] /i health potion
[01/01/2014 23:39:36] /i health potion
[01/01/2014 23:39:36] /i health potion
[01/01/2014 23:39:36] /i health potion
[01/01/2014 23:39:36] /i health potion
[01/01/2014 23:39:36] /i health potion
[01/01/2014 23:39:36] /i health potion
[01/01/2014 23:39:36] /i health potion
[01/01/2014 23:39:36] /i health potion
[01/01/2014 23:39:36] /i health potion
[01/01/2014 23:39:36] /i health potion
[01/01/2014 23:39:36] /i health potion
[01/01/2014 23:39:37] /i health potion
[01/01/2014 23:39:37] /i health potion
[01/01/2014 23:39:37] /i health potion
[01/01/2014 23:39:37] /i health potion
[01/01/2014 23:39:37] /i health potion
[01/01/2014 23:39:37] /i health potion
[01/01/2014 23:39:37] /i health potion
[01/01/2014 23:39:37] /i health potion
[01/01/2014 23:39:37] /i health potion
[01/01/2014 23:39:37] /i health potion
[01/01/2014 23:39:37] /i health potion
[01/01/2014 23:39:37] /i health potion
[01/01/2014 23:39:37] /i health potion
[01/01/2014 23:39:37] /i health potion
[01/01/2014 23:39:37] /i health potion
[01/01/2014 23:39:37] /i health potion
[01/01/2014 23:39:37] /i health potion
[01/01/2014 23:39:38] /i health potion
[01/01/2014 23:39:38] /i health potion
[01/01/2014 23:39:38] /i health potion
[01/01/2014 23:39:38] /i health potion
[01/01/2014 23:39:38] /i health potion
[01/01/2014 23:39:38] /i health potion
[01/01/2014 23:39:38] /i health potion
[01/01/2014 23:39:38] /i health potion
[01/01/2014 23:39:38] /i health potion
[01/01/2014 23:39:38] /i health potion
[01/01/2014 23:39:38] /i health potion
[01/01/2014 23:39:38] /i health potion
[01/01/2014 23:39:38] /i health potion
[01/01/2014 23:39:38] /i health potion
[01/01/2014 23:39:38] /i health potion
[01/01/2014 23:39:38] /i health potion
[01/01/2014 23:39:38] /i health potion
[01/01/2014 23:39:38] /i health potion
[01/01/2014 23:39:38] /i health potion
[01/01/2014 23:39:38] /i health potion
[01/01/2014 23:39:39] /i health potion
[01/01/2014 23:39:39] /i health potion
[01/01/2014 23:39:39] /i health potion
[01/01/2014 23:39:39] /i health potion
[01/01/2014 23:39:39] /i health potion
[01/01/2014 23:39:39] /i health potion
[01/01/2014 23:39:39] /i health potion
[01/01/2014 23:39:39] /i health potion
[01/01/2014 23:39:39] /i health potion
[01/01/2014 23:39:39] /i health potion
[01/01/2014 23:39:39] /i health potion
[01/01/2014 23:39:39] /i health potion
[01/01/2014 23:39:39] /i health potion
[01/01/2014 23:39:39] /i health potion
[01/01/2014 23:39:39] /i health potion
[01/01/2014 23:39:39] /i health potion
[01/01/2014 23:39:39] /i health potion
[01/01/2014 23:39:39] /i health potion
[01/01/2014 23:39:39] /i health potion
[01/01/2014 23:39:39] /i health potion
[01/01/2014 23:39:40] /i health potion
[01/01/2014 23:39:40] /i health potion
[01/01/2014 23:39:40] /i health potion
[01/01/2014 23:39:40] /i health potion
[01/01/2014 23:39:40] /i health potion
[01/01/2014 23:39:40] /i health potion
[01/01/2014 23:39:40] /i health potion
[01/01/2014 23:39:40] /i health potion
[01/01/2014 23:39:40] /i health potion
[01/01/2014 23:39:40] /i health potion
[01/01/2014 23:39:40] /i health potion
[01/01/2014 23:39:40] /i health potion
[01/01/2014 23:39:40] /i health potion
[01/01/2014 23:39:40] /i health potion
[01/01/2014 23:39:40] /i health potion
[01/01/2014 23:39:40] /i health potion
[01/01/2014 23:39:40] /i health potion
[01/01/2014 23:39:40] /i health potion
[01/01/2014 23:39:40] /i health potion
[01/01/2014 23:39:40] /i health potion
[01/01/2014 23:39:41] /i health potion
[01/01/2014 23:39:41] /i health potion
[01/01/2014 23:39:41] /i health potion
[01/01/2014 23:39:41] /i health potion
[01/01/2014 23:39:41] /i health potion
[01/01/2014 23:39:41] /i health potion
[01/01/2014 23:39:41] /i health potion
[01/01/2014 23:39:41] /i health potion
[01/01/2014 23:39:41] /i health potion
[01/01/2014 23:39:41] /i health potion
[01/01/2014 23:39:41] /i health potion
[01/01/2014 23:39:41] /i health potion
[01/01/2014 23:39:41] /i health potion
[01/01/2014 23:39:41] /i health potion
[01/01/2014 23:39:41] /i health potion
[01/01/2014 23:39:41] /i health potion
[01/01/2014 23:39:41] /i health potion
[01/01/2014 23:39:42] /i health potion
[01/01/2014 23:39:42] /i health potion
[01/01/2014 23:39:42] /i health potion
[01/01/2014 23:39:42] /i health potion
[01/01/2014 23:39:42] /i health potion
[01/01/2014 23:39:42] /i health potion
[01/01/2014 23:39:42] /i health potion
[01/01/2014 23:39:42] /i health potion
[01/01/2014 23:39:42] /i health potion
[01/01/2014 23:39:42] /i health potion
[01/01/2014 23:39:42] /i health potion
[01/01/2014 23:39:42] /i health potion
[01/01/2014 23:39:42] /i health potion
[01/01/2014 23:39:42] /i health potion
[01/01/2014 23:39:42] /i health potion
[01/01/2014 23:39:42] /i health potion
[01/01/2014 23:39:42] /i health potion
[01/01/2014 23:39:42] /i health potion
[01/01/2014 23:39:42] /i health potion
[01/01/2014 23:39:42] /i health potion
[01/01/2014 23:39:42] /i health potion
[01/01/2014 23:39:43] /i health potion
[01/01/2014 23:39:43] /i health potion
[01/01/2014 23:39:43] /i health potion
[01/01/2014 23:39:43] /i health potion
[01/01/2014 23:39:43] /i health potion
[01/01/2014 23:39:43] /i health potion
[01/01/2014 23:39:43] /i health potion
[01/01/2014 23:39:43] /i health potion
[01/01/2014 23:39:43] /i health potion
[01/01/2014 23:39:43] /i health potion
[01/01/2014 23:39:43] /i health potion
[01/01/2014 23:39:43] /i health potion
[01/01/2014 23:39:43] /i health potion
[01/01/2014 23:39:43] /i health potion
[01/01/2014 23:39:43] /i health potion
[01/01/2014 23:39:43] /i health potion
[01/01/2014 23:39:43] /i health potion
[01/01/2014 23:39:44] /i health potion
[01/01/2014 23:39:44] /i health potion
[01/01/2014 23:39:44] /i health potion
[01/01/2014 23:39:44] /i health potion
[01/01/2014 23:39:44] /i health potion
[01/01/2014 23:39:44] /i health potion
[01/01/2014 23:39:44] /i health potion
[01/01/2014 23:39:44] /i health potion
[01/01/2014 23:39:44] /i health potion
[01/01/2014 23:39:44] /i health potion
[01/01/2014 23:39:44] /i health potion
[01/01/2014 23:39:44] /i health potion
[01/01/2014 23:39:44] /i health potion
[01/01/2014 23:39:44] /i health potion
[01/01/2014 23:39:44] /i health potion
[01/01/2014 23:39:44] /i health potion
[01/01/2014 23:39:44] /i health potion
[01/01/2014 23:39:44] /i health potion
[01/01/2014 23:39:44] /i health potion
[01/01/2014 23:39:45] /i health potion
[01/01/2014 23:39:45] /i health potion
[01/01/2014 23:39:45] /i health potion
[01/01/2014 23:39:45] /i health potion
[01/01/2014 23:39:45] /i health potion
[01/01/2014 23:39:45] /i health potion
[01/01/2014 23:39:45] /i health potion
[01/01/2014 23:39:45] /i health potion
[01/01/2014 23:39:45] /i health potion
[01/01/2014 23:39:45] /i health potion
[01/01/2014 23:39:45] /i health potion
[01/01/2014 23:39:45] /i health potion
[01/01/2014 23:39:45] /i health potion
[01/01/2014 23:39:45] /i health potion
[01/01/2014 23:39:45] /i health potion
[01/01/2014 23:39:45] /i health potion
[01/01/2014 23:39:45] /i health potion
[01/01/2014 23:39:46] /i health potion
[01/01/2014 23:39:46] /i health potion
[01/01/2014 23:39:46] /i health potion
[01/01/2014 23:39:46] /i health potion
[01/01/2014 23:39:46] /i health potion
[01/01/2014 23:39:46] /i health potion
[01/01/2014 23:39:46] /i health potion
[01/01/2014 23:39:46] /i health potion
[01/01/2014 23:39:46] /i health potion
[01/01/2014 23:39:46] /i health potion
[01/01/2014 23:39:46] /i health potion
[01/01/2014 23:39:46] /i health potion
[01/01/2014 23:39:46] /i health potion
[01/01/2014 23:39:46] /i health potion
[01/01/2014 23:39:46] /i health potion
[01/01/2014 23:39:46] /i health potion
[01/01/2014 23:39:46] /i health potion
[01/01/2014 23:39:46] /i health potion
[01/01/2014 23:39:46] /i health potion
[01/01/2014 23:39:46] /i health potion
[01/01/2014 23:39:47] /i health potion
[01/01/2014 23:39:47] /i health potion
[01/01/2014 23:39:47] /i health potion
[01/01/2014 23:39:47] /i health potion
[01/01/2014 23:39:47] /i health potion
[01/01/2014 23:39:47] /i health potion
[01/01/2014 23:39:47] /i health potion
[01/01/2014 23:39:47] /i health potion
[01/01/2014 23:39:47] /i health potion
[01/01/2014 23:39:47] /i health potion
[01/01/2014 23:39:47] /i health potion
[01/01/2014 23:39:47] /i health potion
[01/01/2014 23:39:47] /i health potion
[01/01/2014 23:39:47] /i health potion
[01/01/2014 23:39:47] /i health potion
[01/01/2014 23:39:47] /i health potion
[01/01/2014 23:39:47] /i health potion
[01/01/2014 23:39:47] /i health potion
[01/01/2014 23:39:47] /i health potion
[01/01/2014 23:39:47] /i health potion
[01/01/2014 23:39:47] /i health potion
[01/01/2014 23:39:48] /i health potion
[01/01/2014 23:39:48] /i health potion
[01/01/2014 23:39:48] /i health potion
[01/01/2014 23:39:48] /i health potion
[01/01/2014 23:39:48] /i health potion
[01/01/2014 23:39:48] /i health potion
[01/01/2014 23:39:48] /i health potion
[01/01/2014 23:39:48] /i health potion
[01/01/2014 23:39:48] /i health potion
[01/01/2014 23:39:48] /i health potion
[01/01/2014 23:39:48] /i health potion
[01/01/2014 23:39:48] /i health potion
[01/01/2014 23:39:48] /i health potion
[01/01/2014 23:39:48] /i health potion
[01/01/2014 23:39:48] /i health potion
[01/01/2014 23:39:48] /i health potion
[01/01/2014 23:39:48] /i health potion
[01/01/2014 23:39:48] /i health potion
[01/01/2014 23:39:48] /i health potion
[01/01/2014 23:39:48] /i health potion
[01/01/2014 23:39:48] /i health potion
[01/01/2014 23:39:49] /i health potion
[01/01/2014 23:39:49] /i health potion
[01/01/2014 23:39:49] /i health potion
[01/01/2014 23:39:49] /i health potion
[01/01/2014 23:39:49] /i health potion
[01/01/2014 23:39:49] /i health potion
[01/01/2014 23:39:49] /i health potion
[01/01/2014 23:39:49] /i health potion
[01/01/2014 23:39:49] /i health potion
[01/01/2014 23:39:49] /i health potion
[01/01/2014 23:39:49] /i health potion
[01/01/2014 23:39:49] /i health potion
[01/01/2014 23:39:49] /i health potion
[01/01/2014 23:39:49] /i health potion
[01/01/2014 23:39:49] /i health potion
[01/01/2014 23:39:49] /i health potion
[01/01/2014 23:39:50] /i health potion
[01/01/2014 23:39:50] /i health potion
[01/01/2014 23:39:50] /i health potion
[01/01/2014 23:39:50] /i health potion
[01/01/2014 23:39:50] /i health potion
[01/01/2014 23:39:50] /i health potion
[01/01/2014 23:39:50] /i health potion
[01/01/2014 23:39:50] /i health potion
[01/01/2014 23:39:50] /i health potion
[01/01/2014 23:39:50] /i health potion
[01/01/2014 23:39:50] /i health potion
[01/01/2014 23:39:50] /i health potion
[01/01/2014 23:39:50] /i health potion
[01/01/2014 23:39:50] /i health potion
[01/01/2014 23:39:50] /i health potion
[01/01/2014 23:39:50] /i health potion
[01/01/2014 23:39:50] /i health potion
[01/01/2014 23:39:50] /i health potion
[01/01/2014 23:39:50] /i health potion
[01/01/2014 23:39:51] /i health potion
[01/01/2014 23:39:51] /i health potion
[01/01/2014 23:39:51] /i health potion
[01/01/2014 23:39:51] /i health potion
[01/01/2014 23:39:51] /i health potion
[01/01/2014 23:39:51] /i health potion
[01/01/2014 23:39:51] /i health potion
[01/01/2014 23:39:51] /i health potion
[01/01/2014 23:39:51] /i health potion
[01/01/2014 23:39:51] /i health potion
[01/01/2014 23:39:51] /i health potion
[01/01/2014 23:39:51] /i health potion
[01/01/2014 23:39:51] /i health potion
[01/01/2014 23:39:51] /i health potion
[01/01/2014 23:39:51] /i health potion
[01/01/2014 23:39:51] /i health potion
[01/01/2014 23:39:51] /i health potion
[01/01/2014 23:39:51] /i health potion
[01/01/2014 23:39:51] /i health potion
[01/01/2014 23:39:51] /i health potion
[01/01/2014 23:39:52] /i health potion
[01/01/2014 23:39:52] /i health potion
[01/01/2014 23:39:52] /i health potion
[01/01/2014 23:39:52] /i health potion
[01/01/2014 23:39:52] /i health potion
[01/01/2014 23:39:52] /i health potion
[01/01/2014 23:39:52] /i health potion
[01/01/2014 23:39:52] /i health potion
[01/01/2014 23:39:52] /i health potion
[01/01/2014 23:39:52] /i health potion
[01/01/2014 23:39:52] /i health potion
[01/01/2014 23:39:52] /i health potion
[01/01/2014 23:39:52] /i health potion
[01/01/2014 23:39:52] /i health potion
[01/01/2014 23:39:52] /i health potion
[01/01/2014 23:39:52] /i health potion
[01/01/2014 23:39:52] /i health potion
[01/01/2014 23:39:52] /i health potion
[01/01/2014 23:39:52] /i health potion
[01/01/2014 23:39:53] /i health potion
[01/01/2014 23:39:53] /i health potion
[01/01/2014 23:39:53] /i health potion
[01/01/2014 23:39:53] /i health potion
[01/01/2014 23:39:53] /i health potion
[01/01/2014 23:39:53] /i health potion
[01/01/2014 23:39:53] /i health potion
[01/01/2014 23:39:53] /i health potion
[01/01/2014 23:39:53] /i health potion
[01/01/2014 23:39:53] /i health potion
[01/01/2014 23:39:53] /i health potion
[01/01/2014 23:39:53] /i health potion
[01/01/2014 23:39:53] /i health potion
[01/01/2014 23:39:53] /i health potion
[01/01/2014 23:39:53] /i health potion
[01/01/2014 23:39:53] /i health potion
[01/01/2014 23:39:53] /i health potion
[01/01/2014 23:39:53] /i health potion
[01/01/2014 23:39:53] /i health potion
[01/01/2014 23:39:54] /i health potion
[01/01/2014 23:39:54] /i health potion
[01/01/2014 23:39:54] /i health potion
[01/01/2014 23:39:54] /i health potion
[01/01/2014 23:39:54] /i health potion
[01/01/2014 23:39:54] /i health potion
[01/01/2014 23:39:54] /i health potion
[01/01/2014 23:39:54] /i health potion
[01/01/2014 23:39:54] /i health potion
[01/01/2014 23:39:54] /i health potion
[01/01/2014 23:39:54] /i health potion
[01/01/2014 23:39:54] /i health potion
[01/01/2014 23:39:54] /i health potion
[01/01/2014 23:39:54] /i health potion
[01/01/2014 23:39:54] /i health potion
[01/01/2014 23:39:54] /i health potion
[01/01/2014 23:39:54] /i health potion
[01/01/2014 23:39:54] /i health potion
[01/01/2014 23:39:54] /i health potion
[01/01/2014 23:39:54] /i health potion
[01/01/2014 23:39:55] /i health potion
[01/01/2014 23:39:55] /i health potion
[01/01/2014 23:39:55] /i health potion
[01/01/2014 23:39:55] /i health potion
[01/01/2014 23:39:55] /i health potion
[01/01/2014 23:39:55] /i health potion
[01/01/2014 23:39:55] /i health potion
[01/01/2014 23:39:55] /i health potion
[01/01/2014 23:39:55] /i health potion
[01/01/2014 23:39:55] /i health potion
[01/01/2014 23:39:55] /i health potion
[01/01/2014 23:39:55] /i health potion
[01/01/2014 23:39:55] /i health potion
[01/01/2014 23:39:55] /i health potion
[01/01/2014 23:39:55] /i health potion
[01/01/2014 23:39:55] /i health potion
[01/01/2014 23:39:55] /i health potion
[01/01/2014 23:39:55] /i health potion
[01/01/2014 23:39:55] /i health potion
[01/01/2014 23:39:56] /i health potion
[01/01/2014 23:39:56] /i health potion
[01/01/2014 23:39:56] /i health potion
[01/01/2014 23:39:56] /i health potion
[01/01/2014 23:39:56] /i health potion
[01/01/2014 23:39:56] /i health potion
[01/01/2014 23:39:56] /i health potion
[01/01/2014 23:40:07] /m tortoise
[01/01/2014 23:40:07] /m tortoise
[01/01/2014 23:40:43] /r
[01/01/2014 23:40:48] /m tortoise
[01/01/2014 23:40:50] /r
[01/01/2014 23:40:51] /r
[01/01/2014 23:40:53] /r
[01/01/2014 23:40:56] /r
[01/01/2014 23:41:00] /r
[01/01/2014 23:41:03] /r
[01/01/2014 23:41:05] /r
[01/01/2014 23:42:46] /m troll
[01/01/2014 23:42:46] /m troll
[01/01/2014 23:42:47] /m troll
[01/01/2014 23:42:47] /m troll
[01/01/2014 23:42:47] /m troll
[01/01/2014 23:42:47] /m troll
[01/01/2014 23:42:47] /m troll
[01/01/2014 23:42:48] /m troll
[01/01/2014 23:42:48] /m troll
[01/01/2014 23:42:48] /m troll
[01/01/2014 23:42:48] /m troll
[01/01/2014 23:42:48] /m troll
[01/01/2014 23:42:48] /m troll
[01/01/2014 23:42:49] /m troll
[01/01/2014 23:42:49] /m troll
[01/01/2014 23:42:49] /m troll
[01/01/2014 23:42:49] /m troll
[01/01/2014 23:42:49] /m troll
[01/01/2014 23:42:49] /m troll
[01/01/2014 23:42:50] /m troll
[01/01/2014 23:42:50] /m troll
[01/01/2014 23:42:50] /m troll
[01/01/2014 23:42:50] /m troll
[01/01/2014 23:42:51] /m troll
[01/01/2014 23:42:51] /m troll
[01/01/2014 23:42:51] /m troll
[01/01/2014 23:42:51] /m troll
[01/01/2014 23:42:51] /m troll
[01/01/2014 23:42:51] /m troll
[01/01/2014 23:42:51] /m troll
[01/01/2014 23:42:51] /m troll
[01/01/2014 23:42:51] /m troll
[01/01/2014 23:42:51] /m troll
[01/01/2014 23:42:51] /m troll
[01/01/2014 23:42:51] /m troll
[01/01/2014 23:42:51] /m troll
[01/01/2014 23:42:51] /m troll
[01/01/2014 23:42:51] /m troll
[01/01/2014 23:42:51] /m troll
[01/01/2014 23:42:51] /m troll
[01/01/2014 23:42:51] /m troll
[01/01/2014 23:42:51] /m troll
[01/01/2014 23:42:52] /m troll
[01/01/2014 23:42:52] /m troll
[01/01/2014 23:42:52] /m troll
[01/01/2014 23:42:52] /m troll
[01/01/2014 23:42:52] /m troll
[01/01/2014 23:42:52] /m troll
[01/01/2014 23:42:52] /m troll
[01/01/2014 23:42:52] /m troll
[01/01/2014 23:42:52] /m troll
[01/01/2014 23:42:52] /m troll
[01/01/2014 23:42:52] /m troll
[01/01/2014 23:42:52] /m troll
[01/01/2014 23:42:52] /m troll
[01/01/2014 23:42:52] /m troll
[01/01/2014 23:42:52] /m troll
[01/01/2014 23:42:53] /m troll
[01/01/2014 23:42:53] /m troll
[01/01/2014 23:42:53] /m troll
[01/01/2014 23:42:53] /m troll
[01/01/2014 23:42:53] /m troll
[01/01/2014 23:42:53] /m troll
[01/01/2014 23:42:53] /m troll
[01/01/2014 23:42:53] /m troll
[01/01/2014 23:42:53] /m troll
[01/01/2014 23:42:53] /m troll
[01/01/2014 23:42:53] /m troll
[01/01/2014 23:42:53] /m troll
[01/01/2014 23:42:53] /m troll
[01/01/2014 23:42:53] /m troll
[01/01/2014 23:42:53] /m troll
[01/01/2014 23:42:53] /m troll
[01/01/2014 23:42:53] /m troll
[01/01/2014 23:42:54] /m troll
[01/01/2014 23:42:54] /m troll
[01/01/2014 23:42:54] /m troll
[01/01/2014 23:42:54] /m troll
[01/01/2014 23:42:54] /m troll
[01/01/2014 23:42:54] /m troll
[01/01/2014 23:42:54] /m troll
[01/01/2014 23:42:54] /m troll
[01/01/2014 23:42:54] /m troll
[01/01/2014 23:42:54] /m troll
[01/01/2014 23:42:54] /m troll
[01/01/2014 23:42:54] /m troll
[01/01/2014 23:42:54] /m troll
[01/01/2014 23:42:54] /m troll
[01/01/2014 23:42:54] /m troll
[01/01/2014 23:42:54] /m troll
[01/01/2014 23:42:55] /m troll
[01/01/2014 23:42:55] /m troll
[01/01/2014 23:42:55] /m troll
[01/01/2014 23:42:55] /m troll
[01/01/2014 23:42:55] /m troll
[01/01/2014 23:42:55] /m troll
[01/01/2014 23:42:55] /m troll
[01/01/2014 23:42:55] /m troll
[01/01/2014 23:42:55] /m troll
[01/01/2014 23:42:55] /m troll
[01/01/2014 23:42:55] /m troll
[01/01/2014 23:42:55] /m troll
[01/01/2014 23:42:55] /m troll
[01/01/2014 23:42:55] /m troll
[01/01/2014 23:42:55] /m troll
[01/01/2014 23:42:55] /m troll
[01/01/2014 23:42:55] /m troll
[01/01/2014 23:42:56] /m troll
[01/01/2014 23:42:56] /m troll
[01/01/2014 23:42:56] /m troll
[01/01/2014 23:42:56] /m troll
[01/01/2014 23:42:56] /m troll
[01/01/2014 23:42:56] /m troll
[01/01/2014 23:42:56] /m troll
[01/01/2014 23:42:56] /m troll
[01/01/2014 23:42:56] /m troll
[01/01/2014 23:42:56] /m troll
[01/01/2014 23:42:56] /m troll
[01/01/2014 23:42:56] /m troll
[01/01/2014 23:42:56] /m troll
[01/01/2014 23:42:56] /m troll
[01/01/2014 23:42:56] /m troll
[01/01/2014 23:42:57] /m troll
[01/01/2014 23:42:57] /m troll
[01/01/2014 23:42:57] /m troll
[01/01/2014 23:42:57] /m troll
[01/01/2014 23:42:57] /m troll
[01/01/2014 23:42:57] /m troll
[01/01/2014 23:42:57] /m troll
[01/01/2014 23:42:57] /m troll
[01/01/2014 23:42:57] /m troll
[01/01/2014 23:42:57] /m troll
[01/01/2014 23:42:57] /m troll
[01/01/2014 23:42:57] /m troll
[01/01/2014 23:42:57] /m troll
[01/01/2014 23:42:57] /m troll
[01/01/2014 23:42:58] /m troll
[01/01/2014 23:42:58] /m troll
[01/01/2014 23:42:58] /m troll
[01/01/2014 23:42:58] /m troll
[01/01/2014 23:42:58] /m troll
[01/01/2014 23:42:58] /m troll
[01/01/2014 23:42:58] /m troll
[01/01/2014 23:42:58] /m troll
[01/01/2014 23:42:58] /m troll
[01/01/2014 23:42:58] /m troll
[01/01/2014 23:42:58] /m troll
[01/01/2014 23:42:58] /m troll
[01/01/2014 23:42:58] /m troll
[01/01/2014 23:42:58] /m troll
[01/01/2014 23:42:58] /m troll
[01/01/2014 23:42:58] /m troll
[01/01/2014 23:42:59] /m troll
[01/01/2014 23:42:59] /m troll
[01/01/2014 23:42:59] /m troll
[01/01/2014 23:42:59] /m troll
[01/01/2014 23:42:59] /m troll
[01/01/2014 23:42:59] /m troll
[01/01/2014 23:42:59] /m troll
[01/01/2014 23:42:59] /m troll
[01/01/2014 23:42:59] /m troll
[01/01/2014 23:42:59] /m troll
[01/01/2014 23:42:59] /m troll
[01/01/2014 23:42:59] /m troll
[01/01/2014 23:42:59] /m troll
[01/01/2014 23:42:59] /m troll
[01/01/2014 23:42:59] /m troll
[01/01/2014 23:42:59] /m troll
[01/01/2014 23:43:00] /m troll
[01/01/2014 23:43:00] /m troll
[01/01/2014 23:43:00] /m troll
[01/01/2014 23:43:00] /m troll
[01/01/2014 23:43:00] /m troll
[01/01/2014 23:43:00] /m troll
[01/01/2014 23:43:00] /m troll
[01/01/2014 23:43:00] /m troll
[01/01/2014 23:43:00] /m troll
[01/01/2014 23:43:00] /m troll
[01/01/2014 23:43:00] /m troll
[01/01/2014 23:43:00] /m troll
[01/01/2014 23:43:00] /m troll
[01/01/2014 23:43:00] /m troll
[01/01/2014 23:43:00] /m troll
[01/01/2014 23:43:00] /m troll
[01/01/2014 23:43:01] /m troll
[01/01/2014 23:43:01] /m troll
[01/01/2014 23:43:01] /m troll
[01/01/2014 23:43:01] /m troll
[01/01/2014 23:43:01] /m troll
[01/01/2014 23:43:01] /m troll
[01/01/2014 23:43:01] /m troll
[01/01/2014 23:43:01] /m troll
[01/01/2014 23:43:01] /m troll
[01/01/2014 23:43:01] /m troll
[01/01/2014 23:43:01] /m troll
[01/01/2014 23:43:01] /m troll
[01/01/2014 23:43:01] /m troll
[01/01/2014 23:43:01] /m troll
[01/01/2014 23:43:01] /m troll
[01/01/2014 23:43:01] /m troll
[01/01/2014 23:45:22] /i 2305
[01/01/2014 23:47:09] /i mana potion
[01/01/2014 23:47:10] /i mana potion
[01/01/2014 23:47:10] /i mana potion
[01/01/2014 23:47:10] /i mana potion
[01/01/2014 23:47:10] /i mana potion
[01/01/2014 23:47:10] /i mana potion
[01/01/2014 23:47:10] /i mana potion
[01/01/2014 23:47:10] /i mana potion
[01/01/2014 23:47:10] /i mana potion
[01/01/2014 23:47:10] /i mana potion
[01/01/2014 23:47:10] /i mana potion
[01/01/2014 23:47:10] /i mana potion
[01/01/2014 23:47:10] /i mana potion
[01/01/2014 23:47:10] /i mana potion
[01/01/2014 23:47:10] /i mana potion
[01/01/2014 23:47:10] /i mana potion
[01/01/2014 23:47:10] /i mana potion
[01/01/2014 23:47:10] /i mana potion
[01/01/2014 23:47:10] /i mana potion
[01/01/2014 23:47:10] /i mana potion
[01/01/2014 23:47:10] /i mana potion
[01/01/2014 23:47:10] /i mana potion
[01/01/2014 23:47:10] /i mana potion
[01/01/2014 23:47:10] /i mana potion
[01/01/2014 23:47:11] /i mana potion
[01/01/2014 23:47:11] /i mana potion
[01/01/2014 23:47:11] /i mana potion
[01/01/2014 23:47:11] /i mana potion
[01/01/2014 23:47:11] /i mana potion
[01/01/2014 23:47:11] /i mana potion
[01/01/2014 23:47:11] /i mana potion
[01/01/2014 23:47:11] /i mana potion
[01/01/2014 23:47:11] /i mana potion
[01/01/2014 23:47:11] /i mana potion
[01/01/2014 23:47:11] /i mana potion
[01/01/2014 23:47:11] /i mana potion
[01/01/2014 23:47:11] /i mana potion
[01/01/2014 23:47:11] /i mana potion
[01/01/2014 23:47:11] /i mana potion
[01/01/2014 23:47:11] /i mana potion
[01/01/2014 23:47:11] /i mana potion
[01/01/2014 23:47:11] /i mana potion
[01/01/2014 23:47:11] /i mana potion
[01/01/2014 23:47:11] /i mana potion
[01/01/2014 23:47:11] /i mana potion
[01/01/2014 23:47:12] /i mana potion
[01/01/2014 23:47:12] /i mana potion
[01/01/2014 23:47:12] /i mana potion
[01/01/2014 23:47:12] /i mana potion
[01/01/2014 23:47:12] /i mana potion
[01/01/2014 23:47:12] /i mana potion
[01/01/2014 23:47:12] /i mana potion
[01/01/2014 23:47:12] /i mana potion
[01/01/2014 23:47:12] /i mana potion
[01/01/2014 23:47:12] /i mana potion
[01/01/2014 23:47:12] /i mana potion
[01/01/2014 23:47:12] /i mana potion
[01/01/2014 23:47:12] /i mana potion
[01/01/2014 23:47:12] /i mana potion
[01/01/2014 23:47:12] /i mana potion
[01/01/2014 23:47:12] /i mana potion
[01/01/2014 23:47:12] /i mana potion
[01/01/2014 23:47:12] /i mana potion
[01/01/2014 23:47:12] /i mana potion
[01/01/2014 23:47:12] /i mana potion
[01/01/2014 23:47:12] /i mana potion
[01/01/2014 23:47:12] /i mana potion
[01/01/2014 23:47:12] /i mana potion
[01/01/2014 23:47:13] /i mana potion
[01/01/2014 23:47:13] /i mana potion
[01/01/2014 23:47:13] /i mana potion
[01/01/2014 23:47:13] /i mana potion
[01/01/2014 23:47:13] /i mana potion
[01/01/2014 23:47:13] /i mana potion
[01/01/2014 23:47:13] /i mana potion
[01/01/2014 23:47:13] /i mana potion
[01/01/2014 23:47:13] /i mana potion
[01/01/2014 23:47:13] /i mana potion
[01/01/2014 23:47:13] /i mana potion
[01/01/2014 23:47:13] /i mana potion
[01/01/2014 23:47:13] /i mana potion
[01/01/2014 23:47:13] /i mana potion
[01/01/2014 23:47:13] /i mana potion
[01/01/2014 23:47:13] /i mana potion
[01/01/2014 23:47:13] /i mana potion
[01/01/2014 23:47:13] /i mana potion
[01/01/2014 23:47:13] /i mana potion
[01/01/2014 23:47:13] /i mana potion
[01/01/2014 23:47:13] /i mana potion
[01/01/2014 23:47:14] /i mana potion
[01/01/2014 23:47:14] /i mana potion
[01/01/2014 23:47:14] /i mana potion
[01/01/2014 23:47:14] /i mana potion
[01/01/2014 23:47:14] /i mana potion
[01/01/2014 23:47:14] /i mana potion
[01/01/2014 23:47:14] /i mana potion
[01/01/2014 23:47:14] /i mana potion
[01/01/2014 23:47:14] /i mana potion
[01/01/2014 23:47:14] /i mana potion
[01/01/2014 23:47:14] /i mana potion
[01/01/2014 23:47:14] /i mana potion
[01/01/2014 23:47:14] /i mana potion
[01/01/2014 23:47:14] /i mana potion
[01/01/2014 23:47:14] /i mana potion
[01/01/2014 23:47:14] /i mana potion
[01/01/2014 23:47:14] /i mana potion
[01/01/2014 23:47:14] /i mana potion
[01/01/2014 23:47:14] /i mana potion
[01/01/2014 23:47:14] /i mana potion
[01/01/2014 23:47:14] /i mana potion
[01/01/2014 23:47:14] /i mana potion
[01/01/2014 23:47:15] /i mana potion
[01/01/2014 23:47:15] /i mana potion
[01/01/2014 23:47:15] /i mana potion
[01/01/2014 23:47:15] /i mana potion
[01/01/2014 23:47:15] /i mana potion
[01/01/2014 23:47:15] /i mana potion
[01/01/2014 23:47:15] /i mana potion
[01/01/2014 23:47:15] /i mana potion
[01/01/2014 23:47:15] /i mana potion
[01/01/2014 23:47:15] /i mana potion
[01/01/2014 23:47:15] /i mana potion
[01/01/2014 23:47:15] /i mana potion
[01/01/2014 23:47:15] /i mana potion
[01/01/2014 23:47:15] /i mana potion
[01/01/2014 23:47:15] /i mana potion
[01/01/2014 23:47:15] /i mana potion
[01/01/2014 23:47:15] /i mana potion
[01/01/2014 23:47:15] /i mana potion
[01/01/2014 23:47:15] /i mana potion
[01/01/2014 23:47:15] /i mana potion
[01/01/2014 23:47:15] /i mana potion
[01/01/2014 23:47:15] /i mana potion
[01/01/2014 23:47:16] /i mana potion
[01/01/2014 23:47:16] /i mana potion
[01/01/2014 23:47:16] /i mana potion
[01/01/2014 23:47:16] /i mana potion
[01/01/2014 23:47:16] /i mana potion
[01/01/2014 23:47:16] /i mana potion
[01/01/2014 23:47:16] /i mana potion
[01/01/2014 23:47:16] /i mana potion
[01/01/2014 23:47:16] /i mana potion
[01/01/2014 23:47:16] /i mana potion
[01/01/2014 23:47:16] /i mana potion
[01/01/2014 23:47:16] /i mana potion
[01/01/2014 23:47:16] /i mana potion
[01/01/2014 23:47:16] /i mana potion
[01/01/2014 23:47:16] /i mana potion
[01/01/2014 23:47:16] /i mana potion
[01/01/2014 23:47:16] /i mana potion
[01/01/2014 23:47:16] /i mana potion
[01/01/2014 23:47:16] /i mana potion
[01/01/2014 23:47:17] /i mana potion
[01/01/2014 23:47:17] /i mana potion
[01/01/2014 23:47:17] /i mana potion
[01/01/2014 23:47:17] /i mana potion
[01/01/2014 23:47:17] /i mana potion
[01/01/2014 23:47:17] /i mana potion
[01/01/2014 23:47:17] /i mana potion
[01/01/2014 23:47:17] /i mana potion
[01/01/2014 23:47:17] /i mana potion
[01/01/2014 23:47:17] /i mana potion
[01/01/2014 23:47:17] /i mana potion
[01/01/2014 23:47:17] /i mana potion
[01/01/2014 23:47:17] /i mana potion
[01/01/2014 23:47:17] /i mana potion
[01/01/2014 23:47:17] /i mana potion
[01/01/2014 23:47:17] /i mana potion
[01/01/2014 23:47:17] /i mana potion
[01/01/2014 23:47:17] /i mana potion
[01/01/2014 23:47:17] /i mana potion
[01/01/2014 23:47:18] /i mana potion
[01/01/2014 23:47:18] /i mana potion
[01/01/2014 23:47:18] /i mana potion
[01/01/2014 23:47:18] /i mana potion
[01/01/2014 23:47:18] /i mana potion
[01/01/2014 23:47:18] /i mana potion
[01/01/2014 23:47:18] /i mana potion
[01/01/2014 23:47:18] /i mana potion
[01/01/2014 23:47:18] /i mana potion
[01/01/2014 23:47:18] /i mana potion
[01/01/2014 23:47:18] /i mana potion
[01/01/2014 23:47:18] /i mana potion
[01/01/2014 23:47:18] /i mana potion
[01/01/2014 23:47:18] /i mana potion
[01/01/2014 23:47:18] /i mana potion
[01/01/2014 23:47:18] /i mana potion
[01/01/2014 23:47:18] /i mana potion
[01/01/2014 23:47:18] /i mana potion
[01/01/2014 23:47:18] /i mana potion
[01/01/2014 23:47:19] /i mana potion
[01/01/2014 23:47:19] /i mana potion
[01/01/2014 23:47:19] /i mana potion
[01/01/2014 23:47:19] /i mana potion
[01/01/2014 23:47:19] /i mana potion
[01/01/2014 23:47:19] /i mana potion
[01/01/2014 23:47:19] /i mana potion
[01/01/2014 23:47:19] /i mana potion
[01/01/2014 23:47:19] /i mana potion
[01/01/2014 23:47:19] /i mana potion
[01/01/2014 23:47:19] /i mana potion
[01/01/2014 23:47:19] /i mana potion
[01/01/2014 23:47:19] /i mana potion
[01/01/2014 23:47:19] /i mana potion
[01/01/2014 23:47:19] /i mana potion
[01/01/2014 23:47:19] /i mana potion
[01/01/2014 23:47:19] /i mana potion
[01/01/2014 23:47:19] /i mana potion
[01/01/2014 23:47:19] /i mana potion
[01/01/2014 23:47:19] /i mana potion
[01/01/2014 23:47:20] /i mana potion
[01/01/2014 23:47:20] /i mana potion
[01/01/2014 23:47:20] /i mana potion
[01/01/2014 23:47:20] /i mana potion
[01/01/2014 23:47:20] /i mana potion
[01/01/2014 23:47:20] /i mana potion
[01/01/2014 23:47:20] /i mana potion
[01/01/2014 23:47:20] /i mana potion
[01/01/2014 23:47:20] /i mana potion
[01/01/2014 23:47:20] /i mana potion
[01/01/2014 23:47:20] /i mana potion
[01/01/2014 23:47:20] /i mana potion
[01/01/2014 23:47:20] /i mana potion
[01/01/2014 23:47:20] /i mana potion
[01/01/2014 23:47:20] /i mana potion
[01/01/2014 23:47:20] /i mana potion
[01/01/2014 23:47:20] /i mana potion
[01/01/2014 23:47:20] /i mana potion
[01/01/2014 23:47:20] /i mana potion
[01/01/2014 23:47:21] /i mana potion
[01/01/2014 23:47:21] /i mana potion
[01/01/2014 23:47:21] /i mana potion
[01/01/2014 23:47:21] /i mana potion
[01/01/2014 23:47:21] /i mana potion
[01/01/2014 23:47:21] /i mana potion
[01/01/2014 23:47:21] /i mana potion
[01/01/2014 23:47:21] /i mana potion
[01/01/2014 23:47:21] /i mana potion
[01/01/2014 23:47:21] /i mana potion
[01/01/2014 23:47:21] /i mana potion
[01/01/2014 23:47:21] /i mana potion
[01/01/2014 23:47:21] /i mana potion
[01/01/2014 23:47:21] /i mana potion
[01/01/2014 23:47:21] /i mana potion
[01/01/2014 23:47:21] /i mana potion
[01/01/2014 23:47:21] /i mana potion
[01/01/2014 23:47:21] /i mana potion
[01/01/2014 23:47:22] /i mana potion
[01/01/2014 23:47:22] /i mana potion
[01/01/2014 23:47:22] /i mana potion
[01/01/2014 23:47:22] /i mana potion
[01/01/2014 23:47:22] /i mana potion
[01/01/2014 23:47:22] /i mana potion
[01/01/2014 23:47:22] /i mana potion
[01/01/2014 23:47:22] /i mana potion
[01/01/2014 23:47:22] /i mana potion
[01/01/2014 23:47:22] /i mana potion
[01/01/2014 23:47:22] /i mana potion
[01/01/2014 23:47:22] /i mana potion
[01/01/2014 23:47:22] /i mana potion
[01/01/2014 23:47:22] /i mana potion
[01/01/2014 23:47:22] /i mana potion
[01/01/2014 23:47:22] /i mana potion
[01/01/2014 23:47:22] /i mana potion
[01/01/2014 23:47:22] /i mana potion
[01/01/2014 23:47:22] /i mana potion
[01/01/2014 23:47:22] /i mana potion
[01/01/2014 23:47:23] /i mana potion
[01/01/2014 23:47:23] /i mana potion
[01/01/2014 23:47:23] /i mana potion
[01/01/2014 23:47:23] /i mana potion
[01/01/2014 23:47:23] /i mana potion
[01/01/2014 23:47:23] /i mana potion
[01/01/2014 23:47:23] /i mana potion
[01/01/2014 23:47:23] /i mana potion
[01/01/2014 23:47:23] /i mana potion
[01/01/2014 23:47:23] /i mana potion
[01/01/2014 23:47:23] /i mana potion
[01/01/2014 23:47:23] /i mana potion
[01/01/2014 23:47:23] /i mana potion
[01/01/2014 23:47:23] /i mana potion
[01/01/2014 23:47:23] /i mana potion
[01/01/2014 23:47:23] /i mana potion
[01/01/2014 23:47:24] /i mana potion
[01/01/2014 23:47:24] /i mana potion
[01/01/2014 23:47:24] /i mana potion
[01/01/2014 23:47:24] /i mana potion
[01/01/2014 23:47:24] /i mana potion
[01/01/2014 23:47:24] /i mana potion
[01/01/2014 23:47:24] /i mana potion
[01/01/2014 23:47:24] /i mana potion
[01/01/2014 23:47:24] /i mana potion
[01/01/2014 23:47:24] /i mana potion
[01/01/2014 23:47:24] /i mana potion
[01/01/2014 23:47:24] /i mana potion
[01/01/2014 23:47:24] /i mana potion
[01/01/2014 23:47:24] /i mana potion
[01/01/2014 23:47:24] /i mana potion
[01/01/2014 23:47:24] /i mana potion
[01/01/2014 23:47:24] /i mana potion
[01/01/2014 23:47:24] /i mana potion
[01/01/2014 23:47:24] /i mana potion
[01/01/2014 23:47:24] /i mana potion
[01/01/2014 23:47:25] /i mana potion
[01/01/2014 23:47:25] /i mana potion
[01/01/2014 23:47:25] /i mana potion
[01/01/2014 23:47:25] /i mana potion
[01/01/2014 23:47:25] /i mana potion
[01/01/2014 23:47:25] /i mana potion
[01/01/2014 23:47:25] /i mana potion
[01/01/2014 23:47:25] /i mana potion
[01/01/2014 23:47:25] /i mana potion
[01/01/2014 23:47:25] /i mana potion
[01/01/2014 23:47:25] /i mana potion
[01/01/2014 23:47:25] /i mana potion
[01/01/2014 23:47:25] /i mana potion
[01/01/2014 23:47:25] /i mana potion
[01/01/2014 23:47:25] /i mana potion
[01/01/2014 23:47:25] /i mana potion
[01/01/2014 23:47:25] /i mana potion
[01/01/2014 23:47:25] /i mana potion
[01/01/2014 23:47:25] /i mana potion
[01/01/2014 23:47:26] /i mana potion
[01/01/2014 23:47:26] /i mana potion
[01/01/2014 23:47:26] /i mana potion
[01/01/2014 23:47:26] /i mana potion
[01/01/2014 23:47:26] /i mana potion
[01/01/2014 23:47:26] /i mana potion
[01/01/2014 23:47:26] /i mana potion
[01/01/2014 23:47:26] /i mana potion
[01/01/2014 23:47:26] /i mana potion
[01/01/2014 23:47:26] /i mana potion
[01/01/2014 23:47:26] /i mana potion
[01/01/2014 23:47:26] /i mana potion
[01/01/2014 23:47:26] /i mana potion
[01/01/2014 23:47:26] /i mana potion
[01/01/2014 23:47:26] /i mana potion
[01/01/2014 23:47:26] /i mana potion
[01/01/2014 23:47:26] /i mana potion
[01/01/2014 23:47:26] /i mana potion
[01/01/2014 23:47:26] /i mana potion
[01/01/2014 23:47:26] /i mana potion
[01/01/2014 23:47:27] /i mana potion
[01/01/2014 23:47:27] /i mana potion
[01/01/2014 23:47:27] /i mana potion
[01/01/2014 23:47:27] /i mana potion
[01/01/2014 23:47:27] /i mana potion
[01/01/2014 23:47:27] /i mana potion
[01/01/2014 23:47:27] /i mana potion
[01/01/2014 23:47:27] /i mana potion
[01/01/2014 23:47:27] /i mana potion
[01/01/2014 23:47:27] /i mana potion
[01/01/2014 23:47:27] /i mana potion
[01/01/2014 23:47:27] /i mana potion
[01/01/2014 23:47:27] /i mana potion
[01/01/2014 23:47:27] /i mana potion
[01/01/2014 23:47:27] /i mana potion
[01/01/2014 23:47:27] /i mana potion
[01/01/2014 23:47:27] /i mana potion
[01/01/2014 23:47:27] /i mana potion
[01/01/2014 23:47:27] /i mana potion
[01/01/2014 23:47:27] /i mana potion
[01/01/2014 23:47:27] /i mana potion
[01/01/2014 23:47:28] /i mana potion
[01/01/2014 23:47:28] /i mana potion
[01/01/2014 23:47:28] /i mana potion
[01/01/2014 23:47:28] /i mana potion
[01/01/2014 23:47:28] /i mana potion
[01/01/2014 23:47:28] /i mana potion
[01/01/2014 23:47:28] /i mana potion
[01/01/2014 23:47:28] /i mana potion
[01/01/2014 23:47:28] /i mana potion
[01/01/2014 23:47:28] /i mana potion
[01/01/2014 23:47:28] /i mana potion
[01/01/2014 23:47:28] /i mana potion
[01/01/2014 23:47:28] /i mana potion
[01/01/2014 23:47:28] /i mana potion
[01/01/2014 23:47:28] /i mana potion
[01/01/2014 23:47:28] /i mana potion
[01/01/2014 23:47:28] /i mana potion
[01/01/2014 23:47:28] /i mana potion
[01/01/2014 23:47:28] /i mana potion
[01/01/2014 23:47:28] /i mana potion
[01/01/2014 23:47:28] /i mana potion
[01/01/2014 23:47:29] /i mana potion
[01/01/2014 23:47:29] /i mana potion
[01/01/2014 23:47:29] /i mana potion
[01/01/2014 23:47:29] /i mana potion
[01/01/2014 23:47:29] /i mana potion
[01/01/2014 23:47:29] /i mana potion
[01/01/2014 23:47:29] /i mana potion
[01/01/2014 23:47:29] /i mana potion
[01/01/2014 23:47:29] /i mana potion
[01/01/2014 23:47:29] /i mana potion
[01/01/2014 23:47:29] /i mana potion
[01/01/2014 23:47:29] /i mana potion
[01/01/2014 23:47:29] /i mana potion
[01/01/2014 23:47:29] /i mana potion
[01/01/2014 23:47:29] /i mana potion
[01/01/2014 23:47:29] /i mana potion
[01/01/2014 23:47:29] /i mana potion
[01/01/2014 23:47:29] /i mana potion
[01/01/2014 23:47:29] /i mana potion
[01/01/2014 23:47:30] /i mana potion
[01/01/2014 23:47:30] /i mana potion
[01/01/2014 23:47:30] /i mana potion
[01/01/2014 23:47:30] /i mana potion
[01/01/2014 23:47:30] /i mana potion
[01/01/2014 23:47:30] /i mana potion
[01/01/2014 23:47:30] /i mana potion
[01/01/2014 23:47:30] /i mana potion
[01/01/2014 23:47:30] /i mana potion
[01/01/2014 23:47:30] /i mana potion
[01/01/2014 23:47:30] /i mana potion
[01/01/2014 23:47:30] /i mana potion
[01/01/2014 23:47:30] /i mana potion
[01/01/2014 23:47:30] /i mana potion
[01/01/2014 23:47:30] /i mana potion
[01/01/2014 23:47:30] /i mana potion
[01/01/2014 23:47:30] /i mana potion
[01/01/2014 23:47:30] /i mana potion
[01/01/2014 23:47:30] /i mana potion
[01/01/2014 23:47:31] /i mana potion
[01/01/2014 23:47:31] /i mana potion
[01/01/2014 23:47:31] /i mana potion
[01/01/2014 23:47:31] /i mana potion
[01/01/2014 23:47:31] /i mana potion
[01/01/2014 23:47:31] /i mana potion
[01/01/2014 23:47:31] /i mana potion
[01/01/2014 23:47:31] /i mana potion
[01/01/2014 23:47:31] /i mana potion
[01/01/2014 23:47:32] /i mana potion
[01/01/2014 23:47:32] /i mana potion
[01/01/2014 23:47:32] /i mana potion
[01/01/2014 23:47:32] /i mana potion
[01/01/2014 23:47:32] /i mana potion
[01/01/2014 23:47:32] /i mana potion
[01/01/2014 23:47:32] /i mana potion
[01/01/2014 23:47:32] /i mana potion
[01/01/2014 23:47:32] /i mana potion
[01/01/2014 23:47:32] /i mana potion
[01/01/2014 23:47:32] /i mana potion
[01/01/2014 23:47:32] /i mana potion
[01/01/2014 23:47:32] /i mana potion
[01/01/2014 23:47:33] /i mana potion
[01/01/2014 23:47:33] /i mana potion
[01/01/2014 23:47:33] /i mana potion
[01/01/2014 23:47:33] /i mana potion
[01/01/2014 23:47:33] /i mana potion
[01/01/2014 23:47:33] /i mana potion
[01/01/2014 23:47:33] /i mana potion
[01/01/2014 23:47:33] /i mana potion
[01/01/2014 23:47:33] /i mana potion
[01/01/2014 23:47:33] /i mana potion
[01/01/2014 23:47:33] /i mana potion
[01/01/2014 23:47:33] /i mana potion
[01/01/2014 23:47:33] /i mana potion
[01/01/2014 23:47:33] /i mana potion
[01/01/2014 23:47:34] /i mana potion
[01/01/2014 23:47:34] /i mana potion
[01/01/2014 23:47:34] /i mana potion
[01/01/2014 23:47:34] /i mana potion
[01/01/2014 23:47:34] /i mana potion
[01/01/2014 23:47:35] /i mana potion
[01/01/2014 23:47:35] /i mana potion
[01/01/2014 23:47:35] /i mana potion
[01/01/2014 23:47:35] /i mana potion
[01/01/2014 23:47:35] /i mana potion
[01/01/2014 23:47:35] /i mana potion
[01/01/2014 23:47:36] /i mana potion
[01/01/2014 23:47:36] /i mana potion
[01/01/2014 23:47:36] /i mana potion
[01/01/2014 23:47:36] /i mana potion
[01/01/2014 23:47:36] /i mana potion
[01/01/2014 23:47:37] /i mana potion
[01/01/2014 23:47:37] /i mana potion
[01/01/2014 23:47:37] /i mana potion
[01/01/2014 23:47:37] /i mana potion
[01/01/2014 23:47:37] /i mana potion
[01/01/2014 23:47:37] /i mana potion
[01/01/2014 23:47:38] /i mana potion
[01/01/2014 23:47:38] /i mana potion
[01/01/2014 23:47:38] /i mana potion
[02/01/2014 14:43:00] /i buakugo no jutsu
[02/01/2014 14:43:08] /i byakugo no jutsu
[02/01/2014 14:43:24] /m tortoise
[02/01/2014 14:43:25] /m tortoise
[02/01/2014 14:43:25] /m tortoise
[02/01/2014 14:43:26] /m tortoise
[02/01/2014 14:43:27] /m tortoise
[02/01/2014 14:43:27] /m tortoise
[02/01/2014 14:44:09] /i byakugo no jutsu
[02/01/2014 14:44:13] /i mana potion
[02/01/2014 14:44:24] /i mana potion
[02/01/2014 14:44:25] /i mana potion
[02/01/2014 14:44:25] /i mana potion
[02/01/2014 14:44:26] /i mana potion
[02/01/2014 14:44:27] /i byakugo no jutsu
[02/01/2014 14:44:28] /i byakugo no jutsu
[02/01/2014 14:44:28] /i byakugo no jutsu
[02/01/2014 14:44:30] /i mana potion
[02/01/2014 14:44:37] /i mana potion
[02/01/2014 14:44:38] /i mana potion
[02/01/2014 14:44:38] /i mana potion
[02/01/2014 14:44:38] /i mana potion
[02/01/2014 14:44:38] /i mana potion
[02/01/2014 14:44:38] /i mana potion
[02/01/2014 14:44:38] /i mana potion
[02/01/2014 14:44:38] /i mana potion
[02/01/2014 14:44:38] /i mana potion
[02/01/2014 14:44:38] /i mana potion
[02/01/2014 14:44:38] /i mana potion
[02/01/2014 14:44:38] /i mana potion
[02/01/2014 14:44:38] /i mana potion
[02/01/2014 14:44:38] /i mana potion
[02/01/2014 14:44:39] /i mana potion
[02/01/2014 14:44:39] /i mana potion
[02/01/2014 14:44:39] /i mana potion
[02/01/2014 14:44:39] /i mana potion
[02/01/2014 14:44:39] /i mana potion
[02/01/2014 14:44:39] /i mana potion
[02/01/2014 14:44:39] /i mana potion
[02/01/2014 14:44:39] /i mana potion
[02/01/2014 14:44:39] /i mana potion
[02/01/2014 14:44:39] /i mana potion
[02/01/2014 14:44:39] /i mana potion
[02/01/2014 14:44:39] /i mana potion
[02/01/2014 14:44:39] /i mana potion
[02/01/2014 14:44:39] /i mana potion
[02/01/2014 14:44:39] /i mana potion
[02/01/2014 14:44:39] /i mana potion
[02/01/2014 14:44:39] /i mana potion
[02/01/2014 14:44:39] /i mana potion
[02/01/2014 14:44:39] /i mana potion
[02/01/2014 14:44:39] /i mana potion
[02/01/2014 14:44:39] /i mana potion
[02/01/2014 14:44:40] /i mana potion
[02/01/2014 14:44:40] /i mana potion
[02/01/2014 14:44:40] /i mana potion
[02/01/2014 14:44:40] /i mana potion
[02/01/2014 14:44:40] /i mana potion
[02/01/2014 14:44:40] /i mana potion
[02/01/2014 14:44:40] /i mana potion
[02/01/2014 14:44:40] /i mana potion
[02/01/2014 14:44:40] /i mana potion
[02/01/2014 14:44:40] /i mana potion
[02/01/2014 14:44:40] /i mana potion
[02/01/2014 14:44:40] /i mana potion
[02/01/2014 14:44:40] /i mana potion
[02/01/2014 14:44:40] /i mana potion
[02/01/2014 14:44:40] /i mana potion
[02/01/2014 14:44:40] /i mana potion
[02/01/2014 14:44:40] /i mana potion
[02/01/2014 14:44:40] /i mana potion
[02/01/2014 14:44:40] /i mana potion
[02/01/2014 14:44:40] /i mana potion
[02/01/2014 14:44:41] /i mana potion
[02/01/2014 14:44:41] /i mana potion
[02/01/2014 14:44:41] /i mana potion
[02/01/2014 14:44:41] /i mana potion
[02/01/2014 14:44:41] /i mana potion
[02/01/2014 14:44:41] /i mana potion
[02/01/2014 14:44:41] /i mana potion
[02/01/2014 14:44:41] /i mana potion
[02/01/2014 14:44:41] /i mana potion
[02/01/2014 14:44:41] /i mana potion
[02/01/2014 14:44:41] /i mana potion
[02/01/2014 14:44:41] /i mana potion
[02/01/2014 14:44:41] /i mana potion
[02/01/2014 14:44:41] /i mana potion
[02/01/2014 14:44:41] /i mana potion
[02/01/2014 14:44:41] /i mana potion
[02/01/2014 14:44:41] /i mana potion
[02/01/2014 14:44:41] /i mana potion
[02/01/2014 14:44:41] /i mana potion
[02/01/2014 14:44:42] /i mana potion
[02/01/2014 14:44:42] /i mana potion
[02/01/2014 14:44:42] /i mana potion
[02/01/2014 14:44:42] /i mana potion
[02/01/2014 14:44:42] /i mana potion
[02/01/2014 14:44:42] /i mana potion
[02/01/2014 14:44:42] /i mana potion
[02/01/2014 14:44:42] /i mana potion
[02/01/2014 14:44:42] /i mana potion
[02/01/2014 14:44:42] /i mana potion
[02/01/2014 14:44:42] /i mana potion
[02/01/2014 14:44:42] /i mana potion
[02/01/2014 14:44:42] /i mana potion
[02/01/2014 14:44:42] /i mana potion
[02/01/2014 14:44:42] /i mana potion
[02/01/2014 14:44:42] /i mana potion
[02/01/2014 14:44:42] /i mana potion
[02/01/2014 14:44:42] /i mana potion
[02/01/2014 14:44:42] /i mana potion
[02/01/2014 14:44:42] /i mana potion
[02/01/2014 14:44:43] /i mana potion
[02/01/2014 14:44:43] /i mana potion
[02/01/2014 14:44:43] /i mana potion
[02/01/2014 14:44:43] /i mana potion
[02/01/2014 14:44:43] /i mana potion
[02/01/2014 14:44:43] /i mana potion
[02/01/2014 14:44:43] /i mana potion
[02/01/2014 14:44:43] /i mana potion
[02/01/2014 14:44:43] /i mana potion
[02/01/2014 14:44:43] /i mana potion
[02/01/2014 14:44:43] /i mana potion
[02/01/2014 14:44:43] /i mana potion
[02/01/2014 14:44:43] /i mana potion
[02/01/2014 14:44:43] /i mana potion
[02/01/2014 14:44:43] /i mana potion
[02/01/2014 14:44:43] /i mana potion
[02/01/2014 14:44:43] /i mana potion
[02/01/2014 14:46:43] /a 30
[02/01/2014 14:46:44] /a 30
[02/01/2014 14:46:51] /i byakugo no jutsu
[02/01/2014 14:48:35] /i mana potion
[02/01/2014 14:48:36] /i mana potion
[02/01/2014 14:48:37] /i mana potion
[02/01/2014 14:48:37] /i mana potion
[02/01/2014 14:48:38] /i mana potion
[02/01/2014 14:48:38] /i mana potion
[02/01/2014 14:48:39] /i mana potion
[02/01/2014 14:48:39] /i mana potion
[02/01/2014 14:48:40] /i mana potion
[02/01/2014 14:48:40] /i mana potion
[02/01/2014 14:48:41] /i mana potion
[02/01/2014 20:16:00] /i mana potion
[02/01/2014 20:16:01] /i mana potion
[02/01/2014 20:16:01] /i mana potion
[02/01/2014 20:16:01] /i mana potion
[02/01/2014 20:16:01] /i mana potion
[02/01/2014 20:16:01] /i mana potion
[02/01/2014 20:16:02] /i mana potion
[02/01/2014 20:16:02] /i mana potion
[02/01/2014 20:16:02] /i mana potion
[02/01/2014 20:16:02] /i mana potion
[02/01/2014 20:16:02] /i mana potion
[02/01/2014 20:16:03] /i mana potion
[02/01/2014 20:16:03] /i mana potion
[02/01/2014 20:16:03] /i mana potion
[02/01/2014 20:16:03] /i mana potion
[02/01/2014 20:16:03] /i mana potion
[02/01/2014 20:16:04] /i mana potion
[02/01/2014 20:16:04] /i mana potion
[02/01/2014 20:16:04] /i mana potion
[02/01/2014 20:16:04] /i mana potion
[02/01/2014 20:16:04] /i mana potion
[02/01/2014 20:16:05] /i mana potion
[02/01/2014 20:16:05] /i mana potion
[02/01/2014 20:16:05] /i mana potion
[02/01/2014 20:16:05] /i mana potion
[02/01/2014 20:16:05] /i mana potion
[02/01/2014 20:16:05] /i mana potion
[02/01/2014 20:16:06] /i mana potion
[02/01/2014 20:16:06] /i mana potion
[02/01/2014 20:16:06] /i mana potion
[02/01/2014 20:16:06] /i mana potion
[02/01/2014 20:16:06] /i mana potion
[02/01/2014 20:16:06] /i mana potion
[02/01/2014 20:16:07] /i mana potion
[02/01/2014 20:16:07] /i mana potion
[02/01/2014 20:16:07] /i mana potion
[02/01/2014 20:16:07] /i mana potion
[02/01/2014 20:16:07] /i mana potion
[02/01/2014 20:16:08] /i mana potion
[02/01/2014 20:16:08] /i mana potion
[02/01/2014 20:16:08] /i mana potion
[02/01/2014 20:16:08] /i mana potion
[02/01/2014 20:16:08] /i mana potion
[02/01/2014 20:16:08] /i mana potion
[02/01/2014 20:16:09] /i mana potion
[02/01/2014 20:16:09] /i mana potion
[02/01/2014 20:16:09] /i mana potion
[02/01/2014 20:16:09] /i mana potion
[02/01/2014 20:16:09] /i mana potion
[02/01/2014 20:16:09] /i mana potion
[02/01/2014 20:16:10] /i mana potion
[02/01/2014 20:16:10] /i mana potion
[02/01/2014 20:16:10] /i mana potion
[02/01/2014 20:16:10] /i mana potion
[02/01/2014 20:16:10] /i mana potion
[02/01/2014 20:16:10] /i mana potion
[02/01/2014 20:16:11] /i mana potion
[02/01/2014 20:16:11] /i mana potion
[02/01/2014 20:16:11] /i mana potion
[02/01/2014 20:16:11] /i mana potion
[02/01/2014 20:16:11] /i mana potion
[02/01/2014 20:16:11] /i mana potion
[02/01/2014 20:16:12] /i mana potion
[02/01/2014 20:16:12] /i mana potion
[02/01/2014 20:16:12] /i mana potion
[02/01/2014 20:16:12] /i mana potion
[02/01/2014 20:16:12] /i mana potion
[02/01/2014 20:16:12] /i mana potion
[02/01/2014 20:16:13] /i mana potion
[02/01/2014 20:16:13] /i mana potion
[02/01/2014 20:16:13] /i mana potion
[02/01/2014 20:16:13] /i mana potion
[02/01/2014 20:16:13] /i mana potion
[02/01/2014 20:16:13] /i mana potion
[02/01/2014 20:16:14] /i mana potion
[02/01/2014 20:16:14] /i mana potion
[02/01/2014 20:16:14] /i mana potion
[02/01/2014 20:16:14] /i mana potion
[02/01/2014 20:16:14] /i mana potion
[02/01/2014 20:16:15] /i mana potion
[02/01/2014 20:16:15] /i mana potion
[02/01/2014 20:16:15] /i mana potion
[02/01/2014 20:16:15] /i mana potion
[02/01/2014 20:16:15] /i mana potion
[02/01/2014 20:16:16] /i mana potion
[02/01/2014 20:16:16] /i mana potion
[02/01/2014 20:16:18] /i ham
[02/01/2014 21:21:32] /m tortoise
[02/01/2014 23:16:19] /i strong health potion
[02/01/2014 23:16:28] /i strong health potion
[02/01/2014 23:16:28] /i strong health potion
[02/01/2014 23:16:28] /i strong health potion
[02/01/2014 23:16:28] /i strong health potion
[02/01/2014 23:16:28] /i strong health potion
[02/01/2014 23:16:28] /i strong health potion
[02/01/2014 23:16:28] /i strong health potion
[02/01/2014 23:16:29] /i strong health potion
[02/01/2014 23:16:29] /i strong health potion
[02/01/2014 23:16:29] /i strong health potion
[02/01/2014 23:16:29] /i strong health potion
[02/01/2014 23:16:29] /i strong health potion
[02/01/2014 23:16:29] /i strong health potion
[02/01/2014 23:16:29] /i strong health potion
[02/01/2014 23:16:29] /i strong health potion
[02/01/2014 23:16:29] /i strong health potion
[02/01/2014 23:16:29] /i strong health potion
[02/01/2014 23:16:29] /i strong health potion
[02/01/2014 23:16:29] /i strong health potion
[02/01/2014 23:16:29] /i strong health potion
[02/01/2014 23:16:29] /i strong health potion
[02/01/2014 23:16:29] /i strong health potion
[02/01/2014 23:16:29] /i strong health potion
[02/01/2014 23:16:29] /i strong health potion
[02/01/2014 23:16:29] /i strong health potion
[02/01/2014 23:16:29] /i strong health potion
[02/01/2014 23:16:29] /i strong health potion
[02/01/2014 23:16:30] /i strong health potion
[02/01/2014 23:16:30] /i strong health potion
[02/01/2014 23:16:30] /i strong health potion
[02/01/2014 23:16:30] /i strong health potion
[02/01/2014 23:16:30] /i strong health potion
[02/01/2014 23:16:30] /i strong health potion
[02/01/2014 23:16:30] /i strong health potion
[02/01/2014 23:16:30] /i strong health potion
[02/01/2014 23:16:30] /i strong health potion
[02/01/2014 23:16:30] /i strong health potion
[02/01/2014 23:16:30] /i strong health potion
[02/01/2014 23:16:30] /i strong health potion
[02/01/2014 23:16:30] /i strong health potion
[02/01/2014 23:16:30] /i strong health potion
[02/01/2014 23:16:30] /i strong health potion
[02/01/2014 23:16:30] /i strong health potion
[02/01/2014 23:16:30] /i strong health potion
[02/01/2014 23:16:30] /i strong health potion
[02/01/2014 23:16:30] /i strong health potion
[02/01/2014 23:16:30] /i strong health potion
[02/01/2014 23:16:30] /i strong health potion
[02/01/2014 23:16:30] /i strong health potion
[02/01/2014 23:16:30] /i strong health potion
[02/01/2014 23:16:30] /i strong health potion
[02/01/2014 23:16:31] /i strong health potion
[02/01/2014 23:16:31] /i strong health potion
[02/01/2014 23:16:31] /i strong health potion
[02/01/2014 23:16:31] /i strong health potion
[02/01/2014 23:16:31] /i strong health potion
[02/01/2014 23:16:31] /i strong health potion
[02/01/2014 23:16:31] /i strong health potion
[02/01/2014 23:16:31] /i strong health potion
[02/01/2014 23:16:31] /i strong health potion
[02/01/2014 23:16:31] /i strong health potion
[02/01/2014 23:16:31] /i strong health potion
[02/01/2014 23:16:31] /i strong health potion
[02/01/2014 23:16:31] /i strong health potion
[02/01/2014 23:16:31] /i strong health potion
[02/01/2014 23:16:31] /i strong health potion
[02/01/2014 23:16:31] /i strong health potion
[02/01/2014 23:16:31] /i strong health potion
[02/01/2014 23:16:31] /i strong health potion
[02/01/2014 23:16:31] /i strong health potion
[02/01/2014 23:16:31] /i strong health potion
[02/01/2014 23:16:31] /i strong health potion
[02/01/2014 23:16:31] /i strong health potion
[02/01/2014 23:16:31] /i strong health potion
[02/01/2014 23:16:31] /i strong health potion
[02/01/2014 23:16:32] /i strong health potion
[02/01/2014 23:16:32] /i strong health potion
[02/01/2014 23:16:32] /i strong health potion
[02/01/2014 23:16:32] /i strong health potion
[02/01/2014 23:16:32] /i strong health potion
[02/01/2014 23:16:32] /i strong health potion
[02/01/2014 23:16:32] /i strong health potion
[02/01/2014 23:16:32] /i strong health potion
[02/01/2014 23:16:32] /i strong health potion
[02/01/2014 23:16:32] /i strong health potion
[02/01/2014 23:16:32] /i strong health potion
[02/01/2014 23:16:32] /i strong health potion
[02/01/2014 23:16:32] /i strong health potion
[02/01/2014 23:16:32] /i strong health potion
[02/01/2014 23:16:32] /i strong health potion
[02/01/2014 23:16:32] /i strong health potion
[02/01/2014 23:16:32] /i strong health potion
[02/01/2014 23:16:33] /i strong health potion
[02/01/2014 23:16:33] /i strong health potion
[02/01/2014 23:16:33] /i strong health potion
[02/01/2014 23:16:33] /i strong health potion
[02/01/2014 23:16:33] /i strong health potion
[02/01/2014 23:16:33] /i strong health potion
[02/01/2014 23:16:33] /i strong health potion
[02/01/2014 23:16:33] /i strong health potion
[02/01/2014 23:16:33] /i strong health potion
[02/01/2014 23:16:33] /i strong health potion
[02/01/2014 23:16:33] /i strong health potion
[02/01/2014 23:16:34] /i strong health potion
[02/01/2014 23:16:34] /i strong health potion
[02/01/2014 23:16:34] /i strong health potion
[02/01/2014 23:16:34] /i strong health potion
[02/01/2014 23:16:34] /i strong health potion
[02/01/2014 23:16:34] /i strong health potion
[02/01/2014 23:16:34] /i strong health potion
[02/01/2014 23:16:34] /i strong health potion
[02/01/2014 23:16:34] /i strong health potion
[02/01/2014 23:16:34] /i strong health potion
[02/01/2014 23:16:34] /i strong health potion
[02/01/2014 23:16:34] /i strong health potion
[02/01/2014 23:16:34] /i strong health potion
[02/01/2014 23:16:34] /i strong health potion
[02/01/2014 23:16:34] /i strong health potion
[02/01/2014 23:16:34] /i strong health potion
[02/01/2014 23:16:35] /i strong health potion
[02/01/2014 23:16:35] /i strong health potion
[02/01/2014 23:16:35] /i strong health potion
[02/01/2014 23:16:35] /i strong health potion
[02/01/2014 23:16:35] /i strong health potion
[02/01/2014 23:16:35] /i strong health potion
[02/01/2014 23:16:35] /i strong health potion
[02/01/2014 23:16:35] /i strong health potion
[02/01/2014 23:16:35] /i strong health potion
[02/01/2014 23:16:35] /i strong health potion
[02/01/2014 23:16:35] /i strong health potion
[02/01/2014 23:16:35] /i strong health potion
[02/01/2014 23:16:35] /i strong health potion
[02/01/2014 23:16:35] /i strong health potion
[02/01/2014 23:16:35] /i strong health potion
[02/01/2014 23:16:35] /i strong health potion
[02/01/2014 23:16:35] /i strong health potion
[02/01/2014 23:16:35] /i strong health potion
[02/01/2014 23:16:35] /i strong health potion
[02/01/2014 23:16:36] /i strong health potion
[02/01/2014 23:16:36] /i strong health potion
[02/01/2014 23:16:36] /i strong health potion
[02/01/2014 23:16:36] /i strong health potion
[02/01/2014 23:16:36] /i strong health potion
[02/01/2014 23:16:36] /i strong health potion
[02/01/2014 23:16:36] /i strong health potion
[02/01/2014 23:16:36] /i strong health potion
[02/01/2014 23:16:36] /i strong health potion
[02/01/2014 23:16:36] /i strong health potion
[02/01/2014 23:16:36] /i strong health potion
[02/01/2014 23:16:36] /i strong health potion
[02/01/2014 23:16:36] /i strong health potion
[02/01/2014 23:16:36] /i strong health potion
[02/01/2014 23:16:36] /i strong health potion
[02/01/2014 23:16:36] /i strong health potion
[02/01/2014 23:16:36] /i strong health potion
[02/01/2014 23:16:36] /i strong health potion
[02/01/2014 23:16:36] /i strong health potion
[02/01/2014 23:16:36] /i strong health potion
[02/01/2014 23:16:37] /i strong health potion
[02/01/2014 23:16:37] /i strong health potion
[02/01/2014 23:16:37] /i strong health potion
[02/01/2014 23:16:37] /i strong health potion
[02/01/2014 23:16:37] /i strong health potion
[02/01/2014 23:16:37] /i strong health potion
[02/01/2014 23:16:37] /i strong health potion
[02/01/2014 23:16:37] /i strong health potion
[02/01/2014 23:16:37] /i strong health potion
[02/01/2014 23:16:37] /i strong health potion
[02/01/2014 23:16:37] /i strong health potion
[02/01/2014 23:16:37] /i strong health potion
[02/01/2014 23:16:37] /i strong health potion
[02/01/2014 23:16:37] /i strong health potion
[02/01/2014 23:16:38] /i strong health potion
[02/01/2014 23:16:38] /i strong health potion
[02/01/2014 23:16:38] /i strong health potion
[02/01/2014 23:16:38] /i strong health potion
[02/01/2014 23:16:38] /i strong health potion
[02/01/2014 23:16:38] /i strong health potion
[02/01/2014 23:16:38] /i strong health potion
[02/01/2014 23:16:38] /i strong health potion
[02/01/2014 23:16:38] /i strong health potion
[02/01/2014 23:16:38] /i strong health potion
[02/01/2014 23:16:38] /i strong health potion
[02/01/2014 23:16:38] /i strong health potion
[02/01/2014 23:16:38] /i strong health potion
[02/01/2014 23:16:38] /i strong health potion
[02/01/2014 23:16:38] /i strong health potion
[02/01/2014 23:16:39] /i strong health potion
[02/01/2014 23:16:39] /i strong health potion
[02/01/2014 23:16:39] /i strong health potion
[02/01/2014 23:16:39] /i strong health potion
[02/01/2014 23:16:39] /i strong health potion
[02/01/2014 23:16:39] /i strong health potion
[02/01/2014 23:16:39] /i strong health potion
[02/01/2014 23:16:39] /i strong health potion
[02/01/2014 23:16:39] /i strong health potion
[02/01/2014 23:16:39] /i strong health potion
[02/01/2014 23:16:39] /i strong health potion
[02/01/2014 23:16:39] /i strong health potion
[02/01/2014 23:16:39] /i strong health potion
[02/01/2014 23:16:39] /i strong health potion
[02/01/2014 23:16:39] /i strong health potion
[02/01/2014 23:16:39] /i strong health potion
[02/01/2014 23:16:39] /i strong health potion
[02/01/2014 23:16:39] /i strong health potion
[02/01/2014 23:16:39] /i strong health potion
[02/01/2014 23:16:39] /i strong health potion
[02/01/2014 23:16:40] /i strong health potion
[02/01/2014 23:16:40] /i strong health potion
[02/01/2014 23:16:40] /i strong health potion
[02/01/2014 23:16:40] /i strong health potion
[02/01/2014 23:16:40] /i strong health potion
[02/01/2014 23:16:43] /i strong health potion
[02/01/2014 23:16:44] /i strong health potion
[02/01/2014 23:16:44] /i strong health potion
[02/01/2014 23:16:44] /i strong health potion
[02/01/2014 23:16:44] /i strong health potion
[02/01/2014 23:16:44] /i strong health potion
[02/01/2014 23:16:44] /i strong health potion
[02/01/2014 23:16:44] /i strong health potion
[02/01/2014 23:16:44] /i strong health potion
[02/01/2014 23:16:44] /i strong health potion
[02/01/2014 23:16:44] /i strong health potion
[02/01/2014 23:16:44] /i strong health potion
[02/01/2014 23:16:44] /i strong health potion
[02/01/2014 23:16:44] /i strong health potion
[02/01/2014 23:16:44] /i strong health potion
[02/01/2014 23:16:45] /i strong health potion
[02/01/2014 23:16:45] /i strong health potion
[02/01/2014 23:16:45] /i strong health potion
[02/01/2014 23:16:45] /i strong health potion
[02/01/2014 23:16:45] /i strong health potion
[02/01/2014 23:16:45] /i strong health potion
[02/01/2014 23:16:45] /i strong health potion
[02/01/2014 23:16:45] /i strong health potion
[02/01/2014 23:16:45] /i strong health potion
[02/01/2014 23:16:45] /i strong health potion
[02/01/2014 23:16:45] /i strong health potion
[02/01/2014 23:16:45] /i strong health potion
[02/01/2014 23:16:45] /i strong health potion
[02/01/2014 23:16:45] /i strong health potion
[02/01/2014 23:16:45] /i strong health potion
[02/01/2014 23:16:45] /i strong health potion
[02/01/2014 23:16:45] /i strong health potion
[02/01/2014 23:16:45] /i strong health potion
[02/01/2014 23:16:45] /i strong health potion
[02/01/2014 23:16:46] /i strong health potion
[02/01/2014 23:16:46] /i strong health potion
[02/01/2014 23:16:46] /i strong health potion
[02/01/2014 23:16:46] /i strong health potion
[02/01/2014 23:16:46] /i strong health potion
[02/01/2014 23:16:46] /i strong health potion
[02/01/2014 23:16:46] /i strong health potion
[02/01/2014 23:16:46] /i strong health potion
[02/01/2014 23:16:46] /i strong health potion
[02/01/2014 23:16:46] /i strong health potion
[02/01/2014 23:16:46] /i strong health potion
[02/01/2014 23:16:46] /i strong health potion
[02/01/2014 23:16:46] /i strong health potion
[02/01/2014 23:16:46] /i strong health potion
[02/01/2014 23:16:46] /i strong health potion
[02/01/2014 23:16:46] /i strong health potion
[02/01/2014 23:16:47] /i strong health potion
[02/01/2014 23:16:47] /i strong health potion
[02/01/2014 23:16:47] /i strong health potion
[02/01/2014 23:16:47] /i strong health potion
[02/01/2014 23:16:47] /i strong health potion
[02/01/2014 23:16:47] /i strong health potion
[02/01/2014 23:16:47] /i strong health potion
[02/01/2014 23:16:47] /i strong health potion
[02/01/2014 23:16:47] /i strong health potion
[02/01/2014 23:16:47] /i strong health potion
[02/01/2014 23:16:47] /i strong health potion
[02/01/2014 23:16:47] /i strong health potion
[02/01/2014 23:16:47] /i strong health potion
[02/01/2014 23:16:47] /i strong health potion
[02/01/2014 23:16:47] /i strong health potion
[02/01/2014 23:16:47] /i strong health potion
[02/01/2014 23:17:01] /i strong mana potion
[02/01/2014 23:17:01] /i strong mana potion
[02/01/2014 23:17:01] /i strong mana potion
[02/01/2014 23:17:01] /i strong mana potion
[02/01/2014 23:17:01] /i strong mana potion
[02/01/2014 23:17:02] /i strong mana potion
[02/01/2014 23:17:02] /i strong mana potion
[02/01/2014 23:17:02] /i strong mana potion
[02/01/2014 23:17:02] /i strong mana potion
[02/01/2014 23:17:02] /i strong mana potion
[02/01/2014 23:17:02] /i strong mana potion
[02/01/2014 23:17:02] /i strong mana potion
[02/01/2014 23:17:02] /i strong mana potion
[02/01/2014 23:17:02] /i strong mana potion
[02/01/2014 23:17:02] /i strong mana potion
[02/01/2014 23:17:02] /i strong mana potion
[02/01/2014 23:17:02] /i strong mana potion
[02/01/2014 23:17:02] /i strong mana potion
[02/01/2014 23:17:02] /i strong mana potion
[02/01/2014 23:17:02] /i strong mana potion
[02/01/2014 23:17:02] /i strong mana potion
[02/01/2014 23:17:03] /i strong mana potion
[02/01/2014 23:17:03] /i strong mana potion
[02/01/2014 23:17:03] /i strong mana potion
[02/01/2014 23:17:03] /i strong mana potion
[02/01/2014 23:17:03] /i strong mana potion
[02/01/2014 23:17:03] /i strong mana potion
[02/01/2014 23:17:03] /i strong mana potion
[02/01/2014 23:17:03] /i strong mana potion
[02/01/2014 23:17:03] /i strong mana potion
[02/01/2014 23:17:03] /i strong mana potion
[02/01/2014 23:17:03] /i strong mana potion
[02/01/2014 23:17:03] /i strong mana potion
[02/01/2014 23:17:03] /i strong mana potion
[02/01/2014 23:17:03] /i strong mana potion
[02/01/2014 23:17:03] /i strong mana potion
[02/01/2014 23:17:03] /i strong mana potion
[02/01/2014 23:17:03] /i strong mana potion
[02/01/2014 23:17:03] /i strong mana potion
[02/01/2014 23:17:04] /i strong mana potion
[02/01/2014 23:17:04] /i strong mana potion
[02/01/2014 23:17:04] /i strong mana potion
[02/01/2014 23:17:04] /i strong mana potion
[02/01/2014 23:17:04] /i strong mana potion
[02/01/2014 23:17:04] /i strong mana potion
[02/01/2014 23:17:04] /i strong mana potion
[02/01/2014 23:17:04] /i strong mana potion
[02/01/2014 23:17:04] /i strong mana potion
[02/01/2014 23:17:04] /i strong mana potion
[02/01/2014 23:17:04] /i strong mana potion
[02/01/2014 23:17:04] /i strong mana potion
[02/01/2014 23:17:04] /i strong mana potion
[02/01/2014 23:17:04] /i strong mana potion
[02/01/2014 23:17:04] /i strong mana potion
[02/01/2014 23:17:04] /i strong mana potion
[02/01/2014 23:17:05] /i strong mana potion
[02/01/2014 23:17:05] /i strong mana potion
[02/01/2014 23:17:05] /i strong mana potion
[02/01/2014 23:17:05] /i strong mana potion
[02/01/2014 23:17:05] /i strong mana potion
[02/01/2014 23:17:05] /i strong mana potion
[02/01/2014 23:17:05] /i strong mana potion
[02/01/2014 23:17:05] /i strong mana potion
[02/01/2014 23:17:05] /i strong mana potion
[02/01/2014 23:17:05] /i strong mana potion
[02/01/2014 23:17:05] /i strong mana potion
[02/01/2014 23:17:05] /i strong mana potion
[02/01/2014 23:17:05] /i strong mana potion
[02/01/2014 23:17:05] /i strong mana potion
[02/01/2014 23:17:05] /i strong mana potion
[02/01/2014 23:17:05] /i strong mana potion
[02/01/2014 23:17:05] /i strong mana potion
[02/01/2014 23:17:05] /i strong mana potion
[02/01/2014 23:17:05] /i strong mana potion
[02/01/2014 23:17:05] /i strong mana potion
[02/01/2014 23:17:05] /i strong mana potion
[02/01/2014 23:17:05] /i strong mana potion
[02/01/2014 23:17:06] /i strong mana potion
[02/01/2014 23:17:06] /i strong mana potion
[02/01/2014 23:17:06] /i strong mana potion
[02/01/2014 23:17:06] /i strong mana potion
[02/01/2014 23:17:06] /i strong mana potion
[02/01/2014 23:17:06] /i strong mana potion
[02/01/2014 23:17:06] /i strong mana potion
[02/01/2014 23:17:06] /i strong mana potion
[02/01/2014 23:17:06] /i strong mana potion
[02/01/2014 23:17:06] /i strong mana potion
[02/01/2014 23:17:06] /i strong mana potion
[02/01/2014 23:17:06] /i strong mana potion
[02/01/2014 23:17:06] /i strong mana potion
[02/01/2014 23:17:06] /i strong mana potion
[02/01/2014 23:17:06] /i strong mana potion
[02/01/2014 23:17:06] /i strong mana potion
[02/01/2014 23:17:07] /i strong mana potion
[02/01/2014 23:17:07] /i strong mana potion
[02/01/2014 23:17:07] /i strong mana potion
[02/01/2014 23:17:07] /i strong mana potion
[02/01/2014 23:17:07] /i strong mana potion
[02/01/2014 23:17:07] /i strong mana potion
[02/01/2014 23:17:07] /i strong mana potion
[02/01/2014 23:17:07] /i strong mana potion
[02/01/2014 23:17:07] /i strong mana potion
[02/01/2014 23:17:07] /i strong mana potion
[02/01/2014 23:17:07] /i strong mana potion
[02/01/2014 23:17:07] /i strong mana potion
[02/01/2014 23:17:07] /i strong mana potion
[02/01/2014 23:17:07] /i strong mana potion
[02/01/2014 23:17:07] /i strong mana potion
[02/01/2014 23:17:08] /i strong mana potion
[02/01/2014 23:17:08] /i strong mana potion
[02/01/2014 23:17:08] /i strong mana potion
[02/01/2014 23:17:08] /i strong mana potion
[02/01/2014 23:17:08] /i strong mana potion
[02/01/2014 23:17:08] /i strong mana potion
[02/01/2014 23:17:08] /i strong mana potion
[02/01/2014 23:17:08] /i strong mana potion
[02/01/2014 23:17:08] /i strong mana potion
[02/01/2014 23:17:08] /i strong mana potion
[02/01/2014 23:17:08] /i strong mana potion
[02/01/2014 23:17:08] /i strong mana potion
[02/01/2014 23:17:08] /i strong mana potion
[02/01/2014 23:17:08] /i strong mana potion
[02/01/2014 23:17:08] /i strong mana potion
[02/01/2014 23:17:08] /i strong mana potion
[02/01/2014 23:17:09] /i strong mana potion
[02/01/2014 23:17:09] /i strong mana potion
[02/01/2014 23:17:09] /i strong mana potion
[02/01/2014 23:17:09] /i strong mana potion
[02/01/2014 23:17:09] /i strong mana potion
[02/01/2014 23:17:09] /i strong mana potion
[02/01/2014 23:17:09] /i strong mana potion
[02/01/2014 23:17:09] /i strong mana potion
[02/01/2014 23:17:09] /i strong mana potion
[02/01/2014 23:17:10] /i strong mana potion
[02/01/2014 23:17:10] /i strong mana potion
[02/01/2014 23:17:10] /i strong mana potion
[02/01/2014 23:17:10] /i strong mana potion
[02/01/2014 23:17:10] /i strong mana potion
[02/01/2014 23:17:10] /i strong mana potion
[02/01/2014 23:17:10] /i strong mana potion
[02/01/2014 23:17:10] /i strong mana potion
[02/01/2014 23:17:10] /i strong mana potion
[02/01/2014 23:17:10] /i strong mana potion
[02/01/2014 23:17:10] /i strong mana potion
[02/01/2014 23:17:10] /i strong mana potion
[02/01/2014 23:17:10] /i strong mana potion
[02/01/2014 23:17:10] /i strong mana potion
[02/01/2014 23:17:10] /i strong mana potion
[02/01/2014 23:17:10] /i strong mana potion
[02/01/2014 23:17:10] /i strong mana potion
[02/01/2014 23:17:10] /i strong mana potion
[02/01/2014 23:17:10] /i strong mana potion
[02/01/2014 23:17:10] /i strong mana potion
[02/01/2014 23:17:11] /i strong mana potion
[02/01/2014 23:17:11] /i strong mana potion
[02/01/2014 23:17:11] /i strong mana potion
[02/01/2014 23:17:11] /i strong mana potion
[02/01/2014 23:17:11] /i strong mana potion
[02/01/2014 23:17:11] /i strong mana potion
[02/01/2014 23:17:11] /i strong mana potion
[02/01/2014 23:17:11] /i strong mana potion
[02/01/2014 23:17:11] /i strong mana potion
[02/01/2014 23:17:11] /i strong mana potion
[02/01/2014 23:17:11] /i strong mana potion
[02/01/2014 23:17:11] /i strong mana potion
[02/01/2014 23:17:11] /i strong mana potion
[02/01/2014 23:17:11] /i strong mana potion
[02/01/2014 23:17:11] /i strong mana potion
[02/01/2014 23:17:11] /i strong mana potion
[02/01/2014 23:17:11] /i strong mana potion
[02/01/2014 23:17:11] /i strong mana potion
[02/01/2014 23:17:11] /i strong mana potion
[02/01/2014 23:17:11] /i strong mana potion
[02/01/2014 23:17:11] /i strong mana potion
[02/01/2014 23:17:12] /i strong mana potion
[02/01/2014 23:17:12] /i strong mana potion
[02/01/2014 23:17:12] /i strong mana potion
[02/01/2014 23:17:12] /i strong mana potion
[02/01/2014 23:17:12] /i strong mana potion
[02/01/2014 23:17:12] /i strong mana potion
[02/01/2014 23:17:12] /i strong mana potion
[02/01/2014 23:17:12] /i strong mana potion
[02/01/2014 23:17:12] /i strong mana potion
[02/01/2014 23:17:12] /i strong mana potion
[02/01/2014 23:17:12] /i strong mana potion
[02/01/2014 23:17:12] /i strong mana potion
[02/01/2014 23:17:12] /i strong mana potion
[02/01/2014 23:17:12] /i strong mana potion
[02/01/2014 23:17:13] /i strong mana potion
[02/01/2014 23:17:13] /i strong mana potion
[02/01/2014 23:17:13] /i strong mana potion
[02/01/2014 23:17:13] /i strong mana potion
[02/01/2014 23:17:13] /i strong mana potion
[02/01/2014 23:17:13] /i strong mana potion
[02/01/2014 23:17:13] /i strong mana potion
[02/01/2014 23:17:13] /i strong mana potion
[02/01/2014 23:17:13] /i strong mana potion
[02/01/2014 23:17:13] /i strong mana potion
[02/01/2014 23:17:13] /i strong mana potion
[02/01/2014 23:17:13] /i strong mana potion
[02/01/2014 23:17:13] /i strong mana potion
[02/01/2014 23:17:13] /i strong mana potion
[02/01/2014 23:17:13] /i strong mana potion
[02/01/2014 23:17:13] /i strong mana potion
[02/01/2014 23:17:13] /i strong mana potion
[02/01/2014 23:17:13] /i strong mana potion
[02/01/2014 23:17:13] /i strong mana potion
[02/01/2014 23:17:14] /i strong mana potion
[02/01/2014 23:17:14] /i strong mana potion
[02/01/2014 23:17:14] /i strong mana potion
[02/01/2014 23:17:14] /i strong mana potion
[02/01/2014 23:17:14] /i strong mana potion
[02/01/2014 23:17:14] /i strong mana potion
[02/01/2014 23:17:14] /i strong mana potion
[02/01/2014 23:17:14] /i strong mana potion
[02/01/2014 23:17:14] /i strong mana potion
[02/01/2014 23:17:14] /i strong mana potion
[02/01/2014 23:17:14] /i strong mana potion
[02/01/2014 23:17:14] /i strong mana potion
[02/01/2014 23:17:14] /i strong mana potion
[02/01/2014 23:17:14] /i strong mana potion
[02/01/2014 23:17:14] /i strong mana potion
[02/01/2014 23:17:14] /i strong mana potion
[02/01/2014 23:17:14] /i strong mana potion
[02/01/2014 23:17:14] /i strong mana potion
[02/01/2014 23:17:14] /i strong mana potion
[02/01/2014 23:17:15] /i strong mana potion
[02/01/2014 23:17:15] /i strong mana potion
[02/01/2014 23:17:15] /i strong mana potion
[02/01/2014 23:17:15] /i strong mana potion
[02/01/2014 23:17:15] /i strong mana potion
[02/01/2014 23:17:15] /i strong mana potion
[02/01/2014 23:17:15] /i strong mana potion
[02/01/2014 23:17:15] /i strong mana potion
[02/01/2014 23:17:15] /i strong mana potion
[02/01/2014 23:17:15] /i strong mana potion
[02/01/2014 23:17:15] /i strong mana potion
[02/01/2014 23:17:15] /i strong mana potion
[02/01/2014 23:17:15] /i strong mana potion
[02/01/2014 23:17:15] /i strong mana potion
[02/01/2014 23:17:15] /i strong mana potion
[02/01/2014 23:17:15] /i strong mana potion
[02/01/2014 23:17:16] /i strong mana potion
[02/01/2014 23:17:16] /i strong mana potion
[02/01/2014 23:17:16] /i strong mana potion
[02/01/2014 23:17:16] /i strong mana potion
[02/01/2014 23:17:16] /i strong mana potion
[02/01/2014 23:17:16] /i strong mana potion
[02/01/2014 23:17:16] /i strong mana potion
[02/01/2014 23:17:16] /i strong mana potion
[02/01/2014 23:17:16] /i strong mana potion
[02/01/2014 23:17:16] /i strong mana potion
[02/01/2014 23:17:16] /i strong mana potion
[02/01/2014 23:17:16] /i strong mana potion
[02/01/2014 23:17:16] /i strong mana potion
[02/01/2014 23:17:16] /i strong mana potion
[02/01/2014 23:17:16] /i strong mana potion
[02/01/2014 23:17:16] /i strong mana potion
[02/01/2014 23:17:16] /i strong mana potion
[02/01/2014 23:17:16] /i strong mana potion
[02/01/2014 23:17:16] /i strong mana potion
[02/01/2014 23:17:17] /i strong mana potion
[02/01/2014 23:17:17] /i strong mana potion
[02/01/2014 23:17:17] /i strong mana potion
[02/01/2014 23:17:17] /i strong mana potion
[02/01/2014 23:17:17] /i strong mana potion
[02/01/2014 23:17:17] /i strong mana potion
[02/01/2014 23:17:17] /i strong mana potion
[02/01/2014 23:17:17] /i strong mana potion
[02/01/2014 23:17:17] /i strong mana potion
[02/01/2014 23:17:17] /i strong mana potion
[02/01/2014 23:17:17] /i strong mana potion
[02/01/2014 23:17:17] /i strong mana potion
[02/01/2014 23:17:17] /i strong mana potion
[02/01/2014 23:17:17] /i strong mana potion
[02/01/2014 23:17:17] /i strong mana potion
[02/01/2014 23:17:17] /i strong mana potion
[02/01/2014 23:17:17] /i strong mana potion
[02/01/2014 23:17:18] /i strong mana potion
[02/01/2014 23:17:18] /i strong mana potion
[02/01/2014 23:17:18] /i strong mana potion
[02/01/2014 23:17:18] /i strong mana potion
[02/01/2014 23:17:18] /i strong mana potion
[02/01/2014 23:17:18] /i strong mana potion
[02/01/2014 23:17:18] /i strong mana potion
[02/01/2014 23:17:18] /i strong mana potion
[02/01/2014 23:17:18] /i strong mana potion
[02/01/2014 23:17:18] /i strong mana potion
[02/01/2014 23:17:18] /i strong mana potion
[02/01/2014 23:17:18] /i strong mana potion
[02/01/2014 23:17:18] /i strong mana potion
[02/01/2014 23:17:18] /i strong mana potion
[02/01/2014 23:17:18] /i strong mana potion
[02/01/2014 23:17:18] /i strong mana potion
[02/01/2014 23:17:18] /i strong mana potion
[02/01/2014 23:17:18] /i strong mana potion
[02/01/2014 23:17:18] /i strong mana potion
[02/01/2014 23:17:18] /i strong mana potion
[02/01/2014 23:17:19] /i strong mana potion
[02/01/2014 23:17:19] /i strong mana potion
[02/01/2014 23:17:19] /i strong mana potion
[02/01/2014 23:17:19] /i strong mana potion
[02/01/2014 23:17:19] /i strong mana potion
[02/01/2014 23:17:19] /i strong mana potion
[02/01/2014 23:17:19] /i strong mana potion
[02/01/2014 23:17:19] /i strong mana potion
[02/01/2014 23:17:19] /i strong mana potion
[02/01/2014 23:17:19] /i strong mana potion
[02/01/2014 23:17:19] /i strong mana potion
[02/01/2014 23:17:19] /i strong mana potion
[02/01/2014 23:17:19] /i strong mana potion
[02/01/2014 23:17:19] /i strong mana potion
[02/01/2014 23:17:19] /i strong mana potion
[02/01/2014 23:17:19] /i strong mana potion
[02/01/2014 23:17:19] /i strong mana potion
[02/01/2014 23:17:19] /i strong mana potion
[02/01/2014 23:17:19] /i strong mana potion
[02/01/2014 23:17:20] /i strong mana potion
[02/01/2014 23:17:20] /i strong mana potion
[02/01/2014 23:17:20] /i strong mana potion
[02/01/2014 23:17:20] /i strong mana potion
[02/01/2014 23:17:20] /i strong mana potion
[02/01/2014 23:17:20] /i strong mana potion
[02/01/2014 23:17:20] /i strong mana potion
[02/01/2014 23:17:20] /i strong mana potion
[02/01/2014 23:17:20] /i strong mana potion
[02/01/2014 23:17:20] /i strong mana potion
[02/01/2014 23:17:20] /i strong mana potion
[02/01/2014 23:17:20] /i strong mana potion
[02/01/2014 23:17:21] /i strong mana potion
[02/01/2014 23:17:21] /i strong mana potion
[02/01/2014 23:17:21] /i strong mana potion
[02/01/2014 23:17:21] /i strong mana potion
[02/01/2014 23:17:21] /i strong mana potion
[02/01/2014 23:17:21] /i strong mana potion
[02/01/2014 23:17:21] /i strong mana potion
[02/01/2014 23:17:21] /i strong mana potion
[02/01/2014 23:17:21] /i strong mana potion
[02/01/2014 23:17:21] /i strong mana potion
[02/01/2014 23:17:21] /i strong mana potion
[02/01/2014 23:17:21] /i strong mana potion
[02/01/2014 23:17:21] /i strong mana potion
[02/01/2014 23:17:21] /i strong mana potion
[02/01/2014 23:17:22] /i strong mana potion
[02/01/2014 23:17:22] /i strong mana potion
[02/01/2014 23:17:22] /i strong mana potion
[02/01/2014 23:17:22] /i strong mana potion
[02/01/2014 23:17:22] /i strong mana potion
[02/01/2014 23:17:22] /i strong mana potion
[02/01/2014 23:17:22] /i strong mana potion
[02/01/2014 23:17:22] /i strong mana potion
[02/01/2014 23:17:22] /i strong mana potion
[02/01/2014 23:17:22] /i strong mana potion
[02/01/2014 23:17:22] /i strong mana potion
[02/01/2014 23:17:22] /i strong mana potion
[02/01/2014 23:17:22] /i strong mana potion
[02/01/2014 23:17:22] /i strong mana potion
[02/01/2014 23:17:22] /i strong mana potion
[02/01/2014 23:17:22] /i strong mana potion
[02/01/2014 23:17:22] /i strong mana potion
[02/01/2014 23:17:22] /i strong mana potion
[02/01/2014 23:17:23] /i strong mana potion
[02/01/2014 23:17:23] /i strong mana potion
[02/01/2014 23:17:23] /i strong mana potion
[02/01/2014 23:17:23] /i strong mana potion
[02/01/2014 23:17:23] /i strong mana potion
[02/01/2014 23:17:23] /i strong mana potion
[02/01/2014 23:17:23] /i strong mana potion
[02/01/2014 23:17:23] /i strong mana potion
[02/01/2014 23:17:23] /i strong mana potion
[02/01/2014 23:17:23] /i strong mana potion
[02/01/2014 23:17:23] /i strong mana potion
[02/01/2014 23:17:23] /i strong mana potion
[02/01/2014 23:17:23] /i strong mana potion
[02/01/2014 23:17:23] /i strong health potion
[02/01/2014 23:17:24] /i strong health potion
[02/01/2014 23:17:24] /i strong health potion
[02/01/2014 23:17:24] /i strong health potion
[02/01/2014 23:17:24] /i strong health potion
[02/01/2014 23:17:24] /i strong health potion
[02/01/2014 23:17:24] /i strong health potion
[02/01/2014 23:17:24] /i strong health potion
[02/01/2014 23:17:24] /i strong health potion
[02/01/2014 23:17:25] /i strong health potion
[02/01/2014 23:17:25] /i strong health potion
[02/01/2014 23:17:25] /i strong health potion
[02/01/2014 23:17:25] /i strong health potion
[02/01/2014 23:17:25] /i strong health potion
[02/01/2014 23:17:25] /i strong health potion
[02/01/2014 23:17:25] /i strong health potion
[02/01/2014 23:17:25] /i strong health potion
[02/01/2014 23:17:25] /i strong health potion
[02/01/2014 23:17:25] /i strong health potion
[02/01/2014 23:17:25] /i strong health potion
[02/01/2014 23:17:25] /i strong health potion
[02/01/2014 23:17:25] /i strong health potion
[02/01/2014 23:17:25] /i strong health potion
[02/01/2014 23:17:25] /i strong health potion
[02/01/2014 23:17:25] /i strong health potion
[02/01/2014 23:17:25] /i strong health potion
[02/01/2014 23:17:25] /i strong health potion
[02/01/2014 23:17:25] /i strong health potion
[02/01/2014 23:17:25] /i strong health potion
[02/01/2014 23:17:25] /i strong health potion
[02/01/2014 23:17:26] /i strong health potion
[02/01/2014 23:17:26] /i strong health potion
[02/01/2014 23:17:26] /i strong health potion
[02/01/2014 23:17:26] /i strong health potion
[02/01/2014 23:17:26] /i strong health potion
[02/01/2014 23:17:26] /i strong health potion
[02/01/2014 23:17:26] /i strong health potion
[02/01/2014 23:17:26] /i strong health potion
[02/01/2014 23:17:26] /i strong health potion
[02/01/2014 23:17:26] /i strong health potion
[02/01/2014 23:17:26] /i strong health potion
[02/01/2014 23:17:26] /i strong health potion
[02/01/2014 23:17:26] /i strong health potion
[02/01/2014 23:17:26] /i strong health potion
[02/01/2014 23:17:41] /i strong health potion
[02/01/2014 23:17:41] /i strong health potion
[02/01/2014 23:17:41] /i strong health potion
[02/01/2014 23:17:41] /i strong health potion
[02/01/2014 23:17:42] /i strong health potion
[02/01/2014 23:17:42] /i strong health potion
[02/01/2014 23:17:42] /i strong health potion
[02/01/2014 23:17:42] /i strong health potion
[02/01/2014 23:17:42] /i strong health potion
[02/01/2014 23:17:42] /i strong health potion
[02/01/2014 23:17:42] /i strong health potion
[02/01/2014 23:17:42] /i strong health potion
[02/01/2014 23:17:42] /i strong health potion
[02/01/2014 23:17:42] /i strong health potion
[02/01/2014 23:17:42] /i strong health potion
[02/01/2014 23:17:42] /i strong health potion
[02/01/2014 23:17:42] /i strong health potion
[02/01/2014 23:17:42] /i strong health potion
[02/01/2014 23:17:42] /i strong health potion
[02/01/2014 23:17:42] /i strong health potion
[02/01/2014 23:17:42] /i strong health potion
[02/01/2014 23:17:42] /i strong health potion
[02/01/2014 23:17:42] /i strong health potion
[02/01/2014 23:17:42] /i strong health potion
[02/01/2014 23:17:42] /i strong health potion
[02/01/2014 23:17:43] /i strong health potion
[02/01/2014 23:17:43] /i strong health potion
[02/01/2014 23:17:43] /i strong health potion
[02/01/2014 23:17:43] /i strong health potion
[02/01/2014 23:17:43] /i strong health potion
[02/01/2014 23:17:43] /i strong health potion
[02/01/2014 23:17:43] /i strong health potion
[02/01/2014 23:17:43] /i strong health potion
[02/01/2014 23:17:43] /i strong health potion
[02/01/2014 23:17:43] /i strong health potion
[02/01/2014 23:17:43] /i strong health potion
[02/01/2014 23:17:43] /i strong health potion
[02/01/2014 23:17:43] /i strong health potion
[02/01/2014 23:17:43] /i strong health potion
[02/01/2014 23:17:43] /i strong health potion
[02/01/2014 23:17:43] /i strong health potion
[02/01/2014 23:17:43] /i strong health potion
[02/01/2014 23:17:43] /i strong health potion
[02/01/2014 23:17:44] /i strong health potion
[02/01/2014 23:17:44] /i strong health potion
[02/01/2014 23:17:44] /i strong health potion
[02/01/2014 23:17:44] /i strong health potion
[02/01/2014 23:17:44] /i strong health potion
[02/01/2014 23:17:44] /i strong health potion
[02/01/2014 23:17:44] /i strong health potion
[02/01/2014 23:17:44] /i strong health potion
[02/01/2014 23:17:44] /i strong health potion
[02/01/2014 23:17:44] /i strong health potion
[02/01/2014 23:17:44] /i strong health potion
[02/01/2014 23:17:44] /i strong health potion
[02/01/2014 23:17:44] /i strong health potion
[02/01/2014 23:17:44] /i strong health potion
[02/01/2014 23:17:44] /i strong health potion
[02/01/2014 23:17:44] /i strong health potion
[02/01/2014 23:17:44] /i strong health potion
[02/01/2014 23:17:44] /i strong health potion
[02/01/2014 23:17:44] /i strong health potion
[02/01/2014 23:17:44] /i strong health potion
[02/01/2014 23:17:44] /i strong health potion
[02/01/2014 23:17:45] /i strong health potion
[02/01/2014 23:17:45] /i strong health potion
[02/01/2014 23:17:45] /i strong health potion
[02/01/2014 23:17:45] /i strong health potion
[02/01/2014 23:17:45] /i strong health potion
[02/01/2014 23:17:45] /i strong health potion
[02/01/2014 23:17:45] /i strong health potion
[02/01/2014 23:17:45] /i strong health potion
[02/01/2014 23:17:45] /i strong health potion
[02/01/2014 23:17:45] /i strong health potion
[02/01/2014 23:17:45] /i strong health potion
[02/01/2014 23:17:45] /i strong health potion
[02/01/2014 23:17:45] /i strong health potion
[02/01/2014 23:17:45] /i strong health potion
[02/01/2014 23:17:45] /i strong health potion
[02/01/2014 23:17:45] /i strong health potion
[02/01/2014 23:17:45] /i strong health potion
[02/01/2014 23:17:45] /i strong health potion
[02/01/2014 23:17:45] /i strong health potion
[02/01/2014 23:17:45] /i strong health potion
[02/01/2014 23:17:46] /i strong health potion
[02/01/2014 23:17:46] /i strong health potion
[02/01/2014 23:17:46] /i strong health potion
[02/01/2014 23:17:46] /i strong health potion
[02/01/2014 23:17:46] /i strong health potion
[02/01/2014 23:17:46] /i strong health potion
[02/01/2014 23:17:46] /i strong health potion
[02/01/2014 23:17:46] /i strong health potion
[02/01/2014 23:17:46] /i strong health potion
[02/01/2014 23:17:46] /i strong health potion
[02/01/2014 23:17:46] /i strong health potion
[02/01/2014 23:17:46] /i strong health potion
[02/01/2014 23:17:46] /i strong health potion
[02/01/2014 23:17:46] /i strong health potion
[02/01/2014 23:17:46] /i strong health potion
[02/01/2014 23:17:46] /i strong health potion
[02/01/2014 23:17:47] /i strong health potion
[02/01/2014 23:17:47] /i strong health potion
[02/01/2014 23:17:47] /i strong health potion
[02/01/2014 23:17:47] /i strong health potion
[02/01/2014 23:17:47] /i strong health potion
[02/01/2014 23:17:47] /i strong health potion
[02/01/2014 23:17:47] /i strong health potion
[02/01/2014 23:17:47] /i strong health potion
[02/01/2014 23:17:47] /i strong health potion
[02/01/2014 23:17:47] /i strong health potion
[02/01/2014 23:17:47] /i strong health potion
[02/01/2014 23:17:47] /i strong health potion
[02/01/2014 23:17:47] /i strong health potion
[02/01/2014 23:17:47] /i strong health potion
[02/01/2014 23:17:47] /i strong health potion
[02/01/2014 23:17:47] /i strong health potion
[02/01/2014 23:17:47] /i strong health potion
[02/01/2014 23:17:48] /i strong health potion
[02/01/2014 23:17:48] /i strong health potion
[02/01/2014 23:17:48] /i strong health potion
[02/01/2014 23:17:48] /i strong health potion
[02/01/2014 23:17:48] /i strong health potion
[02/01/2014 23:17:48] /i strong health potion
[02/01/2014 23:17:48] /i strong health potion
[02/01/2014 23:17:48] /i strong health potion
[02/01/2014 23:17:48] /i strong health potion
[02/01/2014 23:17:48] /i strong health potion
[02/01/2014 23:17:48] /i strong health potion
[02/01/2014 23:17:48] /i strong health potion
[02/01/2014 23:17:48] /i strong health potion
[02/01/2014 23:17:48] /i strong health potion
[02/01/2014 23:17:48] /i strong health potion
[02/01/2014 23:17:48] /i strong health potion
[02/01/2014 23:17:48] /i strong health potion
[02/01/2014 23:17:49] /i strong health potion
[02/01/2014 23:17:49] /i strong health potion
[02/01/2014 23:17:49] /i strong health potion
[02/01/2014 23:17:49] /i strong health potion
[02/01/2014 23:17:49] /i strong health potion
[02/01/2014 23:17:49] /i strong health potion
[02/01/2014 23:17:49] /i strong health potion
[02/01/2014 23:17:49] /i strong health potion
[02/01/2014 23:17:49] /i strong health potion
[02/01/2014 23:17:49] /i strong health potion
[02/01/2014 23:17:49] /i strong health potion
[02/01/2014 23:17:50] /i strong mana potion
[02/01/2014 23:17:50] /i strong mana potion
[02/01/2014 23:17:50] /i strong mana potion
[02/01/2014 23:17:50] /i strong mana potion
[02/01/2014 23:17:50] /i strong mana potion
[02/01/2014 23:17:50] /i strong mana potion
[02/01/2014 23:17:51] /i strong mana potion
[02/01/2014 23:17:51] /i strong mana potion
[02/01/2014 23:17:51] /i strong mana potion
[02/01/2014 23:17:51] /i strong mana potion
[02/01/2014 23:17:51] /i strong mana potion
[02/01/2014 23:17:51] /i strong mana potion
[02/01/2014 23:17:51] /i strong mana potion
[02/01/2014 23:17:51] /i strong mana potion
[02/01/2014 23:17:51] /i strong mana potion
[02/01/2014 23:17:51] /i strong mana potion
[02/01/2014 23:17:51] /i strong mana potion
[02/01/2014 23:17:51] /i strong mana potion
[02/01/2014 23:17:51] /i strong mana potion
[02/01/2014 23:17:51] /i strong mana potion
[02/01/2014 23:17:51] /i strong mana potion
[02/01/2014 23:17:51] /i strong mana potion
[02/01/2014 23:17:51] /i strong mana potion
[02/01/2014 23:17:51] /i strong mana potion
[02/01/2014 23:17:51] /i strong mana potion
[02/01/2014 23:17:51] /i strong mana potion
[02/01/2014 23:17:51] /i strong mana potion
[02/01/2014 23:17:51] /i strong mana potion
[02/01/2014 23:17:51] /i strong mana potion
[02/01/2014 23:17:51] /i strong mana potion
[02/01/2014 23:17:51] /i strong mana potion
[02/01/2014 23:17:52] /i strong mana potion
[02/01/2014 23:17:52] /i strong mana potion
[02/01/2014 23:17:52] /i strong mana potion
[02/01/2014 23:17:52] /i strong mana potion
[02/01/2014 23:17:52] /i strong mana potion
[02/01/2014 23:17:52] /i strong mana potion
[02/01/2014 23:17:52] /i strong mana potion
[02/01/2014 23:17:52] /i strong mana potion
[02/01/2014 23:17:52] /i strong mana potion
[02/01/2014 23:17:52] /i strong mana potion
[02/01/2014 23:17:52] /i strong mana potion
[02/01/2014 23:17:52] /i strong mana potion
[02/01/2014 23:17:52] /i strong mana potion
[02/01/2014 23:17:52] /i strong mana potion
[02/01/2014 23:17:52] /i strong mana potion
[02/01/2014 23:17:52] /i strong mana potion
[02/01/2014 23:17:52] /i strong mana potion
[02/01/2014 23:17:52] /i strong mana potion
[02/01/2014 23:17:52] /i strong mana potion
[02/01/2014 23:17:52] /i strong mana potion
[02/01/2014 23:17:52] /i strong mana potion
[02/01/2014 23:17:52] /i strong mana potion
[02/01/2014 23:17:52] /i strong mana potion
[02/01/2014 23:17:52] /i strong mana potion
[02/01/2014 23:17:53] /i strong mana potion
[02/01/2014 23:17:53] /i strong mana potion
[02/01/2014 23:17:53] /i strong mana potion
[02/01/2014 23:17:53] /i strong mana potion
[02/01/2014 23:17:53] /i strong mana potion
[02/01/2014 23:17:53] /i strong mana potion
[02/01/2014 23:17:53] /i strong mana potion
[02/01/2014 23:17:53] /i strong mana potion
[02/01/2014 23:17:53] /i strong mana potion
[02/01/2014 23:17:53] /i strong mana potion
[02/01/2014 23:17:53] /i strong mana potion
[02/01/2014 23:17:53] /i strong mana potion
[02/01/2014 23:17:53] /i strong mana potion
[02/01/2014 23:17:53] /i strong mana potion
[02/01/2014 23:17:53] /i strong mana potion
[02/01/2014 23:17:53] /i strong mana potion
[02/01/2014 23:17:53] /i strong mana potion
[02/01/2014 23:17:53] /i strong mana potion
[02/01/2014 23:17:53] /i strong mana potion
[02/01/2014 23:17:53] /i strong mana potion
[02/01/2014 23:17:53] /i strong mana potion
[02/01/2014 23:17:53] /i strong mana potion
[02/01/2014 23:17:53] /i strong mana potion
[02/01/2014 23:17:54] /i strong mana potion
[02/01/2014 23:17:54] /i strong mana potion
[02/01/2014 23:17:54] /i strong mana potion
[02/01/2014 23:17:54] /i strong mana potion
[02/01/2014 23:17:54] /i strong mana potion
[02/01/2014 23:17:54] /i strong mana potion
[02/01/2014 23:17:54] /i strong mana potion
[02/01/2014 23:17:54] /i strong mana potion
[02/01/2014 23:17:54] /i strong mana potion
[02/01/2014 23:17:54] /i strong mana potion
[02/01/2014 23:17:54] /i strong mana potion
[02/01/2014 23:17:54] /i strong mana potion
[02/01/2014 23:17:54] /i strong mana potion
[02/01/2014 23:17:54] /i strong mana potion
[02/01/2014 23:17:54] /i strong mana potion
[02/01/2014 23:17:54] /i strong mana potion
[02/01/2014 23:17:54] /i strong mana potion
[02/01/2014 23:17:54] /i strong mana potion
[02/01/2014 23:17:54] /i strong mana potion
[02/01/2014 23:17:54] /i strong mana potion
[02/01/2014 23:17:55] /i strong mana potion
[02/01/2014 23:17:55] /i strong mana potion
[02/01/2014 23:17:55] /i strong mana potion
[02/01/2014 23:17:55] /i strong mana potion
[02/01/2014 23:17:55] /i strong mana potion
[02/01/2014 23:17:55] /i strong mana potion
[02/01/2014 23:17:55] /i strong mana potion
[02/01/2014 23:17:55] /i strong mana potion
[02/01/2014 23:17:55] /i strong mana potion
[02/01/2014 23:17:55] /i strong mana potion
[02/01/2014 23:17:55] /i strong mana potion
[02/01/2014 23:17:55] /i strong mana potion
[02/01/2014 23:17:55] /i strong mana potion
[02/01/2014 23:17:55] /i strong mana potion
[02/01/2014 23:17:55] /i strong mana potion
[02/01/2014 23:17:55] /i strong mana potion
[02/01/2014 23:17:55] /i strong mana potion
[02/01/2014 23:17:55] /i strong mana potion
[02/01/2014 23:17:55] /i strong mana potion
[02/01/2014 23:17:56] /i strong mana potion
[02/01/2014 23:17:56] /i strong mana potion
[02/01/2014 23:17:56] /i strong mana potion
[02/01/2014 23:17:56] /i strong mana potion
[02/01/2014 23:17:56] /i strong mana potion
[02/01/2014 23:17:56] /i strong mana potion
[02/01/2014 23:17:56] /i strong mana potion
[02/01/2014 23:17:56] /i strong mana potion
[02/01/2014 23:17:56] /i strong mana potion
[02/01/2014 23:17:56] /i strong mana potion
[02/01/2014 23:17:56] /i strong mana potion
[02/01/2014 23:17:56] /i strong mana potion
[02/01/2014 23:17:56] /i strong mana potion
[02/01/2014 23:17:56] /i strong mana potion
[02/01/2014 23:17:56] /i strong mana potion
[02/01/2014 23:17:56] /i strong mana potion
[02/01/2014 23:17:56] /i strong mana potion
[02/01/2014 23:17:56] /i strong mana potion
[02/01/2014 23:17:56] /i strong mana potion
[02/01/2014 23:17:56] /i strong mana potion
[02/01/2014 23:17:56] /i strong mana potion
[02/01/2014 23:17:56] /i strong mana potion
[02/01/2014 23:17:57] /i strong mana potion
[02/01/2014 23:17:57] /i strong mana potion
[02/01/2014 23:17:57] /i strong mana potion
[02/01/2014 23:17:57] /i strong mana potion
[02/01/2014 23:17:57] /i strong mana potion
[02/01/2014 23:17:57] /i strong mana potion
[02/01/2014 23:17:57] /i strong mana potion
[02/01/2014 23:17:57] /i strong mana potion
[02/01/2014 23:17:57] /i strong mana potion
[02/01/2014 23:17:57] /i strong mana potion
[02/01/2014 23:17:57] /i strong mana potion
[02/01/2014 23:17:57] /i strong mana potion
[02/01/2014 23:17:57] /i strong mana potion
[02/01/2014 23:17:57] /i strong mana potion
[02/01/2014 23:17:57] /i strong mana potion
[02/01/2014 23:17:57] /i strong mana potion
[02/01/2014 23:17:57] /i strong mana potion
[02/01/2014 23:17:57] /i strong mana potion
[02/01/2014 23:17:57] /i strong mana potion
[02/01/2014 23:17:57] /i strong mana potion
[02/01/2014 23:17:57] /i strong mana potion
[02/01/2014 23:17:58] /i strong mana potion
[02/01/2014 23:17:58] /i strong mana potion
[02/01/2014 23:17:58] /i strong mana potion
[02/01/2014 23:17:58] /i strong mana potion
[02/01/2014 23:17:58] /i strong mana potion
[02/01/2014 23:17:58] /i strong mana potion
[02/01/2014 23:17:58] /i strong mana potion
[02/01/2014 23:17:58] /i strong mana potion
[02/01/2014 23:17:58] /i strong mana potion
[02/01/2014 23:17:58] /i strong mana potion
[02/01/2014 23:17:58] /i strong mana potion
[02/01/2014 23:17:58] /i strong mana potion
[02/01/2014 23:17:58] /i strong mana potion
[02/01/2014 23:17:58] /i strong mana potion
[02/01/2014 23:17:58] /i strong mana potion
[02/01/2014 23:17:58] /i strong mana potion
[02/01/2014 23:17:58] /i strong mana potion
[02/01/2014 23:17:58] /i strong mana potion
[02/01/2014 23:17:58] /i strong mana potion
[02/01/2014 23:17:59] /i strong mana potion
[02/01/2014 23:17:59] /i strong mana potion
[02/01/2014 23:17:59] /i strong mana potion
[02/01/2014 23:17:59] /i strong mana potion
[02/01/2014 23:17:59] /i strong mana potion
[02/01/2014 23:17:59] /i strong mana potion
[02/01/2014 23:17:59] /i strong mana potion
[02/01/2014 23:17:59] /i strong mana potion
[02/01/2014 23:17:59] /i strong mana potion
[02/01/2014 23:17:59] /i strong mana potion
[02/01/2014 23:17:59] /i strong mana potion
[02/01/2014 23:17:59] /i strong mana potion
[02/01/2014 23:17:59] /i strong mana potion
[02/01/2014 23:17:59] /i strong mana potion
[02/01/2014 23:17:59] /i strong mana potion
[02/01/2014 23:17:59] /i strong mana potion
[02/01/2014 23:17:59] /i strong mana potion
[02/01/2014 23:17:59] /i strong mana potion
[02/01/2014 23:17:59] /i strong mana potion
[02/01/2014 23:17:59] /i strong mana potion
[02/01/2014 23:17:59] /i strong mana potion
[02/01/2014 23:17:59] /i strong mana potion
[02/01/2014 23:17:59] /i strong mana potion
[02/01/2014 23:17:59] /i strong mana potion
[02/01/2014 23:18:00] /i strong mana potion
[02/01/2014 23:18:00] /i strong mana potion
[02/01/2014 23:18:00] /i strong mana potion
[02/01/2014 23:18:00] /i strong mana potion
[02/01/2014 23:18:00] /i strong mana potion
[02/01/2014 23:18:00] /i strong mana potion
[02/01/2014 23:18:00] /i strong mana potion
[02/01/2014 23:18:00] /i strong mana potion
[02/01/2014 23:18:00] /i strong mana potion
[02/01/2014 23:18:00] /i strong mana potion
[02/01/2014 23:18:00] /i strong mana potion
[02/01/2014 23:18:00] /i strong mana potion
[02/01/2014 23:18:00] /i strong mana potion
[02/01/2014 23:18:00] /i strong mana potion
[02/01/2014 23:18:00] /i strong mana potion
[02/01/2014 23:18:00] /i strong mana potion
[02/01/2014 23:18:00] /i strong mana potion
[02/01/2014 23:18:00] /i strong mana potion
[02/01/2014 23:18:00] /i strong mana potion
[02/01/2014 23:18:00] /i strong mana potion
[02/01/2014 23:18:00] /i strong mana potion
[02/01/2014 23:18:00] /i strong mana potion
[02/01/2014 23:18:01] /i strong mana potion
[02/01/2014 23:18:01] /i strong mana potion
[02/01/2014 23:18:01] /i strong mana potion
[02/01/2014 23:18:01] /i strong mana potion
[02/01/2014 23:18:01] /i strong mana potion
[02/01/2014 23:18:01] /i strong mana potion
[02/01/2014 23:18:01] /i strong mana potion
[02/01/2014 23:18:01] /i strong mana potion
[02/01/2014 23:18:01] /i strong mana potion
[02/01/2014 23:18:02] /i strong health potion
[02/01/2014 23:18:02] /i strong health potion
[02/01/2014 23:18:02] /i strong health potion
[02/01/2014 23:18:02] /i strong health potion
[02/01/2014 23:18:02] /i strong health potion
[02/01/2014 23:20:08] /i health potion
[02/01/2014 23:20:08] /i health potion
[02/01/2014 23:20:08] /i health potion
[02/01/2014 23:20:08] /i health potion
[02/01/2014 23:20:08] /i health potion
[02/01/2014 23:20:08] /i health potion
[02/01/2014 23:20:08] /i health potion
[02/01/2014 23:20:08] /i health potion
[02/01/2014 23:20:08] /i health potion
[02/01/2014 23:20:09] /i health potion
[02/01/2014 23:20:09] /i health potion
[02/01/2014 23:20:09] /i health potion
[02/01/2014 23:20:09] /i health potion
[02/01/2014 23:20:09] /i health potion
[02/01/2014 23:20:09] /i health potion
[02/01/2014 23:20:09] /i health potion
[02/01/2014 23:20:09] /i health potion
[02/01/2014 23:20:09] /i health potion
[02/01/2014 23:20:09] /i health potion
[02/01/2014 23:20:09] /i health potion
[02/01/2014 23:20:09] /i health potion
[02/01/2014 23:20:09] /i health potion
[02/01/2014 23:20:09] /i health potion
[02/01/2014 23:20:09] /i health potion
[02/01/2014 23:20:09] /i health potion
[02/01/2014 23:20:09] /i health potion
[02/01/2014 23:20:09] /i health potion
[02/01/2014 23:20:09] /i health potion
[02/01/2014 23:20:09] /i health potion
[02/01/2014 23:20:09] /i health potion
[02/01/2014 23:20:09] /i health potion
[02/01/2014 23:20:09] /i health potion
[02/01/2014 23:20:09] /i health potion
[02/01/2014 23:20:09] /i health potion
[02/01/2014 23:20:10] /i health potion
[02/01/2014 23:20:10] /i health potion
[02/01/2014 23:20:10] /i health potion
[02/01/2014 23:20:10] /i health potion
[02/01/2014 23:20:10] /i health potion
[02/01/2014 23:20:10] /i health potion
[02/01/2014 23:20:10] /i health potion
[02/01/2014 23:20:10] /i health potion
[02/01/2014 23:20:10] /i health potion
[02/01/2014 23:20:10] /i health potion
[02/01/2014 23:20:10] /i health potion
[02/01/2014 23:20:10] /i health potion
[02/01/2014 23:20:10] /i health potion
[02/01/2014 23:20:10] /i health potion
[02/01/2014 23:20:10] /i health potion
[02/01/2014 23:20:10] /i health potion
[02/01/2014 23:20:10] /i health potion
[02/01/2014 23:20:10] /i health potion
[02/01/2014 23:20:10] /i health potion
[02/01/2014 23:20:10] /i health potion
[02/01/2014 23:20:10] /i health potion
[02/01/2014 23:20:10] /i health potion
[02/01/2014 23:20:10] /i health potion
[02/01/2014 23:20:10] /i health potion
[02/01/2014 23:20:11] /i health potion
[02/01/2014 23:20:11] /i health potion
[02/01/2014 23:20:11] /i health potion
[02/01/2014 23:20:11] /i health potion
[02/01/2014 23:20:11] /i health potion
[02/01/2014 23:20:11] /i health potion
[02/01/2014 23:20:11] /i health potion
[02/01/2014 23:20:11] /i health potion
[02/01/2014 23:20:11] /i health potion
[02/01/2014 23:20:11] /i health potion
[02/01/2014 23:20:11] /i health potion
[02/01/2014 23:20:11] /i health potion
[02/01/2014 23:20:11] /i health potion
[02/01/2014 23:20:11] /i health potion
[02/01/2014 23:20:11] /i health potion
[02/01/2014 23:20:11] /i health potion
[02/01/2014 23:20:11] /i health potion
[02/01/2014 23:20:11] /i health potion
[02/01/2014 23:20:11] /i health potion
[02/01/2014 23:20:11] /i health potion
[02/01/2014 23:20:11] /i health potion
[02/01/2014 23:20:11] /i health potion
[02/01/2014 23:20:12] /i health potion
[02/01/2014 23:20:12] /i health potion
[02/01/2014 23:20:12] /i health potion
[02/01/2014 23:20:12] /i health potion
[02/01/2014 23:20:12] /i health potion
[02/01/2014 23:20:12] /i health potion
[02/01/2014 23:20:12] /i health potion
[02/01/2014 23:20:12] /i health potion
[02/01/2014 23:20:12] /i health potion
[02/01/2014 23:20:12] /i health potion
[02/01/2014 23:20:12] /i health potion
[02/01/2014 23:20:12] /i health potion
[02/01/2014 23:20:12] /i health potion
[02/01/2014 23:20:12] /i health potion
[02/01/2014 23:20:12] /i health potion
[02/01/2014 23:20:12] /i health potion
[02/01/2014 23:20:12] /i health potion
[02/01/2014 23:20:12] /i health potion
[02/01/2014 23:20:12] /i health potion
[02/01/2014 23:20:12] /i health potion
[02/01/2014 23:20:12] /i health potion
[02/01/2014 23:20:12] /i health potion
[02/01/2014 23:20:13] /i health potion
[02/01/2014 23:20:13] /i health potion
[02/01/2014 23:20:13] /i health potion
[02/01/2014 23:20:13] /i health potion
[02/01/2014 23:20:13] /i health potion
[02/01/2014 23:20:13] /i health potion
[02/01/2014 23:20:13] /i health potion
[02/01/2014 23:20:13] /i health potion
[02/01/2014 23:20:13] /i health potion
[02/01/2014 23:20:13] /i health potion
[02/01/2014 23:20:13] /i health potion
[02/01/2014 23:20:13] /i health potion
[02/01/2014 23:20:13] /i health potion
[02/01/2014 23:20:13] /i health potion
[02/01/2014 23:20:13] /i health potion
[02/01/2014 23:20:13] /i health potion
[02/01/2014 23:20:13] /i health potion
[02/01/2014 23:20:13] /i health potion
[02/01/2014 23:20:13] /i health potion
[02/01/2014 23:20:13] /i health potion
[02/01/2014 23:20:14] /i health potion
[02/01/2014 23:20:14] /i health potion
[02/01/2014 23:20:14] /i health potion
[02/01/2014 23:20:14] /i health potion
[02/01/2014 23:20:14] /i health potion
[02/01/2014 23:20:14] /i health potion
[02/01/2014 23:20:14] /i health potion
[02/01/2014 23:20:14] /i health potion
[02/01/2014 23:20:14] /i health potion
[02/01/2014 23:20:14] /i health potion
[02/01/2014 23:20:14] /i health potion
[02/01/2014 23:20:14] /i health potion
[02/01/2014 23:20:14] /i health potion
[02/01/2014 23:20:14] /i health potion
[02/01/2014 23:20:14] /i health potion
[02/01/2014 23:20:14] /i health potion
[02/01/2014 23:20:14] /i health potion
[02/01/2014 23:20:14] /i health potion
[02/01/2014 23:20:15] /i health potion
[02/01/2014 23:20:15] /i health potion
[02/01/2014 23:20:15] /i health potion
[02/01/2014 23:20:15] /i health potion
[02/01/2014 23:20:15] /i health potion
[02/01/2014 23:20:15] /i health potion
[02/01/2014 23:20:15] /i health potion
[02/01/2014 23:20:15] /i health potion
[02/01/2014 23:20:15] /i health potion
[02/01/2014 23:20:15] /i health potion
[02/01/2014 23:20:15] /i health potion
[02/01/2014 23:20:15] /i health potion
[02/01/2014 23:20:15] /i health potion
[02/01/2014 23:20:15] /i health potion
[02/01/2014 23:20:15] /i health potion
[02/01/2014 23:20:15] /i health potion
[02/01/2014 23:20:15] /i health potion
[02/01/2014 23:20:15] /i health potion
[02/01/2014 23:20:15] /i health potion
[02/01/2014 23:20:16] /i health potion
[02/01/2014 23:20:16] /i health potion
[02/01/2014 23:20:16] /i health potion
[02/01/2014 23:20:16] /i health potion
[02/01/2014 23:20:16] /i health potion
[02/01/2014 23:20:16] /i health potion
[02/01/2014 23:20:16] /i health potion
[02/01/2014 23:20:16] /i health potion
[02/01/2014 23:20:16] /i health potion
[02/01/2014 23:20:16] /i health potion
[02/01/2014 23:20:16] /i health potion
[02/01/2014 23:20:16] /i health potion
[02/01/2014 23:20:16] /i health potion
[02/01/2014 23:20:16] /i health potion
[02/01/2014 23:20:16] /i health potion
[02/01/2014 23:20:16] /i health potion
[02/01/2014 23:20:16] /i health potion
[02/01/2014 23:20:16] /i health potion
[02/01/2014 23:20:16] /i health potion
[02/01/2014 23:20:16] /i health potion
[02/01/2014 23:20:16] /i health potion
[02/01/2014 23:20:16] /i health potion
[02/01/2014 23:20:17] /i health potion
[02/01/2014 23:20:17] /i health potion
[02/01/2014 23:20:17] /i health potion
[02/01/2014 23:20:17] /i health potion
[02/01/2014 23:20:17] /i health potion
[02/01/2014 23:20:17] /i health potion
[02/01/2014 23:20:17] /i health potion
[02/01/2014 23:20:17] /i health potion
[02/01/2014 23:20:17] /i health potion
[02/01/2014 23:20:17] /i health potion
[02/01/2014 23:20:17] /i health potion
[02/01/2014 23:20:17] /i health potion
[02/01/2014 23:20:17] /i health potion
[02/01/2014 23:20:17] /i health potion
[02/01/2014 23:20:17] /i health potion
[02/01/2014 23:20:17] /i health potion
[02/01/2014 23:20:17] /i health potion
[02/01/2014 23:20:17] /i health potion
[02/01/2014 23:20:17] /i health potion
[02/01/2014 23:20:17] /i health potion
[02/01/2014 23:20:17] /i health potion
[02/01/2014 23:20:18] /i health potion
[02/01/2014 23:20:18] /i health potion
[02/01/2014 23:20:18] /i health potion
[02/01/2014 23:20:18] /i health potion
[02/01/2014 23:20:18] /i health potion
[02/01/2014 23:20:18] /i health potion
[02/01/2014 23:20:18] /i health potion
[02/01/2014 23:20:18] /i health potion
[02/01/2014 23:20:18] /i health potion
[02/01/2014 23:20:18] /i health potion
[02/01/2014 23:20:18] /i health potion
[02/01/2014 23:20:18] /i health potion
[02/01/2014 23:20:18] /i health potion
[02/01/2014 23:20:18] /i health potion
[02/01/2014 23:20:18] /i health potion
[02/01/2014 23:20:18] /i health potion
[02/01/2014 23:20:18] /i health potion
[02/01/2014 23:20:18] /i health potion
[02/01/2014 23:20:18] /i health potion
[02/01/2014 23:20:18] /i health potion
[02/01/2014 23:20:19] /i health potion
[02/01/2014 23:20:19] /i health potion
[02/01/2014 23:20:19] /i health potion
[02/01/2014 23:20:19] /i health potion
[02/01/2014 23:20:19] /i health potion
[02/01/2014 23:20:19] /i health potion
[02/01/2014 23:20:20] /i health potion
[02/01/2014 23:20:20] /i health potion
[02/01/2014 23:20:20] /i health potion
[02/01/2014 23:20:20] /i health potion
[02/01/2014 23:20:20] /i health potion
[02/01/2014 23:20:20] /i health potion
[02/01/2014 23:20:21] /i health potion
[02/01/2014 23:20:21] /i health potion
[02/01/2014 23:20:21] /i health potion
[02/01/2014 23:20:21] /i health potion
[02/01/2014 23:20:21] /i health potion
[02/01/2014 23:20:21] /i health potion
[02/01/2014 23:20:21] /i health potion
[02/01/2014 23:20:22] /i health potion
[02/01/2014 23:20:22] /i health potion
[02/01/2014 23:20:22] /i health potion
[02/01/2014 23:20:22] /i health potion
[02/01/2014 23:20:22] /i health potion
[02/01/2014 23:20:23] /i health potion
[02/01/2014 23:20:23] /i health potion
[02/01/2014 23:20:23] /i health potion
[02/01/2014 23:20:23] /i health potion
[02/01/2014 23:34:10] /i 2301
[02/01/2014 23:34:25] /i strong health potion
[02/01/2014 23:41:25] /i 7322
[03/01/2014 01:10:35] /r
[03/01/2014 02:15:12] /i katon housenka no jutsu
[03/01/2014 02:17:59] /i katon housenka no jutsu
[03/01/2014 14:22:55] /i katon housenka no jutsu
[03/01/2014 14:37:19] /i tsuru no genjutsu
[03/01/2014 20:20:15] /i ham
[05/10/2015 17:11:14] /t
[05/10/2015 17:24:20] /ghost
[05/10/2015 17:25:33] /goto picudo
[05/10/2015 17:25:45] /goto pirocudo
[05/10/2015 17:47:19] /goto assassin
[05/10/2015 17:47:26] /a 100
[05/10/2015 17:48:22] /t
[05/10/2015 17:54:58] /r
[05/10/2015 17:55:16] /b heuheuheu
[05/10/2015 19:32:29] /i red glove
[05/10/2015 19:32:56] /i red glovi
[05/10/2015 19:33:33] /a 50
[05/10/2015 19:33:35] /a 50
[05/10/2015 19:33:36] /a 50
[05/10/2015 19:33:37] /a 50
[05/10/2015 19:33:38] /a 50
[05/10/2015 19:33:42] /a 50
[05/10/2015 19:34:17] /a 5
[05/10/2015 19:34:22] /a 5
[05/10/2015 19:34:32] /a 5
[05/10/2015 19:34:35] /a 5
[05/10/2015 19:35:05] /a 100
[05/10/2015 19:35:08] /a 100
[05/10/2015 19:35:18] /t
[05/10/2015 19:37:54] /b   jhonjhon viado
[05/10/2015 19:39:33] /i samurai armor
[05/10/2015 19:39:55] /i red gloves
[05/10/2015 19:40:14] /i samurai armor
[05/10/2015 19:40:55] /i nature legs
[05/10/2015 19:43:06] /i samurai armor
[05/10/2015 19:44:25] /i rock lee trousers
[05/10/2015 19:56:56] /i hyper gloves
[05/10/2015 19:57:02] /t
[05/10/2015 20:11:15] /a 40
[05/10/2015 20:11:17] /a 40
[05/10/2015 20:11:18] /a 40
[05/10/2015 20:11:29] /a 40
[05/10/2015 20:11:33] /a 40
[05/10/2015 20:11:35] /a 40
[05/10/2015 20:11:42] /a 40
[05/10/2015 20:15:02] /a
[05/10/2015 20:15:03] /a
[05/10/2015 20:15:09] /a
[05/10/2015 20:15:09] /a
[05/10/2015 20:15:21] /goto Pirocudo
[05/10/2015 20:15:25] /goto Pirocudo
[05/10/2015 20:16:14] /goto Pirocudo
[05/10/2015 20:16:26] /m samurai
[05/10/2015 20:17:22] /goto temare
[05/10/2015 20:17:46] /a 100
[05/10/2015 20:17:49] /a 100
[05/10/2015 20:17:50] /a 100
[05/10/2015 20:18:13] /c Pirocudo
[05/10/2015 20:18:26] /a
[05/10/2015 20:18:28] /a
[05/10/2015 20:18:37] /i pill
[05/10/2015 20:18:50] /a
[05/10/2015 20:18:51] /a
[05/10/2015 20:19:27] /a
[05/10/2015 20:19:27] /a
[05/10/2015 20:19:48] /i pill
[05/10/2015 20:20:01] /goto Pirocudo
[05/10/2015 20:21:49] /m samurai
[05/10/2015 20:22:01] /i food
[05/10/2015 20:23:18] /b
[05/10/2015 20:23:25] /c
[05/10/2015 20:27:58] /a 100
[05/10/2015 20:27:59] /a 100
[05/10/2015 20:28:02] /a 100
[05/10/2015 20:28:24] /t
[05/10/2015 20:29:09] /m Juhi Member
[05/10/2015 20:30:04] /m ciborg
[05/10/2015 20:31:14] /i meat
[05/10/2015 20:32:03] /m monk
[05/10/2015 20:36:24] /a
[05/10/2015 20:36:37] /s
[05/10/2015 20:36:49] /c
[05/10/2015 20:36:52] /r
[05/10/2015 20:37:02] /r
[05/10/2015 20:37:08] /r
[05/10/2015 20:37:18] /r
[05/10/2015 20:37:36] /m cyborg
[05/10/2015 20:37:54] /m cyborg
[05/10/2015 20:37:55] /m cyborg
[05/10/2015 20:37:55] /m cyborg
[05/10/2015 20:38:31] /r
[05/10/2015 20:38:32] /r
[05/10/2015 20:38:43] /r
[05/10/2015 20:38:48] /r
[05/10/2015 20:38:59] /r
[05/10/2015 20:40:32] /m samurai
[05/10/2015 20:41:01] /c Pirocudo
[05/10/2015 20:41:07] /c Pirocudo
[05/10/2015 20:41:08] /c Pirocudo
[05/10/2015 20:41:09] /m samurai
[05/10/2015 20:41:39] /r
[05/10/2015 20:41:59] /r
[06/10/2015 17:24:22] /a 40
[06/10/2015 17:24:23] /a 40
[06/10/2015 17:24:24] /a 40
[06/10/2015 17:24:28] /a 40
[06/10/2015 17:24:41] /a
[06/10/2015 20:57:55] /t
[06/10/2015 20:58:09] /n tazuna teste
[06/10/2015 21:25:09] /t
[06/10/2015 21:25:14] /m tazuna teste
[06/10/2015 21:25:17] /m tazuna teste
[06/10/2015 21:25:25] /n tazuna teste
[06/10/2015 22:40:45] /n teste tazuna
[06/10/2015 22:40:59] /n tazuna teste
[06/10/2015 22:41:13] /n tazuna teste
[06/10/2015 22:43:27] /n tazuna teste
[07/10/2015 12:04:17] /m teste tazuna
[07/10/2015 12:04:31] /ghost
[07/10/2015 12:04:33] /m teste tazuna
[07/10/2015 12:04:35] /ghost
[07/10/2015 12:04:39] /ghost
[07/10/2015 12:04:43] /m teste tazuna
[07/10/2015 12:04:53] /m tazuna teste
[07/10/2015 12:04:56] /m tazuna teste
[07/10/2015 12:08:45] /n tazuna teste
[07/10/2015 12:16:04] /m tazuna teste
[07/10/2015 12:16:11] /n tazuna teste
[07/10/2015 12:16:14] /n tazuna teste
[07/10/2015 12:17:01] /n tazuna teste
[07/10/2015 12:20:00] /m tazuna teste
[07/10/2015 12:21:44] /m tazuna teste
[07/10/2015 12:21:47] /m tazuna teste
[07/10/2015 12:38:35] /m tazuna teste
[07/10/2015 12:38:41] /m tazuna teste
[07/10/2015 12:38:55] /m tazuna teste
[07/10/2015 12:38:56] /m tazuna teste
[07/10/2015 12:38:58] /m tazuna teste
[07/10/2015 12:39:00] /m tazuna teste
[07/10/2015 12:39:03] /m tazuna teste
[07/10/2015 12:39:05] /m tazuna teste
[07/10/2015 12:39:28] /m tazuna teste
[07/10/2015 12:39:29] /m tazuna teste
[07/10/2015 12:40:21] /n tazuna teste
[07/10/2015 13:01:43] /i kyuubi form
[07/10/2015 13:01:56] /r
[07/10/2015 13:02:09] /i Explosion Rune
[07/10/2015 13:08:37] /addskill hiroaki, level
[07/10/2015 13:08:38] /addskill hiroaki, level/addskill hiroaki, level
[07/10/2015 13:08:45] /addskill hiroaki, level
[07/10/2015 13:08:45] /addskill hiroaki, level
[07/10/2015 13:08:45] /addskill hiroaki, level
[07/10/2015 13:08:46] /addskill hiroaki, level
[07/10/2015 13:08:46] /addskill hiroaki, level
[07/10/2015 13:08:46] /addskill hiroaki, level
[07/10/2015 13:08:46] /addskill hiroaki, level
[07/10/2015 13:08:46] /addskill hiroaki, level
[07/10/2015 13:08:47] /addskill hiroaki, level
[07/10/2015 13:08:47] /addskill hiroaki, level
[07/10/2015 13:08:47] /addskill hiroaki, level
[07/10/2015 13:08:47] /addskill hiroaki, level
[07/10/2015 13:08:47] /addskill hiroaki, level
[07/10/2015 13:08:47] /addskill hiroaki, level
[07/10/2015 13:08:47] /addskill hiroaki, level
[07/10/2015 13:08:47] /addskill hiroaki, level
[07/10/2015 13:08:47] /addskill hiroaki, level
[07/10/2015 13:08:47] /addskill hiroaki, level
[07/10/2015 13:08:47] /addskill hiroaki, level
[07/10/2015 13:08:47] /addskill hiroaki, level
[07/10/2015 13:08:47] /addskill hiroaki, level
[07/10/2015 13:08:47] /addskill hiroaki, level
[07/10/2015 13:08:47] /addskill hiroaki, level
[07/10/2015 13:08:47] /addskill hiroaki, level
[07/10/2015 13:08:47] /addskill hiroaki, level
[07/10/2015 13:08:47] /addskill hiroaki, level
[07/10/2015 13:08:47] /addskill hiroaki, level
[07/10/2015 13:08:49] /addskill hiroaki, level
[07/10/2015 13:08:49] /addskill hiroaki, level
[07/10/2015 13:08:49] /addskill hiroaki, level
[07/10/2015 13:08:49] /addskill hiroaki, level
[07/10/2015 13:08:49] /addskill hiroaki, level
[07/10/2015 13:08:49] /addskill hiroaki, level
[07/10/2015 13:08:49] /addskill hiroaki, level
[07/10/2015 13:08:49] /addskill hiroaki, level
[07/10/2015 13:08:49] /addskill hiroaki, level
[07/10/2015 13:08:49] /addskill hiroaki, level
[07/10/2015 13:08:50] /addskill hiroaki, level
[07/10/2015 13:08:50] /addskill hiroaki, level
[07/10/2015 13:08:51] /addskill hiroaki, level
[07/10/2015 13:08:51] /addskill hiroaki, level
[07/10/2015 13:08:51] /addskill hiroaki, level
[07/10/2015 13:08:51] /addskill hiroaki, level
[07/10/2015 13:08:51] /addskill hiroaki, level
[07/10/2015 13:08:51] /addskill hiroaki, level
[07/10/2015 13:08:51] /addskill hiroaki, level
[07/10/2015 13:08:51] /addskill hiroaki, level
[07/10/2015 13:08:51] /addskill hiroaki, level
[07/10/2015 13:08:51] /addskill hiroaki, level
[07/10/2015 13:08:52] /addskill hiroaki, level
[07/10/2015 13:08:52] /addskill hiroaki, level
[07/10/2015 13:08:52] /addskill hiroaki, level
[07/10/2015 13:08:52] /addskill hiroaki, level
[07/10/2015 13:08:52] /addskill hiroaki, level
[07/10/2015 13:08:53] /addskill hiroaki, level
[07/10/2015 13:08:53] /addskill hiroaki, level
[07/10/2015 13:08:54] /addskill hiroaki, level
[07/10/2015 13:08:54] /addskill hiroaki, level
[07/10/2015 13:08:54] /addskill hiroaki, level
[07/10/2015 13:08:54] /addskill hiroaki, level
[07/10/2015 13:08:54] /addskill hiroaki, level
[07/10/2015 13:08:54] /addskill hiroaki, level
[07/10/2015 13:08:55] /addskill hiroaki, level
[07/10/2015 13:08:55] /addskill hiroaki, level
[07/10/2015 13:08:55] /addskill hiroaki, level
[07/10/2015 13:08:55] /addskill hiroaki, level
[07/10/2015 13:08:55] /addskill hiroaki, level
[07/10/2015 13:08:55] /addskill hiroaki, level
[07/10/2015 13:08:55] /addskill hiroaki, level
[07/10/2015 13:08:56] /addskill hiroaki, level
[07/10/2015 13:08:56] /addskill hiroaki, level
[07/10/2015 13:08:56] /addskill hiroaki, level
[07/10/2015 13:08:56] /addskill hiroaki, level
[07/10/2015 13:08:56] /addskill hiroaki, level
[07/10/2015 13:08:56] /addskill hiroaki, level
[07/10/2015 13:08:57] /addskill hiroaki, level
[07/10/2015 13:08:57] /addskill hiroaki, level
[07/10/2015 13:09:02] /i pill
[07/10/2015 13:09:09] /i kunai
[07/10/2015 13:09:19] /i tobi mask
[07/10/2015 13:09:40] /i nature trousers
[07/10/2015 13:09:44] /i geta shoes
[07/10/2015 13:10:05] /addskill hiroaki, club
[07/10/2015 13:10:05] /addskill hiroaki, club
[07/10/2015 13:10:05] /addskill hiroaki, club
[07/10/2015 13:10:05] /addskill hiroaki, club
[07/10/2015 13:10:05] /addskill hiroaki, club
[07/10/2015 13:10:05] /addskill hiroaki, club
[07/10/2015 13:10:06] /addskill hiroaki, club
[07/10/2015 13:10:06] /addskill hiroaki, club
[07/10/2015 13:10:06] /addskill hiroaki, club
[07/10/2015 13:10:06] /addskill hiroaki, club
[07/10/2015 13:10:06] /addskill hiroaki, club
[07/10/2015 13:10:06] /addskill hiroaki, club
[07/10/2015 13:10:07] /addskill hiroaki, club
[07/10/2015 13:10:07] /addskill hiroaki, club
[07/10/2015 13:10:07] /addskill hiroaki, club
[07/10/2015 13:10:07] /addskill hiroaki, club
[07/10/2015 13:10:07] /addskill hiroaki, club
[07/10/2015 13:10:07] /addskill hiroaki, club
[07/10/2015 13:10:08] /addskill hiroaki, club
[07/10/2015 13:10:08] /addskill hiroaki, club
[07/10/2015 13:10:08] /addskill hiroaki, club
[07/10/2015 13:10:19] /addskill hiroaki, distance
[07/10/2015 13:10:20] /addskill hiroaki, distance
[07/10/2015 13:10:20] /addskill hiroaki, distance
[07/10/2015 13:10:20] /addskill hiroaki, distance
[07/10/2015 13:10:20] /addskill hiroaki, distance
[07/10/2015 13:10:20] /addskill hiroaki, distance
[07/10/2015 13:10:21] /addskill hiroaki, distance
[07/10/2015 13:10:21] /addskill hiroaki, distance
[07/10/2015 13:10:21] /addskill hiroaki, distance
[07/10/2015 13:10:21] /addskill hiroaki, distance
[07/10/2015 13:10:21] /addskill hiroaki, distance
[07/10/2015 13:10:21] /addskill hiroaki, distance
[07/10/2015 13:10:21] /addskill hiroaki, distance
[07/10/2015 13:10:21] /addskill hiroaki, distance
[07/10/2015 13:10:21] /addskill hiroaki, distance
[07/10/2015 13:10:21] /addskill hiroaki, distance
[07/10/2015 13:10:21] /addskill hiroaki, distance
[07/10/2015 13:10:21] /addskill hiroaki, distance
[07/10/2015 13:10:21] /addskill hiroaki, distance
[07/10/2015 13:10:22] /addskill hiroaki, distance
[07/10/2015 13:10:22] /addskill hiroaki, distance
[07/10/2015 13:10:22] /addskill hiroaki, distance
[07/10/2015 13:10:22] /addskill hiroaki, distance
[07/10/2015 13:10:22] /addskill hiroaki, distance
[07/10/2015 13:10:22] /addskill hiroaki, distance
[07/10/2015 13:10:22] /addskill hiroaki, distance
[07/10/2015 13:10:22] /addskill hiroaki, distance
[07/10/2015 13:10:22] /addskill hiroaki, distance
[07/10/2015 13:10:22] /addskill hiroaki, distance
[07/10/2015 13:10:23] /addskill hiroaki, distance
[07/10/2015 13:10:23] /addskill hiroaki, distance
[07/10/2015 13:10:23] /addskill hiroaki, distance
[07/10/2015 13:10:23] /addskill hiroaki, distance
[07/10/2015 13:10:23] /addskill hiroaki, distance
[07/10/2015 13:10:23] /addskill hiroaki, distance
[07/10/2015 13:10:23] /addskill hiroaki, distance
[07/10/2015 13:10:23] /addskill hiroaki, distance
[07/10/2015 13:10:23] /addskill hiroaki, distance
[07/10/2015 13:10:23] /addskill hiroaki, distance
[07/10/2015 13:10:24] /addskill hiroaki, distance
[07/10/2015 13:10:24] /addskill hiroaki, distance
[07/10/2015 13:10:24] /addskill hiroaki, distance
[07/10/2015 13:10:24] /addskill hiroaki, distance
[07/10/2015 13:10:24] /addskill hiroaki, distance
[07/10/2015 13:10:24] /addskill hiroaki, distance
[07/10/2015 13:10:24] /addskill hiroaki, distance
[07/10/2015 13:10:24] /addskill hiroaki, distance
[07/10/2015 13:10:24] /addskill hiroaki, distance
[07/10/2015 13:10:24] /addskill hiroaki, distance
[07/10/2015 13:10:24] /addskill hiroaki, distance
[07/10/2015 13:10:24] /addskill hiroaki, distance
[07/10/2015 13:10:24] /addskill hiroaki, distance
[07/10/2015 13:10:24] /addskill hiroaki, distance
[07/10/2015 13:10:24] /addskill hiroaki, distance
[07/10/2015 13:10:24] /addskill hiroaki, distance
[07/10/2015 13:10:24] /addskill hiroaki, distance
[07/10/2015 13:10:24] /addskill hiroaki, distance
[07/10/2015 13:10:24] /addskill hiroaki, distance
[07/10/2015 13:10:24] /addskill hiroaki, distance
[07/10/2015 13:10:24] /addskill hiroaki, distance
[07/10/2015 13:10:24] /addskill hiroaki, distance
[07/10/2015 13:10:24] /addskill hiroaki, distance
[07/10/2015 13:10:24] /addskill hiroaki, distance
[07/10/2015 13:10:24] /addskill hiroaki, distance
[07/10/2015 13:10:24] /addskill hiroaki, distance
[07/10/2015 13:10:24] /addskill hiroaki, distance
[07/10/2015 13:10:24] /addskill hiroaki, distance
[07/10/2015 13:10:25] /addskill hiroaki, distance
[07/10/2015 13:10:25] /addskill hiroaki, distance
[07/10/2015 13:10:25] /addskill hiroaki, distance
[07/10/2015 13:10:25] /addskill hiroaki, distance
[07/10/2015 13:10:25] /addskill hiroaki, distance
[07/10/2015 13:10:25] /addskill hiroaki, distance
[07/10/2015 13:10:25] /addskill hiroaki, distance
[07/10/2015 13:10:25] /addskill hiroaki, distance
[07/10/2015 13:10:25] /addskill hiroaki, distance
[07/10/2015 13:10:25] /addskill hiroaki, distance
[07/10/2015 13:10:25] /addskill hiroaki, distance
[07/10/2015 13:10:25] /addskill hiroaki, distance
[07/10/2015 13:10:25] /addskill hiroaki, distance
[07/10/2015 13:10:25] /addskill hiroaki, distance
[07/10/2015 13:10:25] /addskill hiroaki, distance
[07/10/2015 13:10:26] /addskill hiroaki, distance
[07/10/2015 13:10:26] /addskill hiroaki, distance
[07/10/2015 13:10:26] /addskill hiroaki, distance
[07/10/2015 13:10:26] /addskill hiroaki, distance
[07/10/2015 13:10:26] /addskill hiroaki, distance
[07/10/2015 13:10:26] /addskill hiroaki, distance
[07/10/2015 13:10:26] /addskill hiroaki, distance
[07/10/2015 13:10:26] /addskill hiroaki, distance
[07/10/2015 13:10:26] /addskill hiroaki, distance
[07/10/2015 13:10:26] /addskill hiroaki, distance
[07/10/2015 13:10:26] /addskill hiroaki, distance
[07/10/2015 13:10:26] /addskill hiroaki, distance
[07/10/2015 13:10:26] /addskill hiroaki, distance
[07/10/2015 13:10:26] /addskill hiroaki, distance
[07/10/2015 13:10:26] /addskill hiroaki, distance
[07/10/2015 13:10:26] /addskill hiroaki, distance
[07/10/2015 13:10:26] /addskill hiroaki, distance
[07/10/2015 13:10:26] /addskill hiroaki, distance
[07/10/2015 13:10:26] /addskill hiroaki, distance
[07/10/2015 13:10:27] /addskill hiroaki, distance
[07/10/2015 13:10:27] /addskill hiroaki, distance
[07/10/2015 13:10:27] /addskill hiroaki, distance
[07/10/2015 13:10:27] /addskill hiroaki, distance
[07/10/2015 13:10:27] /addskill hiroaki, distance
[07/10/2015 13:10:27] /addskill hiroaki, distance
[07/10/2015 13:10:27] /addskill hiroaki, distance
[07/10/2015 13:10:27] /addskill hiroaki, distance
[07/10/2015 13:10:27] /addskill hiroaki, distance
[07/10/2015 13:10:27] /addskill hiroaki, distance
[07/10/2015 13:10:27] /addskill hiroaki, distance
[07/10/2015 13:10:27] /addskill hiroaki, distance
[07/10/2015 13:10:27] /addskill hiroaki, distance
[07/10/2015 13:10:27] /addskill hiroaki, distance
[07/10/2015 13:10:27] /addskill hiroaki, distance
[07/10/2015 13:10:27] /addskill hiroaki, distance
[07/10/2015 13:10:27] /addskill hiroaki, distance
[07/10/2015 13:10:27] /addskill hiroaki, distance
[07/10/2015 13:10:27] /addskill hiroaki, distance
[07/10/2015 13:10:27] /addskill hiroaki, distance
[07/10/2015 13:10:27] /addskill hiroaki, distance
[07/10/2015 13:10:27] /addskill hiroaki, distance
[07/10/2015 13:10:27] /addskill hiroaki, distance
[07/10/2015 13:10:27] /addskill hiroaki, distance
[07/10/2015 13:10:27] /addskill hiroaki, distance
[07/10/2015 13:10:27] /addskill hiroaki, distance
[07/10/2015 13:10:27] /addskill hiroaki, distance
[07/10/2015 13:10:27] /addskill hiroaki, distance
[07/10/2015 13:10:28] /addskill hiroaki, distance
[07/10/2015 13:10:28] /addskill hiroaki, distance
[07/10/2015 13:10:28] /addskill hiroaki, distance
[07/10/2015 13:10:28] /addskill hiroaki, distance
[07/10/2015 13:10:29] /addskill hiroaki, distance
[07/10/2015 13:13:01] /m ebisu
[07/10/2015 13:13:44] /a 10
[07/10/2015 13:13:44] /a 10
[07/10/2015 13:13:45] /a 10
[07/10/2015 13:13:47] /a 100
[07/10/2015 13:14:03] /n kakashi[saga 1]
[07/10/2015 13:14:08] /n kakashi[saga 2
[07/10/2015 13:14:11] /n kakashi[saga 2]
[07/10/2015 13:16:16] /up
[07/10/2015 13:16:32] /i summon tazuna
[07/10/2015 13:34:35] /i summon tazuna
[07/10/2015 13:39:06] /down
[07/10/2015 13:39:09] /a 100
[07/10/2015 13:39:09] /a 100
[07/10/2015 13:39:10] /a 100
[07/10/2015 13:39:13] /a 20
[07/10/2015 22:58:16] /m ebisu
[07/10/2015 22:58:53] /n kakashi[saga 1]
[07/10/2015 22:59:43] /a 100
[07/10/2015 22:59:44] /a 100
[07/10/2015 22:59:45] /a 100
[07/10/2015 23:36:01] /a
[07/10/2015 23:37:29] /a
[07/10/2015 23:37:53] /a
[07/10/2015 23:38:40] /a
[07/10/2015 23:39:05] /a
[07/10/2015 23:40:32] /a
[07/10/2015 23:47:14] /a 100
[07/10/2015 23:47:15] /a 100
[07/10/2015 23:47:16] /a 100
[07/10/2015 23:47:18] /a 10
[07/10/2015 23:47:20] /a 10
[07/10/2015 23:47:21] /a 10
[07/10/2015 23:47:23] /up
[07/10/2015 23:47:34] /n hokage[saga 1]
[07/10/2015 23:50:30] /n hokage[saga 1]
[07/10/2015 23:58:32] /m ebisu
[07/10/2015 23:58:44] /n kakashi[saga 1]
[08/10/2015 00:19:18] /n hokage[saga 1]
[08/10/2015 09:24:36] /n tazuna
[08/10/2015 09:24:44] /r
[08/10/2015 09:24:51] /n tazuna[saga 1]
[08/10/2015 09:24:56] /n tazuna[saga 1]
[08/10/2015 09:27:42] /n tazuna[saga 1]
[08/10/2015 09:27:44] /n tazuna[saga 1]
[08/10/2015 09:29:12] /n tazuna[saga 1]
[08/10/2015 09:29:15] /n tazuna[saga 1]
[08/10/2015 09:29:17] /n tazuna[saga 1]
[08/10/2015 09:30:32] /n tazuna[saga 1]
[08/10/2015 09:36:38] /a 10
[08/10/2015 09:36:39] /a 10
[08/10/2015 09:36:41] /a 10
[08/10/2015 09:36:42] /a 10
[08/10/2015 09:36:44] /a 10
[08/10/2015 09:36:44] /a 10
[08/10/2015 09:36:47] /a 10
[08/10/2015 09:36:47] /a 10
[08/10/2015 09:36:49] /a 10
[08/10/2015 09:36:50] /a 10
[08/10/2015 09:36:51] /a 10
[08/10/2015 09:36:53] /a 10
[08/10/2015 09:36:54] /a 10
[08/10/2015 09:36:56] /a 10
[08/10/2015 09:36:57] /a 10
[08/10/2015 09:36:57] /a 10
[08/10/2015 09:36:59] /a 10
[08/10/2015 09:37:00] /a 10
[08/10/2015 09:37:01] /a 10
[08/10/2015 09:37:03] /a 10
[08/10/2015 09:37:04] /a 10
[08/10/2015 09:37:05] /a 10
[08/10/2015 09:37:06] /a 10
[08/10/2015 09:37:07] /a 10
[08/10/2015 09:37:08] /a 10
[08/10/2015 09:37:09] /a 10
[08/10/2015 09:37:44] /a 20
[08/10/2015 09:37:45] /a 20
[08/10/2015 09:37:46] /a 20
[08/10/2015 09:37:47] /a 20
[08/10/2015 09:37:58] /a
[08/10/2015 09:38:06] /a
[08/10/2015 09:38:51] /goto dosu
[08/10/2015 09:38:55] /a
[08/10/2015 09:38:56] /a
[08/10/2015 09:56:00] /t
[08/10/2015 09:56:04] /a 100
[08/10/2015 09:56:07] /a
[08/10/2015 09:56:11] /up
[08/10/2015 10:21:09] /m tazuna
[08/10/2015 10:22:43] /a 100
[08/10/2015 10:22:44] /a 100
[08/10/2015 10:22:44] /a 100
[08/10/2015 10:22:45] /a 100
[08/10/2015 10:22:45] /a 100
[08/10/2015 10:22:47] /a
[08/10/2015 10:22:48] /a
[08/10/2015 10:42:21] /i tazuna summon
[08/10/2015 10:42:26] /i summon tazuna
[08/10/2015 11:01:10] /m ebisu
[08/10/2015 11:01:26] /n kakashi[saga 1]
[08/10/2015 11:03:01] /m ebisu
[08/10/2015 11:03:10] /n kakashi[saga 1]
[08/10/2015 11:03:58] /down
[08/10/2015 11:04:02] /a 100
[08/10/2015 11:04:02] /a 100
[08/10/2015 11:04:03] /a 100
[08/10/2015 11:04:05] /a 10
[08/10/2015 11:04:06] /a 10
[08/10/2015 11:04:14] /a 10
[08/10/2015 11:04:15] /a 10
[08/10/2015 11:04:15] /a 10
[08/10/2015 11:04:16] /a 10
[08/10/2015 11:04:16] /a 10
[08/10/2015 11:04:16] /a 10
[08/10/2015 11:04:17] /a 10
[08/10/2015 11:04:17] /a 10
[08/10/2015 11:04:18] /a 10
[08/10/2015 11:04:41] /goto tazuna[saga 1]
[08/10/2015 11:04:55] /a 
[08/10/2015 11:04:56] /a 
[08/10/2015 11:05:24] /down
[08/10/2015 11:05:26] /a 10
[08/10/2015 11:05:44] /a 10
[08/10/2015 11:05:45] /a 10
[08/10/2015 11:05:46] /a 10
[08/10/2015 11:05:47] /a 10
[08/10/2015 11:05:47] /a 10
[08/10/2015 11:05:48] /a 10
[08/10/2015 11:05:49] /a 10
[08/10/2015 11:05:50] /a 10
[08/10/2015 11:05:50] /a 10
[08/10/2015 11:05:51] /a 10
[08/10/2015 11:05:52] /a 10
[08/10/2015 11:05:52] /a 10
[08/10/2015 11:05:53] /a 10
[08/10/2015 11:05:53] /a 10
[08/10/2015 11:05:54] /a 10
[08/10/2015 11:05:54] /a 10
[08/10/2015 11:05:55] /a 10
[08/10/2015 11:05:55] /a 10
[08/10/2015 11:05:56] /a 10
[08/10/2015 11:05:57] /a 10
[08/10/2015 11:05:57] /a 10
[08/10/2015 11:05:58] /a 10
[08/10/2015 11:05:59] /a 10
[08/10/2015 11:06:00] /a 10
[08/10/2015 11:06:01] /a 10
[08/10/2015 11:06:01] /a 10
[08/10/2015 11:06:03] /a 10
[08/10/2015 11:06:04] /a 10
[08/10/2015 11:06:05] /a 10
[08/10/2015 11:06:06] /a 10
[08/10/2015 11:15:24] /n tazuna[saga 2]
[08/10/2015 11:23:14] /goto ebisu
[08/10/2015 11:23:30] /goto haku
[08/10/2015 11:24:40] /a
[08/10/2015 11:25:59] /m ebisu
[08/10/2015 11:26:15] /n kakashi[saga 1]
[08/10/2015 11:27:04] /a 10
[08/10/2015 11:27:05] /a 10
[08/10/2015 11:27:06] /a 10
[08/10/2015 11:27:06] /a 10
[08/10/2015 11:27:06] /a 10
[08/10/2015 11:27:07] /a 10
[08/10/2015 11:27:07] /a 10
[08/10/2015 11:27:08] /a 10
[08/10/2015 11:27:08] /a 10
[08/10/2015 11:27:08] /a 10
[08/10/2015 11:27:09] /a 10
[08/10/2015 11:27:09] /a 10
[08/10/2015 11:27:09] /a 10
[08/10/2015 11:27:10] /a 10
[08/10/2015 11:27:10] /a 10
[08/10/2015 11:27:10] /a 10
[08/10/2015 11:27:10] /a 10
[08/10/2015 11:27:11] /a 10
[08/10/2015 11:27:11] /a 10
[08/10/2015 11:27:11] /a 10
[08/10/2015 11:27:12] /a 10
[08/10/2015 11:27:12] /a 10
[08/10/2015 11:27:12] /a 10
[08/10/2015 11:27:12] /a 10
[08/10/2015 11:27:13] /a 10
[08/10/2015 11:27:13] /a 10
[08/10/2015 11:27:13] /a 10
[08/10/2015 11:27:14] /a 10
[08/10/2015 11:27:14] /a 10
[08/10/2015 11:27:14] /a 10
[08/10/2015 11:27:15] /a 10
[08/10/2015 11:27:23] /i tazuna summon
[08/10/2015 11:27:33] /i summon tazuna
[08/10/2015 11:28:25] /m ebisu
[08/10/2015 11:28:33] /n kakashi[saga 1]
[08/10/2015 11:29:09] /a 10
[08/10/2015 11:29:10] /a 10
[08/10/2015 11:29:10] /a 10
[08/10/2015 11:29:11] /a 10
[08/10/2015 11:29:11] /a 10
[08/10/2015 11:29:12] /a 10
[08/10/2015 11:29:12] /a 10
[08/10/2015 11:29:13] /a 10
[08/10/2015 11:29:13] /a 10
[08/10/2015 11:29:14] /a 10
[08/10/2015 11:29:14] /a 10
[08/10/2015 11:29:15] /a 10
[08/10/2015 11:29:15] /a 10
[08/10/2015 11:29:16] /a 10
[08/10/2015 11:29:16] /a 10
[08/10/2015 11:29:17] /a 10
[08/10/2015 11:29:19] /a 10
[08/10/2015 11:29:19] /a 10
[08/10/2015 11:29:20] /a 10
[08/10/2015 11:29:20] /a 10
[08/10/2015 11:29:21] /a 10
[08/10/2015 11:29:21] /a 10
[08/10/2015 11:29:22] /a 10
[08/10/2015 11:29:22] /a 10
[08/10/2015 11:29:23] /a 10
[08/10/2015 11:29:24] /a 10
[08/10/2015 11:29:24] /a 10
[08/10/2015 11:29:26] /a 10
[08/10/2015 11:29:26] /a 10
[08/10/2015 11:29:28] /a 10
[08/10/2015 11:31:07] /m ebisu
[08/10/2015 11:31:42] /a 10
[08/10/2015 11:31:42] /a 10
[08/10/2015 11:31:46] /a 10
[08/10/2015 11:31:47] /a 10
[08/10/2015 11:31:47] /a 10
[08/10/2015 11:31:48] /a 10
[08/10/2015 11:31:48] /a 10
[08/10/2015 11:31:49] /a 10
[08/10/2015 11:31:49] /a 10
[08/10/2015 11:31:50] /a 10
[08/10/2015 11:31:50] /a 10
[08/10/2015 11:31:51] /a 10
[08/10/2015 11:31:51] /a 10
[08/10/2015 11:31:51] /a 10
[08/10/2015 11:31:52] /a 10
[08/10/2015 11:31:52] /a 10
[08/10/2015 11:31:53] /a 10
[08/10/2015 11:31:53] /a 10
[08/10/2015 11:31:53] /a 10
[08/10/2015 11:31:54] /a 10
[08/10/2015 11:31:54] /a 10
[08/10/2015 11:31:55] /a 10
[08/10/2015 11:31:55] /a 10
[08/10/2015 11:31:55] /a 10
[08/10/2015 11:31:56] /a 10
[08/10/2015 11:31:58] /a 10
[08/10/2015 11:31:58] /a 10
[08/10/2015 11:32:00] /a 10
[08/10/2015 11:32:01] /a 10
[08/10/2015 11:32:02] /a 10
[08/10/2015 11:32:02] /a 10
[08/10/2015 11:32:40] /m zabuza
[08/10/2015 11:33:29] /i summon tazuna
[08/10/2015 11:33:42] /a
[08/10/2015 11:34:11] /a
[08/10/2015 11:35:16] /a
[08/10/2015 12:34:59] /a
[08/10/2015 12:35:48] /a
[08/10/2015 12:35:48] /a
[08/10/2015 12:35:50] /a
[08/10/2015 12:46:56] /a
[08/10/2015 12:54:37] /a
[08/10/2015 12:54:42] /a
[08/10/2015 12:54:44] /down
[08/10/2015 12:54:46] /a 10
[08/10/2015 12:54:47] /a 10
[08/10/2015 12:54:47] /a 10
[08/10/2015 12:54:47] /a 10
[08/10/2015 12:54:48] /a 10
[08/10/2015 12:54:48] /a 10
[08/10/2015 12:54:49] /a 10
[08/10/2015 12:54:49] /a 10
[08/10/2015 12:54:51] /a 10
[08/10/2015 12:54:52] /a 10
[08/10/2015 12:54:52] /a 10
[08/10/2015 12:54:53] /a 10
[08/10/2015 12:57:54] /a
[08/10/2015 13:50:34] /t
[08/10/2015 14:00:00] /m cyborg
[08/10/2015 14:00:31] /m cyborg
[08/10/2015 14:00:32] /m cyborg
[08/10/2015 14:05:23] /m cyborg
[08/10/2015 14:05:25] /m cyborg
[08/10/2015 14:06:56] /m cyborg
[08/10/2015 14:06:57] /m cyborg
[08/10/2015 14:06:57] /m cyborg
[08/10/2015 14:06:58] /m cyborg
[08/10/2015 14:10:13] /m cyborg
[08/10/2015 14:10:20] /m cyborg
[08/10/2015 14:10:30] /m cyborg
[08/10/2015 14:10:34] /m cyborg
[08/10/2015 14:10:38] /m cyborg
[08/10/2015 14:10:42] /m cyborg
[08/10/2015 14:10:46] /m cyborg
[08/10/2015 14:10:49] /m cyborg
[08/10/2015 14:10:53] /m cyborg
[08/10/2015 14:10:58] /m cyborg
[08/10/2015 14:11:03] /m cyborg
[08/10/2015 14:11:07] /m cyborg
[08/10/2015 14:11:31] /m samurai
[08/10/2015 14:12:42] /a 100
[08/10/2015 14:12:44] /a 100
[08/10/2015 14:12:45] /a 100
[08/10/2015 14:13:03] /c hiroaki
[08/10/2015 14:14:08] /addskill hiroaki, level
[08/10/2015 14:14:09] /addskill hiroaki, level
[08/10/2015 14:14:09] /addskill hiroaki, level
[08/10/2015 14:14:11] /addskill hiroaki, level
[08/10/2015 14:14:11] /addskill hiroaki, level
[08/10/2015 14:14:11] /addskill hiroaki, level
[08/10/2015 14:14:17] /i akatsuki ring
[08/10/2015 14:14:17] /i akatsuki ring
[08/10/2015 14:15:03] /i meat
[08/10/2015 14:17:16] /t
[08/10/2015 14:17:27] /m white ninja
[08/10/2015 14:18:59] /m white ninja
[08/10/2015 14:19:34] /m white ninja
[08/10/2015 14:19:34] /m white ninja
[08/10/2015 14:19:35] /m white ninja
[08/10/2015 15:24:24] /goto hiroaki
[08/10/2015 16:29:37] /addskill shika, level
[08/10/2015 16:29:38] /addskill shika, level
[08/10/2015 16:29:38] /addskill shika, level
[08/10/2015 16:29:38] /addskill shika, level
[08/10/2015 16:29:39] /addskill shika, level
[08/10/2015 16:29:40] /addskill shika, level
[08/10/2015 16:29:40] /addskill shika, level
[08/10/2015 16:29:40] /addskill shika, level
[08/10/2015 16:29:40] /addskill shika, level
[08/10/2015 16:29:41] /addskill shika, level
[08/10/2015 16:29:42] /addskill shika, level
[08/10/2015 16:29:42] /addskill shika, level
[08/10/2015 16:29:43] /addskill shika, level
[08/10/2015 16:29:43] /addskill shika, level
[08/10/2015 16:29:43] /addskill shika, level
[08/10/2015 16:29:44] /addskill shika, level
[08/10/2015 16:29:44] /addskill shika, level
[08/10/2015 16:29:44] /addskill shika, level
[08/10/2015 16:29:45] /addskill shika, level
[08/10/2015 16:29:45] /addskill shika, level
[08/10/2015 16:29:46] /addskill shika, level
[08/10/2015 16:29:46] /addskill shika, level
[08/10/2015 16:29:46] /addskill shika, level
[08/10/2015 16:29:47] /addskill shika, level
[08/10/2015 16:29:48] /t
[08/10/2015 16:29:51] /t
[08/10/2015 16:29:53] /addskill shika, level
[08/10/2015 16:29:53] /addskill shika, level
[08/10/2015 16:29:54] /addskill shika, level
[08/10/2015 16:29:54] /addskill shika, level
[08/10/2015 16:29:55] /addskill shika, level
[08/10/2015 16:29:55] /addskill shika, level
[08/10/2015 16:29:55] /addskill shika, level
[08/10/2015 16:29:56] /addskill shika, level
[08/10/2015 16:29:56] /addskill shika, level
[08/10/2015 16:42:55] /i pill
[08/10/2015 16:42:56] /i pill
[08/10/2015 16:45:13] /addskill shika, level
[08/10/2015 16:45:13] /addskill shika, level
[08/10/2015 16:45:14] /addskill shika, level
[08/10/2015 16:45:14] /addskill shika, level
[08/10/2015 16:45:14] /addskill shika, level
[08/10/2015 16:45:15] /addskill shika, level
[08/10/2015 16:45:15] /addskill shika, level
[08/10/2015 16:45:15] /addskill shika, level
[08/10/2015 16:45:16] /addskill shika, level
[08/10/2015 16:45:16] /addskill shika, level
[08/10/2015 16:45:16] /addskill shika, level
[08/10/2015 16:45:17] /addskill shika, level
[08/10/2015 16:45:17] /addskill shika, level
[08/10/2015 16:45:17] /addskill shika, level
[08/10/2015 16:45:17] /addskill shika, level
[08/10/2015 16:45:18] /addskill shika, level
[08/10/2015 16:45:18] /addskill shika, level
[08/10/2015 16:45:18] /addskill shika, level
[08/10/2015 16:45:19] /addskill shika, level
[08/10/2015 16:45:19] /addskill shika, level
[08/10/2015 16:45:19] /addskill shika, level
[08/10/2015 16:45:22] /addskill shika, level
[08/10/2015 16:45:22] /addskill shika, level
[08/10/2015 16:45:56] /n shikamaru(professor)
[08/10/2015 16:55:33] /addskill shika, level
[08/10/2015 16:55:33] /addskill shika, level
[08/10/2015 16:55:34] /addskill shika, level
[08/10/2015 16:55:34] /addskill shika, level
[08/10/2015 16:55:34] /addskill shika, level
[08/10/2015 16:55:34] /addskill shika, level
[08/10/2015 16:55:34] /addskill shika, level
[08/10/2015 16:55:34] /addskill shika, level
[08/10/2015 16:55:34] /addskill shika, level
[08/10/2015 16:55:34] /addskill shika, level
[08/10/2015 16:55:34] /addskill shika, level
[08/10/2015 16:55:34] /addskill shika, level
[08/10/2015 16:55:34] /addskill shika, level
[08/10/2015 16:55:34] /addskill shika, level
[08/10/2015 16:55:35] /addskill shika, level
[08/10/2015 16:55:35] /addskill shika, level
[08/10/2015 16:55:35] /addskill shika, level
[08/10/2015 16:55:35] /addskill shika, level
[08/10/2015 16:55:35] /addskill shika, level
[08/10/2015 16:55:35] /addskill shika, level
[08/10/2015 16:55:35] /addskill shika, level
[08/10/2015 16:55:35] /addskill shika, level
[08/10/2015 16:55:35] /addskill shika, level
[08/10/2015 16:55:35] /addskill shika, level
[08/10/2015 16:55:36] /addskill shika, level
[08/10/2015 16:55:37] /addskill shika, level
[08/10/2015 16:55:37] /addskill shika, level
[08/10/2015 16:55:37] /addskill shika, level
[08/10/2015 16:55:38] /addskill shika, level
[08/10/2015 16:55:38] /addskill shika, level
[08/10/2015 16:55:38] /addskill shika, level
[08/10/2015 16:55:38] /addskill shika, level
[08/10/2015 16:55:39] /addskill shika, level
[08/10/2015 16:55:39] /addskill shika, level
[08/10/2015 16:55:39] /addskill shika, level
[08/10/2015 16:55:40] /addskill shika, level
[08/10/2015 16:55:40] /addskill shika, level
[08/10/2015 16:55:41] /addskill shika, level
[08/10/2015 16:55:41] /addskill shika, level
[08/10/2015 16:55:41] /addskill shika, level
[08/10/2015 16:55:42] /addskill shika, level
[08/10/2015 16:55:42] /addskill shika, level
[08/10/2015 16:55:44] /addskill shika, level
[08/10/2015 22:39:28] /m samurai
[08/10/2015 22:39:36] /m samurai
[08/10/2015 22:39:37] /m samurai
[08/10/2015 22:52:34] /m monk
[08/10/2015 22:52:36] /m monk
[08/10/2015 23:23:27] /i 2816
[08/10/2015 23:23:32] /i 2817
[08/10/2015 23:23:37] /i 2818
[08/10/2015 23:23:42] /i 2819
[08/10/2015 23:23:48] /i 2820
[08/10/2015 23:26:18] /i 2822
[08/10/2015 23:26:29] /i 2823
[08/10/2015 23:26:48] /i 2847
[08/10/2015 23:27:00] /i 2851
[08/10/2015 23:27:26] /i 2884
[08/10/2015 23:27:29] /i 2883
[08/10/2015 23:27:32] /i 2882
[08/10/2015 23:27:36] /i 2881
[08/10/2015 23:27:40] /i 2880
[08/10/2015 23:27:46] /i 2879
[08/10/2015 23:27:49] /i 2878
[08/10/2015 23:28:02] /i dead naruto
[08/10/2015 23:28:18] /i 2810
[08/10/2015 23:28:21] /i 2810
[08/10/2015 23:28:24] /i 2810
[08/10/2015 23:28:25] /i 2810
[08/10/2015 23:29:38] /i 2810
[08/10/2015 23:29:43] /i 2810
[08/10/2015 23:29:45] /i 2810
[08/10/2015 23:29:46] /i 2810
[08/10/2015 23:29:51] /i 2810
[08/10/2015 23:29:52] /i 2810
[08/10/2015 23:30:05] /i 2810
[08/10/2015 23:30:06] /i 2810
[08/10/2015 23:30:08] /i 2810
[08/10/2015 23:30:19] /i 2809
[08/10/2015 23:30:25] /i 2810
[08/10/2015 23:30:27] /i 2811
[08/10/2015 23:30:55] /i 2812
[08/10/2015 23:30:57] /i 2812
[08/10/2015 23:30:57] /i 2812
[08/10/2015 23:31:00] /i 2812
[08/10/2015 23:31:03] /i 2812
[08/10/2015 23:31:05] /i 2812
[08/10/2015 23:31:07] /i 2812
[08/10/2015 23:31:09] /i 2812
[08/10/2015 23:31:09] /i 2812
[08/10/2015 23:31:10] /i 2812
[08/10/2015 23:31:11] /i 2812
[08/10/2015 23:31:16] /i 2812
[08/10/2015 23:31:19] /i 2812
[08/10/2015 23:32:08] /i 2814
[08/10/2015 23:32:13] /i 2815
[08/10/2015 23:32:25] /i 2884
[08/10/2015 23:33:24] /i 
[08/10/2015 23:33:38] /i 2810
[08/10/2015 23:33:48] /i 2811
[08/10/2015 23:33:50] /i 2812
[08/10/2015 23:33:51] /i 2813
[08/10/2015 23:33:53] /i 2814
[08/10/2015 23:33:55] /i 2815
[08/10/2015 23:34:06] /i dead gaara
[08/10/2015 23:40:30] /i 2810
[08/10/2015 23:40:36] /i 2811
[08/10/2015 23:41:22] /i 2812
[08/10/2015 23:43:30] /i dead snake
[08/10/2015 23:43:36] /i dead wolf
[08/10/2015 23:44:20] /i 2884
[08/10/2015 23:46:17] /i 2880
[08/10/2015 23:46:21] /i 2879
[08/10/2015 23:51:52] /i 2806
[08/10/2015 23:52:11] /i 2807
[08/10/2015 23:52:29] /i 2808
[08/10/2015 23:52:48] /i 2809
[08/10/2015 23:53:23] /i 2880
[08/10/2015 23:56:34] /i 2884
[08/10/2015 23:57:21] /i 2883
[08/10/2015 23:57:26] /i thite ninja
[08/10/2015 23:57:33] /i dead white ninja
[08/10/2015 23:57:37] /i dead white ninja
[08/10/2015 23:59:01] /i dead water shinobi
[08/10/2015 23:59:16] /i 2877
[08/10/2015 23:59:26] /i 2876
[08/10/2015 23:59:44] /i 2875
[08/10/2015 23:59:57] /i 2874
[09/10/2015 00:00:08] /i 2873
[09/10/2015 00:00:20] /i 2872
[09/10/2015 00:00:32] /i 2871
[09/10/2015 00:00:52] /i 2870
[09/10/2015 00:01:10] /i 2869
[09/10/2015 00:01:21] /i 2868
[09/10/2015 00:01:44] /i 2867
[09/10/2015 00:02:04] /i 2866
[09/10/2015 00:02:13] /i 2865
[09/10/2015 00:02:24] /i 2864
[09/10/2015 00:02:34] /i 2863
[09/10/2015 00:02:44] /i 2862
[09/10/2015 00:02:57] /i 2861
[09/10/2015 00:03:06] /i 2860
[09/10/2015 00:03:28] /i 2859
[09/10/2015 00:03:39] /i 2858
[09/10/2015 00:03:51] /i 2857
[09/10/2015 00:04:02] /i 2856
[09/10/2015 00:04:20] /i 2855
[09/10/2015 00:04:27] /i 2854
[09/10/2015 00:04:41] /i 2853
[09/10/2015 00:04:55] /i 2852
[09/10/2015 00:04:58] /i 2851
[09/10/2015 00:05:00] /i 2850
[09/10/2015 00:05:17] /i 2849
[09/10/2015 00:05:28] /i 2848
[09/10/2015 00:05:32] /i 2847
[09/10/2015 00:08:10] /i huge insect
[09/10/2015 00:08:14] /i dead huge insect
[09/10/2015 00:19:50] /i dead polar bear
[09/10/2015 00:20:01] /i dead winter bear
[09/10/2015 00:20:49] /i 2894
[09/10/2015 00:20:54] /i 2893
[09/10/2015 00:25:23] /i giant unbo
[09/10/2015 00:25:28] /i giant onbu
[09/10/2015 00:25:32] /m giant onbu
[09/10/2015 00:25:39] /i dead giant onbu
[09/10/2015 00:25:56] /m giant onbu
[09/10/2015 01:14:31] /a
[09/10/2015 01:21:22] /m cursed skeleton
[09/10/2015 01:22:40] /m cursed skeleton
[09/10/2015 02:42:26] /i speed equipment
[09/10/2015 02:58:30] /i explosive kunai
[09/10/2015 02:59:45] /i explosive kunai
[09/10/2015 16:22:49] /i red notes
[09/10/2015 16:22:55] /i red note
[09/10/2015 23:12:37] /i monk armor
[09/10/2015 23:12:41] /i monk shirt
[09/10/2015 23:12:49] /i monk shirt
[09/10/2015 23:12:53] /i monk trousers
[09/10/2015 23:13:04] /i getta shoes
[09/10/2015 23:13:08] /i geta shoes
[09/10/2015 23:13:18] /i green backpack
[09/10/2015 23:13:29] /i tobi mask
[09/10/2015 23:13:38] /i samural armor
[09/10/2015 23:13:44] /i samurai armor
[09/10/2015 23:13:51] /m wolf
[09/10/2015 23:13:52] /m wolf
[09/10/2015 23:13:52] /m wolf
[09/10/2015 23:13:53] /m wolf
[09/10/2015 23:13:56] /m bandit
[09/10/2015 23:13:56] /m bandit
[09/10/2015 23:13:57] /m bandit
[09/10/2015 23:13:59] /m bandit
[09/10/2015 23:16:59] /i 2851
[09/10/2015 23:26:51] /addskill rock balboa, level
[09/10/2015 23:26:51] /addskill rock balboa, level
[09/10/2015 23:26:52] /addskill rock balboa, level
[09/10/2015 23:26:52] /addskill rock balboa, level
[09/10/2015 23:26:53] /addskill rock balboa, level
[09/10/2015 23:26:53] /addskill rock balboa, level
[09/10/2015 23:27:01] /addskill rock balboa, level
[09/10/2015 23:27:01] /addskill rock balboa, level
[09/10/2015 23:27:01] /addskill rock balboa, level
[09/10/2015 23:27:01] /addskill rock balboa, level
[09/10/2015 23:27:02] /addskill rock balboa, level
[09/10/2015 23:27:02] /addskill rock balboa, level
[09/10/2015 23:27:02] /addskill rock balboa, level
[09/10/2015 23:27:02] /addskill rock balboa, level
[09/10/2015 23:27:02] /addskill rock balboa, level
[09/10/2015 23:27:03] /addskill rock balboa, level
[09/10/2015 23:27:03] /addskill rock balboa, level
[09/10/2015 23:27:03] /addskill rock balboa, level
[09/10/2015 23:27:04] /addskill rock balboa, level
[09/10/2015 23:27:04] /addskill rock balboa, level
[09/10/2015 23:27:04] /addskill rock balboa, level
[09/10/2015 23:27:04] /addskill rock balboa, level
[09/10/2015 23:27:04] /addskill rock balboa, level
[09/10/2015 23:27:05] /addskill rock balboa, level
[09/10/2015 23:27:05] /addskill rock balboa, level
[09/10/2015 23:27:05] /addskill rock balboa, level
[09/10/2015 23:27:05] /addskill rock balboa, level
[09/10/2015 23:27:05] /addskill rock balboa, level
[09/10/2015 23:27:06] /addskill rock balboa, level
[09/10/2015 23:27:06] /addskill rock balboa, level
[09/10/2015 23:27:06] /addskill rock balboa, level
[09/10/2015 23:27:06] /addskill rock balboa, level
[09/10/2015 23:27:07] /addskill rock balboa, level
[09/10/2015 23:27:07] /addskill rock balboa, level
[09/10/2015 23:27:07] /addskill rock balboa, level
[09/10/2015 23:27:07] /addskill rock balboa, level
[09/10/2015 23:27:07] /addskill rock balboa, level
[09/10/2015 23:27:08] /addskill rock balboa, level
[09/10/2015 23:27:08] /addskill rock balboa, level
[09/10/2015 23:27:08] /addskill rock balboa, level
[09/10/2015 23:27:09] /addskill rock balboa, level
[09/10/2015 23:27:09] /addskill rock balboa, level
[09/10/2015 23:27:09] /addskill rock balboa, level
[09/10/2015 23:27:09] /addskill rock balboa, level
[09/10/2015 23:27:09] /addskill rock balboa, level
[09/10/2015 23:27:10] /addskill rock balboa, level
[09/10/2015 23:27:11] /addskill rock balboa, level
[09/10/2015 23:27:12] /addskill rock balboa, level
[09/10/2015 23:27:12] /addskill rock balboa, level
[09/10/2015 23:27:16] /i pill
[09/10/2015 23:27:19] /i pill
[09/10/2015 23:28:33] /addskill rock balboa, fist
[09/10/2015 23:28:33] /addskill rock balboa, fist
[09/10/2015 23:28:33] /addskill rock balboa, fist
[09/10/2015 23:28:34] /addskill rock balboa, fist
[09/10/2015 23:28:34] /addskill rock balboa, fist
[09/10/2015 23:28:34] /addskill rock balboa, fist
[09/10/2015 23:28:34] /addskill rock balboa, fist
[09/10/2015 23:28:34] /addskill rock balboa, fist
[09/10/2015 23:28:34] /addskill rock balboa, fist
[09/10/2015 23:28:34] /addskill rock balboa, fist
[09/10/2015 23:28:34] /addskill rock balboa, fist
[09/10/2015 23:28:34] /addskill rock balboa, fist
[09/10/2015 23:28:34] /addskill rock balboa, fist
[09/10/2015 23:28:34] /addskill rock balboa, fist
[09/10/2015 23:28:34] /addskill rock balboa, fist
[09/10/2015 23:28:34] /addskill rock balboa, fist
[09/10/2015 23:28:34] /addskill rock balboa, fist
[09/10/2015 23:28:34] /addskill rock balboa, fist
[09/10/2015 23:28:34] /addskill rock balboa, fist
[09/10/2015 23:28:34] /addskill rock balboa, fist
[09/10/2015 23:28:35] /addskill rock balboa, fist
[09/10/2015 23:28:35] /addskill rock balboa, fist
[09/10/2015 23:28:35] /addskill rock balboa, fist
[09/10/2015 23:28:35] /addskill rock balboa, fist
[09/10/2015 23:28:39] /addskill rock balboa, fist
[09/10/2015 23:28:40] /addskill rock balboa, fist
[09/10/2015 23:28:40] /addskill rock balboa, fist
[09/10/2015 23:28:40] /addskill rock balboa, fist
[09/10/2015 23:28:40] /addskill rock balboa, fist
[09/10/2015 23:28:40] /addskill rock balboa, fist
[09/10/2015 23:28:40] /addskill rock balboa, fist
[09/10/2015 23:28:40] /addskill rock balboa, fist
[09/10/2015 23:28:40] /addskill rock balboa, fist
[09/10/2015 23:28:40] /addskill rock balboa, fist
[09/10/2015 23:28:40] /addskill rock balboa, fist
[09/10/2015 23:28:40] /addskill rock balboa, fist
[09/10/2015 23:28:40] /addskill rock balboa, fist
[09/10/2015 23:28:40] /addskill rock balboa, fist
[09/10/2015 23:28:40] /addskill rock balboa, fist
[09/10/2015 23:28:40] /addskill rock balboa, fist
[09/10/2015 23:28:41] /addskill rock balboa, fist
[09/10/2015 23:28:41] /addskill rock balboa, fist
[09/10/2015 23:28:41] /addskill rock balboa, fist
[09/10/2015 23:28:41] /addskill rock balboa, fist
[09/10/2015 23:28:41] /addskill rock balboa, fist
[09/10/2015 23:28:41] /addskill rock balboa, fist
[09/10/2015 23:28:41] /addskill rock balboa, fist
[09/10/2015 23:28:41] /addskill rock balboa, fist
[09/10/2015 23:28:41] /addskill rock balboa, fist
[09/10/2015 23:28:41] /addskill rock balboa, fist
[09/10/2015 23:28:41] /addskill rock balboa, fist
[09/10/2015 23:28:41] /addskill rock balboa, fist
[09/10/2015 23:28:41] /addskill rock balboa, fist
[09/10/2015 23:28:41] /addskill rock balboa, fist
[09/10/2015 23:28:41] /addskill rock balboa, fist
[09/10/2015 23:28:41] /addskill rock balboa, fist
[09/10/2015 23:28:41] /addskill rock balboa, fist
[09/10/2015 23:28:41] /addskill rock balboa, fist
[09/10/2015 23:29:17] /addskill rock balboa, fist
[09/10/2015 23:29:17] /addskill rock balboa, fist
[09/10/2015 23:29:17] /addskill rock balboa, fist
[09/10/2015 23:29:17] /addskill rock balboa, fist
[09/10/2015 23:29:17] /addskill rock balboa, fist
[09/10/2015 23:29:17] /addskill rock balboa, fist
[09/10/2015 23:29:17] /addskill rock balboa, fist
[09/10/2015 23:29:17] /addskill rock balboa, fist
[09/10/2015 23:29:17] /addskill rock balboa, fist
[09/10/2015 23:29:17] /addskill rock balboa, fist
[09/10/2015 23:29:17] /addskill rock balboa, fist
[09/10/2015 23:29:18] /addskill rock balboa, fist
[09/10/2015 23:29:18] /addskill rock balboa, fist
[09/10/2015 23:29:18] /addskill rock balboa, fist
[09/10/2015 23:29:18] /addskill rock balboa, fist
[09/10/2015 23:29:18] /addskill rock balboa, fist
[09/10/2015 23:29:18] /addskill rock balboa, fist
[09/10/2015 23:29:18] /addskill rock balboa, fist
[09/10/2015 23:29:18] /addskill rock balboa, fist
[09/10/2015 23:29:18] /addskill rock balboa, fist
[09/10/2015 23:29:18] /addskill rock balboa, fist
[09/10/2015 23:29:18] /addskill rock balboa, fist
[09/10/2015 23:29:18] /addskill rock balboa, fist
[09/10/2015 23:29:18] /addskill rock balboa, fist
[09/10/2015 23:29:18] /addskill rock balboa, fist
[09/10/2015 23:29:18] /addskill rock balboa, fist
[09/10/2015 23:29:18] /addskill rock balboa, fist
[09/10/2015 23:29:18] /addskill rock balboa, fist
[09/10/2015 23:29:18] /addskill rock balboa, fist
[09/10/2015 23:29:18] /addskill rock balboa, fist
[09/10/2015 23:29:18] /addskill rock balboa, fist
[09/10/2015 23:29:18] /addskill rock balboa, fist
[09/10/2015 23:29:18] /addskill rock balboa, fist
[09/10/2015 23:29:18] /addskill rock balboa, fist
[09/10/2015 23:29:18] /addskill rock balboa, fist
[09/10/2015 23:29:18] /addskill rock balboa, fist
[09/10/2015 23:29:18] /addskill rock balboa, fist
[09/10/2015 23:29:18] /addskill rock balboa, fist
[09/10/2015 23:29:18] /addskill rock balboa, fist
[09/10/2015 23:29:19] /addskill rock balboa, fist
[09/10/2015 23:29:19] /addskill rock balboa, fist
[09/10/2015 23:29:19] /addskill rock balboa, fist
[09/10/2015 23:29:19] /addskill rock balboa, fist
[09/10/2015 23:29:19] /addskill rock balboa, fist
[09/10/2015 23:29:19] /addskill rock balboa, fist
[09/10/2015 23:29:19] /addskill rock balboa, fist
[09/10/2015 23:29:19] /addskill rock balboa, fist
[09/10/2015 23:29:19] /addskill rock balboa, fist
[09/10/2015 23:29:19] /addskill rock balboa, fist
[09/10/2015 23:29:19] /addskill rock balboa, fist
[09/10/2015 23:29:19] /addskill rock balboa, fist
[09/10/2015 23:29:19] /addskill rock balboa, fist
[09/10/2015 23:29:19] /addskill rock balboa, fist
[09/10/2015 23:29:19] /addskill rock balboa, fist
[09/10/2015 23:29:19] /addskill rock balboa, fist
[09/10/2015 23:29:19] /addskill rock balboa, fist
[09/10/2015 23:29:19] /addskill rock balboa, fist
[09/10/2015 23:29:19] /addskill rock balboa, fist
[09/10/2015 23:29:19] /addskill rock balboa, fist
[09/10/2015 23:29:19] /addskill rock balboa, fist
[09/10/2015 23:29:19] /addskill rock balboa, fist
[09/10/2015 23:29:19] /addskill rock balboa, fist
[09/10/2015 23:29:19] /addskill rock balboa, fist
[09/10/2015 23:29:19] /addskill rock balboa, fist
[09/10/2015 23:29:19] /addskill rock balboa, fist
[09/10/2015 23:29:19] /addskill rock balboa, fist
[09/10/2015 23:29:19] /addskill rock balboa, fist
[09/10/2015 23:29:20] /addskill rock balboa, fist
[09/10/2015 23:29:20] /addskill rock balboa, fist
[09/10/2015 23:29:20] /addskill rock balboa, fist
[09/10/2015 23:29:20] /addskill rock balboa, fist
[09/10/2015 23:29:20] /addskill rock balboa, fist
[09/10/2015 23:29:20] /addskill rock balboa, fist
[09/10/2015 23:29:20] /addskill rock balboa, fist
[09/10/2015 23:29:20] /addskill rock balboa, fist
[10/10/2015 12:31:49] /i 967
[10/10/2015 12:32:56] /a
[10/10/2015 12:33:01] /i katana
[23/05/2016 23:28:02] /goto skeleton
[23/05/2016 23:28:11] /goto assassin
[23/05/2016 23:28:16] /goto wolf
[23/05/2016 23:28:35] /a 50
[23/05/2016 23:28:53] /i 1385
[08/07/2016 21:20:38] /t
[08/07/2016 21:20:42] /c namek
[08/07/2016 21:47:44] /a 50
[08/07/2016 21:47:46] /a 50
[08/07/2016 21:48:13] /i pill
[08/07/2016 21:48:14] /i pill
[08/07/2016 21:48:20] /i pill
[08/07/2016 21:48:22] /i pill
[08/07/2016 21:48:29] /i speed equipment
[08/07/2016 22:57:38] /goto namek
[08/07/2016 22:57:45] /i red gloves
[08/07/2016 22:58:32] /i /i gamakichi pet
[08/07/2016 22:58:41] /i gamakichi pet
[08/07/2016 22:58:47] /i geta shoes
[08/07/2016 22:59:19] /ghost
[08/07/2016 23:00:03] /i akatsuki ring
[08/07/2016 23:00:04] /i akatsuki ring
[08/07/2016 23:00:08] /i akatsuki ring
[08/07/2016 23:00:08] /i akatsuki ring
[08/07/2016 23:18:48] /t
[08/07/2016 23:20:49] /m sasuke uchiha
[08/07/2016 23:21:51] /r
[08/07/2016 23:21:57] /i spike gloves
[08/07/2016 23:22:01] /i spiked gloves
[08/07/2016 23:33:16] /goto mr crowley
[08/07/2016 23:33:19] /i pill
[08/07/2016 23:33:20] /i pill
[09/07/2016 01:33:09] /i speed equipment
[09/07/2016 01:33:15] /i speed equipment
[10/07/2016 16:38:10] /t
[10/07/2016 16:38:23] /i speed equipment
[10/07/2016 22:08:56] /i sword
[10/07/2016 22:09:02] /i kunai
[11/07/2016 00:50:25] /m mizuki
[11/07/2016 18:25:44] /i pill
[11/07/2016 18:25:48] /i pill
[11/07/2016 18:25:49] /i pill
[11/07/2016 18:25:49] /i pill
[11/07/2016 18:25:54] /i pill
[11/07/2016 18:25:55] /i pill
[11/07/2016 18:25:58] /i pill
[11/07/2016 18:25:59] /i pill
[11/07/2016 18:26:06] /i backpack
[11/07/2016 18:26:07] /i backpack
[11/07/2016 18:26:13] /i konoha backpack
[11/07/2016 18:26:21] /i green backpack
[11/07/2016 18:26:23] /i green backpack
[12/07/2016 00:21:56] /i nature legs
[12/07/2016 00:22:00] /i nature trousers
[12/07/2016 00:30:59] /i yondaime jacket
[12/07/2016 00:38:07] /i raiga trousers
[12/07/2016 00:53:56] /i anbu +nin
[12/07/2016 00:54:02] /i anbu +tai
[12/07/2016 01:02:23] /i 2488
[12/07/2016 01:03:51] /i          <attribute key="skillSword" value="1" />
[12/07/2016 01:04:00] /i 2477
[12/07/2016 01:45:03] /i nature trousers
[12/07/2016 01:45:13] /i orochimaru shirt
[12/07/2016 01:45:31] /i tsunade shirt
[12/07/2016 01:45:41] /i jiraya shirt
[12/07/2016 01:45:50] /i anbu mask nuu
[12/07/2016 01:46:02] /i yondaime jacket
[12/07/2016 01:46:26] /i sasuke shirt
[12/07/2016 01:46:30] /i sasuke classic shirt
[12/07/2016 01:46:41] /i ramen
[12/07/2016 02:02:08] /i small amethyst
[12/07/2016 02:02:31] /i black pearl
[12/07/2016 02:05:23] /a 10
[12/07/2016 02:05:23] /a 10
[12/07/2016 02:05:24] /a 10
[12/07/2016 02:05:32] /t
[12/07/2016 02:05:35] /a 30
[12/07/2016 02:17:50] /i white pearl
[12/07/2016 02:42:30] /i red note
[12/07/2016 02:42:32] /i red note
[12/07/2016 03:14:07] /i 2260
[12/07/2016 03:24:32] /i katsuyo pet
[12/07/2016 03:25:48] /i pet box
[12/07/2016 03:25:49] /i pet box
[12/07/2016 03:25:51] /i pet box
[12/07/2016 03:25:51] /i pet box
[12/07/2016 03:25:52] /i pet box
[12/07/2016 03:57:06] /goto anko
[12/07/2016 03:57:08] /a 10
[12/07/2016 03:57:10] /a 10
[12/07/2016 03:57:11] /a 10
[12/07/2016 03:57:11] /a 10
[12/07/2016 03:57:12] /a 10
[12/07/2016 03:57:12] /a 10
[12/07/2016 03:57:13] /a 10
[12/07/2016 03:57:14] /a 10
[12/07/2016 03:57:26] /n sakura[saga 1]
[12/07/2016 09:25:01] /t
[12/07/2016 09:25:04] /a 35
[12/07/2016 09:25:19] /i gamakichi pet
[12/07/2016 09:27:23] /t
[12/07/2016 09:27:26] /a 39
[12/07/2016 09:27:33] /i pet box
[12/07/2016 09:27:34] /i pet box
[12/07/2016 09:27:35] /i pet box
[12/07/2016 09:27:36] /i pet box
[12/07/2016 09:27:38] /i pet box
[12/07/2016 09:27:38] /i pet box
[12/07/2016 09:27:39] /i pet box
[12/07/2016 09:27:40] /i pet box
[12/07/2016 09:28:23] /i nature trousers
[12/07/2016 09:28:31] /i sasuke classic shirt
[12/07/2016 09:28:35] /i tobi mask
[12/07/2016 11:06:46] /i tobi mask
[12/07/2016 11:06:51] /i sasuke classic shirt
[12/07/2016 11:06:57] /i nature trousers
[12/07/2016 12:00:26] /i speed equipment
[12/07/2016 23:52:01] /i samurai armor
[12/07/2016 23:52:51] /r
[13/07/2016 02:13:17] /i pet box
[13/07/2016 02:13:18] /i pet box
[13/07/2016 02:13:18] /i pet box
[13/07/2016 02:13:19] /i pet box
[13/07/2016 22:53:25] /i tobi mask
[13/07/2016 22:53:30] /i sasuke trousers
[13/07/2016 22:53:34] /i sasuke shirt
[13/07/2016 22:53:41] /i sasuke classic shirt
[13/07/2016 22:53:51] /i naruto trousers
[13/07/2016 22:53:57] /i nature trousers
[13/07/2016 22:54:06] /i pet box
[13/07/2016 22:54:07] /i pet box
[13/07/2016 22:54:07] /i pet box
[13/07/2016 22:54:07] /i pet box
[13/07/2016 22:54:08] /i pet box
[14/07/2016 22:34:59] /i raiga trousers
[14/07/2016 22:40:24] /m monk
[14/07/2016 22:40:24] /m monk
[14/07/2016 22:40:25] /m monk
[14/07/2016 22:40:25] /m monk
[14/07/2016 22:40:25] /m monk
[14/07/2016 22:40:26] /m monk
[14/07/2016 22:40:26] /m monk
[14/07/2016 22:50:35] /a 10
[14/07/2016 22:50:38] /a
[14/07/2016 22:50:41] /a
[14/07/2016 22:51:31] /a 100
[14/07/2016 22:51:33] /a 100
[14/07/2016 23:02:45] /goto cyborg
[14/07/2016 23:03:59] /goto cyborg
[14/07/2016 23:04:02] /down
[14/07/2016 23:04:03] /down
[14/07/2016 23:04:05] /a
[15/07/2016 00:49:26] /t
[15/07/2016 00:49:29] /m mizuki
[15/07/2016 00:56:59] /m mizuki
[15/07/2016 01:04:42] /m mizuki
[15/07/2016 01:10:09] /r
[15/07/2016 01:10:14] /i spike gloves
[15/07/2016 01:10:23] /i spiked gloves
[15/07/2016 01:10:37] /i red gloves
[15/07/2016 01:10:42] /i assassin armor
[15/07/2016 01:10:50] /i black trousers
[15/07/2016 13:51:57] /i jiraya shirt
[15/07/2016 18:39:01] /i pet box
[15/07/2016 18:39:01] /i pet box
[15/07/2016 18:39:01] /i pet box
[15/07/2016 18:39:02] /i pet box
[15/07/2016 18:39:02] /i pet box
[15/07/2016 18:39:03] /i pet box
[15/07/2016 18:56:16] /i life ring
[17/07/2016 01:45:03] /goto cyborg
[17/07/2016 01:45:07] /down
[17/07/2016 01:45:08] /down
[17/07/2016 01:45:11] /a 10
[17/07/2016 02:16:30] /t goto assassin
[17/07/2016 02:16:37] /goto assassin
[17/07/2016 02:16:42] /goto fat ninja
[17/07/2016 02:16:52] /i assassin armor
[17/07/2016 02:17:00] /i black trousers
[17/07/2016 02:17:08] /i assassin mask
[17/07/2016 02:17:33] /i genin pill
[17/07/2016 02:17:34] /i genin pill
[17/07/2016 02:17:34] /i genin pill
[17/07/2016 02:17:35] /i genin pill
[17/07/2016 02:17:35] /i genin pill
[17/07/2016 02:17:35] /i genin pill
[17/07/2016 02:17:36] /i genin pill
[17/07/2016 02:17:38] /i backpack
[17/07/2016 02:17:44] /i green backpack
[17/07/2016 02:17:48] /i genin pill
[17/07/2016 02:17:49] /i genin pill
[17/07/2016 02:17:49] /i genin pill
[17/07/2016 02:17:49] /i genin pill
[17/07/2016 02:17:54] /i metal gloves
[17/07/2016 02:44:26] /i nature trousers
[17/07/2016 02:44:31] /i tobi mask
[17/07/2016 02:44:59] /i hyper gloves
[17/07/2016 02:46:12] /down
[17/07/2016 02:46:15] /a 30
[17/07/2016 02:46:21] /i time ring
[17/07/2016 02:46:22] /i time ring
[17/07/2016 02:46:23] /i time ring
[17/07/2016 02:46:25] /i time ring
[17/07/2016 21:59:35] /t
[17/07/2016 21:59:41] /i pet box
[17/07/2016 21:59:41] /i pet box
[17/07/2016 21:59:41] /i pet box
[17/07/2016 21:59:42] /i pet box
[17/07/2016 21:59:42] /i pet box
[17/07/2016 23:03:30] /i ramen
[17/07/2016 23:03:45] /i jiraya shirt
[19/07/2016 04:10:17] /a 100
[19/07/2016 04:10:21] /a 10
[19/07/2016 04:10:22] /a 10
[19/07/2016 04:10:22] /a 10
[19/07/2016 04:10:22] /a 10
[19/07/2016 04:10:24] /a 100
[19/07/2016 04:10:25] /a 100
[19/07/2016 04:10:29] /a 100
[19/07/2016 04:10:33] /a 10
[19/07/2016 04:10:34] /a 10
[19/07/2016 04:10:34] /a 10
[19/07/2016 04:10:35] /a 10
[19/07/2016 04:29:10] /a 100
[19/07/2016 04:29:11] /a 100
[19/07/2016 04:29:15] /a 100
[19/07/2016 04:29:21] /a 100
[19/07/2016 04:30:18] /c dance eletro pop
[19/07/2016 04:33:55] /a
[19/07/2016 04:34:00] /m spider
[19/07/2016 04:34:01] /m spider
[19/07/2016 04:34:02] /m spider
[19/07/2016 04:34:02] /m spider
[19/07/2016 04:34:06] /m spider
[19/07/2016 04:34:07] /m spider
[19/07/2016 04:34:07] /m spider
[19/07/2016 04:41:21] /a
[19/07/2016 04:46:12] /a
[19/07/2016 04:47:15] /goto cyborg
[19/07/2016 04:47:53] /goto danceeletro pop
[19/07/2016 04:47:56] /goto dance eletro pop
[19/07/2016 04:52:25] /i jounin pill
[19/07/2016 04:52:25] /i jounin pill
[19/07/2016 04:52:26] /i jounin pill
[19/07/2016 04:52:26] /i jounin pill
[19/07/2016 04:52:27] /i jounin pill
[19/07/2016 04:52:27] /i jounin pill
[19/07/2016 04:52:28] /i jounin pill
[19/07/2016 04:52:28] /i jounin pill
[19/07/2016 04:52:39] /i hyper gloves
[20/07/2016 00:33:57] /a
[20/07/2016 00:33:59] /a
[20/07/2016 00:44:38] /ghost
[20/07/2016 00:55:49] /t
[20/07/2016 15:02:31] /a 100
[20/07/2016 15:02:33] /a 100
[20/07/2016 15:02:36] /a 50
[20/07/2016 15:02:41] /a
[23/07/2016 04:09:24] /goto cyborg
[23/07/2016 04:11:23] /t
[24/07/2016 00:15:47] /i pet box
[24/07/2016 00:15:48] /i pet box
[24/07/2016 00:15:48] /i pet box
[24/07/2016 00:15:49] /i pet box
[24/07/2016 00:15:49] /i pet box
[24/07/2016 04:43:33] /r
[24/07/2016 04:43:35] /r
[24/07/2016 06:50:25] /m monk
[24/07/2016 06:50:27] /m monk
[24/07/2016 06:50:27] /m monk
[24/07/2016 07:14:30] /m sasuke
[24/07/2016 07:14:34] /r
[24/07/2016 07:14:37] /m sasuke uchiha
[24/07/2016 17:11:46] /i pet box
[24/07/2016 17:11:48] /i pet box
[24/07/2016 17:11:49] /i pet box
[24/07/2016 17:11:49] /i pet box
[24/07/2016 17:11:50] /i pet box
[24/07/2016 17:11:50] /i pet box
[24/07/2016 17:11:51] /i pet box
[24/07/2016 17:27:09] /i bag
[24/07/2016 23:05:47] /i sasuke classic shirt
[24/07/2016 23:05:55] /i tobi mask
[24/07/2016 23:06:01] /i geta shoes
[24/07/2016 23:06:07] /i commander sword
[24/07/2016 23:12:32] /i nature trousers
[24/07/2016 23:12:35] /i tobi mask
[24/07/2016 23:12:39] /i sasuke classic shirt
[24/07/2016 23:12:44] /i commander sword
[24/07/2016 23:31:58] /i nature trousers
[24/07/2016 23:32:01] /i commander sword
[24/07/2016 23:32:04] /i tobi mask
[24/07/2016 23:32:12] /i sasuke classic shirt
[25/07/2016 12:13:07] /goto gamakichi
[25/07/2016 12:13:09] /r
[26/07/2016 01:20:33] /i katsuyo pet
[26/07/2016 11:10:54] /goto dance eletro pop
[26/07/2016 11:11:12] /addskill dance eletro pop, fist
[26/07/2016 11:11:26] /addskill dance eletro pop, fist
[26/07/2016 11:11:26] /addskill dance eletro pop, fist
[26/07/2016 11:11:26] /addskill dance eletro pop, fist
[26/07/2016 11:11:27] /addskill dance eletro pop, fist
[26/07/2016 11:11:27] /addskill dance eletro pop, fist
[26/07/2016 11:11:27] /addskill dance eletro pop, fist
[26/07/2016 11:11:27] /addskill dance eletro pop, fist
[26/07/2016 11:11:27] /addskill dance eletro pop, fist
[26/07/2016 11:11:27] /addskill dance eletro pop, fist
[26/07/2016 11:11:27] /addskill dance eletro pop, fist
[26/07/2016 11:11:27] /addskill dance eletro pop, fist
[26/07/2016 11:11:27] /addskill dance eletro pop, fist
[26/07/2016 11:11:27] /addskill dance eletro pop, fist
[26/07/2016 11:11:27] /addskill dance eletro pop, fist
[26/07/2016 11:11:27] /addskill dance eletro pop, fist
[26/07/2016 11:11:27] /addskill dance eletro pop, fist
[26/07/2016 11:11:27] /addskill dance eletro pop, fist
[26/07/2016 11:11:28] /addskill dance eletro pop, fist
[26/07/2016 11:11:28] /addskill dance eletro pop, fist
[26/07/2016 11:11:28] /addskill dance eletro pop, fist
[26/07/2016 11:11:28] /addskill dance eletro pop, fist
[26/07/2016 11:11:28] /addskill dance eletro pop, fist
[26/07/2016 11:11:28] /addskill dance eletro pop, fist
[26/07/2016 11:11:28] /addskill dance eletro pop, fist
[26/07/2016 11:11:28] /addskill dance eletro pop, fist
[26/07/2016 11:11:28] /addskill dance eletro pop, fist
[26/07/2016 11:11:28] /addskill dance eletro pop, fist
[26/07/2016 11:11:28] /addskill dance eletro pop, fist
[26/07/2016 11:11:28] /addskill dance eletro pop, fist
[26/07/2016 11:11:28] /addskill dance eletro pop, fist
[26/07/2016 11:11:28] /addskill dance eletro pop, fist
[26/07/2016 11:11:28] /addskill dance eletro pop, fist
[26/07/2016 11:11:28] /addskill dance eletro pop, fist
[26/07/2016 11:11:28] /addskill dance eletro pop, fist
[26/07/2016 11:11:28] /addskill dance eletro pop, fist
[26/07/2016 11:11:28] /addskill dance eletro pop, fist
[26/07/2016 11:11:29] /addskill dance eletro pop, fist
[26/07/2016 11:11:29] /addskill dance eletro pop, fist
[26/07/2016 11:11:29] /addskill dance eletro pop, fist
[26/07/2016 11:11:29] /addskill dance eletro pop, fist
[26/07/2016 11:11:29] /addskill dance eletro pop, fist
[26/07/2016 11:11:29] /addskill dance eletro pop, fist
[26/07/2016 11:11:29] /addskill dance eletro pop, fist
[26/07/2016 11:11:29] /addskill dance eletro pop, fist
[26/07/2016 11:11:29] /addskill dance eletro pop, fist
[26/07/2016 11:11:29] /addskill dance eletro pop, fist
[26/07/2016 11:11:29] /addskill dance eletro pop, fist
[26/07/2016 11:11:29] /addskill dance eletro pop, fist
[26/07/2016 11:11:42] /addskill dance eletro pop, club
[26/07/2016 11:11:42] /addskill dance eletro pop, club
[26/07/2016 11:11:43] /addskill dance eletro pop, club
[26/07/2016 11:11:43] /addskill dance eletro pop, club
[26/07/2016 11:11:43] /addskill dance eletro pop, club
[26/07/2016 11:11:43] /addskill dance eletro pop, club
[26/07/2016 11:11:54] /addskill dance eletro pop, club
[26/07/2016 11:11:54] /addskill dance eletro pop, club
[26/07/2016 11:11:54] /addskill dance eletro pop, club
[26/07/2016 11:11:55] /addskill dance eletro pop, club
[26/07/2016 11:11:55] /addskill dance eletro pop, club
[26/07/2016 11:11:56] /addskill dance eletro pop, club
[26/07/2016 11:11:57] /addskill dance eletro pop, club
[26/07/2016 11:11:57] /addskill dance eletro pop, club
[26/07/2016 11:11:57] /addskill dance eletro pop, club
[26/07/2016 11:11:57] /addskill dance eletro pop, club
[26/07/2016 11:12:00] /addskill dance eletro pop, fist
[26/07/2016 11:12:02] /addskill dance eletro pop, club
[26/07/2016 11:12:02] /addskill dance eletro pop, club
[26/07/2016 11:12:06] /addskill dance eletro pop, club
[26/07/2016 11:12:06] /addskill dance eletro pop, club
[26/07/2016 11:12:06] /addskill dance eletro pop, club
[26/07/2016 11:12:07] /addskill dance eletro pop, club
[26/07/2016 11:12:07] /addskill dance eletro pop, club
[26/07/2016 11:12:07] /addskill dance eletro pop, club
[26/07/2016 11:12:07] /addskill dance eletro pop, club
[26/07/2016 11:12:07] /addskill dance eletro pop, club
[26/07/2016 11:12:08] /addskill dance eletro pop, club
[26/07/2016 11:12:08] /addskill dance eletro pop, club
[26/07/2016 11:12:08] /addskill dance eletro pop, club
[26/07/2016 11:12:08] /addskill dance eletro pop, club
[26/07/2016 23:52:27] /t
[26/07/2016 23:52:31] /m mizuki
[26/07/2016 23:56:38] /m mizuki
[27/07/2016 00:07:45] /m mizuki
[27/07/2016 00:10:34] /m mizuki
[27/07/2016 00:22:56] /m mizuki
[27/07/2016 00:26:06] /r
[27/07/2016 00:26:09] /m mizuki
[27/07/2016 00:27:15] /r
[27/07/2016 00:27:19] /m mizuki
[27/07/2016 00:27:53] /r
[27/07/2016 00:59:12] /n mizuki1
[27/07/2016 01:18:53] /m mizuki
[27/07/2016 01:23:14] /r
[27/07/2016 01:23:21] /m mizuki
[27/07/2016 01:29:35] /r
[27/07/2016 01:29:40] /m mizuki
[27/07/2016 01:30:40] /r
[27/07/2016 01:30:42] /m mizuki
[27/07/2016 01:32:04] /r
[27/07/2016 01:32:05] /m mizuki
[27/07/2016 01:34:44] /r
[27/07/2016 01:34:53] /m mizuki
[27/07/2016 01:36:06] /r
[27/07/2016 01:36:15] /m mizuki
[27/07/2016 01:47:42] /m mizuki
[27/07/2016 01:57:40] /m mizuki
[27/07/2016 02:01:47] /r
[27/07/2016 02:03:12] /m mizuki
[27/07/2016 02:07:10] /m mizuki
[27/07/2016 02:09:34] /m mizuki
[27/07/2016 02:12:23] /m mizuki
[27/07/2016 02:16:03] /r
[27/07/2016 02:16:05] /m mizuki
[27/07/2016 02:19:12] /r
[27/07/2016 02:19:19] /m mizuki
[27/07/2016 02:20:05] /r
[27/07/2016 02:22:07] /m mizuki
[27/07/2016 02:23:14] /r
[27/07/2016 02:23:20] /m mizuki
[27/07/2016 02:24:27] /r
[27/07/2016 02:24:40] /m mizuki
[27/07/2016 02:24:45] /r
[27/07/2016 02:24:51] /m mizuki
[27/07/2016 02:27:15] /r
[27/07/2016 02:27:30] /m neji
[27/07/2016 02:29:37] /m neji
[27/07/2016 02:30:34] /r
[27/07/2016 02:30:38] /m neji
[27/07/2016 02:30:43] /r
[27/07/2016 02:31:28] /m neji
[27/07/2016 11:48:47] /m neji
[27/07/2016 11:52:50] /r
[27/07/2016 11:54:35] /m neji
[27/07/2016 12:18:33] /m neji
[27/07/2016 12:20:00] /r
[27/07/2016 12:20:13] /m neji
[27/07/2016 12:22:13] /m neji
[27/07/2016 12:24:37] /m neji
[27/07/2016 12:29:58] /m neji
[27/07/2016 12:40:54] /m mizuki
[27/07/2016 12:41:05] /r
[27/07/2016 12:41:07] /m neji
[27/07/2016 12:58:33] /m neji
[27/07/2016 13:00:04] /r
[27/07/2016 13:00:05] /m neji
[27/07/2016 13:08:12] /m neji
[27/07/2016 13:09:31] /m neji
[27/07/2016 13:12:54] /m neji
[27/07/2016 13:17:00] /m neji
[27/07/2016 13:25:48] /m neji
[27/07/2016 13:31:53] /m neji
[27/07/2016 13:42:31] /m neji
[28/07/2016 13:43:07] /m neji
[28/07/2016 13:56:48] /r
[28/07/2016 13:58:24] /m neji
[28/07/2016 13:59:46] /r
[28/07/2016 13:59:51] /m neji
[28/07/2016 14:05:32] /m neji
[28/07/2016 14:10:47] /r
[28/07/2016 14:10:58] /m neji
[28/07/2016 14:12:20] /r
[28/07/2016 14:12:52] /m neji
[28/07/2016 14:26:57] /r
[28/07/2016 14:27:47] /m neji
[28/07/2016 14:29:28] /r
[28/07/2016 14:29:39] /m neji
[28/07/2016 14:31:14] /r
[28/07/2016 14:31:16] /m neji
[29/07/2016 05:59:16] /i akatsuki armor
[29/07/2016 05:59:29] /i akatsuki shirt
[29/07/2016 05:59:34] /i akatsuki shirt
[29/07/2016 05:59:36] /i akatsuki shirt
[29/07/2016 06:01:36] /i akatsuki jacket
[29/07/2016 06:09:07] /i uchiha trousers
[29/07/2016 06:09:16] /i uchiha trousers
[29/07/2016 06:09:26] /i uchiha shoes
[29/07/2016 06:09:43] /i akatsuki shoes
[29/07/2016 06:10:04] /i akatsuki trousers
[29/07/2016 06:19:51] /i white piece of cloth
[29/07/2016 06:20:02] /i red piece of cloth
[29/07/2016 06:20:30] /i green piece of cloth
[29/07/2016 06:20:48] /i blue piece of cloth
[29/07/2016 06:20:58] /i yellow piece of cloth
[29/07/2016 06:22:08] /i backpack
[29/07/2016 06:22:14] /i green backpack
[29/07/2016 06:26:04] /i brown piece of cloth
[29/07/2016 08:13:07] /i green backpack
[29/07/2016 08:14:45] /goto lumus(crafter)
[29/07/2016 08:45:56] /i black tissue
[29/07/2016 08:45:57] /i black tissue
[29/07/2016 08:45:58] /i black tissue
[29/07/2016 08:45:59] /i black tissue
[29/07/2016 08:45:59] /i black tissue
[29/07/2016 08:51:37] /i 5911
[29/07/2016 08:51:52] /i 5912
[29/07/2016 08:52:21] /i red tissue
[29/07/2016 08:52:26] /i white tissue
[29/07/2016 09:19:35] /i red tissue
[29/07/2016 09:19:44] /i white tissue
[29/07/2016 10:49:05] /t
[29/07/2016 10:54:02] /t
[29/07/2016 10:54:09] /m neji
[29/07/2016 10:58:12] /r
[29/07/2016 10:58:15] /m neji
[29/07/2016 11:02:28] /m neji
[29/07/2016 11:02:58] /r
[29/07/2016 11:03:37] /m neji
[29/07/2016 11:04:52] /r
[29/07/2016 11:04:59] /m neji
[29/07/2016 11:05:27] /r
[29/07/2016 11:06:06] /m neji
[29/07/2016 11:09:02] /c neji
[29/07/2016 11:09:07] /r
[29/07/2016 11:09:08] /c neji
[29/07/2016 11:11:12] /r
[29/07/2016 11:11:24] /m neji
[29/07/2016 11:12:17] /r
[29/07/2016 11:12:25] /m neji
[29/07/2016 11:15:13] /r
[29/07/2016 11:15:23] /m neji
[29/07/2016 11:17:47] /r
[29/07/2016 11:18:06] /m neji
[29/07/2016 12:20:08] /r
[29/07/2016 12:20:17] /m neji
[29/07/2016 12:35:58] /m neji
[29/07/2016 12:44:45] /m neji
[29/07/2016 13:04:48] /r
[29/07/2016 13:04:51] /m neji
[29/07/2016 13:06:56] /r
[29/07/2016 13:06:58] /m neji
[29/07/2016 13:07:57] /r
[29/07/2016 13:08:00] /m neji
[29/07/2016 13:09:22] /r
[29/07/2016 13:09:23] /m neji
[29/07/2016 13:38:25] /goto uchiha anbu renegade
[29/07/2016 13:38:28] /down
[29/07/2016 13:38:37] /i uchiha jacket
[29/07/2016 13:38:59] /i akatsuki boots
[29/07/2016 13:39:01] /i akatsuki shoes
[29/07/2016 16:12:36] /t
[29/07/2016 16:21:58] /t
[29/07/2016 16:22:02] /i neji
[29/07/2016 16:22:04] /m neji
[29/07/2016 16:24:13] /r
[29/07/2016 16:28:06] /m neji
[29/07/2016 16:35:45] /r
[29/07/2016 16:37:58] /addskill club, dance eletro pop
[29/07/2016 16:37:59] /addskill club, dance eletro pop
[29/07/2016 16:37:59] /addskill club, dance eletro pop
[29/07/2016 16:37:59] /addskill club, dance eletro pop
[29/07/2016 16:38:00] /addskill club, dance eletro pop
[29/07/2016 16:38:28] /addskill dance eletro pop, club
[29/07/2016 16:38:29] /addskill dance eletro pop, club
[29/07/2016 16:38:29] /addskill dance eletro pop, club
[29/07/2016 16:38:29] /addskill dance eletro pop, club
[29/07/2016 16:38:36] /addskill dance eletro pop, club
[29/07/2016 16:38:36] /addskill dance eletro pop, club
[29/07/2016 16:38:37] /addskill dance eletro pop, club
[29/07/2016 16:38:37] /addskill dance eletro pop, club
[29/07/2016 16:38:37] /addskill dance eletro pop, club
[29/07/2016 16:38:37] /addskill dance eletro pop, club
[29/07/2016 16:38:37] /addskill dance eletro pop, club
[29/07/2016 16:38:38] /addskill dance eletro pop, club
[29/07/2016 16:38:38] /addskill dance eletro pop, club
[29/07/2016 16:38:38] /addskill dance eletro pop, club
[29/07/2016 16:38:38] /addskill dance eletro pop, club
[29/07/2016 16:38:38] /addskill dance eletro pop, club
[29/07/2016 16:38:38] /addskill dance eletro pop, club
[29/07/2016 16:38:38] /addskill dance eletro pop, club
[29/07/2016 16:38:38] /addskill dance eletro pop, club
[29/07/2016 16:38:38] /addskill dance eletro pop, club
[29/07/2016 16:38:38] /addskill dance eletro pop, club
[29/07/2016 16:38:38] /addskill dance eletro pop, club
[29/07/2016 16:38:39] /addskill dance eletro pop, club
[29/07/2016 16:38:39] /addskill dance eletro pop, club
[29/07/2016 16:38:39] /addskill dance eletro pop, club
[29/07/2016 16:38:39] /addskill dance eletro pop, club
[29/07/2016 16:38:43] /addskill dance eletro pop, club
[29/07/2016 16:38:44] /addskill dance eletro pop, club
[29/07/2016 16:38:44] /addskill dance eletro pop, club
[29/07/2016 16:38:44] /addskill dance eletro pop, club
[29/07/2016 16:38:44] /addskill dance eletro pop, club
[29/07/2016 16:38:44] /addskill dance eletro pop, club
[29/07/2016 16:38:44] /addskill dance eletro pop, club
[29/07/2016 16:38:44] /addskill dance eletro pop, club
[29/07/2016 16:38:44] /addskill dance eletro pop, club
[29/07/2016 16:38:44] /addskill dance eletro pop, club
[29/07/2016 16:38:44] /addskill dance eletro pop, club
[29/07/2016 16:38:44] /addskill dance eletro pop, club
[29/07/2016 16:38:45] /addskill dance eletro pop, club
[29/07/2016 16:38:45] /addskill dance eletro pop, club
[29/07/2016 16:38:45] /addskill dance eletro pop, club
[29/07/2016 16:38:45] /addskill dance eletro pop, club
[29/07/2016 16:38:45] /addskill dance eletro pop, club
[29/07/2016 16:38:45] /addskill dance eletro pop, club
[29/07/2016 16:38:45] /addskill dance eletro pop, club
[29/07/2016 16:38:45] /addskill dance eletro pop, club
[29/07/2016 16:38:45] /addskill dance eletro pop, club
[29/07/2016 16:38:45] /addskill dance eletro pop, club
[29/07/2016 16:38:45] /addskill dance eletro pop, club
[29/07/2016 16:38:45] /addskill dance eletro pop, club
[29/07/2016 16:38:45] /addskill dance eletro pop, club
[29/07/2016 16:38:45] /addskill dance eletro pop, club
[29/07/2016 16:38:45] /addskill dance eletro pop, club
[29/07/2016 16:38:45] /addskill dance eletro pop, club
[29/07/2016 16:38:45] /addskill dance eletro pop, club
[29/07/2016 16:38:45] /addskill dance eletro pop, club
[29/07/2016 16:38:45] /addskill dance eletro pop, club
[29/07/2016 16:38:46] /addskill dance eletro pop, club
[29/07/2016 16:38:49] /addskill dance eletro pop, club
[29/07/2016 16:38:49] /addskill dance eletro pop, club
[29/07/2016 16:38:50] /addskill dance eletro pop, club
[29/07/2016 16:38:50] /addskill dance eletro pop, club
[29/07/2016 16:38:50] /addskill dance eletro pop, club
[29/07/2016 16:38:50] /addskill dance eletro pop, club
[29/07/2016 16:38:50] /addskill dance eletro pop, club
[29/07/2016 16:38:50] /addskill dance eletro pop, club
[29/07/2016 16:38:51] /addskill dance eletro pop, club
[29/07/2016 16:38:51] /addskill dance eletro pop, club
[29/07/2016 16:38:58] /addskill dance eletro pop, club
[29/07/2016 16:38:59] /addskill dance eletro pop, club
[29/07/2016 16:38:59] /addskill dance eletro pop, club
[29/07/2016 16:38:59] /addskill dance eletro pop, club
[29/07/2016 16:38:59] /addskill dance eletro pop, club
[29/07/2016 17:06:09] /m neji
[29/07/2016 17:07:16] /r
[29/07/2016 17:08:21] /m neji
[29/07/2016 17:09:05] /r
[29/07/2016 17:09:25] /m neji
[29/07/2016 17:11:35] /r
[29/07/2016 17:11:44] /m neji
[29/07/2016 17:12:26] /r
[29/07/2016 17:12:40] /m neji
[29/07/2016 17:13:34] /r
[29/07/2016 17:13:37] /m neji
[29/07/2016 17:14:28] /r
[29/07/2016 17:14:38] /m neji
[29/07/2016 20:10:05] /a 100
[29/07/2016 20:10:08] /a 100
[29/07/2016 20:10:12] /a 40
[29/07/2016 20:10:13] /a 40
[29/07/2016 20:10:15] /a 20
[29/07/2016 20:10:25] /n ryuu the monk
[30/07/2016 15:43:19] /n ryuu the monk
[31/07/2016 01:35:27] /goto ryuu the monk
[31/07/2016 02:01:51] /m ashar
[31/07/2016 02:03:47] /m ashar
[31/07/2016 02:05:49] /m ashar
[31/07/2016 13:07:41] /t
[31/07/2016 13:07:48] /m neji
[31/07/2016 15:23:35] /m neji
[01/08/2016 09:22:58] /m neji
[02/08/2016 08:33:19] /m neji
[02/08/2016 08:37:52] /m neji
[02/08/2016 12:39:32] /m neji
[02/08/2016 12:57:56] /m neji
[02/08/2016 13:34:31] /i tobi mask
[02/08/2016 13:34:36] /i hyper gloves
[02/08/2016 13:35:00] /i uchiha jacket
[02/08/2016 13:35:11] /i akatsuki trousers
[02/08/2016 13:35:22] /i geta shoes
[02/08/2016 13:35:42] /i pet box
[02/08/2016 13:35:46] /i pet box
[02/08/2016 13:35:47] /i pet box
[02/08/2016 13:35:49] /i pet box
[02/08/2016 13:42:38] /addskill rock master, fist
[02/08/2016 13:42:44] /addskill rock master, fist
[02/08/2016 13:42:49] /addskill rock master, fist
[02/08/2016 13:42:49] /addskill rock master, fist
[02/08/2016 13:42:49] /addskill rock master, fist
[02/08/2016 13:42:49] /addskill rock master, fist
[02/08/2016 13:42:49] /addskill rock master, fist
[02/08/2016 13:42:50] /addskill rock master, fist
[02/08/2016 13:42:50] /addskill rock master, fist
[02/08/2016 13:42:50] /addskill rock master, fist
[02/08/2016 13:42:50] /addskill rock master, fist
[02/08/2016 13:42:50] /addskill rock master, fist
[02/08/2016 13:42:50] /addskill rock master, fist
[02/08/2016 13:42:50] /addskill rock master, fist
[02/08/2016 13:42:50] /addskill rock master, fist
[02/08/2016 13:42:50] /addskill rock master, fist
[02/08/2016 13:42:50] /addskill rock master, fist
[02/08/2016 13:42:50] /addskill rock master, fist
[02/08/2016 13:42:50] /addskill rock master, fist
[02/08/2016 13:42:50] /addskill rock master, fist
[02/08/2016 13:42:50] /addskill rock master, fist
[02/08/2016 13:42:50] /addskill rock master, fist
[02/08/2016 13:42:50] /addskill rock master, fist
[02/08/2016 13:42:50] /addskill rock master, fist
[02/08/2016 13:42:50] /addskill rock master, fist
[02/08/2016 13:42:50] /addskill rock master, fist
[02/08/2016 13:42:50] /addskill rock master, fist
[02/08/2016 13:42:51] /addskill rock master, fist
[02/08/2016 13:42:51] /addskill rock master, fist
[02/08/2016 13:42:51] /addskill rock master, fist
[02/08/2016 13:42:51] /addskill rock master, fist
[02/08/2016 13:42:51] /addskill rock master, fist
[02/08/2016 13:42:51] /addskill rock master, fist
[02/08/2016 13:42:51] /addskill rock master, fist
[02/08/2016 13:42:51] /addskill rock master, fist
[02/08/2016 13:42:51] /addskill rock master, fist
[02/08/2016 13:42:51] /addskill rock master, fist
[02/08/2016 13:42:51] /addskill rock master, fist
[02/08/2016 13:42:51] /addskill rock master, fist
[02/08/2016 13:42:51] /addskill rock master, fist
[02/08/2016 13:42:51] /addskill rock master, fist
[02/08/2016 13:42:51] /addskill rock master, fist
[02/08/2016 13:42:51] /addskill rock master, fist
[02/08/2016 13:42:51] /addskill rock master, fist
[02/08/2016 13:42:51] /addskill rock master, fist
[02/08/2016 13:42:51] /addskill rock master, fist
[02/08/2016 13:42:51] /addskill rock master, fist
[02/08/2016 13:42:51] /addskill rock master, fist
[02/08/2016 13:42:51] /addskill rock master, fist
[02/08/2016 13:42:52] /addskill rock master, fist
[02/08/2016 13:42:52] /addskill rock master, fist
[02/08/2016 13:42:52] /addskill rock master, fist
[02/08/2016 13:42:52] /addskill rock master, fist
[02/08/2016 13:42:52] /addskill rock master, fist
[02/08/2016 13:42:52] /addskill rock master, fist
[02/08/2016 13:42:52] /addskill rock master, fist
[02/08/2016 13:42:52] /addskill rock master, fist
[02/08/2016 13:42:52] /addskill rock master, fist
[02/08/2016 13:42:52] /addskill rock master, fist
[02/08/2016 13:42:52] /addskill rock master, fist
[02/08/2016 13:42:52] /addskill rock master, fist
[02/08/2016 13:42:52] /addskill rock master, fist
[02/08/2016 13:42:52] /addskill rock master, fist
[02/08/2016 13:42:52] /addskill rock master, fist
[02/08/2016 13:43:59] /addskill rock master, fist
[02/08/2016 13:43:59] /addskill rock master, fist
[02/08/2016 13:43:59] /addskill rock master, fist
[02/08/2016 13:43:59] /addskill rock master, fist
[02/08/2016 13:44:00] /addskill rock master, fist
[02/08/2016 13:44:00] /addskill rock master, fist
[02/08/2016 13:44:00] /addskill rock master, fist
[02/08/2016 13:44:00] /addskill rock master, fist
[02/08/2016 13:44:00] /addskill rock master, fist
[02/08/2016 13:44:01] /addskill rock master, fist
[02/08/2016 13:44:01] /addskill rock master, fist
[02/08/2016 13:44:01] /addskill rock master, fist
[02/08/2016 13:44:01] /addskill rock master, fist
[02/08/2016 13:44:01] /addskill rock master, fist
[02/08/2016 13:44:02] /addskill rock master, fist
[02/08/2016 13:44:02] /addskill rock master, fist
[02/08/2016 13:44:02] /addskill rock master, fist
[02/08/2016 13:44:02] /addskill rock master, fist
[02/08/2016 13:44:03] /addskill rock master, fist
[02/08/2016 13:44:03] /addskill rock master, fist
[02/08/2016 13:44:03] /addskill rock master, fist
[02/08/2016 13:44:03] /addskill rock master, fist
[02/08/2016 13:44:03] /addskill rock master, fist
[02/08/2016 13:44:04] /addskill rock master, fist
[02/08/2016 13:44:04] /addskill rock master, fist
[02/08/2016 13:44:04] /addskill rock master, fist
[02/08/2016 13:44:04] /addskill rock master, fist
[02/08/2016 13:44:04] /addskill rock master, fist
[02/08/2016 13:44:05] /addskill rock master, fist
[02/08/2016 13:44:05] /addskill rock master, fist
[02/08/2016 13:44:05] /addskill rock master, fist
[02/08/2016 13:44:05] /addskill rock master, fist
[02/08/2016 13:44:06] /addskill rock master, fist
[02/08/2016 13:44:06] /addskill rock master, fist
[02/08/2016 13:44:06] /addskill rock master, fist
[02/08/2016 13:44:06] /addskill rock master, fist
[02/08/2016 13:44:07] /addskill rock master, fist
[02/08/2016 13:44:07] /addskill rock master, fist
[02/08/2016 13:44:07] /addskill rock master, fist
[03/08/2016 12:12:50] /m neji
[03/08/2016 12:15:54] /m neji
[03/08/2016 12:17:56] /r
[03/08/2016 12:18:00] /m neji
[05/10/2016 20:20:47] /m neji
[06/10/2016 00:46:03] /m neji
[23/11/2016 15:49:47] /t
[23/11/2016 15:49:54] /i commander sword
[23/11/2016 15:50:03] /i uchiha shirt
[23/11/2016 15:50:06] /i uchiha jacket
[23/11/2016 15:50:16] /i uchiha trousers
[23/11/2016 15:50:24] /i uchiha legs
[23/11/2016 15:50:55] /i nature trousers
[23/11/2016 15:51:01] /i geta shoe
[23/11/2016 15:51:07] /i geta shoes
[23/11/2016 15:51:12] /i tobi mask
[23/11/2016 15:51:19] /i gama kichie
[23/11/2016 15:51:24] /i gama kichie pet
[23/11/2016 15:51:58] /i gama akatsuki trousers
[23/11/2016 15:52:05] /i gama akatsuki shoes
[23/11/2016 15:52:16] /i akatsuki shoes
[23/11/2016 15:52:22] /i akatsuki trousers
[23/11/2016 15:52:37] /i gama kichier pet
[23/11/2016 15:52:39] /i gama kichie pet
[23/11/2016 15:52:56] /i gamakichi pet
[23/11/2016 15:53:43] /i tobi mask
[23/11/2016 15:53:52] /i uchiha shirt
[23/11/2016 15:53:55] /i uchiha jacket
[23/11/2016 15:54:11] /i pet box
[23/11/2016 15:54:15] /i pet box
[23/11/2016 15:54:16] /i pet box
[23/11/2016 15:54:18] /i pet box
[23/11/2016 15:54:36] /i akatsuki trousers
[23/11/2016 15:54:43] /i akatsuki shoes
[23/11/2016 15:54:52] /i commander sword
[23/11/2016 15:56:47] /i golden amulet
[23/11/2016 15:57:06] /i crystal amulet
[23/11/2016 15:57:16] /i necklace
[23/11/2016 15:58:57] /i crystal necklace
[23/11/2016 15:59:15] /i bronze amulet
[23/11/2016 15:59:28] /i bronze necklace
[23/11/2016 15:59:44] /i Ancient Amulet
[23/11/2016 15:59:56] /i Dragon Necklace
[23/11/2016 16:00:07] /i gamakichi pet
[23/11/2016 16:37:34] /i gamakichi pet
[23/11/2016 16:38:00] /n sai(professor)
[23/11/2016 22:01:18] /c Yeast
[23/11/2016 22:53:24] /i akatsuki trousers
[23/11/2016 22:53:27] /i akatsuki shoes
[23/11/2016 22:53:33] /i uchiha jacket
[23/11/2016 22:53:47] /i tobi mask
[23/11/2016 22:53:55] /i gamakichi pet
[24/11/2016 07:03:07] /i cyborg
[24/11/2016 07:03:13] /m cyborg
[24/11/2016 07:12:35] /m cyborg
[24/11/2016 07:12:37] /m cyborg
[24/11/2016 07:12:38] /m cyborg
[24/11/2016 13:22:35] /a 50
[24/11/2016 13:22:36] /a 50
[24/11/2016 13:22:38] /a 50
[24/11/2016 13:22:39] /a 50
[24/11/2016 13:22:39] /a 50
[24/11/2016 13:22:39] /a 50
[24/11/2016 13:22:40] /a 50
[24/11/2016 13:22:40] /a 50
[24/11/2016 13:22:41] /a 50
[24/11/2016 13:22:42] /a 50
[24/11/2016 13:22:43] /a 50
[24/11/2016 13:22:45] /a
[24/11/2016 22:45:04] /a 10
[24/11/2016 22:45:05] /a 10
[24/11/2016 22:45:16] /a
[25/11/2016 21:51:03] /a 50
[25/11/2016 21:51:08] /down
[25/11/2016 21:51:08] /down
[25/11/2016 21:51:12] /a 10
[25/11/2016 21:51:15] /a 
[25/11/2016 21:51:16] /a 
[25/11/2016 21:51:16] /a 
[25/11/2016 21:51:17] /a 
[25/11/2016 21:56:19] /i 2579
[25/11/2016 22:07:58] /t
[25/11/2016 22:08:05] /i 1512
[25/11/2016 22:08:09] /i 1512
[25/11/2016 22:09:15] /i trap
[25/11/2016 22:09:24] /i 1500
[25/11/2016 22:09:29] /i 1510
[25/11/2016 22:09:33] /i 1515
[25/11/2016 22:09:45] /a 100
[25/11/2016 22:09:46] /a 100
[25/11/2016 22:09:47] /a 100
[25/11/2016 22:09:48] /a 100
[25/11/2016 22:09:50] /down
[25/11/2016 22:09:50] /down
[25/11/2016 22:09:55] /a 20
[25/11/2016 22:09:58] /a 20
[25/11/2016 22:10:07] /t
[26/11/2016 01:59:47] /m monk
[26/11/2016 01:59:48] /m monk
[26/11/2016 01:59:48] /m monk
[10/12/2016 01:51:42] /a 100
[10/12/2016 01:51:43] /a 100
[10/12/2016 01:51:46] /a 10
[10/12/2016 01:58:04] /n tazuna
[10/12/2016 01:58:12] /r
[10/12/2016 01:58:17] /n tazuna(saga 1)
[10/12/2016 01:58:25] /t
[10/12/2016 01:58:50] /goto zabuza
[10/12/2016 01:58:52] /a
[10/12/2016 01:59:15] /m hokage[saga 1]
[10/12/2016 01:59:28] /n hokage[saga 1]
[10/12/2016 01:59:38] /n tazuna[saga 1]
[11/12/2016 15:30:54] /goto shinshin
[11/12/2016 15:46:14] /c shinshin
[14/12/2016 16:34:48] /down
[14/12/2016 16:34:49] /down
[14/12/2016 16:34:50] /down
[14/12/2016 16:34:52] /up
[15/12/2016 20:40:44] /goto burned
[15/12/2016 20:40:55] /n sai(professor)
[15/12/2016 20:41:31] /goto sai(professor)
[15/12/2016 20:41:32] /goto sai(professor)
[15/12/2016 20:41:33] /goto sai(professor)
[15/12/2016 20:48:04] /i akatsuki jacket
[15/12/2016 20:48:15] /i uchiha jacket
[15/12/2016 20:48:24] /i akatsuki trousers
[15/12/2016 20:48:31] /i akatsuki shoes
[15/12/2016 20:48:35] /i tobi mask
[15/12/2016 20:48:42] /i commander sword
[15/12/2016 20:48:57] /i gamakichie pet
[15/12/2016 20:49:04] /i gamakichie pet
[15/12/2016 20:49:09] /i gama kichie pet
[15/12/2016 20:49:30] /i gamakichi pet
[15/12/2016 20:49:31] /i gamakichi pet
[19/09/2017 22:07:15] /m sasuke uchiha
[19/09/2017 22:50:45] /r
[08/10/2017 10:00:03] /addskill level, The Legend
[08/10/2017 10:00:56] /addskill level, The Legend
[08/10/2017 10:01:10] /addskill The Legend, level
[08/10/2017 10:01:13] /addskill The Legend, level
[08/10/2017 10:04:42] /goto The Legend
[08/10/2017 10:04:49] /m train machine
[08/10/2017 10:04:52] /m train
[08/10/2017 10:05:06] /t
[08/10/2017 10:05:27] /goto the legend
[08/10/2017 10:05:30] /m Trainer
[02/08/2018 22:10:43] /t
[19/06/2023 14:02:07] /m katsuyo
[19/06/2023 14:02:10] /m katsuyo
[19/06/2023 14:02:20] /m Katsuyo
[19/06/2023 14:03:27] /i gamakichi pet
[19/06/2023 14:03:37] /i katsuyo pet
[19/06/2023 14:03:58] /m gamakichi
[19/06/2023 14:04:09] /m katsuyo
[19/06/2023 14:07:44] /m katsuyo
[19/06/2023 14:08:17] /goto Gamakichi
[19/06/2023 14:08:18] /goto Gamakichi
[19/06/2023 14:08:23] /goto Gamakichi
[26/06/2023 12:12:00] /m commander
[26/06/2023 12:12:56] /r
[26/06/2023 12:13:39] /m commander
[26/06/2023 12:16:35] /m commander
[26/06/2023 12:18:18] /m commander
[26/06/2023 12:18:47] /r 
[26/06/2023 12:18:49] /m commander
[26/06/2023 12:21:04] /i hyper gloves
[26/06/2023 12:21:31] /m commander
[27/06/2023 14:27:10] /i gamakichi pet
[27/06/2023 14:28:30] /i sword
[27/06/2023 14:28:38] /i katana
[28/06/2023 14:27:01] /i samurai armor
[28/06/2023 14:27:24] /i insect trousers
[28/06/2023 14:28:23] /i nature trousers
[06/07/2023 09:39:14] /level Uchiha, 80
[06/07/2023 09:40:36] /m trainer
[06/07/2023 09:42:24] /level Uchiha, 120
[06/07/2023 10:34:54] /i katsuyo pet
[06/07/2023 10:43:15] /level Uchiha, 150
[06/07/2023 11:07:01] /m samurai
[06/07/2023 11:08:06] /m samurai
[06/07/2023 11:08:07] /m samurai
[06/07/2023 11:19:12] /level Uchiha, 250
[06/07/2023 11:23:01] /level Uchiha, 300
[07/07/2023 12:15:33] /m kyuubi
[07/07/2023 12:16:13] /m sasuke uchiha
[03/01/2024 19:54:14] /i red gloves
[03/01/2024 20:45:34] /i meat
[03/01/2024 20:45:45] /i gamakichi pet
[03/01/2024 20:46:22] /i gamakichi pet
[03/01/2024 21:11:40] /i meat
[04/01/2024 20:57:21] /i hyper gloves
[05/01/2024 18:12:13] /i 2459
[05/01/2024 18:12:25] /i 2470
[05/01/2024 18:12:37] /i 2445
[05/01/2024 18:12:54] /i konoha shirt
[05/01/2024 18:14:48] /i konoha shoe
[05/01/2024 18:14:50] /i konoha shoe
[05/01/2024 18:14:56] /i konoha shoes
[05/01/2024 18:15:05] /i genin shoes
[05/01/2024 18:15:09] /i gennin shoes
[05/01/2024 18:21:36] /i sandals
[11/01/2024 11:50:58] /i pill
[11/01/2024 11:51:09] /i life ring
[11/01/2024 11:51:24] /i genin pill
[11/01/2024 15:10:59] /t
[11/01/2024 15:39:50] /i genin pills
[11/01/2024 15:39:57] /i genin pill
[11/01/2024 15:40:01] /i genin pills
[11/01/2024 15:40:04] /i genin pills
[11/01/2024 15:40:05] /i genin pill
[11/01/2024 15:40:08] /i genin pill
[13/01/2024 21:14:42] /a 100
[13/01/2024 21:14:44] /a 100
[13/01/2024 21:14:49] /a 40
[13/01/2024 21:14:52] /a
[13/01/2024 21:14:55] /a
[13/01/2024 21:14:55] /a
[13/01/2024 21:14:56] /a
[13/01/2024 21:15:03] /i pill
[13/01/2024 21:15:11] /i genin pill
[13/01/2024 21:15:15] /i genin pill
[13/01/2024 21:15:18] /i genin pill
[13/01/2024 21:15:21] /i pill
[13/01/2024 21:15:23] /i genin pill
[13/01/2024 21:15:31] /i life ring
[14/01/2024 18:16:49] /t
[14/01/2024 18:17:05] /i genin pill
[14/01/2024 18:17:09] /i genin pill
[14/01/2024 18:17:13] /i life ring
[14/01/2024 18:19:10] /i genin pill
[14/01/2024 19:53:05] /t
[14/01/2024 19:53:11] /i speed equipement
[14/01/2024 19:53:23] /i speed equipment
[15/01/2024 15:13:45] /m kankuro
[15/01/2024 15:24:31] /m kankuro
[15/01/2024 15:51:01] /r
[15/01/2024 15:51:06] /r 
[15/01/2024 15:51:11] /m kankuro
[16/01/2024 17:39:37] /i skeleton trousers
[16/01/2024 17:40:25] /i insect trousers
[16/01/2024 17:40:36] /i nature trousers
[17/01/2024 11:18:06] /a 100
[17/01/2024 11:18:07] /a 100
[17/01/2024 11:18:42] /t
[17/01/2024 11:29:02] /i assassin armo
[17/01/2024 11:29:04] /i assassin armor
[17/01/2024 11:29:17] /i shinobazu shirt
[17/01/2024 11:41:23] /i 1991
[17/01/2024 11:41:42] /i 1988
[17/01/2024 11:41:56] /i 1998
[17/01/2024 11:44:02] /i 1987
[17/01/2024 13:18:11] /i katsuyo pet
[23/01/2024 19:18:14] /i katsuyo pet
[23/01/2024 19:37:42] /i katsyuo pet
[23/01/2024 19:37:48] /i katsuyo pet
[23/01/2024 20:27:07] /a 10
[24/01/2024 11:17:40] /t 
[24/01/2024 11:17:48] /i sword
[24/01/2024 11:17:57] /i katana
[24/01/2024 11:18:28] /i katana
[24/01/2024 11:19:20] /i konoha shirt
[24/01/2024 11:19:37] /i sandals
[24/01/2024 11:46:15] /i clock
[24/01/2024 12:17:29] /i xp
[24/01/2024 12:17:33] /m xp
[24/01/2024 12:26:56] /i pill
[24/01/2024 12:27:11] /i gamakichi pet
[24/01/2024 12:27:20] /i genin pill
[24/01/2024 12:27:24] /i genin pill
[27/12/2025 15:14:53] /m mizuki
[27/12/2025 15:21:56] /m mizuki
[27/12/2025 15:39:22] /m mizuki
[27/12/2025 15:47:41] /m mizuki
[27/12/2025 15:54:27] /m mizuki
[27/12/2025 16:09:05] /m mizuki
[27/12/2025 16:18:01] /m mizuki
[27/12/2025 16:25:00] /m mizuki
[27/12/2025 16:31:19] /m mizuki
[27/12/2025 16:44:31] /m mizuki
[27/12/2025 16:51:14] /m mizuki
[27/12/2025 16:54:43] /m mizuki
[27/12/2025 16:59:51] /m mizuki
[27/12/2025 17:04:44] /m mizuki
[27/12/2025 17:09:46] /m mizuki
[27/12/2025 17:13:49] /m mizuki
[27/12/2025 17:17:36] /m mizuki
[27/12/2025 17:22:50] /m mizuki
[27/12/2025 17:28:22] /m mizuki
[27/12/2025 17:30:10] /m mizuki
[27/12/2025 17:31:24] /m mizuki
[27/12/2025 17:33:03] /m mizu
[27/12/2025 17:33:06] /m mizuki
[27/12/2025 17:40:36] /m mizuki
[27/12/2025 17:45:33] /m mizuki
[27/12/2025 17:48:25] /m mizuki
[27/12/2025 23:09:19] /m xp
[27/12/2025 23:09:22] /m xp
[27/12/2025 23:09:22] /m xp
[27/12/2025 23:09:23] /m xp
[27/12/2025 23:10:53] /m xp
[27/12/2025 23:10:53] /m xp
[27/12/2025 23:10:54] /m xp
[27/12/2025 23:10:55] /m xp
[27/12/2025 23:12:44] /m xp
[27/12/2025 23:12:45] /m xp
[27/12/2025 23:12:46] /m xp
[27/12/2025 23:12:47] /m xp
[27/12/2025 23:12:48] /m xp
[27/12/2025 23:12:48] /m xp
[27/12/2025 23:12:48] /m xp
[27/12/2025 23:12:49] /m xp
[27/12/2025 23:12:49] /m xp
[27/12/2025 23:12:49] /m xp
[27/12/2025 23:12:49] /m xp
[27/12/2025 23:12:50] /m xp
[27/12/2025 23:12:50] /m xp
[27/12/2025 23:12:50] /m xp
[27/12/2025 23:12:50] /m xp
[27/12/2025 23:12:51] /m xp
[27/12/2025 23:12:51] /m xp
[27/12/2025 23:12:51] /m xp
[27/12/2025 23:12:52] /m xp
[27/12/2025 23:12:52] /m xp
[27/12/2025 23:12:52] /m xp
[27/12/2025 23:12:52] /m xp
[27/12/2025 23:12:52] /m xp
[27/12/2025 23:12:53] /m xp
[27/12/2025 23:12:53] /m xp
[27/12/2025 23:17:26] /a 100
[27/12/2025 23:17:33] /a 100
[27/12/2025 23:17:42] /a
[27/12/2025 23:18:20] /a
[27/12/2025 23:18:49] /a
[27/12/2025 23:20:02] /a
[27/12/2025 23:20:08] /a
[27/12/2025 23:21:24] /a
[27/12/2025 23:21:36] /a 100
[27/12/2025 23:21:39] /a 100
[27/12/2025 23:21:39] /a 100
[27/12/2025 23:22:40] /a 100
[27/12/2025 23:22:58] /a
[27/12/2025 23:23:33] /a
[27/12/2025 23:23:36] /a
[27/12/2025 23:24:01] /a
[27/12/2025 23:24:12] /a
[27/12/2025 23:25:08] /a
[27/12/2025 23:25:42] /goto dosu
[27/12/2025 23:25:55] /a
[27/12/2025 23:26:11] /a
[27/12/2025 23:27:25] /t
[28/12/2025 00:35:54] /m mizuki
[28/12/2025 00:37:11] /r
[28/12/2025 00:37:16] /m ebisu
[28/12/2025 17:09:50] /m xp
[28/12/2025 17:09:50] /m xp
[28/12/2025 17:09:50] /m xp
[28/12/2025 17:09:51] /m xp
[28/12/2025 17:09:51] /m xp
[28/12/2025 17:09:51] /m xp
[28/12/2025 17:09:51] /m xp
[28/12/2025 17:09:52] /m xp
[28/12/2025 17:09:52] /m xp
[28/12/2025 17:09:52] /m xp/m xp/m xp
[28/12/2025 17:09:53] /m xp
[28/12/2025 17:09:53] /m xp
[28/12/2025 17:09:53] /m xp
[28/12/2025 17:09:53] /m xp
[28/12/2025 17:09:54] /m xp
[28/12/2025 17:10:10] /i nature trousers
[28/12/2025 17:10:21] /i samurai armor
[28/12/2025 17:10:38] /i katanas
[28/12/2025 17:11:18] /i pills
[28/12/2025 17:11:23] /i pill
[28/12/2025 17:11:30] /i genin pills
[28/12/2025 17:12:10] /i katsuyo pet
[28/12/2025 17:12:31] /i ultra sword
[28/12/2025 17:12:55] /m xp
[28/12/2025 17:12:56] /m xp
[28/12/2025 17:12:56] /m xp
[28/12/2025 17:12:57] /m xp
[28/12/2025 17:12:57] /m xp
[28/12/2025 17:12:58] /m xp
[28/12/2025 17:12:59] /m xp
[28/12/2025 17:13:00] /m xp
[28/12/2025 17:13:00] /m xp
[28/12/2025 17:13:05] /a
[28/12/2025 17:14:16] /i genin pill
[28/12/2025 17:14:17] /i genin pill
[28/12/2025 17:14:18] /i genin pill
[28/12/2025 17:14:18] /i genin pill
[28/12/2025 17:14:19] /i genin pill
[28/12/2025 17:14:19] /i genin pill
[28/12/2025 17:14:36] /i red notes
[28/12/2025 17:14:38] /i red note
[28/12/2025 17:14:47] /i backpack
[29/12/2025 12:15:38] /m i hyper gloves
[29/12/2025 12:15:49] /i hyper gloves
[29/12/2025 12:15:59] /i samurai armor
[29/12/2025 12:17:26] /i nature trousers
[29/12/2025 12:17:44] /i katsuyo pet
[29/12/2025 12:17:57] /m xp
[29/12/2025 12:17:59] /m xp
[29/12/2025 12:18:00] /m xp
[29/12/2025 12:18:00] /m xp/m xp
[29/12/2025 12:18:01] /m xp
[29/12/2025 12:18:01] /m xp
[29/12/2025 12:18:01] /m xp
[29/12/2025 12:18:03] /m xp
[29/12/2025 12:18:03] /m xp
[29/12/2025 12:18:03] /m xp
[29/12/2025 12:18:03] /m xp
[29/12/2025 12:18:04] /m xp
[29/12/2025 12:18:04] /m xp
[30/12/2025 14:43:19] /m wolf
[30/12/2025 14:47:23] /m wolf
[30/12/2025 14:51:22] /i meat
[30/12/2025 14:51:42] /m wolf
[30/12/2025 14:54:38] /m wolf
[30/12/2025 14:55:53] /m wolf
[30/12/2025 14:55:54] /m wolf
[30/12/2025 14:55:56] /m wolf
[30/12/2025 15:02:17] /m wolf
[30/12/2025 15:02:18] /m wolf
[30/12/2025 15:04:27] /m wolf
[30/12/2025 15:04:39] /m wolf
[30/12/2025 15:04:40] /m wolf
[30/12/2025 15:24:33] /m wolf
[30/12/2025 15:24:34] /m wolf
[30/12/2025 15:24:34] /m wolf
[30/12/2025 15:24:35] /m wolf
[30/12/2025 15:24:36] /m wolf
[30/12/2025 15:24:36] /m wolf
[30/12/2025 15:24:37] /m wolf
[30/12/2025 15:24:38] /m wolf
[30/12/2025 15:25:16] /i genin pill
[30/12/2025 15:25:24] /i katsuyo pety
[30/12/2025 15:25:26] /i katsuyo pet
[30/12/2025 15:32:26] /m wolf
[30/12/2025 15:34:45] /m wolf
[30/12/2025 15:34:46] /m wolf
[30/12/2025 15:36:22] /m wolf
[30/12/2025 15:36:23] /m wolf
[30/12/2025 15:42:29] /m wolf
[30/12/2025 15:42:30] /m wolf
[30/12/2025 15:42:31] /m wolf
[30/12/2025 15:44:34] /m wolf
[30/12/2025 15:44:34] /m wolf
[30/12/2025 15:44:35] /m wolf
[30/12/2025 15:47:26] /m wolf
[30/12/2025 15:47:29] /m wolf
[30/12/2025 15:47:30] /m wolf
[30/12/2025 16:04:06] /m wolf
[30/12/2025 16:04:07] /m wolf
[30/12/2025 16:04:08] /m wolf
[30/12/2025 16:08:52] /i meat
[30/12/2025 16:23:17] /m wolf
[30/12/2025 16:23:17] /m wolf
[30/12/2025 16:23:49] /m bandit
[30/12/2025 16:23:50] /m bandit
[30/12/2025 16:26:05] /m bandit
[30/12/2025 16:26:05] /m bandit
[30/12/2025 16:27:51] /m bandit
[30/12/2025 16:27:52] /m bandit
[30/12/2025 16:29:53] /m bandit
[30/12/2025 16:29:54] /m bandit
[30/12/2025 16:36:05] /m bandit
[30/12/2025 16:36:06] /m bandit
[30/12/2025 16:38:27] /m bandit
[30/12/2025 16:38:28] /m bandit
[30/12/2025 16:41:22] /i bandit gloves
[30/12/2025 16:41:38] /i straw gloves
[30/12/2025 16:41:48] /m bandit
[30/12/2025 16:41:48] /m bandit
[30/12/2025 23:14:51] /a
[30/12/2025 23:15:01] /i meat
[31/12/2025 15:01:42] /t
[31/12/2025 15:01:47] /a
[31/12/2025 15:01:49] /a
[31/12/2025 15:01:59] /i black gloves
[31/12/2025 14:55:28] /m mizuki
[31/12/2025 15:16:00] /r
[02/01/2026 13:06:03] /a 100
[02/01/2026 13:06:10] /a 50
[02/01/2026 13:06:43] /m hokege[saga 1]
[02/01/2026 13:06:53] /m hokage[saga 1]
[02/01/2026 13:07:00] /n hokage[saga 1]
[02/01/2026 13:11:13] /m hokage[saga 1]
[02/01/2026 13:11:18] /n hokage[saga 1]
[02/01/2026 13:15:00] /i pill
[02/01/2026 13:15:01] /i pill
[02/01/2026 13:15:09] /i genin pill
[02/01/2026 13:15:11] /i genin pill
[02/01/2026 13:15:11] /i genin pill
[02/01/2026 13:15:20] /i genin pill
[02/01/2026 13:33:56] /n hokage[saga 1]
[02/01/2026 17:13:31] /a
[02/01/2026 17:13:33] /a 50
[02/01/2026 17:13:37] /a 50
[02/01/2026 17:14:13] /n Hokage[saga 1]
[02/01/2026 17:18:00] /n Hokage[saga 1]
[02/01/2026 19:13:37] /i haku shirt
[02/01/2026 19:34:24] /a 30
[02/01/2026 19:34:28] /a 30
[02/01/2026 19:34:33] /i meat
[02/01/2026 19:49:03] /m rain shinobu
[02/01/2026 19:49:05] /m rain shinobi
[02/01/2026 19:49:25] /r
[02/01/2026 20:02:33] /m haku
[02/01/2026 20:02:40] /r
[02/01/2026 20:03:09] /m haku
[02/01/2026 20:03:54] /r
[02/01/2026 20:03:55] /m haku
[02/01/2026 20:04:57] /r
[02/01/2026 20:05:00] /m haku
[02/01/2026 20:05:14] /r
[02/01/2026 20:06:53] /m haku
[02/01/2026 20:07:41] /r
[02/01/2026 20:07:42] /m haku
[02/01/2026 20:08:29] /r
[02/01/2026 20:08:31] /m haku
[02/01/2026 20:08:47] /r
[02/01/2026 20:08:52] /m haku
[02/01/2026 20:09:51] /r
[02/01/2026 20:09:53] /m haku
[02/01/2026 20:10:21] /r
[02/01/2026 20:10:46] /m haku
[02/01/2026 20:11:13] /r
[02/01/2026 20:12:07] /m haku
[02/01/2026 20:12:22] /r
[02/01/2026 20:13:02] /r
[02/01/2026 20:13:04] /r
[02/01/2026 20:13:05] /r
[02/01/2026 20:13:08] /r
[02/01/2026 20:13:10] /r
[02/01/2026 20:13:12] /r
[02/01/2026 20:13:18] /r
[02/01/2026 20:13:20] /r
[02/01/2026 20:13:21] /r
[02/01/2026 20:13:22] /r
[02/01/2026 20:13:24] /r
[02/01/2026 20:13:27] /r
[02/01/2026 20:13:27] /r
[02/01/2026 20:13:29] /r
[02/01/2026 20:13:30] /r
[02/01/2026 20:13:32] /r
[02/01/2026 20:13:33] /r
[03/01/2026 10:19:50] /t
[03/01/2026 11:15:42] /a 100
[03/01/2026 11:15:47] /a 100
[03/01/2026 11:16:08] /a 10
[03/01/2026 11:16:09] /a 10
[03/01/2026 11:16:09] /a 10
[03/01/2026 11:16:10] /a 10
[03/01/2026 11:18:31] /a
[03/01/2026 11:18:34] /a 10
[03/01/2026 11:18:36] /a 20
[03/01/2026 11:18:36] /a 20
[03/01/2026 11:18:37] /a 20
[03/01/2026 11:18:37] /a 20
[03/01/2026 11:24:12] /t
[03/01/2026 11:24:19] /a 50
[03/01/2026 11:24:21] /a
[03/01/2026 11:24:23] /a
[03/01/2026 13:03:34] /t
[03/01/2026 13:07:06] /i katsuyo pet
[03/01/2026 13:07:21] /i katsuyo pet
[03/01/2026 13:07:50] /t
[03/01/2026 13:08:02] /i katsuyo pet
[03/01/2026 13:08:18] /a 10
[03/01/2026 13:08:22] /i katsuyo pet
[03/01/2026 23:46:49] /t
[03/01/2026 23:47:03] /i 2459
[03/01/2026 23:47:13] /i 2483
[03/01/2026 23:47:25] /i 2470
[03/01/2026 23:47:32] /i 2445
[03/01/2026 23:47:37] /i 3982
[04/01/2026 14:55:58] /i genin pill
[05/01/2026 11:20:12] /a 100
[05/01/2026 11:20:16] /a 10
[05/01/2026 11:20:18] /a 10
[05/01/2026 11:20:18] /a 10
[05/01/2026 11:20:19] /a 10
[05/01/2026 11:20:31] /i meat
[05/01/2026 11:39:12] /t
[05/01/2026 21:07:37] /i rapier
[06/01/2026 09:26:32] /i rapier
[06/01/2026 09:39:52] /i 7588
[06/01/2026 09:39:56] /i 7588
[06/01/2026 09:39:57] /i 7588
[06/01/2026 09:40:26] /i 7588
[06/01/2026 09:40:27] /i 7588
[06/01/2026 09:40:28] /i 7588
[06/01/2026 09:40:28] /i 7588
[06/01/2026 09:40:28] /i 7588
[06/01/2026 09:40:28] /i 7588
[06/01/2026 09:40:29] /i 7588
[06/01/2026 09:40:29] /i 7588
[06/01/2026 09:40:29] /i 7588
[06/01/2026 09:40:30] /i 7588
[06/01/2026 09:40:30] /i 7588
[06/01/2026 09:40:34] /i 7588
[06/01/2026 09:40:35] /i 7588
[06/01/2026 09:40:35] /i 7588
[06/01/2026 09:40:36] /i 7588
[06/01/2026 09:40:40] /i 7588
[06/01/2026 09:40:41] /i 7588
[06/01/2026 11:31:51] /i meat
[06/01/2026 11:31:58] /m bandit
[06/01/2026 11:51:13] /m bandit
[07/01/2026 11:22:25] /goto Sasuke Test Formula
[07/01/2026 11:22:29] /goto Sasuke Teste Formula
[07/01/2026 11:22:35] /i genin pill
[07/01/2026 11:22:37] /i genin pill
[07/01/2026 11:22:49] /i genin pill
[07/01/2026 11:22:50] /i genin pill
[07/01/2026 20:18:29] /i dagger
[08/01/2026 10:18:26] /c Sasuke Teste Formula
[08/01/2026 10:19:05] /c Sasuke Teste Formula
[08/01/2026 10:21:47] /c Sasuke Teste Formula
[08/01/2026 10:43:30] /t
[08/01/2026 10:43:37] /c Sasuke Teste Formula
[08/01/2026 10:43:51] /m Orochimaru
[08/01/2026 10:44:20] /goto anko
[08/01/2026 10:44:23] /m Orochimaru
[08/01/2026 10:44:26] /r
[08/01/2026 10:44:31] /c Sasuke Teste Formula
[08/01/2026 10:53:16] /c Sasuke Teste Formula
[08/01/2026 10:53:36] /c Sasuke Teste Formula
[08/01/2026 10:55:22] /goto anko
[08/01/2026 10:55:24] /c Sasuke Teste Formula
[08/01/2026 10:55:32] /c Sasuke Teste Formula
[08/01/2026 10:55:40] /t
[08/01/2026 10:55:48] /c Sasuke Teste Formula
[08/01/2026 10:55:53] /m Orochimaru
[08/01/2026 11:07:16] /n anko
[08/01/2026 11:07:25] /c Sasuke Teste Formula
[08/01/2026 11:07:30] /r
[08/01/2026 11:08:58] /n anko
[08/01/2026 11:09:05] /c Sasuke Teste Formula
[08/01/2026 11:09:11] /r
[08/01/2026 11:09:14] /m Orochimaru
[08/01/2026 11:11:49] /n anko
[08/01/2026 11:12:00] /c Sasuke Teste Formula
[08/01/2026 11:12:03] /r
[08/01/2026 11:12:06] /m Orochimaru
[08/01/2026 13:18:20] /r
[08/01/2026 13:19:40] /i genin pill
[09/01/2026 11:03:25] /goto Sakura Teste Formula
[09/01/2026 11:03:32] /i konoha shirt
[09/01/2026 11:03:55] /i sandals
[09/01/2026 15:36:43] /goto sakura teste formula
[09/01/2026 15:37:03] /i genin pill
[09/01/2026 15:52:59] /i genin pill
[09/01/2026 16:20:19] /i gamakichi pet
[09/01/2026 18:33:02] /t
[10/01/2026 09:49:33] /goto ebisu
[10/01/2026 09:49:44] /c sakura teste formula
[10/01/2026 09:54:17] /m zabuza
[10/01/2026 09:56:08] /r
[10/01/2026 09:56:16] /goto zabuza
[10/01/2026 09:56:28] /c sakura teste formula
[10/01/2026 09:59:53] /c sakura teste formula
[10/01/2026 10:07:04] /n hokage[saga 1]
[10/01/2026 10:38:38] /m hokage[saga 1]
[10/01/2026 10:38:43] /n hokage[saga 1]
[10/01/2026 10:52:18] /t
[10/01/2026 10:52:28] /c sakura teste formula
[10/01/2026 14:29:47] /i 9855
[10/01/2026 14:30:01] /i 929
[10/01/2026 14:30:06] /i 930
[10/01/2026 14:30:08] /i 931
[10/01/2026 14:30:39] /i 931
[10/01/2026 14:30:42] /i 932
[10/01/2026 14:30:44] /i 933
[10/01/2026 14:30:58] /i 934
[10/01/2026 14:31:01] /i 935
[10/01/2026 14:31:04] /i 936
[10/01/2026 14:31:07] /i 937
[10/01/2026 14:31:09] /i 938
[10/01/2026 14:31:12] /i 939
[10/01/2026 14:31:15] /i 940
[10/01/2026 14:31:17] /i 941
[10/01/2026 14:31:19] /i 942
[10/01/2026 14:31:38] /i 943
[10/01/2026 14:31:40] /i 944
[10/01/2026 14:32:15] /i 931
[10/01/2026 14:32:19] /i 1004
[10/01/2026 14:35:26] /i 941
[10/01/2026 14:35:27] /i 942
[10/01/2026 14:35:28] /i 943
[10/01/2026 14:35:30] /i 944
[10/01/2026 14:35:31] /i 945
[10/01/2026 14:35:33] /i 945
[10/01/2026 14:52:08] /m savage
[10/01/2026 14:52:11] /m savager
[10/01/2026 14:52:11] /m savager
[10/01/2026 14:52:11] /m savager
[10/01/2026 14:52:12] /m savager
[10/01/2026 14:52:12] /m savager
[10/01/2026 14:52:12] /m savager
[10/01/2026 14:52:13] /m savager
[10/01/2026 14:52:13] /m savager/m savager
[10/01/2026 14:52:14] /m savager/m savager
[10/01/2026 14:52:14] /m savager
[10/01/2026 14:52:14] /m savager
[10/01/2026 14:52:15] /m savager
[10/01/2026 14:52:15] /m savager
[10/01/2026 14:52:15] /m savager
[10/01/2026 14:52:16] /m savager
[10/01/2026 14:52:16] /m savager
[10/01/2026 15:29:29] /m savager
[10/01/2026 15:29:30] /m savager
[10/01/2026 15:29:30] /m savager
[10/01/2026 15:29:30] /m savager
[10/01/2026 15:29:30] /m savager
[10/01/2026 15:29:31] /m savager
[10/01/2026 15:29:31] /m savager
[10/01/2026 15:29:31] /m savager
[10/01/2026 15:29:32] /m savager
[10/01/2026 15:29:32] /m savager
[10/01/2026 15:29:32] /m savager
[10/01/2026 15:29:33] /m savager
[10/01/2026 15:29:33] /m savager
[10/01/2026 15:29:33] /m savager
[10/01/2026 15:29:33] /m savager
[10/01/2026 15:29:34] /m savager
[10/01/2026 15:29:34] /m savager
[10/01/2026 15:29:34] /m savager
[10/01/2026 15:29:35] /m savager
[10/01/2026 15:29:35] /m savager
[10/01/2026 15:29:35] /m savager
[10/01/2026 15:29:35] /m savager
[10/01/2026 15:29:36] /m savager
[10/01/2026 15:29:36] /m savager
[10/01/2026 15:35:46] /i ramen;
[10/01/2026 15:35:50] /i ramen
[10/01/2026 16:17:03] /i strawberry
[10/01/2026 20:38:51] /m savager
[10/01/2026 20:38:51] /m savager
[10/01/2026 20:38:52] /m savager
[10/01/2026 20:38:54] /m savager
[10/01/2026 20:38:54] /m savager
[10/01/2026 20:38:54] /m savager
[10/01/2026 20:38:54] /m savager
[10/01/2026 20:38:55] /m savager
[10/01/2026 20:38:55] /m savager
[10/01/2026 20:38:55] /m savager
[10/01/2026 20:38:55] /m savager
[10/01/2026 20:38:56] /m savager
[10/01/2026 20:38:56] /m savager
[10/01/2026 20:38:56] /m savager
[10/01/2026 20:38:56] /m savager
[10/01/2026 20:38:57] /m savager
[10/01/2026 20:38:57] /m savager
[10/01/2026 20:38:57] /m savager
[10/01/2026 20:38:57] /m savager
[10/01/2026 20:38:58] /m savager
[10/01/2026 20:38:58] /m savager
[10/01/2026 20:38:58] /m savager
[10/01/2026 20:38:59] /m savager
[10/01/2026 20:38:59] /m savager
[10/01/2026 20:38:59] /m savager
[10/01/2026 20:38:59] /m savager
[10/01/2026 20:39:00] /m savager
[10/01/2026 20:39:00] /m savager
[10/01/2026 20:39:00] /m savager
[10/01/2026 20:39:00] /m savager
[10/01/2026 20:39:01] /m savager
[10/01/2026 20:39:01] /m savager
[10/01/2026 20:39:01] /m savager
[10/01/2026 20:39:02] /m savager
[10/01/2026 20:49:16] /m savager
[10/01/2026 20:49:17] /m savager
[10/01/2026 20:49:17] /m savager
[10/01/2026 20:49:18] /m savager
[10/01/2026 20:49:18] /m savager
[10/01/2026 20:49:19] /m savager
[10/01/2026 20:49:19] /m savager
[10/01/2026 20:49:20] /m savagerw
[10/01/2026 20:49:20] /m savagerw
[10/01/2026 20:49:27] /m savager
[10/01/2026 20:49:29] /m savager
[10/01/2026 20:49:29] /m savager
[10/01/2026 20:49:29] /m savager
[10/01/2026 20:49:30] /m savager
[10/01/2026 20:49:30] /m savager
[10/01/2026 20:49:30] /m savager
[10/01/2026 20:49:30] /m savager
[10/01/2026 20:49:31] /m savager
[10/01/2026 20:49:31] /m savager
[10/01/2026 20:49:31] /m savager
[10/01/2026 21:07:33] /m savager
[10/01/2026 21:07:33] /m savager
[10/01/2026 21:07:33] /m savager
[10/01/2026 21:07:34] /m savager
[10/01/2026 21:07:34] /m savager
[10/01/2026 21:07:34] /m savager
[10/01/2026 21:07:35] /m savager
[10/01/2026 21:07:35] /m savager
[10/01/2026 21:07:35] /m savager
[10/01/2026 21:07:36] /m savager
[10/01/2026 21:07:36] /m savager
[10/01/2026 21:07:36] /m savager
[10/01/2026 21:07:37] /m savager
[10/01/2026 21:07:37] /m savager
[10/01/2026 21:07:37] /m savager
[10/01/2026 21:07:38] /m savager
[10/01/2026 21:07:38] /m savager
[10/01/2026 21:07:38] /m savager
[10/01/2026 21:07:39] /m savager
[10/01/2026 21:07:39] /m savager
[10/01/2026 21:07:39] /m savager
[10/01/2026 21:07:40] /m savager
[10/01/2026 21:07:40] /m savager
[10/01/2026 21:07:40] /m savager
[10/01/2026 21:07:40] /m savager
[10/01/2026 21:07:41] /m savager
[10/01/2026 21:07:41] /m savager
[10/01/2026 21:07:41] /m savager
[10/01/2026 21:07:42] /m savager
[10/01/2026 21:07:42] /m savager
[10/01/2026 21:07:42] /m savager
[10/01/2026 21:07:43] /m savager
[10/01/2026 21:07:43] /m savager
[10/01/2026 21:07:43] /m savager/m savager
[10/01/2026 21:07:44] /m savager
[10/01/2026 21:12:29] /goto sakura teste formula
[10/01/2026 21:12:34] /i genin pill
[10/01/2026 21:12:43] /i genin pill
[10/01/2026 21:12:48] /i genin pill
[10/01/2026 21:13:02] /m savager
[10/01/2026 21:13:03] /m savager
[10/01/2026 21:13:03] /m savager
[10/01/2026 21:13:03] /m savager
[10/01/2026 21:13:04] /m savager
[10/01/2026 21:13:04] /m savager
[10/01/2026 21:13:04] /m savager
[10/01/2026 21:13:04] /m savager
[10/01/2026 21:13:05] /m savager
[10/01/2026 21:13:05] /m savager
[10/01/2026 21:13:05] /m savager
[10/01/2026 21:13:05] /m savager
[10/01/2026 21:13:06] /m savager
[10/01/2026 21:13:06] /m savager
[10/01/2026 21:13:06] /m savager
[10/01/2026 21:13:06] /m savager
[10/01/2026 21:13:07] /m savager
[10/01/2026 21:13:07] /m savager
[10/01/2026 21:13:07] /m savager
[10/01/2026 21:13:07] /m savager
[10/01/2026 21:13:08] /m savager
[10/01/2026 21:13:08] /m savager
[10/01/2026 21:13:08] /m savager
[10/01/2026 21:13:08] /m savager
[10/01/2026 21:13:09] /m savager
[10/01/2026 21:13:09] /m savager
[10/01/2026 21:13:09] /m savager
[10/01/2026 21:13:09] /m savager
[10/01/2026 21:13:10] /m savager
[10/01/2026 21:13:10] /m savager
[10/01/2026 21:13:10] /m savager
[10/01/2026 21:13:11] /m savager
[10/01/2026 21:13:11] /m savager
[10/01/2026 21:13:11] /m savager
[10/01/2026 21:13:11] /m savager
[11/01/2026 11:44:56] /m savager
[11/01/2026 11:44:56] /m savager
[11/01/2026 11:44:57] /m savager
[11/01/2026 11:44:58] /m savager
[11/01/2026 11:44:58] /m savager
[11/01/2026 11:44:59] /m savager
[11/01/2026 11:45:01] /m savager
[11/01/2026 11:45:02] /m savager
[11/01/2026 11:45:02] /m savager
[11/01/2026 11:45:05] /m savager/m savager
[11/01/2026 11:45:05] /m savager
[11/01/2026 11:45:06] /m savager
[11/01/2026 11:45:07] /m savager
[11/01/2026 11:45:07] /m savager
[11/01/2026 11:45:08] /m savager
[11/01/2026 11:45:12] /m savager
[11/01/2026 11:45:13] /m savager
[11/01/2026 11:45:14] /m savager
[11/01/2026 11:45:14] /m savager
[11/01/2026 11:45:15] /m savager
[11/01/2026 11:45:15] /m savager
[11/01/2026 11:45:15] /m savager
[11/01/2026 11:45:16] /m savager
[11/01/2026 11:45:17] /m savager
[11/01/2026 11:45:19] /m savager
[11/01/2026 11:45:20] /m savager
[11/01/2026 11:45:21] /m savager
[11/01/2026 11:45:21] /m savager
[11/01/2026 11:45:22] /m savager
[11/01/2026 11:45:23] /m savager
[11/01/2026 11:45:24] /m savager
[11/01/2026 11:45:24] /m savager
[11/01/2026 11:45:25] /m savager
[11/01/2026 13:49:11] /m savager
[11/01/2026 13:49:13] /m savager
[11/01/2026 13:49:15] /m savager
[11/01/2026 13:49:15] /m savager
[11/01/2026 13:49:16] /m savager
[11/01/2026 13:49:16] /m savager
[11/01/2026 13:49:16] /m savager
[11/01/2026 13:49:17] /m savager
[11/01/2026 13:49:17] /m savager
[11/01/2026 13:49:18] /m savager
[11/01/2026 13:49:18] /m savager
[11/01/2026 13:49:18] /m savager
[11/01/2026 13:49:19] /m savager
[11/01/2026 13:49:19] /m savager
[11/01/2026 13:49:20] /m savager
[11/01/2026 13:49:20] /m savager
[11/01/2026 13:49:20] /m savager
[11/01/2026 13:49:21] /m savager
[11/01/2026 13:49:21] /m savager
[11/01/2026 13:49:22] /m savager
[11/01/2026 13:49:22] /m savager
[11/01/2026 13:49:22] /m savager
[11/01/2026 13:49:23] /m savager
[11/01/2026 13:49:23] /m savager
[11/01/2026 13:49:24] /m savager
[11/01/2026 13:49:24] /m savager
[11/01/2026 13:49:25] /m savager
[11/01/2026 13:49:25] /m savager
[11/01/2026 13:49:25] /m savager
[11/01/2026 13:49:26] /m savager
[11/01/2026 13:49:26] /m savager
[11/01/2026 13:49:27] /m savager
[11/01/2026 13:49:27] /m savager
[11/01/2026 13:49:29] /m savager
[11/01/2026 14:03:14] /goto savager
[11/01/2026 14:03:18] /t
[12/01/2026 20:03:43] /m savager
[12/01/2026 20:03:43] /m savager
[12/01/2026 20:03:43] /m savager
[12/01/2026 20:03:43] /m savager
[12/01/2026 20:03:43] /m savager
[12/01/2026 20:03:43] /m savager
[12/01/2026 20:03:47] /m savager
[12/01/2026 20:03:48] /m savager
[12/01/2026 20:03:48] /m savager
[12/01/2026 20:03:48] /m savager
[12/01/2026 20:03:48] /m savager
[12/01/2026 20:03:48] /m savager
[12/01/2026 20:03:48] /m savager
[12/01/2026 20:03:48] /m savager
[12/01/2026 20:03:48] /m savager
[12/01/2026 20:03:48] /m savager
[12/01/2026 20:03:48] /m savager
[12/01/2026 20:03:48] /m savager
[12/01/2026 20:03:50] /m savager
[12/01/2026 20:03:50] /m savager
[12/01/2026 20:03:50] /m savager
[12/01/2026 20:03:50] /m savager
[12/01/2026 20:03:50] /m savager
[12/01/2026 20:03:50] /m savager
[12/01/2026 20:03:51] /m savager
[12/01/2026 20:03:51] /m savager
[12/01/2026 20:03:51] /m savager
[12/01/2026 20:03:51] /m savager
[12/01/2026 20:03:51] /m savager
[12/01/2026 20:03:52] /m savager
[12/01/2026 20:03:52] /m savager
[12/01/2026 20:03:52] /m savager
[12/01/2026 20:03:52] /m savager
[12/01/2026 20:03:52] /m savager
[12/01/2026 20:03:53] /m savager
[12/01/2026 20:03:53] /m savager
[12/01/2026 20:03:53] /m savager
[12/01/2026 20:03:54] /m savager
[12/01/2026 20:03:54] /m savager
[12/01/2026 20:03:54] /m savager
[12/01/2026 20:03:54] /m savager
[12/01/2026 20:03:54] /m savager
[12/01/2026 20:03:56] /m savager
[12/01/2026 20:03:56] /m savager
[12/01/2026 20:03:56] /m savager
[12/01/2026 20:03:57] /m savager
[12/01/2026 20:03:57] /m savager
[12/01/2026 20:03:58] /m savager
[12/01/2026 20:03:58] /m savager
[12/01/2026 20:03:58] /m savager
[12/01/2026 20:03:58] /m savager
[12/01/2026 20:03:58] /m savager
[12/01/2026 20:03:58] /m savager
[12/01/2026 20:03:58] /m savager
[12/01/2026 20:03:58] /m savager
[12/01/2026 20:03:58] /m savager
[12/01/2026 20:03:58] /m savager
[12/01/2026 20:03:58] /m savager
[12/01/2026 20:03:58] /m savager
[12/01/2026 20:03:59] /m savager
[12/01/2026 20:03:59] /m savager
[12/01/2026 20:03:59] /m savager
[12/01/2026 20:04:00] /m savager
[12/01/2026 20:04:00] /m savager
[12/01/2026 20:04:00] /m savager
[12/01/2026 20:04:00] /m savager
[12/01/2026 20:04:03] /m savager
[12/01/2026 20:04:04] /m savager
[12/01/2026 20:04:04] /m savager
[12/01/2026 20:04:05] /m savager
[12/01/2026 20:04:05] /m savager
[12/01/2026 20:04:05] /m savager
[12/01/2026 20:04:05] /m savager
[12/01/2026 20:04:05] /m savager
[12/01/2026 20:04:08] /m savager
[12/01/2026 20:04:08] /m savager
[12/01/2026 20:04:08] /m savager
[12/01/2026 20:04:08] /m savager
[12/01/2026 20:04:08] /m savager
[12/01/2026 20:04:09] /m savager
[12/01/2026 20:04:09] /m savager
[12/01/2026 20:04:09] /m savager
[12/01/2026 20:04:09] /m savager
[12/01/2026 20:04:09] /m savager
[12/01/2026 20:04:09] /m savager
[12/01/2026 20:04:10] /m savager
[12/01/2026 20:04:10] /m savager
[12/01/2026 20:04:10] /m savager
[12/01/2026 20:04:10] /m savager
[12/01/2026 20:04:10] /m savager
[12/01/2026 20:04:10] /m savager
[12/01/2026 20:04:10] /m savager
[12/01/2026 20:04:13] /m savager
[12/01/2026 20:04:13] /m savager
[12/01/2026 20:04:13] /m savager
[12/01/2026 20:04:13] /m savager
[12/01/2026 20:04:13] /m savager
[12/01/2026 20:04:13] /m savager
[12/01/2026 20:04:13] /m savager
[12/01/2026 20:04:14] /m savager
[12/01/2026 20:04:14] /m savager
[12/01/2026 20:04:14] /m savager
[12/01/2026 20:04:16] /m savager
[12/01/2026 20:04:16] /m savager
[12/01/2026 20:04:16] /m savager
[12/01/2026 20:04:16] /m savager
[12/01/2026 20:04:16] /m savager
[12/01/2026 20:04:16] /m savager
[12/01/2026 20:04:16] /m savager
[12/01/2026 20:04:16] /m savager
[12/01/2026 20:04:17] /m savager
[12/01/2026 20:04:17] /m savager
[12/01/2026 20:04:17] /m savager
[12/01/2026 20:04:17] /m savager
[12/01/2026 20:04:17] /m savager
[12/01/2026 20:04:17] /m savager
[12/01/2026 20:04:18] /m savager
[12/01/2026 20:04:18] /m savager
[12/01/2026 20:04:33] /m ramen
[12/01/2026 20:04:39] /i ramen
[13/01/2026 13:54:24] /m huge insect
[14/01/2026 14:20:04] /m savager
[14/01/2026 14:20:04] /m savager
[14/01/2026 14:20:05] /m savager
[14/01/2026 14:20:05] /m savager
[14/01/2026 14:20:05] /m savager
[14/01/2026 14:20:05] /m savager
[14/01/2026 14:20:05] /m savager
[14/01/2026 14:20:06] /m savager
[14/01/2026 14:20:06] /m savager
[14/01/2026 14:20:06] /m savager
[14/01/2026 14:20:07] /m savager
[14/01/2026 14:20:07] /m savager
[14/01/2026 14:20:07] /m savager
[14/01/2026 14:20:07] /m savager
[14/01/2026 14:20:07] /m savager
[14/01/2026 14:20:07] /m savager
[14/01/2026 14:20:07] /m savager
[14/01/2026 14:20:08] /m savager
[14/01/2026 14:20:08] /m savager
[14/01/2026 14:20:08] /m savager
[14/01/2026 14:20:09] /m savager
[14/01/2026 14:20:09] /m savager
[14/01/2026 14:20:10] /m savager
[14/01/2026 14:20:10] /m savager
[14/01/2026 14:20:10] /m savager
[14/01/2026 14:20:11] /m savager
[14/01/2026 14:20:11] /m savager
[14/01/2026 14:20:11] /m savager
[14/01/2026 14:20:13] /m savager
[14/01/2026 14:20:13] /m savager
[14/01/2026 14:20:14] /m savager
[14/01/2026 14:20:15] /m savager
[14/01/2026 14:20:15] /m savager
[14/01/2026 14:20:15] /m savager
[14/01/2026 14:20:15] /m savager
[14/01/2026 14:20:16] /m savager
[14/01/2026 14:20:16] /m savager
[14/01/2026 14:20:16] /m savager
[14/01/2026 14:20:16] /m savager
[14/01/2026 14:20:16] /m savager
[14/01/2026 14:20:16] /m savager
[14/01/2026 14:20:16] /m savager
[14/01/2026 14:20:16] /m savager
[14/01/2026 14:20:16] /m savager
[14/01/2026 14:20:17] /m savager
[14/01/2026 14:20:17] /m savager
[14/01/2026 14:20:17] /m savager
[14/01/2026 14:20:17] /m savager
[14/01/2026 14:20:17] /m savager
[14/01/2026 14:20:18] /m savager
[14/01/2026 14:20:18] /m savager
[14/01/2026 14:20:18] /m savager
[14/01/2026 14:20:18] /m savager
[14/01/2026 14:20:18] /m savager
[14/01/2026 14:20:18] /m savager
[14/01/2026 14:20:19] /m savager
[14/01/2026 14:20:19] /m savager
[14/01/2026 14:20:19] /m savager
[14/01/2026 14:20:19] /m savager
[14/01/2026 14:20:19] /m savager
[14/01/2026 14:20:19] /m savager
[14/01/2026 14:20:19] /m savager
[14/01/2026 14:20:19] /m savager
[14/01/2026 14:20:20] /m savager
[14/01/2026 14:20:20] /m savager
[14/01/2026 14:20:20] /m savager
[14/01/2026 14:20:20] /m savager
[14/01/2026 14:20:20] /m savager
[14/01/2026 14:20:20] /m savager
[14/01/2026 14:20:21] /m savager
[14/01/2026 14:20:21] /m savager
[14/01/2026 14:20:21] /m savager
[14/01/2026 14:20:21] /m savager
[14/01/2026 14:20:22] /m savager
[14/01/2026 14:20:23] /m savager
[14/01/2026 14:20:23] /m savager
[14/01/2026 14:20:25] /m savager
[14/01/2026 14:20:25] /m savager
[14/01/2026 14:20:25] /m savager
[14/01/2026 14:20:25] /m savager
[14/01/2026 14:20:25] /m savager
[14/01/2026 14:20:25] /m savager
[14/01/2026 14:20:25] /m savager
[14/01/2026 14:20:25] /m savager
[14/01/2026 14:20:25] /m savager
[14/01/2026 14:20:25] /m savager
[14/01/2026 14:20:27] /m savager
[14/01/2026 14:20:27] /m savager
[14/01/2026 14:20:27] /m savager
[14/01/2026 14:20:27] /m savager
[14/01/2026 14:20:27] /m savager
[14/01/2026 14:20:27] /m savager
[14/01/2026 14:20:29] /m savager
[14/01/2026 14:20:29] /m savager
[14/01/2026 14:20:29] /m savager
[14/01/2026 14:20:29] /m savager
[14/01/2026 14:20:29] /m savager
[14/01/2026 14:20:29] /m savager
[14/01/2026 14:20:29] /m savager
[14/01/2026 14:20:30] /m savager
[14/01/2026 14:20:30] /m savager
[14/01/2026 14:20:30] /m savager
[14/01/2026 14:20:30] /m savager
[14/01/2026 14:20:30] /m savager
[14/01/2026 14:20:30] /m savager
[14/01/2026 14:20:30] /m savager
[14/01/2026 14:20:30] /m savager
[14/01/2026 14:20:30] /m savager
[14/01/2026 14:20:30] /m savager
[14/01/2026 14:20:30] /m savager
[14/01/2026 14:20:30] /m savager
[14/01/2026 14:20:31] /m savager
[14/01/2026 14:20:31] /m savager
[14/01/2026 14:20:32] /m savager
[14/01/2026 14:20:32] /m savager
[14/01/2026 14:20:32] /m savager
[14/01/2026 14:20:32] /m savager
[14/01/2026 14:20:32] /m savager
[14/01/2026 14:20:32] /m savager
[14/01/2026 14:20:32] /m savager
[14/01/2026 14:20:33] /m savager
[14/01/2026 14:20:33] /m savager
[14/01/2026 14:20:33] /m savager
[14/01/2026 14:20:33] /m savager
[14/01/2026 14:20:33] /m savager
[14/01/2026 14:20:34] /m savager
[14/01/2026 14:20:34] /m savager
[14/01/2026 14:20:34] /m savager
[14/01/2026 14:20:34] /m savager
[14/01/2026 14:20:34] /m savager
[14/01/2026 14:20:34] /m savager
[14/01/2026 14:20:34] /m savager
[14/01/2026 14:20:34] /m savager
[14/01/2026 14:20:34] /m savager
[14/01/2026 14:20:34] /m savager
[14/01/2026 14:20:35] /m savager
[14/01/2026 14:20:36] /m savager
[14/01/2026 14:20:36] /m savager
[14/01/2026 14:20:36] /m savager
[14/01/2026 14:20:36] /m savager
[14/01/2026 14:20:36] /m savager
[14/01/2026 14:20:36] /m savager
[14/01/2026 19:30:14] /m savager
[14/01/2026 19:30:16] /m savager
[15/01/2026 13:07:20] /i scroll of healing
[15/01/2026 13:07:28] /i genin pill
[15/01/2026 13:24:59] /i scroll of healing
[15/01/2026 13:25:17] /i konoha backpack
[15/01/2026 13:59:21] /i crystal ring
[15/01/2026 14:00:34] /i scroll
[15/01/2026 14:01:37] /i scroll of chakra
[15/01/2026 14:08:04] /i Silver Necklace
[15/01/2026 14:27:14] /t
[15/01/2026 14:32:21] /i scarab coin
[15/01/2026 14:44:06] /i time ring
[15/01/2026 14:51:12] /i mushroom brown
[15/01/2026 14:51:21] /i brown mushroom
[15/01/2026 15:22:29] /i silver necklace
[16/01/2026 12:48:47] /i konoha backpack
[16/01/2026 12:49:54] /i bandit trousers
[16/01/2026 12:50:20] /i black trousers
[16/01/2026 12:51:06] /i fat trousers
[16/01/2026 12:51:34] /i konoha trousers
[16/01/2026 12:51:48] /i monk trousers
[16/01/2026 13:00:29] /i rock lee trousers
[16/01/2026 13:14:15] /i soldier trousers
[16/01/2026 13:14:41] /i akatsuki trousers
[16/01/2026 13:15:12] /i commander trousers
[16/01/2026 13:20:59] /i konoha backpack
[16/01/2026 13:22:16] /i commander sword
[16/01/2026 13:25:38] /m commander
[16/01/2026 13:31:36] /i 2646
[16/01/2026 13:32:00] /i konoha backpack
[16/01/2026 13:32:18] /i 2396
[16/01/2026 13:33:21] /i konoha backpack
[16/01/2026 13:33:43] /i konoha backpack
[16/01/2026 13:34:09] /i konoha backpack
[16/01/2026 13:41:21] /i bandit shirt
[16/01/2026 13:41:40] /i cyborg armor
[16/01/2026 13:42:24] /i juhi legs
[16/01/2026 13:42:55] /m juhi member
[16/01/2026 14:08:09] /i blue shirt
[16/01/2026 14:10:28] /i black shirt
[16/01/2026 14:11:28] /i naruto shirt
[16/01/2026 14:13:43] /i red tunic
[16/01/2026 14:14:00] /i uchiha jacket
[16/01/2026 14:14:11] /i konohamaru shirt
[16/01/2026 14:20:38] /m bandit
[16/01/2026 14:20:53] /m bandit
[16/01/2026 14:20:54] /m bandit
[16/01/2026 14:20:58] /m bandit
[16/01/2026 14:20:58] /m bandit
[16/01/2026 14:20:59] /m bandit
[16/01/2026 14:21:01] /m bandit
[16/01/2026 14:21:11] /i konohamaru shirt
[16/01/2026 14:24:53] /i orochimaru shirt
[16/01/2026 14:49:15] /i sakura shirt
[16/01/2026 15:00:01] /i shinobazu shirt
[16/01/2026 15:00:36] /i suna shirt
[16/01/2026 16:04:01] /i geta shoes
[16/01/2026 16:04:33] /i speed shoes
[16/01/2026 16:04:51] /i cyborg shoes
[16/01/2026 16:35:50] /i akatsuki shoes
[16/01/2026 16:36:38] /i sandals
[16/01/2026 16:37:35] /i black gloves
[16/01/2026 16:37:58] /i furnious gloves
[16/01/2026 16:38:29] /i destruction gloves
[16/01/2026 16:39:02] /i nature gloves
[16/01/2026 16:39:06] /i nature gloves
[16/01/2026 16:39:37] /i iron gloves
[16/01/2026 16:39:50] /i metal gloves
[16/01/2026 16:40:09] /i dinamic gloves
[16/01/2026 16:40:48] /i shark gloves
[16/01/2026 16:41:15] /i titan gloves
[16/01/2026 16:41:26] /i spiked gloves
[16/01/2026 16:41:40] /i slaver gloves
[16/01/2026 16:42:34] /i vampire gloves
[16/01/2026 16:43:39] /i white gloves
[16/01/2026 16:54:30] /i vampire gloves
[16/01/2026 16:58:10] /m savager
[16/01/2026 16:58:12] /m savager
[16/01/2026 17:06:12] /i yellow gloves
[16/01/2026 17:06:37] /i ninja gloves
[16/01/2026 17:06:49] /i red gloves
[16/01/2026 17:07:21] /i konoha backpack
[16/01/2026 17:08:22] /i spike sword
[16/01/2026 17:09:03] /i commander sword
[16/01/2026 17:09:30] /i raiga swords
[16/01/2026 17:37:17] /i zabuza sword
[16/01/2026 17:41:33] /a
[16/01/2026 17:42:03] /a
[16/01/2026 17:42:22] /t
[16/01/2026 17:51:25] /a
[16/01/2026 17:54:44] /a 100
[16/01/2026 17:54:47] /a 
[16/01/2026 17:54:49] /a 
[16/01/2026 17:54:50] /a 
[16/01/2026 17:54:52] /a 10
[16/01/2026 17:54:55] /a 10
[16/01/2026 17:55:00] /a 10
[16/01/2026 17:55:03] /a 10
[16/01/2026 17:55:05] /a 10
[16/01/2026 17:57:40] /i shark sword
[16/01/2026 17:58:01] /i samurai sword
[16/01/2026 17:58:15] /i bone sword
[16/01/2026 17:58:28] /i suna sword
[16/01/2026 17:58:47] /i ultimate katanas
[16/01/2026 17:58:56] /i raiga sword
[16/01/2026 17:59:42] /i kunai
[16/01/2026 18:00:11] /i shinobazu sword
[16/01/2026 18:00:20] /i katana
[16/01/2026 18:03:34] /i glasses
[16/01/2026 18:03:59] /i anbu mask
[16/01/2026 18:07:03] /i assassin armor
[16/01/2026 18:07:39] /i cyborg helmet
[16/01/2026 18:08:10] /i rock lee shirt
[16/01/2026 18:11:52] /i hoshi armor
[16/01/2026 18:12:16] /i jiraya shirt
[16/01/2026 18:14:48] /i tobi mask
[16/01/2026 18:15:55] /i yondaime jacket
[16/01/2026 18:17:08] /i assassin mask
[16/01/2026 18:21:49] /i vampire mask
[16/01/2026 18:22:17] /i sasuke classic shirt
[16/01/2026 18:22:41] /i konoha back
[16/01/2026 18:22:46] /i konoha backpack
[16/01/2026 18:24:35] /i native armor
[16/01/2026 18:24:45] /i vampire shirt
[16/01/2026 18:31:22] /i monk robe
[16/01/2026 18:33:57] /i kimono
[16/01/2026 18:34:32] /i shinobazu helmet
[16/01/2026 18:34:46] /i suna bandage
[16/01/2026 18:35:01] /i skeleton helmet
[16/01/2026 18:35:20] /i kankurou shirt
[16/01/2026 18:55:05] /i vampire gloves
[17/01/2026 12:54:22] /i spike gloves
[17/01/2026 12:54:38] /i spiked gloves
[17/01/2026 14:53:41] /i pill
[17/01/2026 14:53:46] /i genin pill
[17/01/2026 14:53:50] /i genin pill
[17/01/2026 20:04:01] /m akamaru[7]
[18/01/2026 12:47:49] /r
[18/01/2026 13:23:17] /goto insect
[18/01/2026 13:37:42] /m cursed man
[20/01/2026 10:46:01] /t
[21/01/2026 10:47:29] /i ramen
[21/01/2026 11:39:20] /i small diamond
[21/01/2026 11:48:42] /m akamaru
[21/01/2026 11:52:24] /t
[21/01/2026 11:52:39] /i jounin pill
[21/01/2026 11:52:47] /i genin pill
