[27/05/2010 21:12:41] /owner nobody
[28/05/2010 17:28:06] /up
[28/05/2010 17:28:34] /m infernatill
[28/05/2010 17:28:49] /m training monk
[28/05/2010 17:28:55] /r
[28/05/2010 17:31:49] /down
[28/05/2010 17:31:55] /a 20
[28/05/2010 17:32:04] /a 16
[28/05/2010 17:32:07] /a 6
[28/05/2010 17:32:10] /a 6
[28/05/2010 17:32:12] /a 6
[28/05/2010 17:32:38] /a 10
[28/05/2010 17:32:52] /a 2
[28/05/2010 17:35:23] /m 2505
[28/05/2010 17:35:38] /i 2505
[28/05/2010 17:35:51] /i 2305
[28/05/2010 17:36:08] /i 2503
[28/05/2010 17:38:57] /addskill GOD Brolly, distance
[28/05/2010 17:39:16] /addskill GOD Brolly, distance
[28/05/2010 17:39:17] /addskill GOD Brolly, distance
[28/05/2010 17:39:17] /addskill GOD Brolly, distance
[28/05/2010 17:39:17] /addskill GOD Brolly, distance
[28/05/2010 17:39:17] /addskill GOD Brolly, distance
[28/05/2010 17:39:17] /addskill GOD Brolly, distance
[28/05/2010 17:39:17] /addskill GOD Brolly, distance
[28/05/2010 17:39:17] /addskill GOD Brolly, distance
[28/05/2010 17:39:17] /addskill GOD Brolly, distance
[28/05/2010 17:39:17] /addskill GOD Brolly, distance
[28/05/2010 17:39:17] /addskill GOD Brolly, distance
[28/05/2010 17:39:17] /addskill GOD Brolly, distance
[28/05/2010 17:39:17] /addskill GOD Brolly, distance
[28/05/2010 17:39:17] /addskill GOD Brolly, distance
[28/05/2010 17:39:17] /addskill GOD Brolly, distance
[28/05/2010 17:39:17] /addskill GOD Brolly, distance
[28/05/2010 17:39:17] /addskill GOD Brolly, distance
[28/05/2010 17:39:17] /addskill GOD Brolly, distance
[28/05/2010 17:39:17] /addskill GOD Brolly, distance
[28/05/2010 17:39:17] /addskill GOD Brolly, distance
[28/05/2010 17:39:17] /addskill GOD Brolly, distance
[28/05/2010 17:39:17] /addskill GOD Brolly, distance
[28/05/2010 17:39:17] /addskill GOD Brolly, distance
[28/05/2010 17:39:17] /addskill GOD Brolly, distance
[28/05/2010 17:39:17] /addskill GOD Brolly, distance
[28/05/2010 17:39:17] /addskill GOD Brolly, distance
[28/05/2010 17:39:17] /addskill GOD Brolly, distance
[28/05/2010 17:39:18] /addskill GOD Brolly, distance
[28/05/2010 17:39:18] /addskill GOD Brolly, distance
[28/05/2010 17:39:18] /addskill GOD Brolly, distance
[28/05/2010 17:39:18] /addskill GOD Brolly, distance
[28/05/2010 17:39:18] /addskill GOD Brolly, distance
[28/05/2010 17:39:18] /addskill GOD Brolly, distance
[28/05/2010 17:39:18] /addskill GOD Brolly, distance
[28/05/2010 17:39:18] /addskill GOD Brolly, distance
[28/05/2010 17:39:18] /addskill GOD Brolly, distance
[28/05/2010 17:39:18] /addskill GOD Brolly, distance
[28/05/2010 17:39:18] /addskill GOD Brolly, distance
[28/05/2010 17:39:18] /addskill GOD Brolly, distance
[28/05/2010 17:39:18] /addskill GOD Brolly, distance
[28/05/2010 17:39:18] /addskill GOD Brolly, distance
[28/05/2010 17:39:18] /addskill GOD Brolly, distance
[28/05/2010 17:39:18] /addskill GOD Brolly, distance
[28/05/2010 17:39:18] /addskill GOD Brolly, distance
[28/05/2010 17:39:18] /addskill GOD Brolly, distance
[28/05/2010 17:39:18] /addskill GOD Brolly, distance
[28/05/2010 17:39:18] /addskill GOD Brolly, distance
[28/05/2010 17:39:18] /addskill GOD Brolly, distance
[28/05/2010 17:39:18] /addskill GOD Brolly, distance
[28/05/2010 17:39:18] /addskill GOD Brolly, distance
[28/05/2010 17:39:18] /addskill GOD Brolly, distance
[28/05/2010 17:39:18] /addskill GOD Brolly, distance
[28/05/2010 17:39:18] /addskill GOD Brolly, distance
[28/05/2010 17:39:18] /addskill GOD Brolly, distance
[28/05/2010 17:39:18] /addskill GOD Brolly, distance
[28/05/2010 17:39:18] /addskill GOD Brolly, distance
[28/05/2010 17:39:18] /addskill GOD Brolly, distance
[28/05/2010 17:39:19] /addskill GOD Brolly, distance
[28/05/2010 17:39:19] /addskill GOD Brolly, distance
[28/05/2010 17:39:21] /addskill GOD Brolly, distance
[28/05/2010 17:39:42] /addskill GOD Brolly, magic
[28/05/2010 17:39:42] /addskill GOD Brolly, magic
[28/05/2010 17:39:43] /addskill GOD Brolly, magic
[28/05/2010 17:39:43] /addskill GOD Brolly, magic
[28/05/2010 17:39:43] /addskill GOD Brolly, magic
[28/05/2010 17:39:43] /addskill GOD Brolly, magic
[28/05/2010 17:39:43] /addskill GOD Brolly, magic
[28/05/2010 17:39:43] /addskill GOD Brolly, magic
[28/05/2010 17:39:43] /addskill GOD Brolly, magic
[28/05/2010 17:39:43] /addskill GOD Brolly, magic
[28/05/2010 17:39:43] /addskill GOD Brolly, magic
[28/05/2010 17:39:43] /addskill GOD Brolly, magic
[28/05/2010 17:39:43] /addskill GOD Brolly, magic
[28/05/2010 17:39:43] /addskill GOD Brolly, magic
[28/05/2010 17:39:43] /addskill GOD Brolly, magic
[28/05/2010 17:39:43] /addskill GOD Brolly, magic
[28/05/2010 17:39:43] /addskill GOD Brolly, magic
[28/05/2010 17:39:43] /addskill GOD Brolly, magic
[28/05/2010 17:39:43] /addskill GOD Brolly, magic
[28/05/2010 17:39:43] /addskill GOD Brolly, magic
[28/05/2010 17:39:43] /addskill GOD Brolly, magic
[28/05/2010 17:39:43] /addskill GOD Brolly, magic
[28/05/2010 17:39:43] /addskill GOD Brolly, magic
[28/05/2010 17:39:43] /addskill GOD Brolly, magic
[28/05/2010 17:39:43] /addskill GOD Brolly, magic
[28/05/2010 17:39:43] /addskill GOD Brolly, magic
[28/05/2010 17:39:43] /addskill GOD Brolly, magic
[28/05/2010 17:39:43] /addskill GOD Brolly, magic
[28/05/2010 17:39:43] /addskill GOD Brolly, magic
[28/05/2010 17:39:43] /addskill GOD Brolly, magic
[28/05/2010 17:39:43] /addskill GOD Brolly, magic
[28/05/2010 17:39:43] /addskill GOD Brolly, magic
[28/05/2010 17:39:43] /addskill GOD Brolly, magic
[28/05/2010 17:39:44] /addskill GOD Brolly, magic
[28/05/2010 17:39:44] /addskill GOD Brolly, magic
[28/05/2010 17:39:44] /addskill GOD Brolly, magic
[28/05/2010 17:39:44] /addskill GOD Brolly, magic
[28/05/2010 17:39:44] /addskill GOD Brolly, magic
[28/05/2010 17:39:44] /addskill GOD Brolly, magic
[28/05/2010 17:39:44] /addskill GOD Brolly, magic
[28/05/2010 17:39:44] /addskill GOD Brolly, magic
[28/05/2010 17:39:44] /addskill GOD Brolly, magic
[28/05/2010 17:39:44] /addskill GOD Brolly, magic
[28/05/2010 17:39:44] /addskill GOD Brolly, magic
[28/05/2010 17:39:44] /addskill GOD Brolly, magic
[28/05/2010 17:39:44] /addskill GOD Brolly, magic
[28/05/2010 17:39:44] /addskill GOD Brolly, magic
[28/05/2010 17:39:44] /addskill GOD Brolly, magic
[28/05/2010 17:41:28] /a 2
[28/05/2010 17:43:46] /i 7366
[28/05/2010 17:44:20] /t
[28/05/2010 17:44:25] /a 2
[28/05/2010 17:50:00] /r
[28/05/2010 17:50:04] /r
[28/05/2010 17:50:07] /r
[28/05/2010 17:50:08] /r
[28/05/2010 19:12:10] /addskill GOD Brolly, magic
[28/05/2010 19:12:10] /addskill GOD Brolly, magic
[28/05/2010 19:12:10] /addskill GOD Brolly, magic
[28/05/2010 19:12:10] /addskill GOD Brolly, magic
[28/05/2010 19:12:10] /addskill GOD Brolly, magic
[28/05/2010 19:15:02] /i assassin star
[28/05/2010 19:21:57] /addskill Brolly, level
[28/05/2010 19:21:58] /addskill Brolly, level
[28/05/2010 19:21:58] /addskill Brolly, level
[28/05/2010 19:21:58] /addskill Brolly, level
[28/05/2010 19:21:58] /addskill Brolly, level
[28/05/2010 19:21:58] /addskill Brolly, level
[28/05/2010 19:21:58] /addskill Brolly, level
[28/05/2010 19:21:58] /addskill Brolly, level
[28/05/2010 19:21:58] /addskill Brolly, level
[28/05/2010 19:21:58] /addskill Brolly, level
[28/05/2010 19:21:58] /addskill Brolly, level
[28/05/2010 19:21:58] /addskill Brolly, level
[28/05/2010 19:21:58] /addskill Brolly, level
[28/05/2010 19:21:58] /addskill Brolly, level
[28/05/2010 19:21:58] /addskill Brolly, level
[28/05/2010 19:21:58] /addskill Brolly, level
[28/05/2010 19:21:58] /addskill Brolly, level
[28/05/2010 19:21:58] /addskill Brolly, level
[28/05/2010 19:21:58] /addskill Brolly, level
[28/05/2010 19:21:59] /addskill Brolly, level
[28/05/2010 19:21:59] /addskill Brolly, level
[28/05/2010 19:21:59] /addskill Brolly, level
[28/05/2010 19:21:59] /addskill Brolly, level
[28/05/2010 19:21:59] /addskill Brolly, level
[28/05/2010 19:21:59] /addskill Brolly, level
[28/05/2010 19:21:59] /addskill Brolly, level
[28/05/2010 19:21:59] /addskill Brolly, level
[28/05/2010 19:21:59] /addskill Brolly, level
[28/05/2010 19:21:59] /addskill Brolly, level
[28/05/2010 19:21:59] /addskill Brolly, level
[28/05/2010 19:21:59] /addskill Brolly, level
[28/05/2010 19:21:59] /addskill Brolly, level
[28/05/2010 19:21:59] /addskill Brolly, level
[28/05/2010 19:21:59] /addskill Brolly, level
[28/05/2010 19:21:59] /addskill Brolly, level
[28/05/2010 19:21:59] /addskill Brolly, level
[28/05/2010 19:21:59] /addskill Brolly, level
[28/05/2010 19:21:59] /addskill Brolly, level
[28/05/2010 19:22:20] /addskill Brolly, level
[28/05/2010 19:22:21] /addskill Brolly, level
[28/05/2010 19:22:21] /addskill Brolly, level
[28/05/2010 19:22:21] /addskill Brolly, level
[28/05/2010 19:22:22] /addskill Brolly, level
[28/05/2010 19:22:22] /addskill Brolly, level
[28/05/2010 19:22:22] /addskill Brolly, level
[28/05/2010 19:22:22] /addskill Brolly, level
[28/05/2010 19:22:23] /addskill Brolly, level
[28/05/2010 19:22:23] /addskill Brolly, level
[28/05/2010 19:22:23] /addskill Brolly, level
[28/05/2010 19:22:23] /addskill Brolly, level
[28/05/2010 19:22:24] /addskill Brolly, level
[28/05/2010 19:22:24] /addskill Brolly, level
[28/05/2010 19:22:24] /addskill Brolly, level
[28/05/2010 19:22:25] /addskill Brolly, level
[28/05/2010 19:22:27] /addskill Brolly, level
[28/05/2010 19:22:27] /addskill Brolly, level
[28/05/2010 19:22:27] /addskill Brolly, level
[28/05/2010 19:22:29] /addskill Brolly, level
[28/05/2010 19:22:31] /addskill Brolly, level
[28/05/2010 19:22:31] /addskill Brolly, level
[28/05/2010 19:22:31] /addskill Brolly, level
[28/05/2010 19:22:34] /addskill Brolly, level
[28/05/2010 19:22:36] /addskill Brolly, level
[28/05/2010 19:22:36] /addskill Brolly, level
[28/05/2010 19:22:37] /addskill Brolly, level
[28/05/2010 19:22:38] /addskill Brolly, level
[28/05/2010 19:22:38] /addskill Brolly, level
[28/05/2010 19:22:46] /addskill Brolly, level
[28/05/2010 19:22:46] /addskill Brolly, level
[28/05/2010 19:22:47] /addskill Brolly, level
[28/05/2010 19:22:47] /addskill Brolly, level
[28/05/2010 19:22:47] /addskill Brolly, level
[28/05/2010 19:22:48] /addskill Brolly, level
[28/05/2010 19:22:48] /addskill Brolly, level
[28/05/2010 19:22:48] /addskill Brolly, level
[28/05/2010 19:22:48] /addskill Brolly, level
[28/05/2010 19:22:48] /addskill Brolly, level
[28/05/2010 19:22:48] /addskill Brolly, level
[28/05/2010 19:22:48] /addskill Brolly, level
[28/05/2010 19:22:49] /addskill Brolly, level
[28/05/2010 19:22:49] /addskill Brolly, level
[28/05/2010 19:22:49] /addskill Brolly, level
[28/05/2010 19:22:49] /addskill Brolly, level
[28/05/2010 19:22:49] /addskill Brolly, level
[28/05/2010 19:22:49] /addskill Brolly, level
[28/05/2010 19:22:49] /addskill Brolly, level
[28/05/2010 19:22:49] /addskill Brolly, level
[28/05/2010 19:22:49] /addskill Brolly, level
[28/05/2010 19:22:49] /addskill Brolly, level
[28/05/2010 19:22:49] /addskill Brolly, level
[28/05/2010 19:22:49] /addskill Brolly, level
[28/05/2010 19:22:49] /addskill Brolly, level
[28/05/2010 19:22:49] /addskill Brolly, level
[28/05/2010 19:22:49] /addskill Brolly, level
[28/05/2010 19:22:49] /addskill Brolly, level
[28/05/2010 19:22:49] /addskill Brolly, level
[28/05/2010 19:22:49] /addskill Brolly, level
[28/05/2010 19:22:49] /addskill Brolly, level
[28/05/2010 19:22:49] /addskill Brolly, level
[28/05/2010 19:22:49] /addskill Brolly, level
[28/05/2010 19:22:49] /addskill Brolly, level
[28/05/2010 19:22:49] /addskill Brolly, level
[28/05/2010 19:22:49] /addskill Brolly, level
[28/05/2010 19:22:49] /addskill Brolly, level
[28/05/2010 19:22:49] /addskill Brolly, level
[28/05/2010 19:22:49] /addskill Brolly, level
[28/05/2010 19:22:49] /addskill Brolly, level
[28/05/2010 19:22:49] /addskill Brolly, level
[28/05/2010 19:22:49] /addskill Brolly, level
[28/05/2010 19:22:49] /addskill Brolly, level
[28/05/2010 19:22:49] /addskill Brolly, level
[28/05/2010 19:22:49] /addskill Brolly, level
[28/05/2010 19:22:49] /addskill Brolly, level
[28/05/2010 19:22:49] /addskill Brolly, level
[28/05/2010 19:22:49] /addskill Brolly, level
[28/05/2010 19:22:49] /addskill Brolly, level
[28/05/2010 19:22:50] /addskill Brolly, level
[28/05/2010 19:22:50] /addskill Brolly, level
[28/05/2010 19:22:50] /addskill Brolly, level
[28/05/2010 19:22:50] /addskill Brolly, level
[28/05/2010 19:22:50] /addskill Brolly, level
[28/05/2010 19:22:50] /addskill Brolly, level
[28/05/2010 19:22:50] /addskill Brolly, level
[28/05/2010 19:22:50] /addskill Brolly, level
[28/05/2010 19:22:50] /addskill Brolly, level
[28/05/2010 19:22:50] /addskill Brolly, level
[28/05/2010 19:22:50] /addskill Brolly, level
[28/05/2010 19:22:50] /addskill Brolly, level
[28/05/2010 19:22:50] /addskill Brolly, level
[28/05/2010 19:22:50] /addskill Brolly, level
[28/05/2010 19:22:50] /addskill Brolly, level
[28/05/2010 19:22:50] /addskill Brolly, level
[28/05/2010 19:22:50] /addskill Brolly, level
[28/05/2010 19:22:50] /addskill Brolly, level
[28/05/2010 19:22:50] /addskill Brolly, level
[28/05/2010 19:22:50] /addskill Brolly, level
[28/05/2010 19:22:50] /addskill Brolly, level
[28/05/2010 19:22:50] /addskill Brolly, level
[28/05/2010 19:22:50] /addskill Brolly, level
[28/05/2010 19:22:50] /addskill Brolly, level
[28/05/2010 19:22:51] /addskill Brolly, level
[28/05/2010 19:22:51] /addskill Brolly, level
[28/05/2010 19:22:51] /addskill Brolly, level
[28/05/2010 19:22:51] /addskill Brolly, level
[28/05/2010 19:22:51] /addskill Brolly, level
[28/05/2010 19:22:51] /addskill Brolly, level
[28/05/2010 19:22:51] /addskill Brolly, level
[28/05/2010 19:22:51] /addskill Brolly, level
[28/05/2010 19:22:51] /addskill Brolly, level
[28/05/2010 19:22:51] /addskill Brolly, level
[28/05/2010 19:22:51] /addskill Brolly, level
[28/05/2010 19:22:51] /addskill Brolly, level
[28/05/2010 19:22:51] /addskill Brolly, level
[28/05/2010 19:22:51] /addskill Brolly, level
[28/05/2010 19:22:51] /addskill Brolly, level
[28/05/2010 19:22:51] /addskill Brolly, level
[28/05/2010 19:22:51] /addskill Brolly, level
[28/05/2010 19:22:51] /addskill Brolly, level
[28/05/2010 19:22:51] /addskill Brolly, level
[28/05/2010 19:22:51] /addskill Brolly, level
[28/05/2010 19:22:51] /addskill Brolly, level
[28/05/2010 19:22:51] /addskill Brolly, level
[28/05/2010 19:22:51] /addskill Brolly, level
[28/05/2010 19:22:51] /addskill Brolly, level
[28/05/2010 19:22:51] /addskill Brolly, level
[28/05/2010 19:22:51] /addskill Brolly, level
[28/05/2010 19:22:51] /addskill Brolly, level
[28/05/2010 19:22:51] /addskill Brolly, level
[28/05/2010 19:22:52] /addskill Brolly, level
[28/05/2010 19:22:52] /addskill Brolly, level
[28/05/2010 19:22:52] /addskill Brolly, level
[28/05/2010 19:22:52] /addskill Brolly, level
[28/05/2010 19:22:52] /addskill Brolly, level
[28/05/2010 19:22:52] /addskill Brolly, level
[28/05/2010 19:22:52] /addskill Brolly, level
[28/05/2010 19:22:52] /addskill Brolly, level
[28/05/2010 19:22:53] /addskill Brolly, level
[28/05/2010 19:22:53] /addskill Brolly, level
[28/05/2010 19:22:53] /addskill Brolly, level
[28/05/2010 19:22:53] /addskill Brolly, level
[28/05/2010 19:22:53] /addskill Brolly, level
[28/05/2010 19:22:53] /addskill Brolly, level
[28/05/2010 19:22:53] /addskill Brolly, level
[28/05/2010 19:22:53] /addskill Brolly, level
[28/05/2010 19:22:53] /addskill Brolly, level
[28/05/2010 19:22:53] /addskill Brolly, level
[28/05/2010 19:22:53] /addskill Brolly, level
[28/05/2010 19:22:54] /addskill Brolly, level
[28/05/2010 19:22:54] /addskill Brolly, level
[28/05/2010 19:22:54] /addskill Brolly, level
[28/05/2010 19:22:54] /addskill Brolly, level
[28/05/2010 19:22:54] /addskill Brolly, level
[28/05/2010 19:22:54] /addskill Brolly, level
[28/05/2010 19:22:54] /addskill Brolly, level
[28/05/2010 19:22:54] /addskill Brolly, level
[28/05/2010 19:22:54] /addskill Brolly, level
[28/05/2010 19:22:54] /addskill Brolly, level
[28/05/2010 19:22:54] /addskill Brolly, level
[28/05/2010 19:22:54] /addskill Brolly, level
[28/05/2010 19:22:54] /addskill Brolly, level
[28/05/2010 19:22:54] /addskill Brolly, level
[28/05/2010 19:23:11] /addskill Brolly, magic
[28/05/2010 19:23:11] /addskill Brolly, magic
[28/05/2010 19:23:12] /addskill Brolly, magic
[28/05/2010 19:23:12] /addskill Brolly, magic
[28/05/2010 19:23:12] /addskill Brolly, magic
[28/05/2010 19:23:12] /addskill Brolly, magic
[28/05/2010 19:23:13] /addskill Brolly, magic
[28/05/2010 19:23:13] /addskill Brolly, magic
[28/05/2010 19:23:13] /addskill Brolly, magic
[28/05/2010 19:23:13] /addskill Brolly, magic
[28/05/2010 19:23:13] /addskill Brolly, magic
[28/05/2010 19:23:13] /addskill Brolly, magic
[28/05/2010 19:23:13] /addskill Brolly, magic
[28/05/2010 19:23:13] /addskill Brolly, magic
[28/05/2010 19:23:13] /addskill Brolly, magic
[28/05/2010 19:23:13] /addskill Brolly, magic
[28/05/2010 19:23:13] /addskill Brolly, magic
[28/05/2010 19:23:13] /addskill Brolly, magic
[28/05/2010 19:23:13] /addskill Brolly, magic
[28/05/2010 19:23:13] /addskill Brolly, magic
[28/05/2010 19:23:13] /addskill Brolly, magic
[28/05/2010 19:23:13] /addskill Brolly, magic
[28/05/2010 19:23:38] /addskill Brolly, sword
[28/05/2010 19:23:38] /addskill Brolly, sword
[28/05/2010 19:23:38] /addskill Brolly, sword
[28/05/2010 19:23:38] /addskill Brolly, sword
[28/05/2010 19:23:38] /addskill Brolly, sword
[28/05/2010 19:23:39] /addskill Brolly, sword
[28/05/2010 19:23:39] /addskill Brolly, sword
[28/05/2010 19:23:39] /addskill Brolly, sword
[28/05/2010 19:23:39] /addskill Brolly, sword
[28/05/2010 19:23:39] /addskill Brolly, sword
[28/05/2010 19:23:39] /addskill Brolly, sword
[28/05/2010 19:23:39] /addskill Brolly, sword
[28/05/2010 19:23:39] /addskill Brolly, sword
[28/05/2010 19:23:39] /addskill Brolly, sword
[28/05/2010 19:23:39] /addskill Brolly, sword
[28/05/2010 19:23:39] /addskill Brolly, sword
[28/05/2010 19:23:39] /addskill Brolly, sword
[28/05/2010 19:23:39] /addskill Brolly, sword
[28/05/2010 19:23:39] /addskill Brolly, sword
[28/05/2010 19:23:39] /addskill Brolly, sword
[28/05/2010 19:23:39] /addskill Brolly, sword
[28/05/2010 19:23:39] /addskill Brolly, sword
[28/05/2010 19:23:39] /addskill Brolly, sword
[28/05/2010 19:23:39] /addskill Brolly, sword
[28/05/2010 19:23:39] /addskill Brolly, sword
[28/05/2010 19:23:39] /addskill Brolly, sword
[28/05/2010 19:23:39] /addskill Brolly, sword
[28/05/2010 19:23:39] /addskill Brolly, sword
[28/05/2010 19:23:39] /addskill Brolly, sword
[28/05/2010 19:23:39] /addskill Brolly, sword
[28/05/2010 19:23:40] /addskill Brolly, sword
[28/05/2010 19:23:40] /addskill Brolly, sword
[28/05/2010 19:23:40] /addskill Brolly, sword
[28/05/2010 19:23:40] /addskill Brolly, sword
[28/05/2010 19:23:40] /addskill Brolly, sword
[28/05/2010 19:23:40] /addskill Brolly, sword
[28/05/2010 19:23:40] /addskill Brolly, sword
[28/05/2010 19:23:40] /addskill Brolly, sword
[28/05/2010 19:23:40] /addskill Brolly, sword
[28/05/2010 19:23:40] /addskill Brolly, sword
[28/05/2010 19:23:40] /addskill Brolly, sword
[28/05/2010 19:23:40] /addskill Brolly, sword
[28/05/2010 19:23:40] /addskill Brolly, sword
[28/05/2010 19:23:40] /addskill Brolly, sword
[28/05/2010 19:23:40] /addskill Brolly, sword
[28/05/2010 19:23:40] /addskill Brolly, sword
[28/05/2010 19:23:40] /addskill Brolly, sword
[28/05/2010 19:23:40] /addskill Brolly, sword
[28/05/2010 19:23:40] /addskill Brolly, sword
[28/05/2010 19:23:40] /addskill Brolly, sword
[28/05/2010 19:23:40] /addskill Brolly, sword
[28/05/2010 19:23:40] /addskill Brolly, sword
[28/05/2010 19:23:41] /addskill Brolly, sword
[28/05/2010 19:23:41] /addskill Brolly, sword
[28/05/2010 19:23:41] /addskill Brolly, sword
[28/05/2010 19:23:41] /addskill Brolly, sword
[28/05/2010 19:23:41] /addskill Brolly, sword
[28/05/2010 19:23:41] /addskill Brolly, sword
[28/05/2010 19:23:41] /addskill Brolly, sword
[28/05/2010 19:23:41] /addskill Brolly, sword
[28/05/2010 19:23:41] /addskill Brolly, sword
[28/05/2010 19:23:42] /addskill Brolly, sword
[28/05/2010 19:23:42] /addskill Brolly, sword
[28/05/2010 19:23:42] /addskill Brolly, sword
[28/05/2010 19:23:42] /addskill Brolly, sword
[28/05/2010 19:23:42] /addskill Brolly, sword
[28/05/2010 19:23:42] /addskill Brolly, sword
[28/05/2010 19:23:42] /addskill Brolly, sword
[28/05/2010 19:23:42] /addskill Brolly, sword
[28/05/2010 19:23:42] /addskill Brolly, sword
[28/05/2010 19:23:42] /addskill Brolly, sword
[28/05/2010 19:23:42] /addskill Brolly, sword
[28/05/2010 19:23:42] /addskill Brolly, sword
[28/05/2010 19:23:42] /addskill Brolly, sword
[28/05/2010 19:23:42] /addskill Brolly, sword
[28/05/2010 19:23:42] /addskill Brolly, sword
[28/05/2010 19:23:42] /addskill Brolly, sword
[28/05/2010 19:23:42] /addskill Brolly, sword
[28/05/2010 19:23:42] /addskill Brolly, sword
[28/05/2010 19:23:42] /addskill Brolly, sword
[28/05/2010 19:23:42] /addskill Brolly, sword
[28/05/2010 19:23:42] /addskill Brolly, sword
[28/05/2010 19:23:42] /addskill Brolly, sword
[28/05/2010 19:23:43] /addskill Brolly, sword
[28/05/2010 19:23:43] /addskill Brolly, sword
[28/05/2010 19:23:43] /addskill Brolly, sword
[28/05/2010 19:23:43] /addskill Brolly, sword
[28/05/2010 19:23:43] /addskill Brolly, sword
[28/05/2010 19:23:43] /addskill Brolly, sword
[28/05/2010 19:23:43] /addskill Brolly, sword
[28/05/2010 19:23:43] /addskill Brolly, sword
[28/05/2010 19:23:44] /addskill Brolly, sword
[28/05/2010 19:23:45] /addskill Brolly, sword
[28/05/2010 19:23:45] /addskill Brolly, sword
[28/05/2010 19:23:45] /addskill Brolly, sword
[28/05/2010 19:23:45] /addskill Brolly, sword
[28/05/2010 19:23:46] /addskill Brolly, sword
[28/05/2010 19:23:46] /addskill Brolly, sword
[28/05/2010 19:23:46] /addskill Brolly, sword
[28/05/2010 19:23:47] /addskill Brolly, sword
[28/05/2010 19:23:47] /addskill Brolly, sword
[28/05/2010 19:23:47] /addskill Brolly, sword
[28/05/2010 19:23:47] /addskill Brolly, sword
[28/05/2010 19:29:02] /i 6132
[28/05/2010 19:43:42] /i 7417
[28/05/2010 19:44:07] /i 8932
[28/05/2010 19:44:23] /goto brolly
[28/05/2010 19:44:46] /i 2503
[28/05/2010 19:49:48] /goto brolly
[28/05/2010 19:50:10] /i 2160
[28/05/2010 20:09:48] /addskill testt, level
[28/05/2010 20:09:49] /addskill testt, level
[28/05/2010 20:09:49] /addskill testt, level
[28/05/2010 20:09:49] /addskill testt, level
[28/05/2010 20:09:49] /addskill testt, level
[28/05/2010 20:09:49] /addskill testt, level
[28/05/2010 20:09:49] /addskill testt, level
[28/05/2010 20:09:49] /addskill testt, level
[28/05/2010 20:09:49] /addskill testt, level
[28/05/2010 20:09:49] /addskill testt, level
[28/05/2010 20:09:49] /addskill testt, level
[28/05/2010 20:09:49] /addskill testt, level
[28/05/2010 20:09:49] /addskill testt, level
[28/05/2010 20:09:49] /addskill testt, level
[28/05/2010 20:09:49] /addskill testt, level
[28/05/2010 20:09:49] /addskill testt, level
[28/05/2010 20:09:49] /addskill testt, level
[28/05/2010 20:09:49] /addskill testt, level
[28/05/2010 20:09:49] /addskill testt, level
[28/05/2010 20:09:49] /addskill testt, level
[28/05/2010 20:09:50] /addskill testt, level
[28/05/2010 20:09:50] /addskill testt, level
[28/05/2010 20:09:50] /addskill testt, level
[28/05/2010 20:09:50] /addskill testt, level
[28/05/2010 20:09:50] /addskill testt, level
[28/05/2010 20:09:50] /addskill testt, level
[28/05/2010 20:09:50] /addskill testt, level
[28/05/2010 20:09:50] /addskill testt, level
[28/05/2010 20:09:50] /addskill testt, level
[28/05/2010 20:09:50] /addskill testt, level
[28/05/2010 20:09:50] /addskill testt, level
[28/05/2010 20:09:50] /addskill testt, level
[28/05/2010 20:09:50] /addskill testt, level
[28/05/2010 20:09:50] /addskill testt, level
[28/05/2010 20:09:50] /addskill testt, level
[28/05/2010 20:09:50] /addskill testt, level
[28/05/2010 20:09:50] /addskill testt, level
[28/05/2010 20:09:50] /addskill testt, level
[28/05/2010 20:09:50] /addskill testt, level
[28/05/2010 20:09:50] /addskill testt, level
[28/05/2010 20:09:50] /addskill testt, level
[28/05/2010 20:09:51] /addskill testt, level
[28/05/2010 20:09:51] /addskill testt, level
[28/05/2010 20:09:51] /addskill testt, level
[28/05/2010 20:09:51] /addskill testt, level
[28/05/2010 20:09:51] /addskill testt, level
[28/05/2010 20:09:51] /addskill testt, level
[28/05/2010 20:09:51] /addskill testt, level
[28/05/2010 20:09:51] /addskill testt, level
[28/05/2010 20:09:51] /addskill testt, level
[28/05/2010 20:09:51] /addskill testt, level
[28/05/2010 20:09:51] /addskill testt, level
[28/05/2010 20:09:51] /addskill testt, level
[28/05/2010 20:09:51] /addskill testt, level
[28/05/2010 20:09:52] /addskill testt, level
[28/05/2010 20:09:52] /addskill testt, level
[28/05/2010 20:09:52] /addskill testt, level
[28/05/2010 20:09:52] /addskill testt, level
[28/05/2010 20:09:53] /addskill testt, level
[28/05/2010 20:09:53] /addskill testt, level
[28/05/2010 20:09:53] /addskill testt, level
[28/05/2010 20:09:53] /addskill testt, level
[28/05/2010 20:09:54] /addskill testt, level
[28/05/2010 20:09:54] /addskill testt, level
[28/05/2010 20:09:54] /addskill testt, level
[28/05/2010 20:09:55] /addskill testt, level
[28/05/2010 20:09:55] /addskill testt, level
[28/05/2010 20:09:55] /addskill testt, level
[28/05/2010 20:09:55] /addskill testt, level
[28/05/2010 20:09:56] /addskill testt, level
[28/05/2010 20:09:56] /addskill testt, level
[28/05/2010 20:09:56] /addskill testt, level
[28/05/2010 20:09:56] /addskill testt, level
[28/05/2010 20:09:56] /addskill testt, level
[28/05/2010 20:09:56] /addskill testt, level
[28/05/2010 20:09:57] /addskill testt, level
[28/05/2010 20:09:57] /addskill testt, level
[28/05/2010 20:09:57] /addskill testt, level
[28/05/2010 20:09:57] /addskill testt, level
[28/05/2010 20:09:57] /addskill testt, level
[28/05/2010 20:09:57] /addskill testt, level
[28/05/2010 20:09:57] /addskill testt, level
[28/05/2010 20:09:57] /addskill testt, level
[28/05/2010 20:09:57] /addskill testt, level
[28/05/2010 20:09:58] /addskill testt, level
[28/05/2010 20:09:58] /addskill testt, level
[28/05/2010 20:09:58] /addskill testt, level
[28/05/2010 20:09:58] /addskill testt, level
[28/05/2010 20:09:58] /addskill testt, level
[28/05/2010 20:09:59] /addskill testt, level
[28/05/2010 20:09:59] /addskill testt, level
[28/05/2010 20:09:59] /addskill testt, level
[28/05/2010 20:09:59] /addskill testt, level
[28/05/2010 20:09:59] /addskill testt, level
[28/05/2010 20:09:59] /addskill testt, level
[28/05/2010 20:09:59] /addskill testt, level
[28/05/2010 20:09:59] /addskill testt, level
[28/05/2010 20:09:59] /addskill testt, level
[28/05/2010 20:09:59] /addskill testt, level
[28/05/2010 20:10:00] /addskill testt, level
[28/05/2010 20:10:00] /addskill testt, level
[28/05/2010 20:10:00] /addskill testt, level
[28/05/2010 20:10:00] /addskill testt, level
[28/05/2010 20:10:00] /addskill testt, level
[28/05/2010 20:10:00] /addskill testt, level
[28/05/2010 20:10:00] /addskill testt, level
[28/05/2010 20:10:00] /addskill testt, level
[28/05/2010 20:10:00] /addskill testt, level
[28/05/2010 20:10:00] /addskill testt, level
[28/05/2010 20:10:00] /addskill testt, level
[28/05/2010 20:10:00] /addskill testt, level
[28/05/2010 20:10:00] /addskill testt, level
[28/05/2010 20:10:00] /addskill testt, level
[28/05/2010 20:10:00] /addskill testt, level
[28/05/2010 20:10:00] /addskill testt, level
[28/05/2010 20:10:00] /addskill testt, level
[28/05/2010 20:10:00] /addskill testt, level
[28/05/2010 20:10:01] /addskill testt, level
[28/05/2010 20:10:01] /addskill testt, level
[28/05/2010 20:10:01] /addskill testt, level
[28/05/2010 20:10:01] /addskill testt, level
[28/05/2010 20:10:01] /addskill testt, level
[28/05/2010 20:10:01] /addskill testt, level
[28/05/2010 20:10:01] /addskill testt, level
[28/05/2010 20:10:01] /addskill testt, level
[28/05/2010 20:10:01] /addskill testt, level
[28/05/2010 20:10:01] /addskill testt, level
[28/05/2010 20:10:01] /addskill testt, level
[28/05/2010 20:10:01] /addskill testt, level
[28/05/2010 20:10:01] /addskill testt, level
[28/05/2010 20:10:01] /addskill testt, level
[28/05/2010 20:10:01] /addskill testt, level
[28/05/2010 20:10:01] /addskill testt, level
[28/05/2010 20:10:02] /addskill testt, level
[28/05/2010 20:10:02] /addskill testt, level
[28/05/2010 20:10:02] /addskill testt, level
[28/05/2010 20:10:02] /addskill testt, level
[28/05/2010 20:10:02] /addskill testt, level
[28/05/2010 20:10:02] /addskill testt, level
[28/05/2010 20:10:02] /addskill testt, level
[28/05/2010 20:10:02] /addskill testt, level
[28/05/2010 20:10:02] /addskill testt, level
[28/05/2010 20:10:02] /addskill testt, level
[28/05/2010 20:10:03] /addskill testt, level
[28/05/2010 20:10:03] /addskill testt, level
[28/05/2010 20:10:03] /addskill testt, level
[28/05/2010 20:10:03] /addskill testt, level
[28/05/2010 20:10:03] /addskill testt, level
[28/05/2010 20:10:03] /addskill testt, level
[28/05/2010 20:10:03] /addskill testt, level
[28/05/2010 20:10:03] /addskill testt, level
[28/05/2010 20:10:03] /addskill testt, level
[28/05/2010 20:10:03] /addskill testt, level
[28/05/2010 20:10:03] /addskill testt, level
[28/05/2010 20:10:03] /addskill testt, level
[28/05/2010 20:10:03] /addskill testt, level
[28/05/2010 20:10:03] /addskill testt, level
[28/05/2010 20:10:04] /addskill testt, level
[28/05/2010 20:10:04] /addskill testt, level
[28/05/2010 20:10:04] /addskill testt, level
[28/05/2010 20:10:04] /addskill testt, level
[28/05/2010 20:10:04] /addskill testt, level
[28/05/2010 20:10:04] /addskill testt, level
[28/05/2010 20:10:04] /addskill testt, level
[28/05/2010 20:10:04] /addskill testt, level
[28/05/2010 20:10:04] /addskill testt, level
[28/05/2010 20:10:04] /addskill testt, level
[28/05/2010 20:10:04] /addskill testt, level
[28/05/2010 20:10:04] /addskill testt, level
[28/05/2010 20:10:04] /addskill testt, level
[28/05/2010 20:10:04] /addskill testt, level
[28/05/2010 20:10:05] /addskill testt, level
[28/05/2010 20:10:05] /addskill testt, level
[28/05/2010 20:10:05] /addskill testt, level
[28/05/2010 20:10:05] /addskill testt, level
[28/05/2010 20:10:05] /addskill testt, level
[28/05/2010 20:10:05] /addskill testt, level
[28/05/2010 20:10:05] /addskill testt, level
[28/05/2010 20:10:05] /addskill testt, level
[28/05/2010 20:10:05] /addskill testt, level
[28/05/2010 20:10:06] /addskill testt, level
[28/05/2010 20:10:06] /addskill testt, level
[28/05/2010 20:10:06] /addskill testt, level
[28/05/2010 20:10:06] /addskill testt, level
[28/05/2010 20:10:06] /addskill testt, level
[28/05/2010 20:10:06] /addskill testt, level
[28/05/2010 20:10:06] /addskill testt, level
[28/05/2010 20:10:06] /addskill testt, level
[28/05/2010 20:10:06] /addskill testt, level
[28/05/2010 20:10:06] /addskill testt, level
[28/05/2010 20:10:07] /addskill testt, level
[28/05/2010 20:10:07] /addskill testt, level
[28/05/2010 20:10:07] /addskill testt, level
[28/05/2010 20:10:07] /addskill testt, level
[28/05/2010 20:10:07] /addskill testt, level
[28/05/2010 20:10:07] /addskill testt, level
[28/05/2010 20:10:07] /addskill testt, level
[28/05/2010 20:10:07] /addskill testt, level
[28/05/2010 20:10:07] /addskill testt, level
[28/05/2010 20:10:19] /addskill testt, distance
[28/05/2010 20:10:19] /addskill testt, distance
[28/05/2010 20:10:19] /addskill testt, distance
[28/05/2010 20:10:19] /addskill testt, distance
[28/05/2010 20:10:19] /addskill testt, distance
[28/05/2010 20:10:19] /addskill testt, distance
[28/05/2010 20:10:19] /addskill testt, distance
[28/05/2010 20:10:19] /addskill testt, distance
[28/05/2010 20:10:19] /addskill testt, distance
[28/05/2010 20:10:19] /addskill testt, distance
[28/05/2010 20:10:19] /addskill testt, distance
[28/05/2010 20:10:19] /addskill testt, distance
[28/05/2010 20:10:19] /addskill testt, distance
[28/05/2010 20:10:20] /addskill testt, distance
[28/05/2010 20:10:20] /addskill testt, distance
[28/05/2010 20:10:20] /addskill testt, distance
[28/05/2010 20:10:20] /addskill testt, distance
[28/05/2010 20:10:20] /addskill testt, distance
[28/05/2010 20:10:20] /addskill testt, distance
[28/05/2010 20:10:20] /addskill testt, distance
[28/05/2010 20:10:20] /addskill testt, distance
[28/05/2010 20:10:20] /addskill testt, distance
[28/05/2010 20:10:20] /addskill testt, distance
[28/05/2010 20:10:20] /addskill testt, distance
[28/05/2010 20:10:20] /addskill testt, distance
[28/05/2010 20:10:20] /addskill testt, distance
[28/05/2010 20:10:20] /addskill testt, distance
[28/05/2010 20:10:20] /addskill testt, distance
[28/05/2010 20:10:20] /addskill testt, distance
[28/05/2010 20:10:21] /addskill testt, distance
[28/05/2010 20:10:21] /addskill testt, distance
[28/05/2010 20:10:21] /addskill testt, distance
[28/05/2010 20:10:21] /addskill testt, distance
[28/05/2010 20:10:21] /addskill testt, distance
[28/05/2010 20:10:21] /addskill testt, distance
[28/05/2010 20:10:21] /addskill testt, distance
[28/05/2010 20:10:21] /addskill testt, distance
[28/05/2010 20:10:21] /addskill testt, distance
[28/05/2010 20:10:21] /addskill testt, distance
[28/05/2010 20:10:21] /addskill testt, distance
[28/05/2010 20:10:21] /addskill testt, distance
[28/05/2010 20:10:21] /addskill testt, distance
[28/05/2010 20:10:21] /addskill testt, distance
[28/05/2010 20:10:21] /addskill testt, distance
[28/05/2010 20:10:21] /addskill testt, distance
[28/05/2010 20:10:21] /addskill testt, distance
[28/05/2010 20:10:22] /addskill testt, distance
[28/05/2010 20:10:22] /addskill testt, distance
[28/05/2010 20:10:22] /addskill testt, distance
[28/05/2010 20:10:22] /addskill testt, distance
[28/05/2010 20:10:22] /addskill testt, distance
[28/05/2010 20:10:22] /addskill testt, distance
[28/05/2010 20:10:22] /addskill testt, distance
[28/05/2010 20:10:22] /addskill testt, distance
[28/05/2010 20:10:22] /addskill testt, distance
[28/05/2010 20:10:22] /addskill testt, distance
[28/05/2010 20:10:22] /addskill testt, distance
[28/05/2010 20:10:22] /addskill testt, distance
[28/05/2010 20:10:22] /addskill testt, distance
[28/05/2010 20:10:23] /addskill testt, distance
[28/05/2010 20:10:23] /addskill testt, distance
[28/05/2010 20:10:23] /addskill testt, distance
[28/05/2010 20:10:23] /addskill testt, distance
[28/05/2010 20:10:23] /addskill testt, distance
[28/05/2010 20:10:23] /addskill testt, distance
[28/05/2010 20:10:23] /addskill testt, distance
[28/05/2010 20:10:23] /addskill testt, distance
[28/05/2010 20:10:23] /addskill testt, distance
[28/05/2010 20:10:23] /addskill testt, distance
[28/05/2010 20:10:23] /addskill testt, distance
[28/05/2010 20:10:23] /addskill testt, distance
[28/05/2010 20:10:23] /addskill testt, distance
[28/05/2010 20:10:23] /addskill testt, distance
[28/05/2010 20:10:23] /addskill testt, distance
[28/05/2010 20:10:23] /addskill testt, distance
[28/05/2010 20:10:23] /addskill testt, distance
[28/05/2010 20:10:23] /addskill testt, distance
[28/05/2010 20:10:23] /addskill testt, distance
[28/05/2010 20:10:23] /addskill testt, distance
[28/05/2010 20:10:23] /addskill testt, distance
[28/05/2010 20:10:24] /addskill testt, distance
[28/05/2010 20:10:24] /addskill testt, distance
[28/05/2010 20:10:24] /addskill testt, distance
[28/05/2010 20:10:24] /addskill testt, distance
[28/05/2010 20:10:24] /addskill testt, distance
[28/05/2010 20:10:24] /addskill testt, distance
[28/05/2010 20:10:24] /addskill testt, distance
[28/05/2010 20:10:24] /addskill testt, distance
[28/05/2010 20:10:24] /addskill testt, distance
[28/05/2010 20:10:24] /addskill testt, distance
[28/05/2010 20:10:24] /addskill testt, distance
[28/05/2010 20:10:24] /addskill testt, distance
[28/05/2010 20:10:24] /addskill testt, distance
[28/05/2010 20:10:24] /addskill testt, distance
[28/05/2010 20:10:24] /addskill testt, distance
[28/05/2010 20:10:24] /addskill testt, distance
[28/05/2010 20:10:24] /addskill testt, distance
[28/05/2010 20:10:24] /addskill testt, distance
[28/05/2010 20:10:24] /addskill testt, distance
[28/05/2010 20:10:25] /addskill testt, distance
[28/05/2010 20:10:25] /addskill testt, distance
[28/05/2010 20:10:25] /addskill testt, distance
[28/05/2010 20:10:25] /addskill testt, distance
[28/05/2010 20:10:25] /addskill testt, distance
[28/05/2010 20:10:25] /addskill testt, distance
[28/05/2010 20:10:25] /addskill testt, distance
[28/05/2010 20:10:25] /addskill testt, distance
[28/05/2010 20:10:25] /addskill testt, distance
[28/05/2010 20:10:25] /addskill testt, distance
[28/05/2010 20:10:25] /addskill testt, distance
[28/05/2010 20:10:25] /addskill testt, distance
[28/05/2010 20:10:25] /addskill testt, distance
[28/05/2010 20:10:25] /addskill testt, distance
[28/05/2010 20:10:25] /addskill testt, distance
[28/05/2010 20:10:25] /addskill testt, distance
[28/05/2010 20:10:25] /addskill testt, distance
[28/05/2010 20:10:25] /addskill testt, distance
[28/05/2010 20:10:25] /addskill testt, distance
[28/05/2010 20:10:25] /addskill testt, distance
[28/05/2010 20:10:26] /addskill testt, distance
[28/05/2010 20:10:26] /addskill testt, distance
[28/05/2010 20:10:40] /addskill testt, magic
[28/05/2010 20:10:41] /addskill testt, magic
[28/05/2010 20:10:41] /addskill testt, magic
[28/05/2010 20:10:41] /addskill testt, magic
[28/05/2010 20:10:41] /addskill testt, magic
[28/05/2010 20:10:42] /addskill testt, magic
[28/05/2010 20:10:42] /addskill testt, magic
[28/05/2010 20:10:42] /addskill testt, magic
[28/05/2010 20:10:42] /addskill testt, magic
[28/05/2010 20:10:42] /addskill testt, magic
[28/05/2010 20:10:43] /addskill testt, magic
[28/05/2010 20:10:43] /addskill testt, magic
[28/05/2010 20:10:43] /addskill testt, magic
[28/05/2010 20:10:43] /addskill testt, magic
[28/05/2010 20:10:44] /addskill testt, magic
[28/05/2010 20:10:44] /addskill testt, magic
[28/05/2010 20:10:44] /addskill testt, magic
[28/05/2010 20:10:44] /addskill testt, magic
[28/05/2010 20:10:45] /addskill testt, magic
[28/05/2010 20:10:45] /addskill testt, magic
[28/05/2010 20:10:45] /addskill testt, magic
[28/05/2010 20:10:45] /addskill testt, magic
[28/05/2010 20:10:46] /addskill testt, magic
[28/05/2010 20:10:46] /addskill testt, magic
[28/05/2010 20:10:46] /addskill testt, magic
[28/05/2010 20:10:46] /addskill testt, magic
[28/05/2010 20:10:52] /i 2160
[28/05/2010 20:11:03] /i 8858
[28/05/2010 20:11:17] /i 2352
[28/05/2010 20:11:40] /i 2503
[28/05/2010 20:16:03] /n dark rodo
[28/05/2010 20:16:25] /i 2268
[28/05/2010 20:16:42] /i ultimate healing rune
[28/05/2010 20:22:21] /i 7410
[28/05/2010 20:24:27] /addskill Socerer, level
[28/05/2010 20:24:28] /addskill Socerer, level
[28/05/2010 20:24:30] /addskill Socerer, level
[28/05/2010 20:24:30] /addskill Socerer, level
[28/05/2010 20:24:31] /addskill Socerer, level
[28/05/2010 20:24:31] /addskill Socerer, level
[28/05/2010 20:24:31] /addskill Socerer, level
[28/05/2010 20:24:31] /addskill Socerer, level
[28/05/2010 20:24:31] /addskill Socerer, level
[28/05/2010 20:24:31] /addskill Socerer, level
[28/05/2010 20:24:32] /addskill Socerer, level
[28/05/2010 20:24:32] /addskill Socerer, level
[28/05/2010 20:24:32] /addskill Socerer, level
[28/05/2010 20:24:32] /addskill Socerer, level
[28/05/2010 20:24:32] /addskill Socerer, level
[28/05/2010 20:24:32] /addskill Socerer, level
[28/05/2010 20:24:32] /addskill Socerer, level
[28/05/2010 20:24:32] /addskill Socerer, level
[28/05/2010 20:24:33] /addskill Socerer, level
[28/05/2010 20:24:33] /addskill Socerer, level
[28/05/2010 20:24:33] /addskill Socerer, level
[28/05/2010 20:24:33] /addskill Socerer, level
[28/05/2010 20:24:33] /addskill Socerer, level
[28/05/2010 20:24:33] /addskill Socerer, level
[28/05/2010 20:24:33] /addskill Socerer, level
[28/05/2010 20:24:33] /addskill Socerer, level
[28/05/2010 20:24:33] /addskill Socerer, level
[28/05/2010 20:24:33] /addskill Socerer, level
[28/05/2010 20:24:33] /addskill Socerer, level
[28/05/2010 20:24:33] /addskill Socerer, level
[28/05/2010 20:24:33] /addskill Socerer, level
[28/05/2010 20:24:33] /addskill Socerer, level
[28/05/2010 20:24:34] /addskill Socerer, level
[28/05/2010 20:24:34] /addskill Socerer, level
[28/05/2010 20:24:34] /addskill Socerer, level
[28/05/2010 20:24:34] /addskill Socerer, level
[28/05/2010 20:24:34] /addskill Socerer, level
[28/05/2010 20:24:35] /addskill Socerer, level
[28/05/2010 20:24:35] /addskill Socerer, level
[28/05/2010 20:24:36] /addskill Socerer, level
[28/05/2010 20:24:36] /addskill Socerer, level
[28/05/2010 20:24:36] /addskill Socerer, level
[28/05/2010 20:24:36] /addskill Socerer, level
[28/05/2010 20:24:36] /addskill Socerer, level
[28/05/2010 20:24:36] /addskill Socerer, level
[28/05/2010 20:24:36] /addskill Socerer, level
[28/05/2010 20:24:36] /addskill Socerer, level
[28/05/2010 20:24:36] /addskill Socerer, level
[28/05/2010 20:24:36] /addskill Socerer, level
[28/05/2010 20:24:36] /addskill Socerer, level
[28/05/2010 20:24:36] /addskill Socerer, level
[28/05/2010 20:24:37] /addskill Socerer, level
[28/05/2010 20:24:38] /addskill Socerer, level
[28/05/2010 20:24:38] /addskill Socerer, level
[28/05/2010 20:24:38] /addskill Socerer, level
[28/05/2010 20:24:38] /addskill Socerer, level
[28/05/2010 20:24:38] /addskill Socerer, level
[28/05/2010 20:24:38] /addskill Socerer, level
[28/05/2010 20:24:38] /addskill Socerer, level
[28/05/2010 20:24:38] /addskill Socerer, level
[28/05/2010 20:24:38] /addskill Socerer, level
[28/05/2010 20:24:39] /addskill Socerer, level
[28/05/2010 20:24:39] /addskill Socerer, level
[28/05/2010 20:24:39] /addskill Socerer, level
[28/05/2010 20:24:40] /addskill Socerer, level
[28/05/2010 20:24:40] /addskill Socerer, level
[28/05/2010 20:24:41] /addskill Socerer, level
[28/05/2010 20:24:41] /addskill Socerer, level
[28/05/2010 20:24:41] /addskill Socerer, level
[28/05/2010 20:24:41] /addskill Socerer, level
[28/05/2010 20:24:42] /addskill Socerer, level
[28/05/2010 20:24:42] /addskill Socerer, level
[28/05/2010 20:24:42] /addskill Socerer, level
[28/05/2010 20:24:42] /addskill Socerer, level
[28/05/2010 20:24:43] /addskill Socerer, level
[28/05/2010 20:24:43] /addskill Socerer, level
[28/05/2010 20:24:43] /addskill Socerer, level
[28/05/2010 20:24:43] /addskill Socerer, level
[28/05/2010 20:24:44] /addskill Socerer, level
[28/05/2010 20:24:44] /addskill Socerer, level
[28/05/2010 20:24:44] /addskill Socerer, level
[28/05/2010 20:24:44] /addskill Socerer, level
[28/05/2010 20:24:45] /addskill Socerer, level
[28/05/2010 20:24:45] /addskill Socerer, level
[28/05/2010 20:24:45] /addskill Socerer, level
[28/05/2010 20:24:46] /addskill Socerer, level
[28/05/2010 20:24:46] /addskill Socerer, level
[28/05/2010 20:24:46] /addskill Socerer, level
[28/05/2010 20:24:47] /addskill Socerer, level
[28/05/2010 20:24:47] /addskill Socerer, level
[28/05/2010 20:24:47] /addskill Socerer, level
[28/05/2010 20:24:47] /addskill Socerer, level
[28/05/2010 20:25:23] /addskill Socerer, magic
[28/05/2010 20:25:24] /addskill Socerer, magic
[28/05/2010 20:25:24] /addskill Socerer, magic
[28/05/2010 20:25:24] /addskill Socerer, magic
[28/05/2010 20:25:24] /addskill Socerer, magic
[28/05/2010 20:25:24] /addskill Socerer, magic
[28/05/2010 20:25:24] /addskill Socerer, magic
[28/05/2010 20:25:24] /addskill Socerer, magic
[28/05/2010 20:25:25] /addskill Socerer, magic
[28/05/2010 20:25:25] /addskill Socerer, magic
[28/05/2010 20:25:25] /addskill Socerer, magic
[28/05/2010 20:25:25] /addskill Socerer, magic
[28/05/2010 20:25:26] /addskill Socerer, magic
[28/05/2010 20:25:26] /addskill Socerer, magic
[28/05/2010 20:25:26] /addskill Socerer, magic
[28/05/2010 20:25:26] /addskill Socerer, magic
[28/05/2010 20:25:26] /addskill Socerer, magic
[28/05/2010 20:25:26] /addskill Socerer, magic
[28/05/2010 20:25:26] /addskill Socerer, magic
[28/05/2010 20:25:27] /addskill Socerer, magic
[28/05/2010 20:25:27] /addskill Socerer, magic
[28/05/2010 20:25:27] /addskill Socerer, magic
[28/05/2010 20:25:27] /addskill Socerer, magic
[28/05/2010 20:25:27] /addskill Socerer, magic
[28/05/2010 20:25:27] /addskill Socerer, magic
[28/05/2010 20:25:27] /addskill Socerer, magic
[28/05/2010 20:25:27] /addskill Socerer, magic
[28/05/2010 20:25:27] /addskill Socerer, magic
[28/05/2010 20:25:27] /addskill Socerer, magic
[28/05/2010 20:25:27] /addskill Socerer, magic
[28/05/2010 20:25:27] /addskill Socerer, magic
[28/05/2010 20:25:27] /addskill Socerer, magic
[28/05/2010 20:25:27] /addskill Socerer, magic
[28/05/2010 20:25:27] /addskill Socerer, magic
[28/05/2010 20:25:27] /addskill Socerer, magic
[28/05/2010 20:25:27] /addskill Socerer, magic
[28/05/2010 20:25:27] /addskill Socerer, magic
[28/05/2010 20:25:27] /addskill Socerer, magic
[28/05/2010 20:25:27] /addskill Socerer, magic
[28/05/2010 20:25:27] /addskill Socerer, magic
[28/05/2010 20:25:27] /addskill Socerer, magic
[28/05/2010 20:25:27] /addskill Socerer, magic
[28/05/2010 20:25:28] /addskill Socerer, magic
[28/05/2010 20:25:28] /addskill Socerer, magic
[28/05/2010 20:25:28] /addskill Socerer, magic
[28/05/2010 20:25:28] /addskill Socerer, magic
[28/05/2010 20:25:28] /addskill Socerer, magic
[28/05/2010 20:25:28] /addskill Socerer, magic
[28/05/2010 20:25:28] /addskill Socerer, magic
[28/05/2010 20:25:28] /addskill Socerer, magic
[28/05/2010 20:25:28] /addskill Socerer, magic
[28/05/2010 20:25:28] /addskill Socerer, magic
[28/05/2010 20:25:28] /addskill Socerer, magic
[28/05/2010 20:25:28] /addskill Socerer, magic
[28/05/2010 20:25:28] /addskill Socerer, magic
[28/05/2010 20:25:28] /addskill Socerer, magic
[28/05/2010 20:25:28] /addskill Socerer, magic
[28/05/2010 20:25:28] /addskill Socerer, magic
[28/05/2010 20:25:28] /addskill Socerer, magic
[28/05/2010 20:25:28] /addskill Socerer, magic
[28/05/2010 20:25:28] /addskill Socerer, magic
[28/05/2010 20:25:29] /addskill Socerer, magic
[28/05/2010 20:25:29] /addskill Socerer, magic
[28/05/2010 20:25:29] /addskill Socerer, magic
[28/05/2010 20:25:29] /addskill Socerer, magic
[28/05/2010 20:25:29] /addskill Socerer, magic
[28/05/2010 20:25:29] /addskill Socerer, magic
[28/05/2010 20:25:29] /addskill Socerer, magic
[28/05/2010 20:25:29] /addskill Socerer, magic
[28/05/2010 20:25:29] /addskill Socerer, magic
[28/05/2010 20:25:29] /addskill Socerer, magic
[28/05/2010 20:25:29] /addskill Socerer, magic
[28/05/2010 20:25:30] /addskill Socerer, magic
[28/05/2010 20:25:30] /addskill Socerer, magic
[28/05/2010 20:25:30] /addskill Socerer, magic
[28/05/2010 20:25:30] /addskill Socerer, magic
[28/05/2010 20:25:30] /addskill Socerer, magic
[28/05/2010 20:25:30] /addskill Socerer, magic
[28/05/2010 20:25:30] /addskill Socerer, magic
[28/05/2010 20:25:30] /addskill Socerer, magic
[28/05/2010 20:25:30] /addskill Socerer, magic
[28/05/2010 20:25:30] /addskill Socerer, magic
[28/05/2010 20:25:31] /addskill Socerer, magic
[28/05/2010 20:25:31] /addskill Socerer, magic
[28/05/2010 20:25:31] /addskill Socerer, magic
[28/05/2010 20:25:31] /addskill Socerer, magic
[28/05/2010 20:25:31] /addskill Socerer, magic
[28/05/2010 20:25:31] /addskill Socerer, magic
[28/05/2010 20:25:31] /addskill Socerer, magic
[28/05/2010 20:25:31] /addskill Socerer, magic
[28/05/2010 20:25:31] /addskill Socerer, magic
[28/05/2010 20:25:31] /addskill Socerer, magic
[28/05/2010 20:25:31] /addskill Socerer, magic
[28/05/2010 20:25:31] /addskill Socerer, magic
[28/05/2010 20:25:31] /addskill Socerer, magic
[28/05/2010 20:25:31] /addskill Socerer, magic
[28/05/2010 20:25:31] /addskill Socerer, magic
[28/05/2010 20:25:31] /addskill Socerer, magic
[28/05/2010 20:25:31] /addskill Socerer, magic
[28/05/2010 20:25:31] /addskill Socerer, magic
[28/05/2010 20:25:31] /addskill Socerer, magic
[28/05/2010 20:25:31] /addskill Socerer, magic
[28/05/2010 20:25:31] /addskill Socerer, magic
[28/05/2010 20:25:31] /addskill Socerer, magic
[28/05/2010 20:25:32] /addskill Socerer, magic
[28/05/2010 20:25:32] /addskill Socerer, magic
[28/05/2010 20:25:32] /addskill Socerer, magic
[28/05/2010 20:25:32] /addskill Socerer, magic
[28/05/2010 20:25:32] /addskill Socerer, magic
[28/05/2010 20:25:32] /addskill Socerer, magic
[28/05/2010 20:25:32] /addskill Socerer, magic
[28/05/2010 20:25:32] /addskill Socerer, magic
[28/05/2010 20:25:32] /addskill Socerer, magic
[28/05/2010 20:25:32] /addskill Socerer, magic
[28/05/2010 20:25:32] /addskill Socerer, magic
[28/05/2010 20:25:32] /addskill Socerer, magic
[28/05/2010 20:25:32] /addskill Socerer, magic
[28/05/2010 20:26:19] /addskill Socerer, level
[28/05/2010 20:26:20] /addskill Socerer, level
[28/05/2010 20:26:20] /addskill Socerer, level
[28/05/2010 20:26:20] /addskill Socerer, level
[28/05/2010 20:26:20] /addskill Socerer, level
[28/05/2010 20:26:20] /addskill Socerer, level
[28/05/2010 20:26:20] /addskill Socerer, level
[28/05/2010 20:26:20] /addskill Socerer, level
[28/05/2010 20:26:20] /addskill Socerer, level
[28/05/2010 20:26:20] /addskill Socerer, level
[28/05/2010 20:26:20] /addskill Socerer, level
[28/05/2010 20:26:20] /addskill Socerer, level
[28/05/2010 20:26:20] /addskill Socerer, level
[28/05/2010 20:26:20] /addskill Socerer, level
[28/05/2010 20:26:20] /addskill Socerer, level
[28/05/2010 20:26:20] /addskill Socerer, level
[28/05/2010 20:26:21] /addskill Socerer, level
[28/05/2010 20:26:21] /addskill Socerer, level
[28/05/2010 20:26:21] /addskill Socerer, level
[28/05/2010 20:26:21] /addskill Socerer, level
[28/05/2010 20:26:21] /addskill Socerer, level
[28/05/2010 20:26:21] /addskill Socerer, level
[28/05/2010 20:26:21] /addskill Socerer, level
[28/05/2010 20:26:21] /addskill Socerer, level
[28/05/2010 20:26:21] /addskill Socerer, level
[28/05/2010 20:26:21] /addskill Socerer, level
[28/05/2010 20:26:21] /addskill Socerer, level
[28/05/2010 20:26:21] /addskill Socerer, level
[28/05/2010 20:26:21] /addskill Socerer, level
[28/05/2010 20:26:21] /addskill Socerer, level
[28/05/2010 20:26:21] /addskill Socerer, level
[28/05/2010 20:26:21] /addskill Socerer, level
[28/05/2010 20:26:21] /addskill Socerer, level
[28/05/2010 20:26:21] /addskill Socerer, level
[28/05/2010 20:26:21] /addskill Socerer, level
[28/05/2010 20:27:05] /i 2268
[28/05/2010 20:29:19] /i 7735
[28/05/2010 21:14:55] /i 2160
[29/05/2010 18:27:59] /i 2160
[29/05/2010 18:34:32] /i 2160
[29/05/2010 19:08:31] /addvip Testt,1
[29/05/2010 19:08:37] /addvip Testt,1
[29/05/2010 19:09:03] /delvip Socerer,1
[29/05/2010 19:10:51] /i 2160
[29/05/2010 19:10:54] /i 2160
[29/05/2010 20:30:31] /i 2160
[29/05/2010 20:32:27] /i 2160
[29/05/2010 20:32:29] /i 2160
[30/05/2010 05:16:09] /r
[30/05/2010 05:16:11] /t
[30/05/2010 05:16:36] /i ultimate healing rune
[30/05/2010 20:26:42] /t
[30/05/2010 20:27:07] /i ultimate healing rune
[30/05/2010 20:27:16] /i ultimate healing rune
[30/05/2010 20:27:17] /i ultimate healing rune
[31/05/2010 07:40:36] /i ultimate healing rune
[01/06/2010 17:26:54] /i 7735
[01/06/2010 17:31:57] /newtype 335
[01/06/2010 17:32:03] /newtype 336
[01/06/2010 17:32:07] /newtype 335
[01/06/2010 17:32:20] /newtype 336
[01/06/2010 17:32:32] /newtype 335
[02/06/2010 05:17:28] /t
[02/06/2010 05:36:13] /a 2
[02/06/2010 05:37:15] /a 2
[02/06/2010 05:37:27] /a 2
[02/06/2010 05:37:39] /a 2
[02/06/2010 05:37:40] /a 2
[02/06/2010 05:37:42] /a 2
[02/06/2010 05:41:07] /clean
[02/06/2010 05:43:57] /i 7410
[02/06/2010 05:46:08] /i 7423
[02/06/2010 05:46:45] /i 8932
[02/06/2010 05:47:14] /i 8925
[02/06/2010 07:09:36] /t
[02/06/2010 07:12:01] /m bug
[02/06/2010 07:14:10] /t
[02/06/2010 07:17:21] /i ultimate healing hur
[02/06/2010 07:17:45] /i ultimate healing hune
[02/06/2010 07:17:50] /i ultimate healing rune
[08/06/2010 20:52:02] /i 2160
[08/06/2010 20:52:39] /i coconut shoes
[08/06/2010 20:53:58] /i 335
[08/06/2010 20:54:07] /newtype 335
[08/06/2010 20:54:11] /newtype 336
[08/06/2010 20:54:17] /newtype 335
[08/06/2010 20:54:27] /t
[08/06/2010 20:54:34] /i 2160
[08/06/2010 20:54:35] /i 2160
[08/06/2010 20:54:36] /i 2160
[08/06/2010 20:54:48] /i coconut shoes
[10/06/2010 06:12:38] /newtype 335
[10/06/2010 06:12:40] /newtype 336
[10/06/2010 06:12:43] /newtype 335
[10/06/2010 06:14:15] /t
[10/06/2010 06:14:20] /i 2160
[10/06/2010 06:14:20] /i 2160
[10/06/2010 06:14:21] /i 2160
[10/06/2010 06:14:21] /i 2160
[10/06/2010 06:14:22] /i 2160
[10/06/2010 18:03:36] /a 2
[10/06/2010 18:03:58] /t
[10/06/2010 18:18:24] /i 2160
[10/06/2010 18:18:36] /i ferumbras' hat
[10/06/2010 18:19:38] /i 302
[10/06/2010 18:19:46] /newtype 302
[12/12/2013 15:49:36] /i club
[12/12/2013 15:50:33] /i 10 spears
[12/12/2013 15:50:35] /i 10 spear
[12/12/2013 15:50:40] /i spear
[14/12/2013 00:35:39] /m wolf
[14/12/2013 00:35:41] /m wolf
[14/12/2013 00:37:01] /m wolf
[14/12/2013 00:37:02] /m wolf
[14/12/2013 00:37:03] /m wolf
[14/12/2013 00:37:03] /m wolf
[14/12/2013 00:37:04] /m wolf
[14/12/2013 00:39:06] /m wolf
[14/12/2013 00:39:07] /m wolf
[14/12/2013 00:39:07] /m wolf
[14/12/2013 00:39:08] /m wolf
[14/12/2013 00:39:08] /m wolf
[14/12/2013 00:39:09] /m wolf
[14/12/2013 00:39:09] /m wolf
[14/12/2013 00:39:09] /m wolf
[14/12/2013 00:39:10] /m wolf
[14/12/2013 00:39:10] /m wolf
[14/12/2013 00:39:11] /m wolf
[14/12/2013 00:39:11] /m wolf
[14/12/2013 00:39:12] /m wolf
[14/12/2013 00:39:12] /m wolf
[14/12/2013 00:39:12] /m wolf
[14/12/2013 00:40:57] /i crystal coin
[14/12/2013 00:42:31] /m monotaur
[14/12/2013 00:42:38] /m rotworm
[14/12/2013 00:42:38] /m rotworm
[14/12/2013 00:42:39] /m rotworm
[14/12/2013 00:42:39] /m rotworm
[14/12/2013 00:42:39] /m rotworm
[14/12/2013 00:42:40] /m rotworm
[14/12/2013 00:42:41] /m rotworm
[14/12/2013 00:43:58] /m rotworm
[14/12/2013 00:43:59] /m rotworm
[14/12/2013 00:44:00] /m rotworm
[14/12/2013 00:44:00] /m rotworm
[14/12/2013 00:44:00] /m rotworm
[14/12/2013 00:44:02] /m rotworm
[14/12/2013 00:44:05] /m rotworm
[14/12/2013 00:44:05] /m rotworm
[14/12/2013 00:44:06] /m rotworm
[14/12/2013 00:44:06] /m rotworm
[14/12/2013 00:44:07] /m rotworm
[14/12/2013 00:44:16] /m rotworm
[14/12/2013 00:44:17] /m rotworm
[14/12/2013 00:44:17] /m rotworm
[14/12/2013 00:44:18] /m rotworm
[14/12/2013 00:44:18] /m rotworm
[14/12/2013 00:44:19] /m rotworm
[14/12/2013 00:48:24] /m  demon
[14/12/2013 00:48:33] /m  hydra
[14/12/2013 00:48:48] /i 3457
[14/12/2013 00:50:14] /a
[14/12/2013 00:50:37] /m fire devil
[14/12/2013 00:50:49] /a
[14/12/2013 00:50:51] /m fire devil
[14/12/2013 00:51:17] /m orc
[14/12/2013 00:58:00] /m orc
[14/12/2013 00:58:05] /m fire devil
[14/12/2013 01:12:47] /m orc
[14/12/2013 01:12:55] /m fire devil
[14/12/2013 01:14:26] /i ham
[14/12/2013 01:14:56] /m orc
[14/12/2013 01:15:01] /m fire devil
[14/12/2013 03:39:51] /i spear
[14/12/2013 03:52:05] /i 2285
[14/12/2013 03:55:32] /m rat
[14/12/2013 10:57:50] /m fire devil
[14/12/2013 11:14:49] /m rotworm
[14/12/2013 11:14:51] /m rotworm
[14/12/2013 11:31:18] /i spear
[14/12/2013 11:31:24] /i spear
[14/12/2013 11:31:29] /i kunai
[14/12/2013 11:31:35] /i throw kunai
[14/12/2013 11:38:13] /i konoha backpack
[14/12/2013 11:46:01] /i yellow bag
[14/12/2013 11:46:50] /i 2465
[14/12/2013 11:47:16] /i 2160
[14/12/2013 11:47:34] /i 10518
[14/12/2013 11:47:42] /i bag
[14/12/2013 11:48:03] /i 2554
[14/12/2013 11:48:18] /i 2120
[14/12/2013 11:48:34] /i 7618
[14/12/2013 11:48:46] /i 2383
[14/12/2013 11:49:23] /i 2173
[14/12/2013 11:49:33] /i 2525
[14/12/2013 11:49:46] /i 2190
[14/12/2013 11:49:59] /i 2124
[14/12/2013 11:50:08] /i 2124
[14/12/2013 11:50:21] /i 2460
[14/12/2013 11:50:33] /i 2478
[14/12/2013 11:50:43] /i 2643
[14/12/2013 12:02:35] /i throw kunai
[14/12/2013 12:12:38] /i yellow bag
[14/12/2013 12:17:40] /i kunai
[14/12/2013 12:17:43] /i orc
[14/12/2013 12:17:47] /m orc
[14/12/2013 12:27:29] /i green bag
[14/12/2013 12:47:45] /i green bag
[14/12/2013 13:34:19] /i bag
[14/12/2013 13:38:31] /i bag
[14/12/2013 14:12:41] /i bag
[14/12/2013 21:40:54] /m trainer
[14/12/2013 21:41:00] /m treiner
[14/12/2013 21:41:04] /m orc
[14/12/2013 21:41:05] /m orc
[14/12/2013 21:41:08] /m troll
[14/12/2013 21:41:09] /m troll
[14/12/2013 21:41:10] /m troll
[14/12/2013 21:41:10] /m troll
[14/12/2013 21:41:10] /m troll
[14/12/2013 21:41:11] /m troll
[14/12/2013 21:41:12] /m troll
[14/12/2013 21:41:14] /m troll
[02/10/2015 09:17:43] /i hyper glove attacck
[02/10/2015 09:17:48] /i hyper glove attack
[02/10/2015 09:21:11] /i hyper glove attack
[02/10/2015 12:23:13] /i hyper glove attack
[02/10/2015 12:23:44] /i spiked glove attack
[02/10/2015 12:23:49] /i spiked glove attack
[02/10/2015 12:23:50] /i spiked glove attack
[02/10/2015 12:31:14] /goto imortal
[02/10/2015 13:09:21] /t
[02/10/2015 13:09:27] /i kunai
[02/10/2015 13:09:30] /i kunai
[02/10/2015 17:08:45] /i suna shuriken
[02/10/2015 17:40:02] /i hyper glove attack
[02/10/2015 17:42:58] /i 7366
[02/10/2015 17:45:57] /i explosive kunai
[02/10/2015 17:50:26] /goto anko
[02/10/2015 17:50:57] /m second zabuza
[02/10/2015 17:51:52] /goto kakashi [saga 3]
[02/10/2015 17:51:57] /goto kakashi[saga 3]
[02/10/2015 17:52:00] /goto kakashi[saga 2]
[02/10/2015 17:52:14] /goto eternal
[02/10/2015 17:52:19] /a 50
[02/10/2015 17:52:31] /up
[02/10/2015 17:52:38] /down
[02/10/2015 17:52:39] /down
[02/10/2015 17:52:42] /goto anko
[02/10/2015 17:54:27] /goto namek
[02/10/2015 18:24:56] /i bag
[02/10/2015 18:24:58] /i bag
[02/10/2015 18:25:08] /i backpack
[02/10/2015 18:25:11] /i backpack
[02/10/2015 18:52:03] /i  akatsuki ring
[02/10/2015 18:52:09] /i  akatsuki ring
[02/10/2015 18:52:09] /i  akatsuki ring
[02/10/2015 18:52:10] /i  akatsuki ring
[02/10/2015 18:52:10] /i  akatsuki ring]
[02/10/2015 18:52:30] /i  akatsuki ring]
[02/10/2015 18:52:32] /i  akatsuki ring
[02/10/2015 18:52:33] /i  akatsuki ring
[02/10/2015 18:52:34] /i  akatsuki ring
[02/10/2015 18:52:57] /i slayer armor 
[02/10/2015 18:53:24] /i slayer armor
[02/10/2015 18:54:00] /i hyper glove attack 
[02/10/2015 18:54:02] /i hyper glove attack 
[02/10/2015 18:55:11] /i Samurai Sword
[02/10/2015 18:55:13] /i Samurai Sword
[02/10/2015 18:55:37] /i Samurai legs
[02/10/2015 18:55:41] /i Samurai legs
[02/10/2015 18:55:56] /i pill
[02/10/2015 18:56:03] /i pill
[02/10/2015 18:56:20] /i pill
[02/10/2015 18:56:20] /i pill
[02/10/2015 18:56:20] /i pill
[02/10/2015 18:56:20] /i pill
[02/10/2015 18:56:20] /i pill
[02/10/2015 18:56:20] /i pill
[02/10/2015 18:56:20] /i pill
[02/10/2015 18:56:20] /i pill
[02/10/2015 18:56:21] /i pill
[02/10/2015 18:56:21] /i pill
[02/10/2015 18:56:21] /i pill
[02/10/2015 18:56:21] /i pill
[02/10/2015 18:56:21] /i pill
[02/10/2015 18:56:21] /i pill
[02/10/2015 18:56:21] /i pill
[02/10/2015 18:56:21] /i pill
[02/10/2015 18:56:21] /i pill
[02/10/2015 18:56:21] /i pill
[02/10/2015 18:56:21] /i pill
[02/10/2015 18:56:21] /i pill
[02/10/2015 18:56:21] /i pill
[02/10/2015 18:56:21] /i pill
[02/10/2015 18:56:21] /i pill
[02/10/2015 18:56:21] /i pill
[02/10/2015 18:56:21] /i pill
[02/10/2015 18:56:21] /i pill
[02/10/2015 18:56:21] /i pill
[02/10/2015 18:56:21] /i pill
[02/10/2015 18:56:21] /i pill
[02/10/2015 18:56:21] /i pill
[02/10/2015 18:56:21] /i pill
[02/10/2015 18:56:21] /i pill
[02/10/2015 18:56:21] /i pill
[02/10/2015 18:56:21] /i pill
[02/10/2015 18:56:21] /i pill
[02/10/2015 18:56:21] /i pill
[02/10/2015 18:56:21] /i pill
[02/10/2015 18:56:21] /i pill
[02/10/2015 18:56:22] /i pill
[02/10/2015 18:56:22] /i pill
[02/10/2015 18:56:22] /i pill
[02/10/2015 18:56:22] /i pill
[02/10/2015 18:56:22] /i pill
[02/10/2015 18:56:22] /i pill
[02/10/2015 18:56:22] /i pill
[02/10/2015 18:56:22] /i pill
[02/10/2015 18:56:22] /i pill
[02/10/2015 18:56:22] /i pill
[02/10/2015 18:56:22] /i pill
[02/10/2015 18:56:22] /i pill
[02/10/2015 18:56:22] /i pill
[02/10/2015 18:56:22] /i pill
[02/10/2015 18:56:22] /i pill
[02/10/2015 18:56:22] /i pill
[02/10/2015 18:56:22] /i pill
[02/10/2015 18:56:22] /i pill
[02/10/2015 18:56:22] /i pill
[02/10/2015 18:56:22] /i pill
[02/10/2015 18:56:22] /i pill
[02/10/2015 18:56:22] /i pill
[02/10/2015 18:56:22] /i pill
[02/10/2015 18:56:22] /i pill
[02/10/2015 18:56:22] /i pill
[02/10/2015 18:56:22] /i pill
[02/10/2015 18:56:22] /i pill
[02/10/2015 18:56:22] /i pill
[02/10/2015 18:56:22] /i pill
[02/10/2015 18:56:22] /i pill
[02/10/2015 18:56:23] /i pill
[02/10/2015 18:56:23] /i pill
[02/10/2015 18:56:23] /i pill
[02/10/2015 18:56:23] /i pill
[02/10/2015 18:56:23] /i pill
[02/10/2015 18:56:23] /i pill
[02/10/2015 18:56:23] /i pill
[02/10/2015 18:56:23] /i pill
[02/10/2015 18:56:23] /i pill
[02/10/2015 18:56:23] /i pill
[02/10/2015 18:56:23] /i pill
[02/10/2015 18:56:23] /i pill
[02/10/2015 18:56:23] /i pill
[02/10/2015 18:56:23] /i pill
[02/10/2015 18:56:23] /i pill
[02/10/2015 18:56:23] /i pill
[02/10/2015 18:56:23] /i pill
[02/10/2015 18:56:23] /i pill
[02/10/2015 18:56:23] /i pill
[02/10/2015 18:56:23] /i pill
[02/10/2015 18:56:23] /i pill
[02/10/2015 18:56:23] /i pill
[02/10/2015 18:56:23] /i pill
[02/10/2015 18:56:23] /i pill
[02/10/2015 18:56:23] /i pill
[02/10/2015 18:56:23] /i pill
[02/10/2015 18:56:23] /i pill
[02/10/2015 18:56:23] /i pill
[02/10/2015 18:56:23] /i pill
[02/10/2015 18:56:23] /i pill
[02/10/2015 18:56:23] /i pill
[02/10/2015 18:56:24] /i pill
[02/10/2015 18:56:24] /i pill
[02/10/2015 18:56:24] /i pill
[02/10/2015 18:56:24] /i pill
[02/10/2015 18:56:24] /i pill
[02/10/2015 18:56:24] /i pill
[02/10/2015 18:56:24] /i pill
[02/10/2015 18:56:24] /i pill
[02/10/2015 18:56:24] /i pill
[02/10/2015 18:56:24] /i pill
[02/10/2015 18:56:24] /i pill
[02/10/2015 18:56:24] /i pill
[02/10/2015 18:56:24] /i pill
[02/10/2015 18:56:24] /i pill
[02/10/2015 18:56:24] /i pill
[02/10/2015 18:56:24] /i pill
[02/10/2015 18:56:24] /i pill
[02/10/2015 18:56:24] /i pill
[02/10/2015 18:56:24] /i pill
[02/10/2015 18:56:24] /i pill
[02/10/2015 18:56:24] /i pill
[02/10/2015 18:56:24] /i pill
[02/10/2015 18:56:24] /i pill
[02/10/2015 18:56:24] /i pill
[02/10/2015 18:56:24] /i pill
[02/10/2015 18:56:24] /i pill
[02/10/2015 18:56:24] /i pill
[02/10/2015 18:56:24] /i pill
[02/10/2015 18:56:24] /i pill
[02/10/2015 18:56:24] /i pill
[02/10/2015 18:56:25] /i pill
[02/10/2015 18:56:25] /i pill
[02/10/2015 18:56:25] /i pill
[02/10/2015 18:56:25] /i pill
[02/10/2015 18:56:25] /i pill
[02/10/2015 18:56:25] /i pill
[02/10/2015 18:56:25] /i pill
[02/10/2015 18:56:25] /i pill
[02/10/2015 18:56:25] /i pill
[02/10/2015 18:56:25] /i pill
[02/10/2015 18:56:25] /i pill
[02/10/2015 18:56:25] /i pill
[02/10/2015 18:56:25] /i pill
[02/10/2015 18:56:25] /i pill
[02/10/2015 18:56:25] /i pill
[02/10/2015 18:56:25] /i pill
[02/10/2015 18:56:25] /i pill
[02/10/2015 18:56:25] /i pill
[02/10/2015 18:56:25] /i pill
[02/10/2015 18:56:25] /i pill
[02/10/2015 18:56:25] /i pill
[02/10/2015 18:56:25] /i pill
[02/10/2015 18:56:25] /i pill
[02/10/2015 18:56:25] /i pill
[02/10/2015 18:56:25] /i pill
[02/10/2015 18:56:25] /i pill
[02/10/2015 18:56:25] /i pill
[02/10/2015 18:56:25] /i pill
[02/10/2015 18:56:25] /i pill
[02/10/2015 18:56:25] /i pill
[02/10/2015 18:56:26] /i pill
[02/10/2015 18:56:26] /i pill
[02/10/2015 18:56:26] /i pill
[02/10/2015 18:56:26] /i pill
[02/10/2015 18:56:26] /i pill
[02/10/2015 18:56:26] /i pill
[02/10/2015 18:56:26] /i pill
[02/10/2015 18:56:26] /i pill
[02/10/2015 18:56:26] /i pill
[02/10/2015 18:56:26] /i pill
[02/10/2015 18:56:26] /i pill
[02/10/2015 18:56:26] /i pill
[02/10/2015 18:56:26] /i pill
[02/10/2015 18:56:26] /i pill
[02/10/2015 18:56:26] /i pill
[02/10/2015 18:56:26] /i pill
[02/10/2015 18:56:26] /i pill
[02/10/2015 18:56:26] /i pill
[02/10/2015 18:56:26] /i pill
[02/10/2015 18:56:26] /i pill
[02/10/2015 18:56:26] /i pill
[02/10/2015 18:56:26] /i pill
[02/10/2015 18:56:26] /i pill
[02/10/2015 18:56:26] /i pill
[02/10/2015 18:56:26] /i pill
[02/10/2015 18:56:28] /i pill
[02/10/2015 18:56:29] /i pill
[02/10/2015 18:56:29] /i pill
[02/10/2015 18:56:29] /i pill
[02/10/2015 18:56:29] /i pill
[02/10/2015 18:56:29] /i pill
[02/10/2015 18:56:29] /i pill
[02/10/2015 18:56:29] /i pill
[02/10/2015 18:56:29] /i pill
[02/10/2015 18:56:29] /i pill
[02/10/2015 18:56:29] /i pill
[02/10/2015 18:56:29] /i pill
[02/10/2015 18:56:29] /i pill
[02/10/2015 18:56:29] /i pill
[02/10/2015 18:56:29] /i pill
[02/10/2015 18:56:29] /i pill
[02/10/2015 18:56:29] /i pill
[02/10/2015 18:56:29] /i pill
[02/10/2015 18:56:29] /i pill
[02/10/2015 18:56:29] /i pill
[02/10/2015 18:56:29] /i pill
[02/10/2015 18:56:30] /i pill
[02/10/2015 18:56:30] /i pill
[02/10/2015 18:56:30] /i pill
[02/10/2015 18:56:30] /i pill
[02/10/2015 18:56:30] /i pill
[02/10/2015 18:56:30] /i pill
[02/10/2015 18:56:30] /i pill
[02/10/2015 18:56:30] /i pill
[02/10/2015 18:56:30] /i pill
[02/10/2015 18:56:30] /i pill
[02/10/2015 18:56:30] /i pill
[02/10/2015 18:56:30] /i pill
[02/10/2015 18:56:30] /i pill
[02/10/2015 18:56:30] /i pill
[02/10/2015 18:56:30] /i pill
[02/10/2015 18:56:30] /i pill
[02/10/2015 18:57:06] /i backpack 
[02/10/2015 18:57:07] /i backpack 
[02/10/2015 18:57:29] /i pet
[02/10/2015 18:57:41] /i pet box
[02/10/2015 18:57:42] /i pet box
[02/10/2015 18:57:43] /i pet box
[02/10/2015 18:57:44] /i pet box
[02/10/2015 18:57:44] /i pet box
[02/10/2015 18:57:45] /i pet box
[02/10/2015 18:58:45] /i Tobi Mask
[02/10/2015 18:58:47] /i Tobi Mask
[02/10/2015 18:59:24] /i akatsuki armor 
[02/10/2015 18:59:42] /i samurai shoes
[02/10/2015 18:59:43] /i samurai shoes
[02/10/2015 19:00:07] /i rock lee shoes
[02/10/2015 19:00:21] /m samurai
[02/10/2015 19:00:37] /m samurai
[02/10/2015 19:00:38] /m samurai
[02/10/2015 19:01:07] /m samurai
[02/10/2015 19:01:08] /m samurai
[02/10/2015 19:01:08] /m samurai
[02/10/2015 19:02:22] /i Geta shoes
[02/10/2015 19:02:34] /i  akatsuki ring
[02/10/2015 19:02:35] /i  akatsuki ring
[02/10/2015 19:02:35] /i  akatsuki ring
[02/10/2015 19:02:36] /i  akatsuki ring
[02/10/2015 19:02:36] /i  akatsuki ring
[02/10/2015 19:02:37] /i  akatsuki ring
[02/10/2015 19:02:37] /i  akatsuki ring
[02/10/2015 19:02:38] /i  akatsuki ring
[02/10/2015 19:02:38] /i  akatsuki ring
[02/10/2015 19:02:39] /i  akatsuki ring
[02/10/2015 19:03:09] /i pill
[02/10/2015 19:03:09] /i pill
[02/10/2015 19:03:10] /i pill
[02/10/2015 19:03:10] /i pill
[02/10/2015 19:03:10] /i pill
[02/10/2015 19:03:10] /i pill
[02/10/2015 19:03:10] /i pill
[02/10/2015 19:03:10] /i pill
[02/10/2015 19:03:10] /i pill
[02/10/2015 19:03:10] /i pill
[02/10/2015 19:03:10] /i pill
[02/10/2015 19:03:10] /i pill
[02/10/2015 19:03:10] /i pill
[02/10/2015 19:03:10] /i pill
[02/10/2015 19:03:10] /i pill
[02/10/2015 19:03:10] /i pill
[02/10/2015 19:03:10] /i pill
[02/10/2015 19:03:10] /i pill
[02/10/2015 19:03:10] /i pill
[02/10/2015 19:03:10] /i pill
[02/10/2015 19:03:10] /i pill
[02/10/2015 19:03:10] /i pill
[02/10/2015 19:03:10] /i pill
[02/10/2015 19:03:10] /i pill
[02/10/2015 19:03:10] /i pill
[02/10/2015 19:03:10] /i pill
[02/10/2015 19:03:10] /i pill
[02/10/2015 19:03:10] /i pill
[02/10/2015 19:03:10] /i pill
[02/10/2015 19:03:10] /i pill
[02/10/2015 19:03:10] /i pill
[02/10/2015 19:03:10] /i pill
[02/10/2015 19:03:11] /i pill
[02/10/2015 19:03:11] /i pill
[02/10/2015 19:03:11] /i pill
[02/10/2015 19:03:11] /i pill
[02/10/2015 19:03:11] /i pill
[02/10/2015 19:03:11] /i pill
[02/10/2015 19:03:11] /i pill
[02/10/2015 19:03:11] /i pill
[02/10/2015 19:03:11] /i pill
[02/10/2015 19:03:11] /i pill
[02/10/2015 19:03:11] /i pill
[02/10/2015 19:03:11] /i pill
[02/10/2015 19:03:11] /i pill
[02/10/2015 19:03:11] /i pill
[02/10/2015 19:03:11] /i pill
[02/10/2015 19:03:11] /i pill
[02/10/2015 19:03:11] /i pill
[02/10/2015 19:03:11] /i pill
[02/10/2015 19:03:11] /i pill
[02/10/2015 19:03:11] /i pill
[02/10/2015 19:03:11] /i pill
[02/10/2015 19:03:11] /i pill
[02/10/2015 19:03:11] /i pill
[02/10/2015 19:03:11] /i pill
[02/10/2015 19:03:11] /i pill
[02/10/2015 19:03:11] /i pill
[02/10/2015 19:03:11] /i pill
[02/10/2015 19:03:11] /i pill
[02/10/2015 19:03:11] /i pill
[02/10/2015 19:04:00] /m samurai
[02/10/2015 19:04:00] /m samurai
[02/10/2015 19:04:00] /m samurai
[02/10/2015 19:04:00] /m samurai
[02/10/2015 19:04:01] /m samurai
[02/10/2015 19:04:01] /m samurai
[02/10/2015 19:04:02] /m samurai
[02/10/2015 19:04:02] /m samurai
[02/10/2015 19:04:05] /m samurai
[02/10/2015 19:04:05] /m samurai
[02/10/2015 19:04:06] /m samurai
[02/10/2015 19:04:06] /m samurai
[02/10/2015 19:04:07] /m samurai
[02/10/2015 19:04:07] /m samurai
[02/10/2015 19:04:07] /m samurai
[02/10/2015 19:04:07] /m samurai
[02/10/2015 19:04:07] /m samurai
[02/10/2015 19:04:07] /m samurai
[02/10/2015 19:04:08] /m samurai
[02/10/2015 19:04:08] /m samurai
[02/10/2015 19:04:08] /m samurai
[02/10/2015 19:04:10] /m samurai
[02/10/2015 19:04:10] /m samurai
[02/10/2015 19:04:11] /m samurai
[02/10/2015 19:04:12] /m samurai
[02/10/2015 19:04:24] /i Monk Legs
[02/10/2015 19:04:25] /i Monk Legs
[02/10/2015 19:04:43] /m samurai
[02/10/2015 19:04:43] /m samurai
[02/10/2015 19:04:44] /m samurai
[02/10/2015 19:04:44] /m samurai
[02/10/2015 19:04:44] /m samurai
[02/10/2015 19:04:44] /m samurai
[02/10/2015 19:04:44] /m samurai
[02/10/2015 19:04:45] /m samurai
[02/10/2015 19:05:12] /m Monk 
[02/10/2015 19:05:16] /m Monk 
[02/10/2015 19:05:19] /m samurai
[02/10/2015 19:05:22] /m Monk 
[02/10/2015 19:05:37] /m Monk 
[02/10/2015 19:05:38] /m Monk 
[02/10/2015 19:05:38] /m Monk 
[02/10/2015 19:05:38] /m Monk 
[02/10/2015 19:05:38] /m Monk 
[02/10/2015 19:05:39] /m Monk 
[02/10/2015 19:05:39] /m Monk 
[02/10/2015 19:05:39] /m Monk 
[02/10/2015 19:05:40] /m Monk 
[02/10/2015 19:05:41] /m Monk 
[02/10/2015 19:05:41] /m Monk 
[02/10/2015 19:05:41] /m Monk 
[02/10/2015 19:05:41] /m Monk 
[02/10/2015 19:05:42] /m Monk 
[02/10/2015 19:05:42] /m Monk 
[02/10/2015 19:05:43] /m Monk 
[02/10/2015 19:05:43] /m Monk 
[02/10/2015 19:05:43] /m Monk 
[02/10/2015 19:05:44] /m Monk 
[02/10/2015 19:05:44] /m Monk 
[02/10/2015 19:05:44] /m Monk 
[02/10/2015 19:05:44] /m Monk 
[02/10/2015 19:05:44] /m Monk 
[02/10/2015 19:05:46] /m Monk 
[02/10/2015 19:05:47] /m Monk 
[02/10/2015 19:05:47] /m Monk 
[02/10/2015 19:05:47] /m Monk 
[02/10/2015 19:06:14] /m Monk 
[02/10/2015 19:06:31] /m wolf
[02/10/2015 19:06:45] /m wolf
[02/10/2015 19:06:46] /m wolf
[02/10/2015 19:06:46] /m wolf
[02/10/2015 19:06:46] /m wolf
[02/10/2015 19:06:47] /m wolf
[02/10/2015 19:06:47] /m wolf
[02/10/2015 19:06:47] /m wolf
[02/10/2015 19:06:47] /m wolf
[02/10/2015 19:06:47] /m wolf
[02/10/2015 19:06:48] /m wolf
[02/10/2015 19:06:48] /m wolf
[02/10/2015 19:06:48] /m wolf
[02/10/2015 19:06:48] /m wolf
[02/10/2015 19:06:49] /m wolf
[02/10/2015 19:06:52] /m wolf
[02/10/2015 19:06:52] /m wolf
[02/10/2015 19:06:53] /m wolf
[02/10/2015 19:06:54] /m wolf
[02/10/2015 19:06:54] /m wolf
[02/10/2015 19:06:54] /m wolf
[02/10/2015 19:06:54] /m wolf
[02/10/2015 19:06:54] /m wolf
[02/10/2015 19:06:55] /m wolf
[02/10/2015 19:06:55] /m wolf
[02/10/2015 19:06:55] /m wolf
[02/10/2015 19:06:55] /m wolf
[02/10/2015 19:06:55] /m wolf
[02/10/2015 19:06:56] /m wolf
[02/10/2015 19:06:56] /m wolf
[02/10/2015 19:06:56] /m wolf
[02/10/2015 19:06:56] /m wolf
[02/10/2015 19:06:56] /m wolf
[02/10/2015 19:06:57] /m wolf
[02/10/2015 19:06:57] /m wolf
[02/10/2015 19:06:57] /m wolf
[02/10/2015 19:06:57] /m wolf
[02/10/2015 19:07:03] /m wolf
[02/10/2015 19:07:03] /m wolf
[02/10/2015 19:07:03] /m wolf
[02/10/2015 19:07:03] /m wolf
[02/10/2015 19:07:03] /m wolf
[02/10/2015 19:07:04] /m wolf
[02/10/2015 19:07:04] /m wolf
[02/10/2015 19:07:04] /m wolf
[02/10/2015 19:07:04] /m wolf
[02/10/2015 19:07:04] /m wolf
[02/10/2015 19:07:04] /m wolf
[02/10/2015 19:07:05] /m wolf
[02/10/2015 19:07:05] /m wolf
[02/10/2015 19:07:05] /m wolf
[02/10/2015 19:07:06] /m wolf
[02/10/2015 19:07:06] /m wolf
[02/10/2015 19:07:06] /m wolf
[02/10/2015 19:07:07] /m wolf
[02/10/2015 19:07:07] /m wolf
[02/10/2015 19:07:07] /m wolf
[02/10/2015 19:07:07] /m wolf
[02/10/2015 19:07:07] /m wolf
[02/10/2015 19:07:08] /m wolf
[02/10/2015 19:07:08] /m wolf
[02/10/2015 19:07:08] /m wolf
[02/10/2015 19:07:08] /m wolf
[02/10/2015 19:07:09] /m wolf
[02/10/2015 19:07:09] /m wolf
[02/10/2015 19:07:09] /m wolf
[02/10/2015 19:07:09] /m wolf
[02/10/2015 19:07:10] /m wolf
[02/10/2015 19:07:10] /m wolf
[02/10/2015 19:07:10] /m wolf
[02/10/2015 19:07:10] /m wolf
[02/10/2015 19:07:10] /m wolf
[02/10/2015 19:07:11] /m wolf
[02/10/2015 19:07:11] /m wolf
[02/10/2015 19:07:13] /m wolf
[02/10/2015 19:07:13] /m wolf
[02/10/2015 19:07:13] /m wolf
[02/10/2015 19:07:13] /m wolf
[02/10/2015 19:07:13] /m wolf
[02/10/2015 19:07:14] /m wolf
[02/10/2015 19:07:14] /m wolf
[02/10/2015 19:07:14] /m wolf
[02/10/2015 19:07:14] /m wolf
[02/10/2015 19:07:14] /m wolf
[02/10/2015 19:07:15] /m wolf
[02/10/2015 19:07:15] /m wolf
[02/10/2015 19:07:15] /m wolf
[02/10/2015 19:07:15] /m wolf
[02/10/2015 19:07:15] /m wolf
[02/10/2015 19:07:16] /m wolf
[02/10/2015 19:07:16] /m wolf
[02/10/2015 19:07:16] /m wolf
[02/10/2015 19:07:16] /m wolf
[02/10/2015 19:07:16] /m wolf
[02/10/2015 19:07:17] /m wolf
[02/10/2015 19:07:17] /m wolf
[02/10/2015 19:07:17] /m wolf
[02/10/2015 19:07:17] /m wolf
[02/10/2015 19:07:17] /m wolf
[02/10/2015 19:07:18] /m wolf
[02/10/2015 19:07:18] /m wolf
[02/10/2015 19:07:19] /m wolf
[02/10/2015 19:07:19] /m wolf
[02/10/2015 19:07:20] /m wolf
[02/10/2015 19:07:20] /m wolf
[02/10/2015 19:08:02] /m far ninja
[02/10/2015 19:08:11] /m far ninga
[02/10/2015 19:08:33] /m sasuke
[02/10/2015 19:08:53] /m gaara
[02/10/2015 19:09:36] /m fat ninja
[02/10/2015 19:09:58] /m fat ninja
[02/10/2015 19:10:01] /m fat ninja
[02/10/2015 19:10:01] /m fat ninja
[02/10/2015 19:10:01] /m fat ninja
[02/10/2015 19:10:01] /m fat ninja
[02/10/2015 19:10:01] /m fat ninja
[02/10/2015 19:10:02] /m fat ninja
[02/10/2015 19:10:02] /m fat ninja
[02/10/2015 19:10:02] /m fat ninja
[02/10/2015 19:10:02] /m fat ninja
[02/10/2015 19:10:02] /m fat ninja
[02/10/2015 19:10:02] /m fat ninja
[02/10/2015 19:10:03] /m fat ninja
[02/10/2015 19:10:03] /m fat ninja
[02/10/2015 19:10:03] /m fat ninja
[02/10/2015 19:10:03] /m fat ninja
[02/10/2015 19:10:03] /m fat ninja
[02/10/2015 19:10:04] /m fat ninja
[02/10/2015 19:10:04] /m fat ninja
[02/10/2015 19:10:04] /m fat ninja
[02/10/2015 19:10:04] /m fat ninja
[02/10/2015 19:10:04] /m fat ninja
[02/10/2015 19:10:05] /m fat ninja
[02/10/2015 19:10:05] /m fat ninja
[02/10/2015 19:10:05] /m fat ninja
[02/10/2015 19:10:05] /m fat ninja
[02/10/2015 19:10:05] /m fat ninja
[02/10/2015 19:10:05] /m fat ninja
[02/10/2015 19:10:06] /m fat ninja
[02/10/2015 19:10:06] /m fat ninja
[02/10/2015 19:10:06] /m fat ninja
[02/10/2015 19:10:06] /m fat ninja
[02/10/2015 19:10:06] /m fat ninja
[02/10/2015 19:10:06] /m fat ninja
[02/10/2015 19:10:07] /m fat ninja
[02/10/2015 19:10:07] /m fat ninja
[02/10/2015 19:10:07] /m fat ninja
[02/10/2015 19:10:07] /m fat ninja
[02/10/2015 19:10:08] /m fat ninja
[02/10/2015 19:10:08] /m fat ninja
[02/10/2015 19:10:08] /m fat ninja
[02/10/2015 19:10:08] /m fat ninja
[02/10/2015 19:10:08] /m fat ninja
[02/10/2015 19:10:11] /m fat ninja
[02/10/2015 19:10:11] /m fat ninja
[02/10/2015 19:10:11] /m fat ninja
[02/10/2015 19:10:11] /m fat ninja
[02/10/2015 19:10:11] /m fat ninja
[02/10/2015 19:10:11] /m fat ninja
[02/10/2015 19:10:12] /m fat ninja
[02/10/2015 19:10:12] /m fat ninja
[02/10/2015 19:10:12] /m fat ninja
[02/10/2015 19:10:13] /m fat ninja
[02/10/2015 19:10:13] /m fat ninja
[02/10/2015 19:10:13] /m fat ninja
[02/10/2015 19:10:14] /m fat ninja
[02/10/2015 19:10:14] /m fat ninja
[02/10/2015 19:10:14] /m fat ninja
[02/10/2015 19:10:14] /m fat ninja
[02/10/2015 19:10:15] /m fat ninja
[02/10/2015 19:10:15] /m fat ninja
[02/10/2015 19:10:15] /m fat ninja
[02/10/2015 19:10:16] /m fat ninja
[02/10/2015 19:10:16] /m fat ninja
[02/10/2015 19:10:16] /m fat ninja
[02/10/2015 19:10:16] /m fat ninja
[02/10/2015 19:10:16] /m fat ninja
[02/10/2015 19:10:17] /m fat ninja
[02/10/2015 19:10:18] /m fat ninja
[02/10/2015 19:10:18] /m fat ninja
[02/10/2015 19:10:19] /m fat ninja
[02/10/2015 19:10:19] /m fat ninja
[02/10/2015 19:10:20] /m fat ninja
[02/10/2015 19:10:21] /m fat ninja
[02/10/2015 19:10:21] /m fat ninja
[02/10/2015 19:10:21] /m fat ninja
[02/10/2015 19:10:29] /a 40
[02/10/2015 19:10:31] /a 40
[02/10/2015 19:10:33] /a 40
[02/10/2015 19:10:39] /a 40
[02/10/2015 19:10:41] /a 40
[02/10/2015 19:10:42] /a 40
[02/10/2015 19:10:43] /a 40
[02/10/2015 19:10:50] /a 
[02/10/2015 19:10:56] /t
[02/10/2015 19:11:05] /m Shinobazu
[02/10/2015 19:11:10] /m fat ninja
[02/10/2015 19:11:29] /m Shinobazu
[02/10/2015 19:11:31] /m Shinobazu
[02/10/2015 19:11:31] /m Shinobazu
[02/10/2015 19:11:31] /m Shinobazu
[02/10/2015 19:11:31] /m Shinobazu
[02/10/2015 19:11:31] /m Shinobazu
[02/10/2015 19:11:32] /m Shinobazu
[02/10/2015 19:11:32] /m Shinobazu
[02/10/2015 19:11:32] /m Shinobazu
[02/10/2015 19:11:32] /m Shinobazu
[02/10/2015 19:11:32] /m Shinobazu
[02/10/2015 19:11:32] /m Shinobazu
[02/10/2015 19:11:33] /m Shinobazu
[02/10/2015 19:11:33] /m Shinobazu
[02/10/2015 19:11:33] /m Shinobazu
[02/10/2015 19:11:33] /m Shinobazu
[02/10/2015 19:11:33] /m Shinobazu
[02/10/2015 19:11:33] /m Shinobazu
[02/10/2015 19:11:34] /m Shinobazu
[02/10/2015 19:11:34] /m Shinobazu
[02/10/2015 19:11:34] /m Shinobazu
[02/10/2015 19:11:34] /m Shinobazu
[02/10/2015 19:11:34] /m Shinobazu
[02/10/2015 19:11:35] /m Shinobazu
[02/10/2015 19:11:35] /m Shinobazu
[02/10/2015 19:11:35] /m Shinobazu
[02/10/2015 19:11:35] /m Shinobazu
[02/10/2015 19:11:35] /m Shinobazu
[02/10/2015 19:11:35] /m Shinobazu
[02/10/2015 19:11:36] /m Shinobazu
[02/10/2015 19:11:36] /m Shinobazu
[02/10/2015 19:11:36] /m Shinobazu
[02/10/2015 19:11:36] /m Shinobazu
[02/10/2015 19:11:36] /m Shinobazu
[02/10/2015 19:11:36] /m Shinobazu
[02/10/2015 19:11:37] /m Shinobazu
[02/10/2015 19:11:37] /m Shinobazu
[02/10/2015 19:11:38] /m Shinobazu
[02/10/2015 19:11:38] /m Shinobazu
[02/10/2015 19:11:39] /m Shinobazu
[02/10/2015 19:11:39] /m Shinobazu
[02/10/2015 19:11:39] /m Shinobazu
[02/10/2015 19:11:39] /m Shinobazu
[02/10/2015 19:11:39] /m Shinobazu
[02/10/2015 19:11:39] /m Shinobazu
[02/10/2015 19:11:40] /m Shinobazu
[02/10/2015 19:11:40] /m Shinobazu
[02/10/2015 19:11:40] /m Shinobazu
[02/10/2015 19:11:40] /m Shinobazu
[02/10/2015 19:11:40] /m Shinobazu
[02/10/2015 19:11:40] /m Shinobazu
[02/10/2015 19:11:41] /m Shinobazu
[02/10/2015 19:11:41] /m Shinobazu
[02/10/2015 19:11:42] /m Shinobazu
[02/10/2015 19:11:42] /m Shinobazu
[02/10/2015 19:11:43] /m Shinobazu
[02/10/2015 19:11:43] /m Shinobazu
[02/10/2015 19:11:43] /m Shinobazu
[02/10/2015 19:11:43] /m Shinobazu
[02/10/2015 19:11:43] /m Shinobazu
[02/10/2015 19:11:44] /m Shinobazu
[02/10/2015 19:11:44] /m Shinobazu
[02/10/2015 19:11:44] /m Shinobazu
[02/10/2015 19:11:44] /m Shinobazu
[02/10/2015 19:11:44] /m Shinobazu
[02/10/2015 19:11:45] /m Shinobazu
[02/10/2015 19:11:45] /m Shinobazu
[02/10/2015 19:11:45] /m Shinobazu
[02/10/2015 19:11:45] /m Shinobazu
[02/10/2015 19:11:45] /m Shinobazu
[02/10/2015 19:11:45] /m Shinobazu
[02/10/2015 19:11:46] /m Shinobazu
[02/10/2015 19:11:46] /m Shinobazu
[02/10/2015 19:11:46] /m Shinobazu
[02/10/2015 19:11:46] /m Shinobazu
[02/10/2015 19:11:46] /m Shinobazu
[02/10/2015 19:11:47] /m Shinobazu
[02/10/2015 19:11:47] /m Shinobazu
[02/10/2015 19:11:48] /m Shinobazu
[02/10/2015 19:11:49] /m Shinobazu
[02/10/2015 19:11:49] /m Shinobazu
[02/10/2015 19:11:49] /m Shinobazu
[02/10/2015 19:11:49] /m Shinobazu
[02/10/2015 19:11:50] /m Shinobazu
[02/10/2015 19:11:50] /m Shinobazu
[02/10/2015 19:11:50] /m Shinobazu
[02/10/2015 19:11:50] /m Shinobazu
[02/10/2015 19:11:50] /m Shinobazu
[02/10/2015 19:11:51] /m Shinobazu
[02/10/2015 19:11:52] /m Shinobazu
[02/10/2015 19:11:52] /m Shinobazu
[02/10/2015 19:11:52] /m Shinobazu
[02/10/2015 19:11:53] /m Shinobazu
[02/10/2015 19:11:53] /m Shinobazu
[02/10/2015 19:11:56] /m Shinobazu
[02/10/2015 19:11:56] /m Shinobazu
[02/10/2015 19:11:56] /m Shinobazu
[02/10/2015 19:11:56] /m Shinobazu
[02/10/2015 19:11:57] /m Shinobazu
[02/10/2015 19:11:57] /m Shinobazu
[02/10/2015 19:11:57] /m Shinobazu
[02/10/2015 19:11:58] /m Shinobazu
[02/10/2015 19:11:58] /m Shinobazu
[02/10/2015 19:11:58] /m Shinobazu
[02/10/2015 19:11:58] /m Shinobazu
[02/10/2015 19:11:59] /m Shinobazu
[02/10/2015 19:11:59] /m Shinobazu
[02/10/2015 19:11:59] /m Shinobazu
[02/10/2015 19:11:59] /m Shinobazu
[02/10/2015 19:11:59] /m Shinobazu
[02/10/2015 19:12:00] /m Shinobazu
[02/10/2015 19:12:00] /m Shinobazu
[02/10/2015 19:12:00] /m Shinobazu
[02/10/2015 19:12:01] /m Shinobazu
[02/10/2015 19:12:01] /m Shinobazu
[02/10/2015 19:12:01] /m Shinobazu
[02/10/2015 19:12:01] /m Shinobazu
[02/10/2015 19:12:01] /m Shinobazu
[02/10/2015 19:12:03] /m Shinobazu
[02/10/2015 19:12:03] /m Shinobazu
[02/10/2015 19:12:04] /m Shinobazu
[02/10/2015 19:12:04] /m Shinobazu
[02/10/2015 19:12:04] /m Shinobazu
[02/10/2015 19:12:05] /m Shinobazu
[02/10/2015 19:12:05] /m Shinobazu
[02/10/2015 19:12:05] /m Shinobazu
[02/10/2015 19:12:06] /m Shinobazu
[02/10/2015 19:12:06] /m Shinobazu
[02/10/2015 19:12:06] /m Shinobazu
[02/10/2015 19:12:06] /m Shinobazu
[02/10/2015 19:12:07] /m Shinobazu
[02/10/2015 19:12:07] /m Shinobazu
[02/10/2015 19:12:07] /m Shinobazu
[02/10/2015 19:12:08] /m Shinobazu
[02/10/2015 19:12:08] /m Shinobazu
[02/10/2015 19:12:08] /m Shinobazu
[02/10/2015 19:12:08] /m Shinobazu
[02/10/2015 19:12:08] /m Shinobazu
[02/10/2015 19:12:09] /m Shinobazu
[02/10/2015 19:12:09] /m Shinobazu
[02/10/2015 19:12:09] /m Shinobazu
[02/10/2015 19:12:10] /m Shinobazu
[02/10/2015 19:12:10] /m Shinobazu
[02/10/2015 19:12:10] /m Shinobazu
[02/10/2015 19:12:11] /m Shinobazu
[02/10/2015 19:12:11] /m Shinobazu
[02/10/2015 19:12:11] /m Shinobazu
[02/10/2015 19:12:11] /m Shinobazu
[02/10/2015 19:12:12] /m Shinobazu
[02/10/2015 19:12:13] /m Shinobazu
[02/10/2015 19:12:13] /m Shinobazu
[02/10/2015 19:12:13] /m Shinobazu
[02/10/2015 19:12:13] /m Shinobazu
[02/10/2015 19:12:14] /m Shinobazu
[02/10/2015 19:12:14] /m Shinobazu
[02/10/2015 19:12:14] /m Shinobazu
[02/10/2015 19:12:15] /m Shinobazu
[02/10/2015 19:12:15] /m Shinobazu
[02/10/2015 19:12:15] /m Shinobazu
[02/10/2015 19:12:16] /m Shinobazu
[02/10/2015 20:06:22] /a 100
[02/10/2015 20:06:25] /a 100
[02/10/2015 20:06:32] /a 100
[02/10/2015 20:06:38] /a 100
[02/10/2015 20:06:40] /a 100
[02/10/2015 20:06:42] /a 100
[02/10/2015 20:06:43] /a 100
[02/10/2015 20:06:44] /a 100
[02/10/2015 20:06:49] /a 10
[02/10/2015 20:06:51] /a 10
[02/10/2015 20:06:53] /a 10
[02/10/2015 20:06:56] /a 1
[02/10/2015 20:06:59] /a 9
[02/10/2015 20:07:04] /a 5
[02/10/2015 20:07:17] /a 100
[02/10/2015 20:07:18] /a 100
[02/10/2015 20:07:19] /a 100
[02/10/2015 20:07:19] /a 100
[02/10/2015 20:07:24] /a 100
[02/10/2015 20:07:49] /a 100
[02/10/2015 20:07:53] /a 100
[02/10/2015 20:07:59] /a 10
[02/10/2015 20:08:39] /a 100
[02/10/2015 20:08:40] /a 100
[02/10/2015 20:08:43] /a 10
[02/10/2015 20:08:45] /a 10
[02/10/2015 20:09:09] /a 10
[02/10/2015 20:09:10] /a 10
[02/10/2015 20:09:13] /a 10
[02/10/2015 20:09:15] /a 10
[02/10/2015 20:09:16] /a 10
[02/10/2015 20:09:16] /a 10
[02/10/2015 20:09:46] /a 1000
[02/10/2015 20:09:50] /a 999
[02/10/2015 20:09:59] /a 500
[02/10/2015 20:10:15] /a 5
[02/10/2015 20:10:19] /a 500
[02/10/2015 20:10:24] /a 5
[02/10/2015 20:10:26] /a 5
[02/10/2015 20:10:29] /a 5
[02/10/2015 20:10:53] /t
[02/10/2015 20:12:12] /m sasuki
[02/10/2015 20:12:22] /m sasuki
[02/10/2015 20:12:23] /m sasuki
[02/10/2015 20:12:41] /m Sasuki
[02/10/2015 20:12:52] /addskill lvl 
[02/10/2015 20:12:53] /addskill lvl 
[02/10/2015 20:12:55] /addskill lvl 
[02/10/2015 20:12:56] /addskill lvl 
[02/10/2015 20:12:56] /addskill lvl 
[02/10/2015 20:12:57] /addskill lvl 
[02/10/2015 20:12:57] /addskill lvl 
[02/10/2015 20:12:58] /addskill lvl 
[02/10/2015 20:13:25] /addskill lvl Kill Bill
[02/10/2015 20:13:27] /addskill lvl Kill Bill
[02/10/2015 20:13:27] /addskill lvl Kill Bill
[02/10/2015 20:13:28] /addskill lvl Kill Bill
[02/10/2015 20:13:47] /addskill lvl
[02/10/2015 20:14:14] /addskill lvl
[02/10/2015 20:14:16] /addskill lvl
[02/10/2015 20:14:16] /addskill lvl
[02/10/2015 20:14:17] /addskill lvl
[02/10/2015 20:14:17] /addskill lvl
[02/10/2015 20:14:17] /addskill lvl
[02/10/2015 20:14:18] /addskill lvl
[02/10/2015 20:14:56] /addskill lvl
[02/10/2015 20:15:17] /addskill lvl
[02/10/2015 20:15:36] /addskill Kill Bill, level
[02/10/2015 20:15:38] /addskill Kill Bill, level
[02/10/2015 20:15:38] /addskill Kill Bill, level
[02/10/2015 20:15:39] /addskill Kill Bill, level
[02/10/2015 20:16:04] /addskill Kill Bill, level
[02/10/2015 20:16:04] /addskill Kill Bill, level
[02/10/2015 20:16:04] /addskill Kill Bill, level
[02/10/2015 20:16:04] /addskill Kill Bill, level
[02/10/2015 20:16:04] /addskill Kill Bill, level
[02/10/2015 20:16:04] /addskill Kill Bill, level
[02/10/2015 20:16:04] /addskill Kill Bill, level
[02/10/2015 20:16:04] /addskill Kill Bill, level
[02/10/2015 20:16:04] /addskill Kill Bill, level
[02/10/2015 20:16:04] /addskill Kill Bill, level
[02/10/2015 20:16:04] /addskill Kill Bill, level
[02/10/2015 20:16:04] /addskill Kill Bill, level
[02/10/2015 20:16:04] /addskill Kill Bill, level
[02/10/2015 20:16:05] /addskill Kill Bill, level
[02/10/2015 20:16:05] /addskill Kill Bill, level
[02/10/2015 20:16:05] /addskill Kill Bill, level
[02/10/2015 20:16:05] /addskill Kill Bill, level
[02/10/2015 20:16:05] /addskill Kill Bill, level
[02/10/2015 20:16:05] /addskill Kill Bill, level
[02/10/2015 20:16:05] /addskill Kill Bill, level
[02/10/2015 20:16:05] /addskill Kill Bill, level
[02/10/2015 20:16:05] /addskill Kill Bill, level
[02/10/2015 20:16:05] /addskill Kill Bill, level
[02/10/2015 20:16:05] /addskill Kill Bill, level
[02/10/2015 20:16:05] /addskill Kill Bill, level
[02/10/2015 20:16:05] /addskill Kill Bill, level
[02/10/2015 20:16:05] /addskill Kill Bill, level
[02/10/2015 20:16:05] /addskill Kill Bill, level
[02/10/2015 20:16:05] /addskill Kill Bill, level
[02/10/2015 20:16:05] /addskill Kill Bill, level
[02/10/2015 20:16:05] /addskill Kill Bill, level
[02/10/2015 20:16:05] /addskill Kill Bill, level
[02/10/2015 20:16:05] /addskill Kill Bill, level
[02/10/2015 20:16:05] /addskill Kill Bill, level
[02/10/2015 20:16:05] /addskill Kill Bill, level
[02/10/2015 20:16:05] /addskill Kill Bill, level
[02/10/2015 20:16:05] /addskill Kill Bill, level
[02/10/2015 20:16:05] /addskill Kill Bill, level
[02/10/2015 20:16:05] /addskill Kill Bill, level
[02/10/2015 20:16:05] /addskill Kill Bill, level
[02/10/2015 20:16:05] /addskill Kill Bill, level
[02/10/2015 20:16:05] /addskill Kill Bill, level
[02/10/2015 20:16:05] /addskill Kill Bill, level
[02/10/2015 20:16:06] /addskill Kill Bill, level
[02/10/2015 20:16:06] /addskill Kill Bill, level
[02/10/2015 20:16:06] /addskill Kill Bill, level
[02/10/2015 20:16:06] /addskill Kill Bill, level
[02/10/2015 20:16:06] /addskill Kill Bill, level
[02/10/2015 20:16:06] /addskill Kill Bill, level
[02/10/2015 20:16:06] /addskill Kill Bill, level
[02/10/2015 20:16:06] /addskill Kill Bill, level
[02/10/2015 20:16:06] /addskill Kill Bill, level
[02/10/2015 20:16:06] /addskill Kill Bill, level
[02/10/2015 20:16:06] /addskill Kill Bill, level
[02/10/2015 20:16:06] /addskill Kill Bill, level
[02/10/2015 20:16:06] /addskill Kill Bill, level
[02/10/2015 20:16:06] /addskill Kill Bill, level
[02/10/2015 20:16:06] /addskill Kill Bill, level
[02/10/2015 20:16:06] /addskill Kill Bill, level
[02/10/2015 20:16:06] /addskill Kill Bill, level
[02/10/2015 20:16:06] /addskill Kill Bill, level
[02/10/2015 20:16:06] /addskill Kill Bill, level
[02/10/2015 20:16:06] /addskill Kill Bill, level
[02/10/2015 20:16:06] /addskill Kill Bill, level
[02/10/2015 20:16:06] /addskill Kill Bill, level
[02/10/2015 20:16:06] /addskill Kill Bill, level
[02/10/2015 20:16:06] /addskill Kill Bill, level
[02/10/2015 20:16:06] /addskill Kill Bill, level
[02/10/2015 20:16:06] /addskill Kill Bill, level
[02/10/2015 20:16:06] /addskill Kill Bill, level
[02/10/2015 20:16:06] /addskill Kill Bill, level
[02/10/2015 20:16:06] /addskill Kill Bill, level
[02/10/2015 20:16:06] /addskill Kill Bill, level
[02/10/2015 20:16:07] /addskill Kill Bill, level
[02/10/2015 20:16:07] /addskill Kill Bill, level
[02/10/2015 20:16:07] /addskill Kill Bill, level
[02/10/2015 20:16:07] /addskill Kill Bill, level
[02/10/2015 20:16:07] /addskill Kill Bill, level
[02/10/2015 20:16:07] /addskill Kill Bill, level
[02/10/2015 20:16:07] /addskill Kill Bill, level
[02/10/2015 20:16:07] /addskill Kill Bill, level
[02/10/2015 20:16:07] /addskill Kill Bill, level
[02/10/2015 20:16:07] /addskill Kill Bill, level
[02/10/2015 20:16:07] /addskill Kill Bill, level
[02/10/2015 20:16:07] /addskill Kill Bill, level
[02/10/2015 20:16:07] /addskill Kill Bill, level
[02/10/2015 20:16:07] /addskill Kill Bill, level
[02/10/2015 20:16:07] /addskill Kill Bill, level
[02/10/2015 20:16:07] /addskill Kill Bill, level
[02/10/2015 20:16:07] /addskill Kill Bill, level
[02/10/2015 20:16:07] /addskill Kill Bill, level
[02/10/2015 20:16:07] /addskill Kill Bill, level
[02/10/2015 20:16:07] /addskill Kill Bill, level
[02/10/2015 20:16:07] /addskill Kill Bill, level
[02/10/2015 20:16:07] /addskill Kill Bill, level
[02/10/2015 20:16:07] /addskill Kill Bill, level
[02/10/2015 20:16:07] /addskill Kill Bill, level
[02/10/2015 20:16:07] /addskill Kill Bill, level
[02/10/2015 20:16:07] /addskill Kill Bill, level
[02/10/2015 20:16:07] /addskill Kill Bill, level
[02/10/2015 20:16:07] /addskill Kill Bill, level
[02/10/2015 20:16:07] /addskill Kill Bill, level
[02/10/2015 20:16:07] /addskill Kill Bill, level
[02/10/2015 20:16:08] /addskill Kill Bill, level
[02/10/2015 20:16:08] /addskill Kill Bill, level
[02/10/2015 20:16:08] /addskill Kill Bill, level
[02/10/2015 20:16:08] /addskill Kill Bill, level
[02/10/2015 20:16:10] /addskill Kill Bill, level
[02/10/2015 20:16:11] /addskill Kill Bill, level
[02/10/2015 20:16:11] /addskill Kill Bill, level
[02/10/2015 20:16:11] /addskill Kill Bill, level
[02/10/2015 20:16:11] /addskill Kill Bill, level
[02/10/2015 20:16:11] /addskill Kill Bill, level
[02/10/2015 20:16:11] /addskill Kill Bill, level
[02/10/2015 20:16:11] /addskill Kill Bill, level
[02/10/2015 20:16:11] /addskill Kill Bill, level
[02/10/2015 20:16:11] /addskill Kill Bill, level
[02/10/2015 20:16:11] /addskill Kill Bill, level
[02/10/2015 20:16:11] /addskill Kill Bill, level
[02/10/2015 20:16:11] /addskill Kill Bill, level
[02/10/2015 20:16:11] /addskill Kill Bill, level
[02/10/2015 20:16:11] /addskill Kill Bill, level
[02/10/2015 20:16:11] /addskill Kill Bill, level
[02/10/2015 20:16:11] /addskill Kill Bill, level
[02/10/2015 20:16:11] /addskill Kill Bill, level
[02/10/2015 20:16:11] /addskill Kill Bill, level
[02/10/2015 20:16:11] /addskill Kill Bill, level
[02/10/2015 20:16:11] /addskill Kill Bill, level
[02/10/2015 20:16:11] /addskill Kill Bill, level
[02/10/2015 20:16:11] /addskill Kill Bill, level
[02/10/2015 20:16:11] /addskill Kill Bill, level
[02/10/2015 20:16:11] /addskill Kill Bill, level
[02/10/2015 20:16:11] /addskill Kill Bill, level
[02/10/2015 20:16:11] /addskill Kill Bill, level
[02/10/2015 20:16:11] /addskill Kill Bill, level
[02/10/2015 20:16:11] /addskill Kill Bill, level
[02/10/2015 20:16:11] /addskill Kill Bill, level
[02/10/2015 20:16:12] /addskill Kill Bill, level
[02/10/2015 20:16:12] /addskill Kill Bill, level
[02/10/2015 20:16:12] /addskill Kill Bill, level
[02/10/2015 20:16:12] /addskill Kill Bill, level
[02/10/2015 20:16:12] /addskill Kill Bill, level
[02/10/2015 20:16:12] /addskill Kill Bill, level
[02/10/2015 20:16:12] /addskill Kill Bill, level
[02/10/2015 20:16:12] /addskill Kill Bill, level
[02/10/2015 20:16:12] /addskill Kill Bill, level
[02/10/2015 20:16:12] /addskill Kill Bill, level
[02/10/2015 20:16:12] /addskill Kill Bill, level
[02/10/2015 20:16:12] /addskill Kill Bill, level
[02/10/2015 20:16:12] /addskill Kill Bill, level
[02/10/2015 20:16:12] /addskill Kill Bill, level
[02/10/2015 20:16:12] /addskill Kill Bill, level
[02/10/2015 20:16:12] /addskill Kill Bill, level
[02/10/2015 20:16:12] /addskill Kill Bill, level
[02/10/2015 20:16:12] /addskill Kill Bill, level
[02/10/2015 20:16:12] /addskill Kill Bill, level
[02/10/2015 20:16:12] /addskill Kill Bill, level
[02/10/2015 20:16:12] /addskill Kill Bill, level
[02/10/2015 20:16:12] /addskill Kill Bill, level
[02/10/2015 20:16:12] /addskill Kill Bill, level
[02/10/2015 20:16:12] /addskill Kill Bill, level
[02/10/2015 20:16:12] /addskill Kill Bill, level
[02/10/2015 20:16:12] /addskill Kill Bill, level
[02/10/2015 20:16:12] /addskill Kill Bill, level
[02/10/2015 20:16:12] /addskill Kill Bill, level
[02/10/2015 20:16:12] /addskill Kill Bill, level
[02/10/2015 20:16:12] /addskill Kill Bill, level
[02/10/2015 20:16:13] /addskill Kill Bill, level
[02/10/2015 20:16:13] /addskill Kill Bill, level
[02/10/2015 20:16:13] /addskill Kill Bill, level
[02/10/2015 20:16:13] /addskill Kill Bill, level
[02/10/2015 20:16:13] /addskill Kill Bill, level
[02/10/2015 20:16:13] /addskill Kill Bill, level
[02/10/2015 20:16:13] /addskill Kill Bill, level
[02/10/2015 20:16:13] /addskill Kill Bill, level
[02/10/2015 20:16:13] /addskill Kill Bill, level
[02/10/2015 20:16:13] /addskill Kill Bill, level
[02/10/2015 20:16:13] /addskill Kill Bill, level
[02/10/2015 20:16:13] /addskill Kill Bill, level
[02/10/2015 20:16:13] /addskill Kill Bill, level
[02/10/2015 20:16:13] /addskill Kill Bill, level
[02/10/2015 20:16:13] /addskill Kill Bill, level
[02/10/2015 20:16:13] /addskill Kill Bill, level
[02/10/2015 20:16:13] /addskill Kill Bill, level
[02/10/2015 20:16:13] /addskill Kill Bill, level
[02/10/2015 20:16:13] /addskill Kill Bill, level
[02/10/2015 20:16:13] /addskill Kill Bill, level
[02/10/2015 20:16:13] /addskill Kill Bill, level
[02/10/2015 20:16:17] /addskill Kill Bill, level
[02/10/2015 20:16:18] /addskill Kill Bill, level
[02/10/2015 20:16:18] /addskill Kill Bill, level
[02/10/2015 20:16:18] /addskill Kill Bill, level
[02/10/2015 20:16:18] /addskill Kill Bill, level
[02/10/2015 20:16:18] /addskill Kill Bill, level
[02/10/2015 20:16:18] /addskill Kill Bill, level
[02/10/2015 20:16:18] /addskill Kill Bill, level
[02/10/2015 20:16:18] /addskill Kill Bill, level
[02/10/2015 20:16:18] /addskill Kill Bill, level
[02/10/2015 20:16:18] /addskill Kill Bill, level
[02/10/2015 20:16:18] /addskill Kill Bill, level
[02/10/2015 20:16:18] /addskill Kill Bill, level
[02/10/2015 20:16:18] /addskill Kill Bill, level
[02/10/2015 20:16:18] /addskill Kill Bill, level
[02/10/2015 20:16:18] /addskill Kill Bill, level
[02/10/2015 20:16:18] /addskill Kill Bill, level
[02/10/2015 20:16:18] /addskill Kill Bill, level
[02/10/2015 20:16:18] /addskill Kill Bill, level
[02/10/2015 20:16:18] /addskill Kill Bill, level
[02/10/2015 20:16:18] /addskill Kill Bill, level
[02/10/2015 20:16:18] /addskill Kill Bill, level
[02/10/2015 20:16:18] /addskill Kill Bill, level
[02/10/2015 20:16:18] /addskill Kill Bill, level
[02/10/2015 20:16:18] /addskill Kill Bill, level
[02/10/2015 20:16:18] /addskill Kill Bill, level
[02/10/2015 20:16:18] /addskill Kill Bill, level
[02/10/2015 20:16:19] /addskill Kill Bill, level
[02/10/2015 20:16:19] /addskill Kill Bill, level
[02/10/2015 20:16:19] /addskill Kill Bill, level
[02/10/2015 20:16:19] /addskill Kill Bill, level
[02/10/2015 20:16:19] /addskill Kill Bill, level
[02/10/2015 20:16:19] /addskill Kill Bill, level
[02/10/2015 20:16:19] /addskill Kill Bill, level
[02/10/2015 20:16:19] /addskill Kill Bill, level
[02/10/2015 20:16:19] /addskill Kill Bill, level
[02/10/2015 20:16:19] /addskill Kill Bill, level
[02/10/2015 20:16:19] /addskill Kill Bill, level
[02/10/2015 20:16:22] /addskill Kill Bill, level
[02/10/2015 20:16:23] /addskill Kill Bill, level
[02/10/2015 20:16:23] /addskill Kill Bill, level
[02/10/2015 20:16:23] /addskill Kill Bill, level
[02/10/2015 20:16:23] /addskill Kill Bill, level
[02/10/2015 20:16:23] /addskill Kill Bill, level
[02/10/2015 20:16:23] /addskill Kill Bill, level
[02/10/2015 20:16:23] /addskill Kill Bill, level
[02/10/2015 20:16:23] /addskill Kill Bill, level
[02/10/2015 20:16:23] /addskill Kill Bill, level
[02/10/2015 20:16:23] /addskill Kill Bill, level
[02/10/2015 20:16:23] /addskill Kill Bill, level
[02/10/2015 20:16:23] /addskill Kill Bill, level
[02/10/2015 20:16:23] /addskill Kill Bill, level
[02/10/2015 20:16:23] /addskill Kill Bill, level
[02/10/2015 20:16:23] /addskill Kill Bill, level
[02/10/2015 20:16:23] /addskill Kill Bill, level
[02/10/2015 20:16:23] /addskill Kill Bill, level
[02/10/2015 20:16:23] /addskill Kill Bill, level
[02/10/2015 20:16:23] /addskill Kill Bill, level
[02/10/2015 20:16:23] /addskill Kill Bill, level
[02/10/2015 20:16:24] /addskill Kill Bill, level
[02/10/2015 20:16:24] /addskill Kill Bill, level
[02/10/2015 20:16:24] /addskill Kill Bill, level
[02/10/2015 20:16:24] /addskill Kill Bill, level
[02/10/2015 20:16:24] /addskill Kill Bill, level
[02/10/2015 20:16:24] /addskill Kill Bill, level
[02/10/2015 20:16:24] /addskill Kill Bill, level
[02/10/2015 20:16:24] /addskill Kill Bill, level
[02/10/2015 20:16:24] /addskill Kill Bill, level
[02/10/2015 20:16:24] /addskill Kill Bill, level
[02/10/2015 20:16:24] /addskill Kill Bill, level
[02/10/2015 20:16:24] /addskill Kill Bill, level
[02/10/2015 20:16:24] /addskill Kill Bill, level
[02/10/2015 20:16:24] /addskill Kill Bill, level
[02/10/2015 20:16:24] /addskill Kill Bill, level
[02/10/2015 20:16:24] /addskill Kill Bill, level
[02/10/2015 20:16:24] /addskill Kill Bill, level
[02/10/2015 20:16:24] /addskill Kill Bill, level
[02/10/2015 20:16:24] /addskill Kill Bill, level
[02/10/2015 20:16:24] /addskill Kill Bill, level
[02/10/2015 20:16:24] /addskill Kill Bill, level
[02/10/2015 20:16:24] /addskill Kill Bill, level
[02/10/2015 20:16:24] /addskill Kill Bill, level
[02/10/2015 20:16:24] /addskill Kill Bill, level
[02/10/2015 20:16:24] /addskill Kill Bill, level
[02/10/2015 20:16:24] /addskill Kill Bill, level
[02/10/2015 20:16:24] /addskill Kill Bill, level
[02/10/2015 20:16:24] /addskill Kill Bill, level
[02/10/2015 20:16:24] /addskill Kill Bill, level
[02/10/2015 20:16:24] /addskill Kill Bill, level
[02/10/2015 20:16:24] /addskill Kill Bill, level
[02/10/2015 20:16:25] /addskill Kill Bill, level
[02/10/2015 20:16:25] /addskill Kill Bill, level
[02/10/2015 20:16:25] /addskill Kill Bill, level
[02/10/2015 20:16:58] /addskill Kill Bill, level
[02/10/2015 20:16:58] /addskill Kill Bill, level
[02/10/2015 20:16:58] /addskill Kill Bill, level
[02/10/2015 20:16:58] /addskill Kill Bill, level
[02/10/2015 20:16:58] /addskill Kill Bill, level
[02/10/2015 20:16:58] /addskill Kill Bill, level
[02/10/2015 20:16:58] /addskill Kill Bill, level
[02/10/2015 20:16:59] /addskill Kill Bill, level
[02/10/2015 20:16:59] /addskill Kill Bill, level
[02/10/2015 20:16:59] /addskill Kill Bill, level
[02/10/2015 20:16:59] /addskill Kill Bill, level
[02/10/2015 20:16:59] /addskill Kill Bill, level
[02/10/2015 20:16:59] /addskill Kill Bill, level
[02/10/2015 20:16:59] /addskill Kill Bill, level
[02/10/2015 20:16:59] /addskill Kill Bill, level
[02/10/2015 20:16:59] /addskill Kill Bill, level
[02/10/2015 20:16:59] /addskill Kill Bill, level
[02/10/2015 20:16:59] /addskill Kill Bill, level
[02/10/2015 20:16:59] /addskill Kill Bill, level
[02/10/2015 20:16:59] /addskill Kill Bill, level
[02/10/2015 20:16:59] /addskill Kill Bill, level
[02/10/2015 20:16:59] /addskill Kill Bill, level
[02/10/2015 20:16:59] /addskill Kill Bill, level
[02/10/2015 20:16:59] /addskill Kill Bill, level
[02/10/2015 20:16:59] /addskill Kill Bill, level
[02/10/2015 20:16:59] /addskill Kill Bill, level
[02/10/2015 20:16:59] /addskill Kill Bill, level
[02/10/2015 20:16:59] /addskill Kill Bill, level
[02/10/2015 20:16:59] /addskill Kill Bill, level
[02/10/2015 20:16:59] /addskill Kill Bill, level
[02/10/2015 20:16:59] /addskill Kill Bill, level
[02/10/2015 20:16:59] /addskill Kill Bill, level
[02/10/2015 20:16:59] /addskill Kill Bill, level
[02/10/2015 20:16:59] /addskill Kill Bill, level
[02/10/2015 20:16:59] /addskill Kill Bill, level
[02/10/2015 20:16:59] /addskill Kill Bill, level
[02/10/2015 20:16:59] /addskill Kill Bill, level
[02/10/2015 20:17:00] /addskill Kill Bill, level
[02/10/2015 20:17:00] /addskill Kill Bill, level
[02/10/2015 20:17:00] /addskill Kill Bill, level
[02/10/2015 20:17:00] /addskill Kill Bill, level
[02/10/2015 20:17:00] /addskill Kill Bill, level
[02/10/2015 20:17:00] /addskill Kill Bill, level
[02/10/2015 20:17:00] /addskill Kill Bill, level
[02/10/2015 20:17:00] /addskill Kill Bill, level
[02/10/2015 20:17:00] /addskill Kill Bill, level
[02/10/2015 20:17:00] /addskill Kill Bill, level
[02/10/2015 20:17:00] /addskill Kill Bill, level
[02/10/2015 20:17:00] /addskill Kill Bill, level
[02/10/2015 20:17:00] /addskill Kill Bill, level
[02/10/2015 20:17:00] /addskill Kill Bill, level
[02/10/2015 20:17:00] /addskill Kill Bill, level
[02/10/2015 20:17:00] /addskill Kill Bill, level
[02/10/2015 20:17:00] /addskill Kill Bill, level
[02/10/2015 20:17:00] /addskill Kill Bill, level
[02/10/2015 20:17:14] /addskill Kill Bill, level
[02/10/2015 20:17:15] /addskill Kill Bill, level
[02/10/2015 20:17:15] /addskill Kill Bill, level
[02/10/2015 20:17:16] /addskill Kill Bill, level
[02/10/2015 20:17:16] /addskill Kill Bill, level
[02/10/2015 20:17:17] /addskill Kill Bill, level
[02/10/2015 20:17:23] /addskill Kill Bill, level
[02/10/2015 20:18:53] /addskill Imortall, level
[02/10/2015 20:18:53] /addskill Imortall, level
[02/10/2015 20:18:53] /addskill Imortall, level
[02/10/2015 20:18:53] /addskill Imortall, level
[02/10/2015 20:18:53] /addskill Imortall, level
[02/10/2015 20:18:53] /addskill Imortall, level
[02/10/2015 20:18:54] /addskill Imortall, level
[02/10/2015 20:18:54] /addskill Imortall, level
[02/10/2015 20:18:54] /addskill Imortall, level
[02/10/2015 20:18:54] /addskill Imortall, level
[02/10/2015 20:18:55] /addskill Imortall, level
[02/10/2015 20:18:55] /addskill Imortall, level
[02/10/2015 20:18:55] /addskill Imortall, level
[02/10/2015 20:18:55] /addskill Imortall, level
[02/10/2015 20:18:55] /addskill Imortall, level
[02/10/2015 20:18:55] /addskill Imortall, level
[02/10/2015 20:18:55] /addskill Imortall, level
[02/10/2015 20:18:55] /addskill Imortall, level
[02/10/2015 20:18:55] /addskill Imortall, level
[02/10/2015 20:18:55] /addskill Imortall, level
[02/10/2015 20:18:55] /addskill Imortall, level
[02/10/2015 20:18:55] /addskill Imortall, level
[02/10/2015 20:18:55] /addskill Imortall, level
[02/10/2015 20:18:55] /addskill Imortall, level
[02/10/2015 20:18:55] /addskill Imortall, level
[02/10/2015 20:18:55] /addskill Imortall, level
[02/10/2015 20:18:55] /addskill Imortall, level
[02/10/2015 20:18:55] /addskill Imortall, level
[02/10/2015 20:18:55] /addskill Imortall, level
[02/10/2015 20:18:55] /addskill Imortall, level
[02/10/2015 20:18:55] /addskill Imortall, level
[02/10/2015 20:18:55] /addskill Imortall, level
[02/10/2015 20:18:55] /addskill Imortall, level
[02/10/2015 20:18:55] /addskill Imortall, level
[02/10/2015 20:18:55] /addskill Imortall, level
[02/10/2015 20:18:55] /addskill Imortall, level
[02/10/2015 20:18:56] /addskill Imortall, level
[02/10/2015 20:18:56] /addskill Imortall, level
[02/10/2015 20:18:56] /addskill Imortall, level
[02/10/2015 20:18:56] /addskill Imortall, level
[02/10/2015 20:18:56] /addskill Imortall, level
[02/10/2015 20:18:56] /addskill Imortall, level
[02/10/2015 20:18:56] /addskill Imortall, level
[02/10/2015 20:18:56] /addskill Imortall, level
[02/10/2015 20:18:56] /addskill Imortall, level
[02/10/2015 20:18:56] /addskill Imortall, level
[02/10/2015 20:18:56] /addskill Imortall, level
[02/10/2015 20:18:56] /addskill Imortall, level
[02/10/2015 20:18:56] /addskill Imortall, level
[02/10/2015 20:18:56] /addskill Imortall, level
[02/10/2015 20:18:56] /addskill Imortall, level
[02/10/2015 20:18:56] /addskill Imortall, level
[02/10/2015 20:18:56] /addskill Imortall, level
[02/10/2015 20:18:56] /addskill Imortall, level
[02/10/2015 20:18:56] /addskill Imortall, level
[02/10/2015 20:18:56] /addskill Imortall, level
[02/10/2015 20:18:56] /addskill Imortall, level
[02/10/2015 20:18:56] /addskill Imortall, level
[02/10/2015 20:18:56] /addskill Imortall, level
[02/10/2015 20:18:56] /addskill Imortall, level
[02/10/2015 20:18:56] /addskill Imortall, level
[02/10/2015 20:18:56] /addskill Imortall, level
[02/10/2015 20:18:57] /addskill Imortall, level
[02/10/2015 20:18:57] /addskill Imortall, level
[02/10/2015 20:18:57] /addskill Imortall, level
[02/10/2015 20:18:57] /addskill Imortall, level
[02/10/2015 20:18:57] /addskill Imortall, level
[02/10/2015 20:18:57] /addskill Imortall, level
[02/10/2015 20:18:57] /addskill Imortall, level
[02/10/2015 20:18:57] /addskill Imortall, level
[02/10/2015 20:18:57] /addskill Imortall, level
[02/10/2015 20:18:57] /addskill Imortall, level
[02/10/2015 20:18:57] /addskill Imortall, level
[02/10/2015 20:18:57] /addskill Imortall, level
[02/10/2015 20:18:57] /addskill Imortall, level
[02/10/2015 20:18:57] /addskill Imortall, level
[02/10/2015 20:18:57] /addskill Imortall, level
[02/10/2015 20:18:57] /addskill Imortall, level
[02/10/2015 20:18:57] /addskill Imortall, level
[02/10/2015 20:18:57] /addskill Imortall, level
[02/10/2015 20:18:57] /addskill Imortall, level
[02/10/2015 20:18:57] /addskill Imortall, level
[02/10/2015 20:18:57] /addskill Imortall, level
[02/10/2015 20:18:57] /addskill Imortall, level
[02/10/2015 20:18:57] /addskill Imortall, level
[02/10/2015 20:18:57] /addskill Imortall, level
[02/10/2015 20:18:57] /addskill Imortall, level
[02/10/2015 20:18:57] /addskill Imortall, level
[02/10/2015 20:18:57] /addskill Imortall, level
[02/10/2015 20:18:57] /addskill Imortall, level
[02/10/2015 20:18:57] /addskill Imortall, level
[02/10/2015 20:18:57] /addskill Imortall, level
[02/10/2015 20:18:57] /addskill Imortall, level
[02/10/2015 20:18:57] /addskill Imortall, level
[02/10/2015 20:18:58] /addskill Imortall, level
[02/10/2015 20:18:58] /addskill Imortall, level
[02/10/2015 20:18:58] /addskill Imortall, level
[02/10/2015 20:18:58] /addskill Imortall, level
[02/10/2015 20:18:58] /addskill Imortall, level
[02/10/2015 20:18:58] /addskill Imortall, level
[02/10/2015 20:18:58] /addskill Imortall, level
[02/10/2015 20:18:58] /addskill Imortall, level
[02/10/2015 20:18:58] /addskill Imortall, level
[02/10/2015 20:19:00] /addskill Imortall, level
[02/10/2015 20:19:01] /addskill Imortall, level
[02/10/2015 20:19:01] /addskill Imortall, level
[02/10/2015 20:19:01] /addskill Imortall, level
[02/10/2015 20:19:01] /addskill Imortall, level
[02/10/2015 20:19:01] /addskill Imortall, level
[02/10/2015 20:19:01] /addskill Imortall, level
[02/10/2015 20:19:01] /addskill Imortall, level
[02/10/2015 20:19:01] /addskill Imortall, level
[02/10/2015 20:19:01] /addskill Imortall, level
[02/10/2015 20:19:01] /addskill Imortall, level
[02/10/2015 20:19:01] /addskill Imortall, level
[02/10/2015 20:19:01] /addskill Imortall, level
[02/10/2015 20:19:01] /addskill Imortall, level
[02/10/2015 20:19:01] /addskill Imortall, level
[02/10/2015 20:19:01] /addskill Imortall, level
[02/10/2015 20:19:01] /addskill Imortall, level
[02/10/2015 20:19:01] /addskill Imortall, level
[02/10/2015 20:19:01] /addskill Imortall, level
[02/10/2015 20:19:01] /addskill Imortall, level
[02/10/2015 20:19:01] /addskill Imortall, level
[02/10/2015 20:19:01] /addskill Imortall, level
[02/10/2015 20:19:01] /addskill Imortall, level
[02/10/2015 20:19:01] /addskill Imortall, level
[02/10/2015 20:19:02] /addskill Imortall, level
[02/10/2015 20:19:02] /addskill Imortall, level
[02/10/2015 20:19:02] /addskill Imortall, level
[02/10/2015 20:19:02] /addskill Imortall, level
[02/10/2015 20:19:02] /addskill Imortall, level
[02/10/2015 20:19:02] /addskill Imortall, level
[02/10/2015 20:19:02] /addskill Imortall, level
[02/10/2015 20:19:02] /addskill Imortall, level
[02/10/2015 20:19:02] /addskill Imortall, level
[02/10/2015 20:19:02] /addskill Imortall, level
[02/10/2015 20:19:02] /addskill Imortall, level
[02/10/2015 20:19:02] /addskill Imortall, level
[02/10/2015 20:19:02] /addskill Imortall, level
[02/10/2015 20:19:02] /addskill Imortall, level
[02/10/2015 20:19:02] /addskill Imortall, level
[02/10/2015 20:19:02] /addskill Imortall, level
[02/10/2015 20:19:02] /addskill Imortall, level
[02/10/2015 20:19:02] /addskill Imortall, level
[02/10/2015 20:19:02] /addskill Imortall, level
[02/10/2015 20:19:02] /addskill Imortall, level
[02/10/2015 20:19:02] /addskill Imortall, level
[02/10/2015 20:19:02] /addskill Imortall, level
[02/10/2015 20:19:02] /addskill Imortall, level
[02/10/2015 20:19:02] /addskill Imortall, level
[02/10/2015 20:19:02] /addskill Imortall, level
[02/10/2015 20:19:02] /addskill Imortall, level
[02/10/2015 20:19:02] /addskill Imortall, level
[02/10/2015 20:19:03] /addskill Imortall, level
[02/10/2015 20:19:03] /addskill Imortall, level
[02/10/2015 20:19:03] /addskill Imortall, level
[02/10/2015 20:19:03] /addskill Imortall, level
[02/10/2015 20:19:03] /addskill Imortall, level
[02/10/2015 20:19:03] /addskill Imortall, level
[02/10/2015 20:19:03] /addskill Imortall, level
[02/10/2015 20:19:03] /addskill Imortall, level
[02/10/2015 20:19:03] /addskill Imortall, level
[02/10/2015 20:19:03] /addskill Imortall, level
[02/10/2015 20:19:03] /addskill Imortall, level
[02/10/2015 20:19:03] /addskill Imortall, level
[02/10/2015 20:19:03] /addskill Imortall, level
[02/10/2015 20:19:03] /addskill Imortall, level
[02/10/2015 20:19:03] /addskill Imortall, level
[02/10/2015 20:19:03] /addskill Imortall, level
[02/10/2015 20:19:03] /addskill Imortall, level
[02/10/2015 20:19:03] /addskill Imortall, level
[02/10/2015 20:19:03] /addskill Imortall, level
[02/10/2015 20:19:03] /addskill Imortall, level
[02/10/2015 20:19:03] /addskill Imortall, level
[02/10/2015 20:19:03] /addskill Imortall, level
[02/10/2015 20:19:03] /addskill Imortall, level
[02/10/2015 20:19:03] /addskill Imortall, level
[02/10/2015 20:19:03] /addskill Imortall, level
[02/10/2015 20:19:03] /addskill Imortall, level
[02/10/2015 20:19:03] /addskill Imortall, level
[02/10/2015 20:19:03] /addskill Imortall, level
[02/10/2015 20:19:03] /addskill Imortall, level
[02/10/2015 20:19:03] /addskill Imortall, level
[02/10/2015 20:19:03] /addskill Imortall, level
[02/10/2015 20:19:04] /addskill Imortall, level
[02/10/2015 20:19:04] /addskill Imortall, level
[02/10/2015 20:19:04] /addskill Imortall, level
[02/10/2015 20:19:04] /addskill Imortall, level
[02/10/2015 20:19:04] /addskill Imortall, level
[02/10/2015 20:19:04] /addskill Imortall, level
[02/10/2015 20:19:04] /addskill Imortall, level
[02/10/2015 20:19:04] /addskill Imortall, level
[02/10/2015 20:19:04] /addskill Imortall, level
[02/10/2015 20:19:04] /addskill Imortall, level
[02/10/2015 20:19:04] /addskill Imortall, level
[02/10/2015 20:19:04] /addskill Imortall, level
[02/10/2015 20:19:04] /addskill Imortall, level
[02/10/2015 20:19:04] /addskill Imortall, level
[02/10/2015 20:19:04] /addskill Imortall, level
[02/10/2015 20:19:04] /addskill Imortall, level
[02/10/2015 20:19:04] /addskill Imortall, level
[02/10/2015 20:19:04] /addskill Imortall, level
[02/10/2015 20:19:04] /addskill Imortall, level
[02/10/2015 20:19:04] /addskill Imortall, level
[02/10/2015 20:19:04] /addskill Imortall, level
[02/10/2015 20:19:04] /addskill Imortall, level
[02/10/2015 20:19:04] /addskill Imortall, level
[02/10/2015 20:19:04] /addskill Imortall, level
[02/10/2015 20:19:06] /addskill Imortall, level
[02/10/2015 20:19:07] /addskill Imortall, level
[02/10/2015 20:19:07] /addskill Imortall, level
[02/10/2015 20:19:07] /addskill Imortall, level
[02/10/2015 20:19:07] /addskill Imortall, level
[02/10/2015 20:19:07] /addskill Imortall, level
[02/10/2015 20:19:07] /addskill Imortall, level
[02/10/2015 20:19:07] /addskill Imortall, level
[02/10/2015 20:19:07] /addskill Imortall, level
[02/10/2015 20:19:07] /addskill Imortall, level
[02/10/2015 20:19:07] /addskill Imortall, level
[02/10/2015 20:19:07] /addskill Imortall, level
[02/10/2015 20:19:07] /addskill Imortall, level
[02/10/2015 20:19:07] /addskill Imortall, level
[02/10/2015 20:19:08] /addskill Imortall, level
[02/10/2015 20:19:08] /addskill Imortall, level
[02/10/2015 20:19:08] /addskill Imortall, level
[02/10/2015 20:19:08] /addskill Imortall, level
[02/10/2015 20:19:08] /addskill Imortall, level
[02/10/2015 20:19:08] /addskill Imortall, level
[02/10/2015 20:19:08] /addskill Imortall, level
[02/10/2015 20:19:08] /addskill Imortall, level
[02/10/2015 20:19:08] /addskill Imortall, level
[02/10/2015 20:19:08] /addskill Imortall, level
[02/10/2015 20:19:08] /addskill Imortall, level
[02/10/2015 20:19:08] /addskill Imortall, level
[02/10/2015 20:19:08] /addskill Imortall, level
[02/10/2015 20:19:08] /addskill Imortall, level
[02/10/2015 20:19:08] /addskill Imortall, level
[02/10/2015 20:19:08] /addskill Imortall, level
[02/10/2015 20:19:08] /addskill Imortall, level
[02/10/2015 20:19:11] /addskill Imortall, level
[02/10/2015 20:19:11] /addskill Imortall, level
[02/10/2015 20:19:12] /addskill Imortall, level
[02/10/2015 20:19:12] /addskill Imortall, level
[02/10/2015 20:19:12] /addskill Imortall, level
[02/10/2015 20:19:12] /addskill Imortall, level
[02/10/2015 20:19:12] /addskill Imortall, level
[02/10/2015 20:19:12] /addskill Imortall, level
[02/10/2015 20:19:13] /addskill Imortall, level
[02/10/2015 20:19:13] /addskill Imortall, level
[02/10/2015 20:19:13] /addskill Imortall, level
[02/10/2015 20:19:13] /addskill Imortall, level
[02/10/2015 20:19:13] /addskill Imortall, level
[02/10/2015 20:19:13] /addskill Imortall, level
[02/10/2015 20:19:15] /addskill Imortall, level
[02/10/2015 20:19:16] /addskill Imortall, level
[02/10/2015 20:19:17] /addskill Imortall, level
[02/10/2015 20:19:17] /addskill Imortall, level
[02/10/2015 20:19:19] /addskill Imortall, level
[02/10/2015 20:19:19] /addskill Imortall, level
[02/10/2015 20:19:19] /addskill Imortall, level
[02/10/2015 20:19:19] /addskill Imortall, level
[02/10/2015 20:19:19] /addskill Imortall, level
[02/10/2015 20:19:20] /addskill Imortall, level
[02/10/2015 20:19:20] /addskill Imortall, level
[02/10/2015 20:19:20] /addskill Imortall, level
[02/10/2015 20:19:20] /addskill Imortall, level
[02/10/2015 20:19:20] /addskill Imortall, level
[02/10/2015 20:19:20] /addskill Imortall, level
[02/10/2015 20:19:20] /addskill Imortall, level
[02/10/2015 20:19:23] /addskill Imortall, level
[02/10/2015 20:19:24] /addskill Imortall, level
[02/10/2015 20:19:24] /addskill Imortall, level
[02/10/2015 20:19:25] /addskill Imortall, level
[02/10/2015 20:19:37] /addskill Imortall, level
[02/10/2015 20:19:38] /addskill Imortall, level
[02/10/2015 20:19:38] /addskill Imortall, level
[02/10/2015 20:25:44] /m fat ninja
[02/10/2015 20:25:46] /m Shinobazu
[02/10/2015 20:25:56] /addskill Kill Bill, level
[02/10/2015 20:25:59] /addskill Kill Bill, level
[02/10/2015 20:25:59] /addskill Kill Bill, level
[02/10/2015 20:26:05] /addskill Kill Bill, level
[02/10/2015 20:26:06] /addskill Kill Bill, level
[02/10/2015 20:26:07] /addskill Kill Bill, level
[02/10/2015 20:26:11] /addskill Kill Bill, level
[02/10/2015 20:29:44] /m kimimaro
[02/10/2015 20:29:53] /a 30
[02/10/2015 20:29:55] /a 30
[02/10/2015 20:29:55] /a 30
[02/10/2015 20:29:56] /a 30
[02/10/2015 20:29:57] /a 30
[02/10/2015 20:29:59] /a 30
[02/10/2015 20:30:03] /a 30
[02/10/2015 20:30:05] /a 30
[02/10/2015 20:30:06] /a 30
[02/10/2015 20:30:11] /a 30
[02/10/2015 20:30:13] /a 30
[02/10/2015 20:30:15] /a 30
[02/10/2015 20:30:27] /a 30
[02/10/2015 20:30:28] /a 30
[02/10/2015 20:30:42] /a 3
[02/10/2015 20:30:48] /a 30
[02/10/2015 20:30:51] /a 3
[02/10/2015 20:30:52] /a 3
[02/10/2015 20:30:53] /a 3
[02/10/2015 20:30:54] /a 3
[02/10/2015 20:30:54] /a 3
[02/10/2015 20:30:55] /a 3
[02/10/2015 20:30:56] /a 3
[02/10/2015 20:30:56] /a 3
[02/10/2015 20:30:57] /a 3
[02/10/2015 20:30:58] /a 3
[02/10/2015 20:30:59] /a 30
[02/10/2015 20:31:03] /a 30
[02/10/2015 20:31:07] /a 3
[02/10/2015 20:31:20] /t
[02/10/2015 20:31:36] /m Kidomaru Cursed
[02/10/2015 20:37:23] /m sasuke
[02/10/2015 20:37:29] /m sasuke uchuiha
[02/10/2015 20:37:32] /m sasuke uchiha
[02/10/2015 20:38:59] /t
[02/10/2015 20:39:04] /a
[02/10/2015 20:39:05] /a
[02/10/2015 20:39:06] /a
[02/10/2015 20:39:07] /a
[02/10/2015 20:39:08] /a
[02/10/2015 20:39:08] /a
[02/10/2015 20:39:49] /m tobi
[02/10/2015 20:39:51] /m tobi
[02/10/2015 20:39:55] /m madara
[02/10/2015 20:40:00] /m orochimaru
[02/10/2015 20:40:10] /m Madara uchiha
[02/10/2015 20:40:16] /m uchiha madara
[02/10/2015 20:40:21] /m ukon
[02/10/2015 20:40:24] /m akon
[02/10/2015 20:40:33] /m jirobou
[02/10/2015 20:40:35] /m jirobou
[02/10/2015 20:40:39] /m sasuke
[02/10/2015 20:40:45] /m Jirobou
[02/10/2015 20:40:52] /m kimimaru
[02/10/2015 20:40:59] /m Girobou
[02/10/2015 20:41:07] /m Jyrobo
[02/10/2015 20:41:15] /m Jirobo
[02/10/2015 20:41:16] /m Jirobo
[02/10/2015 20:41:18] /m Jirobo
[02/10/2015 20:41:24] /m Itache
[02/10/2015 20:41:26] /m Itachi
[02/10/2015 20:42:22] /m Uchiha Sasuke
[02/10/2015 20:42:24] /m Uchiha Sasuke
[02/10/2015 20:42:31] /m Sasuke Uchiha
[02/10/2015 20:42:55] /t
[02/10/2015 20:43:17] /t
[02/10/2015 20:46:13] /m orochimaru
[02/10/2015 20:46:22] /m kabuto
[02/10/2015 20:46:42] /m sasuke
[02/10/2015 20:46:52] /m cursed sasuke
[02/10/2015 20:46:57] /m gaara
[02/10/2015 20:47:40] /m shucaco
[02/10/2015 20:47:45] /m chucaco
[02/10/2015 20:48:10] /m gaara transform
[02/10/2015 20:48:31] /t
[02/10/2015 20:48:55] /m neji
[02/10/2015 20:49:24] /m kiba
[02/10/2015 20:49:30] /m dosu
[02/10/2015 20:49:35] /m kim
[02/10/2015 20:49:39] /m kim 
[02/10/2015 20:49:47] /m rock lee
[02/10/2015 20:49:53] /m sakura
[02/10/2015 20:50:09] /t
[02/10/2015 20:50:26] /t
[02/10/2015 20:50:32] /a 4
[02/10/2015 20:50:33] /a 4
[02/10/2015 20:50:34] /a 4
[02/10/2015 20:50:37] /a 4
[02/10/2015 20:50:38] /a 4
[02/10/2015 20:50:38] /a 4
[02/10/2015 20:50:39] /a 4
[02/10/2015 20:50:41] /a 4
[02/10/2015 20:50:42] /a 4
[02/10/2015 20:50:43] /a 4
[02/10/2015 20:50:43] /a 4
[02/10/2015 20:50:44] /a 4
[02/10/2015 20:50:48] /m kakashi
[02/10/2015 20:50:52] /m kiba
[02/10/2015 20:50:56] /m dosu
[02/10/2015 20:51:00] /m neji
[02/10/2015 20:51:21] /m zabuza
[02/10/2015 20:51:25] /m haku
[02/10/2015 20:58:22] /a 40
[02/10/2015 20:58:24] /a 40
[02/10/2015 20:58:26] /a 40
[02/10/2015 20:59:51] /t
[02/10/2015 21:00:26] /c Imortall
[02/10/2015 21:00:30] /c Imortall
[02/10/2015 21:00:32] /c Imortall
[02/10/2015 21:00:33] /c Imortall
[02/10/2015 21:00:34] /c Imortall
[02/10/2015 21:00:35] /c Imortall
[02/10/2015 21:00:35] /c Imortall
[02/10/2015 21:00:36] /c Imortall
[02/10/2015 21:00:37] /c Imortall
[02/10/2015 21:00:38] /c Imortall
[02/10/2015 21:00:38] /c Imortall
[02/10/2015 21:00:39] /c Imortall
[02/10/2015 21:00:39] /c Imortall
[02/10/2015 21:00:40] /c Imortall
[02/10/2015 21:00:41] /c Imortall
[02/10/2015 21:00:42] /c Imortall
[02/10/2015 21:00:42] /c Imortall
[02/10/2015 21:00:43] /c Imortall
[02/10/2015 21:00:44] /c Imortall
[02/10/2015 21:00:45] /c Imortall
[02/10/2015 21:00:46] /c Imortall
[02/10/2015 21:00:47] /c Imortall
[02/10/2015 21:00:48] /c Imortall
[02/10/2015 21:00:49] /c Imortall
[02/10/2015 21:00:50] /c Imortall
[02/10/2015 21:00:50] /c Imortall
[02/10/2015 21:00:51] /c Imortall
[02/10/2015 21:00:52] /c Imortall
[02/10/2015 21:00:53] /c Imortall
[02/10/2015 21:00:54] /c Imortall
[02/10/2015 21:00:57] /c Imortall
[02/10/2015 21:00:59] /c Imortall
[02/10/2015 21:01:07] /c Imortall
[02/10/2015 21:01:09] /c Imortall
[02/10/2015 21:01:10] /c Imortall
[02/10/2015 21:01:31] /m sasuke
[02/10/2015 21:02:11] /c Imortall
[02/10/2015 21:02:20] /c Imortall
[02/10/2015 21:02:49] /c Imortall
[02/10/2015 21:03:49] /c Imortall
[02/10/2015 21:03:56] /a
[02/10/2015 21:03:57] /a
[02/10/2015 21:04:02] /c imortall
[02/10/2015 21:04:05] /a
[02/10/2015 21:04:18] /t
[02/10/2015 21:06:00] /c imortall
[02/10/2015 21:06:03] /a
[02/10/2015 21:06:07] /c imortall
[02/10/2015 21:06:10] /c imortall
[02/10/2015 21:06:12] /c imortall
[02/10/2015 21:06:13] /c imortall
[02/10/2015 21:06:14] /c imortall
[02/10/2015 21:06:14] /c imortall
[02/10/2015 21:06:15] /c imortall
[02/10/2015 21:06:15] /c imortall
[02/10/2015 21:06:16] /c imortall
[02/10/2015 21:06:16] /c imortall
[02/10/2015 21:06:17] /c imortall
[02/10/2015 21:06:18] /c imortall
[02/10/2015 21:06:28] /c imortall
[02/10/2015 21:06:29] /c imortall
[02/10/2015 21:06:29] /c imortall
[02/10/2015 21:06:29] /c imortall
[02/10/2015 21:06:29] /c imortall
[02/10/2015 21:06:29] /c imortall
[02/10/2015 21:06:29] /c imortall
[02/10/2015 21:06:29] /c imortall
[02/10/2015 21:06:29] /c imortall
[02/10/2015 21:06:29] /c imortall
[02/10/2015 21:06:29] /c imortall
[02/10/2015 21:06:29] /c imortall
[02/10/2015 21:06:29] /c imortall
[02/10/2015 21:06:29] /c imortall
[02/10/2015 21:06:29] /c imortall
[02/10/2015 21:06:29] /c imortall
[02/10/2015 21:06:29] /c imortall
[02/10/2015 21:06:29] /c imortall
[02/10/2015 21:06:29] /c imortall
[02/10/2015 21:06:29] /c imortall
[02/10/2015 21:06:29] /c imortall
[02/10/2015 21:06:29] /c imortall
[02/10/2015 21:06:29] /c imortall
[02/10/2015 21:06:29] /c imortall
[02/10/2015 21:06:29] /c imortall
[02/10/2015 21:06:29] /c imortall
[02/10/2015 21:06:29] /c imortall
[02/10/2015 21:06:29] /c imortall
[02/10/2015 21:06:30] /c imortall
[02/10/2015 21:06:30] /c imortall
[02/10/2015 21:06:30] /c imortall
[02/10/2015 21:06:30] /c imortall
[02/10/2015 21:06:30] /c imortall
[02/10/2015 21:06:30] /c imortall
[02/10/2015 21:06:30] /c imortall
[02/10/2015 21:06:30] /c imortall
[02/10/2015 21:06:30] /c imortall
[02/10/2015 21:06:30] /c imortall
[02/10/2015 21:06:30] /c imortall
[02/10/2015 21:06:30] /c imortall
[02/10/2015 21:06:30] /c imortall
[02/10/2015 21:06:30] /c imortall
[02/10/2015 21:06:30] /c imortall
[02/10/2015 21:06:30] /c imortall
[02/10/2015 21:06:30] /c imortall
[02/10/2015 21:06:30] /c imortall
[02/10/2015 21:06:30] /c imortall
[02/10/2015 21:06:30] /c imortall
[02/10/2015 21:06:30] /c imortall
[02/10/2015 21:06:30] /c imortall
[02/10/2015 21:06:30] /c imortall
[02/10/2015 21:06:30] /c imortall
[02/10/2015 21:06:30] /c imortall
[02/10/2015 21:06:30] /c imortall
[02/10/2015 21:06:30] /c imortall
[02/10/2015 21:06:30] /c imortall
[02/10/2015 21:06:31] /c imortall
[02/10/2015 21:06:31] /c imortall
[02/10/2015 21:06:31] /c imortall
[02/10/2015 21:06:31] /c imortall
[02/10/2015 21:06:31] /c imortall
[02/10/2015 21:06:31] /c imortall
[02/10/2015 21:06:31] /c imortall
[02/10/2015 21:06:31] /c imortall
[02/10/2015 21:06:31] /c imortall
[02/10/2015 21:06:31] /c imortall
[02/10/2015 21:06:31] /c imortall
[02/10/2015 21:06:31] /c imortall
[02/10/2015 21:06:31] /c imortall
[02/10/2015 21:06:31] /c imortall
[02/10/2015 21:06:31] /c imortall
[02/10/2015 21:06:31] /c imortall
[02/10/2015 21:06:31] /c imortall
[02/10/2015 21:06:31] /c imortall
[02/10/2015 21:06:31] /c imortall
[02/10/2015 21:06:31] /c imortall
[02/10/2015 21:06:31] /c imortall
[02/10/2015 21:06:31] /c imortall
[02/10/2015 21:06:31] /c imortall
[02/10/2015 21:06:31] /c imortall
[02/10/2015 21:06:31] /c imortall
[02/10/2015 21:06:31] /c imortall
[02/10/2015 21:06:31] /c imortall
[02/10/2015 21:06:31] /c imortall
[02/10/2015 21:06:32] /c imortall
[02/10/2015 21:06:32] /c imortall
[02/10/2015 21:06:32] /c imortall
[02/10/2015 21:06:32] /c imortall
[02/10/2015 21:06:32] /c imortall
[02/10/2015 21:06:32] /c imortall
[02/10/2015 21:06:32] /c imortall
[02/10/2015 21:06:32] /c imortall
[02/10/2015 21:06:32] /c imortall
[02/10/2015 21:06:32] /c imortall
[02/10/2015 21:06:32] /c imortall
[02/10/2015 21:06:32] /c imortall
[02/10/2015 21:06:32] /c imortall
[02/10/2015 21:06:32] /c imortall
[02/10/2015 21:06:32] /c imortall
[02/10/2015 21:06:32] /c imortall
[02/10/2015 21:06:32] /c imortall
[02/10/2015 21:06:32] /c imortall
[02/10/2015 21:06:32] /c imortall
[02/10/2015 21:06:32] /c imortall
[02/10/2015 21:06:32] /c imortall
[02/10/2015 21:06:32] /c imortall
[02/10/2015 21:06:32] /c imortall
[02/10/2015 21:06:32] /c imortall
[02/10/2015 21:06:32] /c imortall
[02/10/2015 21:06:32] /c imortall
[02/10/2015 21:06:32] /c imortall
[02/10/2015 21:06:32] /c imortall
[02/10/2015 21:06:33] /c imortall
[02/10/2015 21:06:33] /c imortall
[02/10/2015 21:06:33] /c imortall
[02/10/2015 21:06:33] /c imortall
[02/10/2015 21:06:33] /c imortall
[02/10/2015 21:06:33] /c imortall
[02/10/2015 21:06:33] /c imortall
[02/10/2015 21:06:33] /c imortall
[02/10/2015 21:06:33] /c imortall
[02/10/2015 21:06:33] /c imortall
[02/10/2015 21:06:33] /c imortall
[02/10/2015 21:06:33] /c imortall
[02/10/2015 21:06:33] /c imortall
[02/10/2015 21:06:33] /c imortall
[02/10/2015 21:06:33] /c imortall
[02/10/2015 21:06:33] /c imortall
[02/10/2015 21:06:33] /c imortall
[02/10/2015 21:06:33] /c imortall
[02/10/2015 21:06:33] /c imortall
[02/10/2015 21:06:33] /c imortall
[02/10/2015 21:06:33] /c imortall
[02/10/2015 21:06:33] /c imortall
[02/10/2015 21:06:33] /c imortall
[02/10/2015 21:06:33] /c imortall
[02/10/2015 21:06:33] /c imortall
[02/10/2015 21:06:33] /c imortall
[02/10/2015 21:06:33] /c imortall
[02/10/2015 21:06:33] /c imortall
[02/10/2015 21:06:33] /c imortall
[02/10/2015 21:06:33] /c imortall
[02/10/2015 21:06:34] /c imortall
[02/10/2015 21:06:34] /c imortall
[02/10/2015 21:06:34] /c imortall
[02/10/2015 21:06:34] /c imortall
[02/10/2015 21:06:34] /c imortall
[02/10/2015 21:06:34] /c imortall
[02/10/2015 21:06:34] /c imortall
[02/10/2015 21:06:34] /c imortall
[02/10/2015 21:06:34] /c imortall
[02/10/2015 21:06:34] /c imortall
[02/10/2015 21:06:34] /c imortall
[02/10/2015 21:06:34] /c imortall
[02/10/2015 21:06:34] /c imortall
[02/10/2015 21:06:34] /c imortall
[02/10/2015 21:06:34] /c imortall
[02/10/2015 21:06:34] /c imortall
[02/10/2015 21:06:34] /c imortall
[02/10/2015 21:06:34] /c imortall
[02/10/2015 21:06:34] /c imortall
[02/10/2015 21:06:34] /c imortall
[02/10/2015 21:06:34] /c imortall
[02/10/2015 21:06:34] /c imortall
[02/10/2015 21:06:34] /c imortall
[02/10/2015 21:06:34] /c imortall
[02/10/2015 21:06:34] /c imortall
[02/10/2015 21:06:34] /c imortall
[02/10/2015 21:06:34] /c imortall
[02/10/2015 21:06:34] /c imortall
[02/10/2015 21:06:35] /c imortall
[02/10/2015 21:06:35] /c imortall
[02/10/2015 21:06:35] /c imortall
[02/10/2015 21:06:35] /c imortall
[02/10/2015 21:06:35] /c imortall
[02/10/2015 21:06:35] /c imortall
[02/10/2015 21:06:35] /c imortall
[02/10/2015 21:06:35] /c imortall
[02/10/2015 21:06:35] /c imortall
[02/10/2015 21:06:35] /c imortall
[02/10/2015 21:06:35] /c imortall
[02/10/2015 21:06:35] /c imortall
[02/10/2015 21:06:35] /c imortall
[02/10/2015 21:06:35] /c imortall
[02/10/2015 21:06:35] /c imortall
[02/10/2015 21:06:35] /c imortall
[02/10/2015 21:06:35] /c imortall
[02/10/2015 21:06:35] /c imortall
[02/10/2015 21:06:35] /c imortall
[02/10/2015 21:06:35] /c imortall
[02/10/2015 21:06:35] /c imortall
[02/10/2015 21:06:35] /c imortall
[02/10/2015 21:06:35] /c imortall
[02/10/2015 21:06:35] /c imortall
[02/10/2015 21:06:35] /c imortall
[02/10/2015 21:06:35] /c imortall
[02/10/2015 21:06:35] /c imortall
[02/10/2015 21:06:35] /c imortall
[02/10/2015 21:06:35] /c imortall
[02/10/2015 21:06:35] /c imortall
[02/10/2015 21:06:36] /c imortall
[02/10/2015 21:06:36] /c imortall
[02/10/2015 21:06:36] /c imortall
[02/10/2015 21:06:36] /c imortall
[02/10/2015 21:06:36] /c imortall
[02/10/2015 21:06:36] /c imortall
[02/10/2015 21:06:36] /c imortall
[02/10/2015 21:06:36] /c imortall
[02/10/2015 21:06:36] /c imortall
[02/10/2015 21:06:36] /c imortall
[02/10/2015 21:06:36] /c imortall
[02/10/2015 21:06:36] /c imortall
[02/10/2015 21:06:36] /c imortall
[02/10/2015 21:06:36] /c imortall
[02/10/2015 21:06:36] /c imortall
[02/10/2015 21:06:36] /c imortall
[02/10/2015 21:06:36] /c imortall
[02/10/2015 21:06:36] /c imortall
[02/10/2015 21:06:36] /c imortall
[02/10/2015 21:06:36] /c imortall
[02/10/2015 21:06:36] /c imortall
[02/10/2015 21:06:36] /c imortall
[02/10/2015 21:06:36] /c imortall
[02/10/2015 21:06:36] /c imortall
[02/10/2015 21:06:36] /c imortall
[02/10/2015 21:06:36] /c imortall
[02/10/2015 21:06:36] /c imortall
[02/10/2015 21:06:36] /c imortall
[02/10/2015 21:06:36] /c imortall
[02/10/2015 21:06:37] /c imortall
[02/10/2015 21:06:37] /c imortall
[02/10/2015 21:06:37] /c imortall
[02/10/2015 21:06:37] /c imortall
[02/10/2015 21:06:37] /c imortall
[02/10/2015 21:06:37] /c imortall
[02/10/2015 21:06:37] /c imortall
[02/10/2015 21:06:37] /c imortall
[02/10/2015 21:06:37] /c imortall
[02/10/2015 21:06:37] /c imortall
[02/10/2015 21:06:37] /c imortall
[02/10/2015 21:06:37] /c imortall
[02/10/2015 21:06:37] /c imortall
[02/10/2015 21:06:37] /c imortall
[02/10/2015 21:06:37] /c imortall
[02/10/2015 21:06:37] /c imortall
[02/10/2015 21:06:37] /c imortall
[02/10/2015 21:06:37] /c imortall
[02/10/2015 21:06:37] /c imortall
[02/10/2015 21:06:37] /c imortall
[02/10/2015 21:06:37] /c imortall
[02/10/2015 21:06:37] /c imortall
[02/10/2015 21:06:37] /c imortall
[02/10/2015 21:06:37] /c imortall
[02/10/2015 21:06:37] /c imortall
[02/10/2015 21:06:37] /c imortall
[02/10/2015 21:06:37] /c imortall
[02/10/2015 21:06:37] /c imortall
[02/10/2015 21:06:37] /c imortall
[02/10/2015 21:06:38] /c imortall
[02/10/2015 21:06:38] /c imortall
[02/10/2015 21:06:38] /c imortall
[02/10/2015 21:06:38] /c imortall
[02/10/2015 21:06:38] /c imortall
[02/10/2015 21:06:38] /c imortall
[02/10/2015 21:06:38] /c imortall
[02/10/2015 21:06:38] /c imortall
[02/10/2015 21:06:38] /c imortall
[02/10/2015 21:06:38] /c imortall
[02/10/2015 21:06:38] /c imortall
[02/10/2015 21:06:38] /c imortall
[02/10/2015 21:06:38] /c imortall
[02/10/2015 21:06:38] /c imortall
[02/10/2015 21:06:38] /c imortall
[02/10/2015 21:06:38] /c imortall
[02/10/2015 21:06:38] /c imortall
[02/10/2015 21:06:38] /c imortall
[02/10/2015 21:06:38] /c imortall
[02/10/2015 21:06:38] /c imortall
[02/10/2015 21:06:38] /c imortall
[02/10/2015 21:06:38] /c imortall
[02/10/2015 21:06:38] /c imortall
[02/10/2015 21:06:38] /c imortall
[02/10/2015 21:06:38] /c imortall
[02/10/2015 21:06:38] /c imortall
[02/10/2015 21:06:38] /c imortall
[02/10/2015 21:06:38] /c imortall
[02/10/2015 21:06:38] /c imortall
[02/10/2015 21:06:39] /c imortall
[02/10/2015 21:06:39] /c imortall
[02/10/2015 21:06:39] /c imortall
[02/10/2015 21:06:39] /c imortall
[02/10/2015 21:06:39] /c imortall
[02/10/2015 21:06:39] /c imortall
[02/10/2015 21:06:39] /c imortall
[02/10/2015 21:06:39] /c imortall
[02/10/2015 21:06:39] /c imortall
[02/10/2015 21:06:39] /c imortall
[02/10/2015 21:06:39] /c imortall
[02/10/2015 21:06:39] /c imortall
[02/10/2015 21:06:39] /c imortall
[02/10/2015 21:06:39] /c imortall
[02/10/2015 21:06:39] /c imortall
[02/10/2015 21:06:39] /c imortall
[02/10/2015 21:06:39] /c imortall
[02/10/2015 21:06:39] /c imortall
[02/10/2015 21:06:39] /c imortall
[02/10/2015 21:06:39] /c imortall
[02/10/2015 21:06:40] /c imortall
[02/10/2015 21:06:40] /c imortall
[02/10/2015 21:06:40] /c imortall
[02/10/2015 21:06:40] /c imortall
[02/10/2015 21:06:40] /c imortall
[02/10/2015 21:06:40] /c imortall
[02/10/2015 21:06:40] /c imortall
[02/10/2015 21:06:40] /c imortall
[02/10/2015 21:06:40] /c imortall
[02/10/2015 21:06:40] /c imortall
[02/10/2015 21:06:40] /c imortall
[02/10/2015 21:06:40] /c imortall
[02/10/2015 21:06:40] /c imortall
[02/10/2015 21:06:40] /c imortall
[02/10/2015 21:06:40] /c imortall
[02/10/2015 21:06:40] /c imortall
[02/10/2015 21:06:40] /c imortall
[02/10/2015 21:06:40] /c imortall
[02/10/2015 21:06:40] /c imortall
[02/10/2015 21:06:40] /c imortall
[02/10/2015 21:06:40] /c imortall
[02/10/2015 21:06:40] /c imortall
[02/10/2015 21:06:40] /c imortall
[02/10/2015 21:06:40] /c imortall
[02/10/2015 21:06:40] /c imortall
[02/10/2015 21:06:40] /c imortall
[02/10/2015 21:06:40] /c imortall
[02/10/2015 21:06:40] /c imortall
[02/10/2015 21:06:40] /c imortall
[02/10/2015 21:06:40] /c imortall
[02/10/2015 21:06:40] /c imortall
[02/10/2015 21:06:40] /c imortall
[02/10/2015 21:06:41] /c imortall
[02/10/2015 21:06:41] /c imortall
[02/10/2015 21:06:41] /c imortall
[02/10/2015 21:06:41] /c imortall
[02/10/2015 21:06:41] /c imortall
[02/10/2015 21:06:41] /c imortall
[02/10/2015 21:06:41] /c imortall
[02/10/2015 21:06:41] /c imortall
[02/10/2015 21:06:41] /c imortall
[02/10/2015 21:06:41] /c imortall
[02/10/2015 21:06:41] /c imortall
[02/10/2015 21:06:41] /c imortall
[02/10/2015 21:06:41] /c imortall
[02/10/2015 21:06:41] /c imortall
[02/10/2015 21:06:41] /c imortall
[02/10/2015 21:06:41] /c imortall
[02/10/2015 21:06:41] /c imortall
[02/10/2015 21:06:41] /c imortall
[02/10/2015 21:06:41] /c imortall
[02/10/2015 21:06:41] /c imortall
[02/10/2015 21:06:41] /c imortall
[02/10/2015 21:06:41] /c imortall
[02/10/2015 21:06:41] /c imortall
[02/10/2015 21:06:41] /c imortall
[02/10/2015 21:06:41] /c imortall
[02/10/2015 21:06:41] /c imortall
[02/10/2015 21:06:41] /c imortall
[02/10/2015 21:06:41] /c imortall
[02/10/2015 21:06:41] /c imortall
[02/10/2015 21:06:41] /c imortall
[02/10/2015 21:06:41] /c imortall
[02/10/2015 21:06:41] /c imortall
[02/10/2015 21:06:41] /c imortall
[02/10/2015 21:06:42] /c imortall
[02/10/2015 21:06:42] /c imortall
[02/10/2015 21:06:42] /c imortall
[02/10/2015 21:06:42] /c imortall
[02/10/2015 21:06:42] /c imortall
[02/10/2015 21:06:42] /c imortall
[02/10/2015 21:06:42] /c imortall
[02/10/2015 21:06:42] /c imortall
[02/10/2015 21:06:42] /c imortall
[02/10/2015 21:06:42] /c imortall
[02/10/2015 21:06:42] /c imortall
[02/10/2015 21:06:42] /c imortall
[02/10/2015 21:06:42] /c imortall
[02/10/2015 21:06:42] /c imortall
[02/10/2015 21:06:42] /c imortall
[02/10/2015 21:06:42] /c imortall
[02/10/2015 21:06:42] /c imortall
[02/10/2015 21:06:42] /c imortall
[02/10/2015 21:06:42] /c imortall
[02/10/2015 21:06:42] /c imortall
[02/10/2015 21:06:42] /c imortall
[02/10/2015 21:06:42] /c imortall
[02/10/2015 21:06:42] /c imortall
[02/10/2015 21:06:42] /c imortall
[02/10/2015 21:06:42] /c imortall
[02/10/2015 21:06:42] /c imortall
[02/10/2015 21:06:42] /c imortall
[02/10/2015 21:06:42] /c imortall
[02/10/2015 21:06:42] /c imortall
[02/10/2015 21:06:43] /c imortall
[02/10/2015 21:06:43] /c imortall
[02/10/2015 21:06:43] /c imortall
[02/10/2015 21:06:43] /c imortall
[02/10/2015 21:06:43] /c imortall
[02/10/2015 21:06:43] /c imortall
[02/10/2015 21:06:43] /c imortall
[02/10/2015 21:06:43] /c imortall
[02/10/2015 21:06:43] /c imortall
[02/10/2015 21:06:43] /c imortall
[02/10/2015 21:06:43] /c imortall
[02/10/2015 21:06:43] /c imortall
[02/10/2015 21:06:43] /c imortall
[02/10/2015 21:06:43] /c imortall
[02/10/2015 21:06:43] /c imortall
[02/10/2015 21:06:43] /c imortall
[02/10/2015 21:06:43] /c imortall
[02/10/2015 21:06:43] /c imortall
[02/10/2015 21:06:43] /c imortall
[02/10/2015 21:06:43] /c imortall
[02/10/2015 21:06:43] /c imortall
[02/10/2015 21:06:43] /c imortall
[02/10/2015 21:06:44] /c imortall
[02/10/2015 21:06:44] /c imortall
[02/10/2015 21:06:44] /c imortall
[02/10/2015 21:06:44] /c imortall
[02/10/2015 21:06:44] /c imortall
[02/10/2015 21:06:44] /c imortall
[02/10/2015 21:06:44] /c imortall
[02/10/2015 21:06:44] /c imortall
[02/10/2015 21:06:44] /c imortall
[02/10/2015 21:06:44] /c imortall
[02/10/2015 21:06:44] /c imortall
[02/10/2015 21:06:44] /c imortall
[02/10/2015 21:06:44] /c imortall
[02/10/2015 21:06:44] /c imortall
[02/10/2015 21:06:44] /c imortall
[02/10/2015 21:06:44] /c imortall
[02/10/2015 21:06:44] /c imortall
[02/10/2015 21:06:44] /c imortall
[02/10/2015 21:06:44] /c imortall
[02/10/2015 21:06:44] /c imortall
[02/10/2015 21:06:44] /c imortall
[02/10/2015 21:06:44] /c imortall
[02/10/2015 21:06:44] /c imortall
[02/10/2015 21:06:44] /c imortall
[02/10/2015 21:06:44] /c imortall
[02/10/2015 21:06:44] /c imortall
[02/10/2015 21:06:44] /c imortall
[02/10/2015 21:06:44] /c imortall
[02/10/2015 21:06:44] /c imortall
[02/10/2015 21:06:44] /c imortall
[02/10/2015 21:06:44] /c imortall
[02/10/2015 21:06:44] /c imortall
[02/10/2015 21:06:44] /c imortall
[02/10/2015 21:06:44] /c imortall
[02/10/2015 21:06:44] /c imortall
[02/10/2015 21:06:45] /c imortall
[02/10/2015 21:06:45] /c imortall
[02/10/2015 21:06:45] /c imortall
[02/10/2015 21:06:45] /c imortall
[02/10/2015 21:06:45] /c imortall
[02/10/2015 21:06:45] /c imortall
[02/10/2015 21:06:45] /c imortall
[02/10/2015 21:06:45] /c imortall
[02/10/2015 21:06:45] /c imortall
[02/10/2015 21:06:45] /c imortall
[02/10/2015 21:06:45] /c imortall
[02/10/2015 21:06:45] /c imortall
[02/10/2015 21:06:45] /c imortall
[02/10/2015 21:06:45] /c imortall
[02/10/2015 21:06:45] /c imortall
[02/10/2015 21:06:45] /c imortall
[02/10/2015 21:06:45] /c imortall
[02/10/2015 21:06:45] /c imortall
[02/10/2015 21:06:45] /c imortall
[02/10/2015 21:06:45] /c imortall
[02/10/2015 21:06:45] /c imortall
[02/10/2015 21:06:45] /c imortall
[02/10/2015 21:06:45] /c imortall
[02/10/2015 21:06:45] /c imortall
[02/10/2015 21:06:45] /c imortall
[02/10/2015 21:06:45] /c imortall
[02/10/2015 21:06:45] /c imortall
[02/10/2015 21:06:45] /c imortall
[02/10/2015 21:06:45] /c imortall
[02/10/2015 21:06:46] /c imortall
[02/10/2015 21:06:46] /c imortall
[02/10/2015 21:06:46] /c imortall
[02/10/2015 21:06:46] /c imortall
[02/10/2015 21:06:46] /c imortall
[02/10/2015 21:06:46] /c imortall
[02/10/2015 21:06:46] /c imortall
[02/10/2015 21:06:46] /c imortall
[02/10/2015 21:06:46] /c imortall
[02/10/2015 21:06:46] /c imortall
[02/10/2015 21:06:46] /c imortall
[02/10/2015 21:06:46] /c imortall
[02/10/2015 21:06:46] /c imortall
[02/10/2015 21:06:46] /c imortall
[02/10/2015 21:06:46] /c imortall
[02/10/2015 21:06:46] /c imortall
[02/10/2015 21:06:46] /c imortall
[02/10/2015 21:06:46] /c imortall
[02/10/2015 21:06:46] /c imortall
[02/10/2015 21:06:46] /c imortall
[02/10/2015 21:06:46] /c imortall
[02/10/2015 21:06:46] /c imortall
[02/10/2015 21:06:46] /c imortall
[02/10/2015 21:06:46] /c imortall
[02/10/2015 21:06:46] /c imortall
[02/10/2015 21:06:46] /c imortall
[02/10/2015 21:06:46] /c imortall
[02/10/2015 21:06:46] /c imortall
[02/10/2015 21:06:47] /c imortall
[02/10/2015 21:06:47] /c imortall
[02/10/2015 21:06:47] /c imortall
[02/10/2015 21:06:47] /c imortall
[02/10/2015 21:06:47] /c imortall
[02/10/2015 21:06:47] /c imortall
[02/10/2015 21:06:47] /c imortall
[02/10/2015 21:06:47] /c imortall
[02/10/2015 21:06:47] /c imortall
[02/10/2015 21:06:47] /c imortall
[02/10/2015 21:06:47] /c imortall
[02/10/2015 21:06:47] /c imortall
[02/10/2015 21:06:47] /c imortall
[02/10/2015 21:06:47] /c imortall
[02/10/2015 21:06:47] /c imortall
[02/10/2015 21:06:47] /c imortall
[02/10/2015 21:06:47] /c imortall
[02/10/2015 21:06:47] /c imortall
[02/10/2015 21:06:47] /c imortall
[02/10/2015 21:06:47] /c imortall
[02/10/2015 21:06:47] /c imortall
[02/10/2015 21:06:47] /c imortall
[02/10/2015 21:06:47] /c imortall
[02/10/2015 21:06:47] /c imortall
[02/10/2015 21:06:47] /c imortall
[02/10/2015 21:06:47] /c imortall
[02/10/2015 21:06:47] /c imortall
[02/10/2015 21:06:47] /c imortall
[02/10/2015 21:06:48] /c imortall
[02/10/2015 21:06:48] /c imortall
[02/10/2015 21:06:48] /c imortall
[02/10/2015 21:06:48] /c imortall
[02/10/2015 21:06:48] /c imortall
[02/10/2015 21:06:48] /c imortall
[02/10/2015 21:06:48] /c imortall
[02/10/2015 21:06:48] /c imortall
[02/10/2015 21:06:48] /c imortall
[02/10/2015 21:06:48] /c imortall
[02/10/2015 21:06:48] /c imortall
[02/10/2015 21:06:48] /c imortall
[02/10/2015 21:06:48] /c imortall
[02/10/2015 21:06:48] /c imortall
[02/10/2015 21:06:48] /c imortall
[02/10/2015 21:06:48] /c imortall
[02/10/2015 21:06:48] /c imortall
[02/10/2015 21:06:48] /c imortall
[02/10/2015 21:06:48] /c imortall
[02/10/2015 21:06:48] /c imortall
[02/10/2015 21:06:48] /c imortall
[02/10/2015 21:06:48] /c imortall
[02/10/2015 21:06:48] /c imortall
[02/10/2015 21:06:48] /c imortall
[02/10/2015 21:06:48] /c imortall
[02/10/2015 21:06:48] /c imortall
[02/10/2015 21:06:48] /c imortall
[02/10/2015 21:06:48] /c imortall
[02/10/2015 21:06:49] /c imortall
[02/10/2015 21:06:49] /c imortall
[02/10/2015 21:06:49] /c imortall
[02/10/2015 21:06:49] /c imortall
[02/10/2015 21:06:49] /c imortall
[02/10/2015 21:06:49] /c imortall
[02/10/2015 21:06:49] /c imortall
[02/10/2015 21:06:49] /c imortall
[02/10/2015 21:06:49] /c imortall
[02/10/2015 21:06:49] /c imortall
[02/10/2015 21:06:49] /c imortall
[02/10/2015 21:06:49] /c imortall
[02/10/2015 21:06:49] /c imortall
[02/10/2015 21:06:49] /c imortall
[02/10/2015 21:06:49] /c imortall
[02/10/2015 21:06:49] /c imortall
[02/10/2015 21:06:49] /c imortall
[02/10/2015 21:06:49] /c imortall
[02/10/2015 21:06:49] /c imortall
[02/10/2015 21:06:49] /c imortall
[02/10/2015 21:06:49] /c imortall
[02/10/2015 21:06:49] /c imortall
[02/10/2015 21:06:49] /c imortall
[02/10/2015 21:06:49] /c imortall
[02/10/2015 21:06:49] /c imortall
[02/10/2015 21:06:49] /c imortall
[02/10/2015 21:06:49] /c imortall
[02/10/2015 21:06:50] /c imortall
[02/10/2015 21:06:50] /c imortall
[02/10/2015 21:06:50] /c imortall
[02/10/2015 21:06:50] /c imortall
[02/10/2015 21:06:50] /c imortall
[02/10/2015 21:06:50] /c imortall
[02/10/2015 21:06:50] /c imortall
[02/10/2015 21:06:50] /c imortall
[02/10/2015 21:06:50] /c imortall
[02/10/2015 21:06:50] /c imortall
[02/10/2015 21:06:50] /c imortall
[02/10/2015 21:06:50] /c imortall
[02/10/2015 21:06:50] /c imortall
[02/10/2015 21:06:50] /c imortall
[02/10/2015 21:06:50] /c imortall
[02/10/2015 21:06:50] /c imortall
[02/10/2015 21:06:50] /c imortall
[02/10/2015 21:06:50] /c imortall
[02/10/2015 21:06:50] /c imortall
[02/10/2015 21:06:50] /c imortall
[02/10/2015 21:06:50] /c imortall
[02/10/2015 21:06:50] /c imortall
[02/10/2015 21:06:50] /c imortall
[02/10/2015 21:06:50] /c imortall
[02/10/2015 21:06:50] /c imortall
[02/10/2015 21:06:50] /c imortall
[02/10/2015 21:06:50] /c imortall
[02/10/2015 21:06:50] /c imortall
[02/10/2015 21:06:50] /c imortall
[02/10/2015 21:06:50] /c imortall
[02/10/2015 21:06:50] /c imortall
[02/10/2015 21:06:51] /c imortall
[02/10/2015 21:06:51] /c imortall
[02/10/2015 21:06:51] /c imortall
[02/10/2015 21:06:51] /c imortall
[02/10/2015 21:06:51] /c imortall
[02/10/2015 21:06:51] /c imortall
[02/10/2015 21:06:51] /c imortall
[02/10/2015 21:06:51] /c imortall
[02/10/2015 21:06:51] /c imortall
[02/10/2015 21:06:51] /c imortall
[02/10/2015 21:06:51] /c imortall
[02/10/2015 21:06:51] /c imortall
[02/10/2015 21:06:51] /c imortall
[02/10/2015 21:06:51] /c imortall
[02/10/2015 21:06:51] /c imortall
[02/10/2015 21:06:51] /c imortall
[02/10/2015 21:07:27] /a
[02/10/2015 21:07:27] /a
[02/10/2015 21:07:27] /a
[02/10/2015 21:07:28] /a
[02/10/2015 21:07:30] /a
[02/10/2015 21:07:31] /a
[02/10/2015 21:07:31] /a
[02/10/2015 21:07:32] /a
[02/10/2015 21:07:33] /a
[02/10/2015 21:07:33] /a
[02/10/2015 21:07:34] /a
[02/10/2015 21:07:34] /a
[02/10/2015 21:07:34] /a
[02/10/2015 21:07:34] /a
[02/10/2015 21:07:34] /a
[02/10/2015 21:07:34] /a
[02/10/2015 21:07:34] /a
[02/10/2015 21:07:34] /a
[02/10/2015 21:07:34] /a
[02/10/2015 21:07:34] /a
[02/10/2015 21:07:34] /a
[02/10/2015 21:07:34] /a
[02/10/2015 21:07:34] /a
[02/10/2015 21:07:34] /a
[02/10/2015 21:07:34] /a
[02/10/2015 21:07:34] /a
[02/10/2015 21:07:34] /a
[02/10/2015 21:07:34] /a
[02/10/2015 21:07:34] /a
[02/10/2015 21:07:34] /a
[02/10/2015 21:07:34] /a
[02/10/2015 21:07:34] /a
[02/10/2015 21:07:34] /a
[02/10/2015 21:07:34] /a
[02/10/2015 21:07:34] /a
[02/10/2015 21:07:34] /a
[02/10/2015 21:07:35] /a
[02/10/2015 21:07:35] /a
[02/10/2015 21:07:35] /a
[02/10/2015 21:07:35] /a
[02/10/2015 21:07:35] /a
[02/10/2015 21:07:35] /a
[02/10/2015 21:07:35] /a
[02/10/2015 21:07:35] /a
[02/10/2015 21:07:35] /a
[02/10/2015 21:07:35] /a
[02/10/2015 21:07:35] /a
[02/10/2015 21:07:35] /a
[02/10/2015 21:07:35] /a
[02/10/2015 21:07:35] /a
[02/10/2015 21:07:35] /a
[02/10/2015 21:07:35] /a
[02/10/2015 21:07:35] /a
[02/10/2015 21:07:35] /a
[02/10/2015 21:07:35] /a
[02/10/2015 21:07:35] /a
[02/10/2015 21:07:35] /a
[02/10/2015 21:07:35] /a
[02/10/2015 21:07:35] /a
[02/10/2015 21:07:35] /a
[02/10/2015 21:07:35] /a
[02/10/2015 21:07:35] /a
[02/10/2015 21:07:35] /a
[02/10/2015 21:07:35] /a
[02/10/2015 21:07:36] /a
[02/10/2015 21:07:36] /a
[02/10/2015 21:07:36] /a
[02/10/2015 21:07:36] /a
[02/10/2015 21:07:36] /a
[02/10/2015 21:07:36] /a
[02/10/2015 21:07:36] /a
[02/10/2015 21:07:36] /a
[02/10/2015 21:07:36] /a
[02/10/2015 21:07:36] /a
[02/10/2015 21:07:39] /a
[02/10/2015 21:07:40] /a
[02/10/2015 21:07:40] /a
[02/10/2015 21:07:40] /a
[02/10/2015 21:07:40] /a
[02/10/2015 21:07:40] /a
[02/10/2015 21:07:40] /a
[02/10/2015 21:07:40] /a
[02/10/2015 21:07:40] /a
[02/10/2015 21:07:40] /a
[02/10/2015 21:07:40] /a
[02/10/2015 21:07:40] /a
[02/10/2015 21:07:40] /a
[02/10/2015 21:07:40] /a
[02/10/2015 21:07:40] /a
[02/10/2015 21:07:40] /a
[02/10/2015 21:07:40] /a
[02/10/2015 21:07:40] /a
[02/10/2015 21:07:41] /a
[02/10/2015 21:07:41] /a
[02/10/2015 21:07:41] /a
[02/10/2015 21:07:41] /a
[02/10/2015 21:07:41] /a
[02/10/2015 21:07:41] /a
[02/10/2015 21:07:41] /a
[02/10/2015 21:07:41] /a
[02/10/2015 21:07:41] /a
[02/10/2015 21:07:41] /a
[02/10/2015 21:07:41] /a
[02/10/2015 21:07:41] /a
[02/10/2015 21:07:41] /a
[02/10/2015 21:07:41] /a
[02/10/2015 21:07:41] /a
[02/10/2015 21:07:41] /a
[02/10/2015 21:07:41] /a
[02/10/2015 21:07:41] /a
[02/10/2015 21:07:41] /a
[02/10/2015 21:07:41] /a
[02/10/2015 21:07:41] /a
[02/10/2015 21:07:41] /a
[02/10/2015 21:07:41] /a
[02/10/2015 21:07:41] /a
[02/10/2015 21:07:41] /a
[02/10/2015 21:07:41] /a
[02/10/2015 21:07:41] /a
[02/10/2015 21:07:41] /a
[02/10/2015 21:07:41] /a
[02/10/2015 21:07:42] /a
[02/10/2015 21:07:42] /a
[02/10/2015 21:07:42] /a
[02/10/2015 21:07:42] /a
[02/10/2015 21:07:42] /a
[02/10/2015 21:07:42] /a
[02/10/2015 21:07:42] /a
[02/10/2015 21:07:42] /a
[02/10/2015 21:07:42] /a
[02/10/2015 21:07:42] /a
[02/10/2015 21:07:42] /a
[02/10/2015 21:07:42] /a
[02/10/2015 21:07:42] /a
[02/10/2015 21:07:42] /a
[02/10/2015 21:07:42] /a
[02/10/2015 21:07:42] /a
[02/10/2015 21:07:42] /a
[02/10/2015 21:07:42] /a
[02/10/2015 21:07:42] /a
[02/10/2015 21:07:42] /a
[02/10/2015 21:07:42] /a
[02/10/2015 21:07:42] /a
[02/10/2015 21:07:42] /a
[02/10/2015 21:07:42] /a
[02/10/2015 21:07:42] /a
[02/10/2015 21:07:42] /a
[02/10/2015 21:07:42] /a
[02/10/2015 21:07:43] /a
[02/10/2015 21:07:43] /a
[02/10/2015 21:07:43] /a
[02/10/2015 21:07:43] /a
[02/10/2015 21:07:43] /a
[02/10/2015 21:07:43] /a
[02/10/2015 21:07:43] /a
[02/10/2015 21:07:43] /a
[02/10/2015 21:07:43] /a
[02/10/2015 21:07:46] /a
[02/10/2015 21:07:47] /a
[02/10/2015 21:07:47] /a
[02/10/2015 21:07:47] /a
[02/10/2015 21:07:47] /a
[02/10/2015 21:07:47] /a
[02/10/2015 21:07:47] /a
[02/10/2015 21:07:47] /a
[02/10/2015 21:07:47] /a
[02/10/2015 21:07:47] /a
[02/10/2015 21:07:47] /a
[02/10/2015 21:07:47] /a
[02/10/2015 21:07:47] /a
[02/10/2015 21:07:47] /a
[02/10/2015 21:07:48] /a
[02/10/2015 21:07:48] /a
[02/10/2015 21:07:48] /a
[02/10/2015 21:07:48] /a
[02/10/2015 21:07:48] /a
[02/10/2015 21:07:48] /a
[02/10/2015 21:07:48] /a
[02/10/2015 21:07:48] /a
[02/10/2015 21:07:48] /a
[02/10/2015 21:07:48] /a
[02/10/2015 21:07:48] /a
[02/10/2015 21:07:48] /a
[02/10/2015 21:07:48] /a
[02/10/2015 21:07:48] /a
[02/10/2015 21:07:48] /a
[02/10/2015 21:07:48] /a
[02/10/2015 21:07:48] /a
[02/10/2015 21:07:48] /a
[02/10/2015 21:07:55] /a
[02/10/2015 21:07:56] /a
[02/10/2015 21:07:57] /a
[02/10/2015 21:08:11] /m gaara
[02/10/2015 21:08:20] /a
[02/10/2015 21:08:21] /a
[02/10/2015 21:09:27] /c imortall
[02/10/2015 21:09:30] /a
[02/10/2015 21:09:31] /a
[02/10/2015 21:09:31] /c imortall
[02/10/2015 21:09:33] /a
[02/10/2015 21:09:34] /a
[02/10/2015 21:09:36] /a
[02/10/2015 21:09:37] /a
[02/10/2015 21:09:48] /m sasuke uchiha
[02/10/2015 21:09:51] /a
[02/10/2015 21:09:52] /a
[02/10/2015 21:09:52] /a
[02/10/2015 21:10:11] /c Imortall
[02/10/2015 21:10:18] /c imortall
[02/10/2015 21:10:42] /a
[02/10/2015 21:10:42] /a
[02/10/2015 21:10:43] /c imortall
[02/10/2015 21:10:45] /a
[02/10/2015 21:10:45] /a
[02/10/2015 21:11:11] /c imortall
[02/10/2015 21:11:57] /a
[02/10/2015 21:11:57] /a
[02/10/2015 21:11:59] /c imortall
[02/10/2015 21:12:01] /a
[02/10/2015 21:12:02] /a
[02/10/2015 21:12:02] /a
[02/10/2015 21:12:17] /c imortall
[02/10/2015 21:18:03] /c imortall
[02/10/2015 21:18:35] /addskill Imortal, fist fighting
[02/10/2015 21:18:37] /addskill Imortal, fist fighting
[02/10/2015 21:18:38] /addskill Imortal, fist fighting
[02/10/2015 21:18:39] /addskill Imortal, fist fighting
[02/10/2015 21:18:40] /addskill Imortal, fist fighting
[02/10/2015 21:18:44] /addskill Imortall, fist fighting
[02/10/2015 21:18:46] /addskill Imortall, fist fighting
[02/10/2015 21:18:47] /addskill Imortall, fist fighting
[02/10/2015 21:18:47] /addskill Imortall, fist fighting
[02/10/2015 21:18:48] /addskill Imortall, fist fighting
[02/10/2015 21:18:49] /addskill Imortall, fist fighting
[02/10/2015 21:18:49] /addskill Imortall, fist fighting
[02/10/2015 21:18:58] /addskill Imortall, fist fighting
[02/10/2015 21:18:59] /addskill Imortall, fist fighting
[02/10/2015 21:18:59] /addskill Imortall, fist fighting
[02/10/2015 21:18:59] /addskill Imortall, fist fighting
[02/10/2015 21:18:59] /addskill Imortall, fist fighting
[02/10/2015 21:18:59] /addskill Imortall, fist fighting
[02/10/2015 21:18:59] /addskill Imortall, fist fighting
[02/10/2015 21:18:59] /addskill Imortall, fist fighting
[02/10/2015 21:18:59] /addskill Imortall, fist fighting
[02/10/2015 21:18:59] /addskill Imortall, fist fighting
[02/10/2015 21:18:59] /addskill Imortall, fist fighting
[02/10/2015 21:18:59] /addskill Imortall, fist fighting
[02/10/2015 21:18:59] /addskill Imortall, fist fighting
[02/10/2015 21:18:59] /addskill Imortall, fist fighting
[02/10/2015 21:18:59] /addskill Imortall, fist fighting
[02/10/2015 21:18:59] /addskill Imortall, fist fighting
[02/10/2015 21:18:59] /addskill Imortall, fist fighting
[02/10/2015 21:18:59] /addskill Imortall, fist fighting
[02/10/2015 21:19:00] /addskill Imortall, fist fighting
[02/10/2015 21:19:00] /addskill Imortall, fist fighting
[02/10/2015 21:19:00] /addskill Imortall, fist fighting
[02/10/2015 21:19:00] /addskill Imortall, fist fighting
[02/10/2015 21:19:00] /addskill Imortall, fist fighting
[02/10/2015 21:19:00] /addskill Imortall, fist fighting
[02/10/2015 21:19:00] /addskill Imortall, fist fighting
[02/10/2015 21:19:00] /addskill Imortall, fist fighting
[02/10/2015 21:19:00] /addskill Imortall, fist fighting
[02/10/2015 21:19:00] /addskill Imortall, fist fighting
[02/10/2015 21:19:01] /addskill Imortall, fist fighting
[02/10/2015 21:19:01] /addskill Imortall, fist fighting
[02/10/2015 21:19:01] /addskill Imortall, fist fighting
[02/10/2015 21:19:01] /addskill Imortall, fist fighting
[02/10/2015 21:19:01] /addskill Imortall, fist fighting
[02/10/2015 21:19:01] /addskill Imortall, fist fighting
[02/10/2015 21:19:01] /addskill Imortall, fist fighting
[02/10/2015 21:19:01] /addskill Imortall, fist fighting
[02/10/2015 21:19:01] /addskill Imortall, fist fighting
[02/10/2015 21:19:01] /addskill Imortall, fist fighting
[02/10/2015 21:19:01] /addskill Imortall, fist fighting
[02/10/2015 21:19:01] /addskill Imortall, fist fighting
[02/10/2015 21:19:01] /addskill Imortall, fist fighting
[02/10/2015 21:19:01] /addskill Imortall, fist fighting
[02/10/2015 21:19:01] /addskill Imortall, fist fighting
[02/10/2015 21:19:01] /addskill Imortall, fist fighting
[02/10/2015 21:19:01] /addskill Imortall, fist fighting
[02/10/2015 21:19:01] /addskill Imortall, fist fighting
[02/10/2015 21:19:01] /addskill Imortall, fist fighting
[02/10/2015 21:19:01] /addskill Imortall, fist fighting
[02/10/2015 21:19:01] /addskill Imortall, fist fighting
[02/10/2015 21:19:01] /addskill Imortall, fist fighting
[02/10/2015 21:19:01] /addskill Imortall, fist fighting
[02/10/2015 21:19:02] /addskill Imortall, fist fighting
[02/10/2015 21:19:02] /addskill Imortall, fist fighting
[02/10/2015 21:19:02] /addskill Imortall, fist fighting
[02/10/2015 21:19:02] /addskill Imortall, fist fighting
[02/10/2015 21:19:02] /addskill Imortall, fist fighting
[02/10/2015 21:19:02] /addskill Imortall, fist fighting
[02/10/2015 21:19:02] /addskill Imortall, fist fighting
[02/10/2015 21:19:02] /addskill Imortall, fist fighting
[02/10/2015 21:19:02] /addskill Imortall, fist fighting
[02/10/2015 21:19:02] /addskill Imortall, fist fighting
[02/10/2015 21:19:02] /addskill Imortall, fist fighting
[02/10/2015 21:19:02] /addskill Imortall, fist fighting
[02/10/2015 21:19:02] /addskill Imortall, fist fighting
[02/10/2015 21:19:02] /addskill Imortall, fist fighting
[02/10/2015 21:19:02] /addskill Imortall, fist fighting
[02/10/2015 21:19:02] /addskill Imortall, fist fighting
[02/10/2015 21:19:02] /addskill Imortall, fist fighting
[02/10/2015 21:19:02] /addskill Imortall, fist fighting
[02/10/2015 21:19:02] /addskill Imortall, fist fighting
[02/10/2015 21:19:02] /addskill Imortall, fist fighting
[02/10/2015 21:19:02] /addskill Imortall, fist fighting
[02/10/2015 21:19:02] /addskill Imortall, fist fighting
[02/10/2015 21:19:02] /addskill Imortall, fist fighting
[02/10/2015 21:19:02] /addskill Imortall, fist fighting
[02/10/2015 21:19:03] /addskill Imortall, fist fighting
[02/10/2015 21:19:03] /addskill Imortall, fist fighting
[02/10/2015 21:19:03] /addskill Imortall, fist fighting
[02/10/2015 21:19:03] /addskill Imortall, fist fighting
[02/10/2015 21:19:03] /addskill Imortall, fist fighting
[02/10/2015 21:19:03] /addskill Imortall, fist fighting
[02/10/2015 21:19:03] /addskill Imortall, fist fighting
[02/10/2015 21:19:03] /addskill Imortall, fist fighting
[02/10/2015 21:19:03] /addskill Imortall, fist fighting
[02/10/2015 21:19:03] /addskill Imortall, fist fighting
[02/10/2015 21:19:03] /addskill Imortall, fist fighting
[02/10/2015 21:19:03] /addskill Imortall, fist fighting
[02/10/2015 21:19:03] /addskill Imortall, fist fighting
[02/10/2015 21:19:03] /addskill Imortall, fist fighting
[02/10/2015 21:19:03] /addskill Imortall, fist fighting
[02/10/2015 21:19:03] /addskill Imortall, fist fighting
[02/10/2015 21:19:26] /addskill Imortall, fist fighting
[02/10/2015 21:19:27] /addskill Imortall, fist fighting
[02/10/2015 21:19:27] /addskill Imortall, fist fighting
[02/10/2015 21:19:27] /addskill Imortall, fist fighting
[02/10/2015 21:19:27] /addskill Imortall, fist fighting
[02/10/2015 21:19:27] /addskill Imortall, fist fighting
[02/10/2015 21:19:27] /addskill Imortall, fist fighting
[02/10/2015 21:19:27] /addskill Imortall, fist fighting
[02/10/2015 21:19:27] /addskill Imortall, fist fighting
[02/10/2015 21:19:27] /addskill Imortall, fist fighting
[02/10/2015 21:19:27] /addskill Imortall, fist fighting
[02/10/2015 21:19:27] /addskill Imortall, fist fighting
[02/10/2015 21:19:27] /addskill Imortall, fist fighting
[02/10/2015 21:19:27] /addskill Imortall, fist fighting
[02/10/2015 21:19:27] /addskill Imortall, fist fighting
[02/10/2015 21:19:27] /addskill Imortall, fist fighting
[02/10/2015 21:19:27] /addskill Imortall, fist fighting
[02/10/2015 21:19:27] /addskill Imortall, fist fighting
[02/10/2015 21:19:27] /addskill Imortall, fist fighting
[02/10/2015 21:19:27] /addskill Imortall, fist fighting
[02/10/2015 21:19:27] /addskill Imortall, fist fighting
[02/10/2015 21:19:27] /addskill Imortall, fist fighting
[02/10/2015 21:19:27] /addskill Imortall, fist fighting
[02/10/2015 21:19:27] /addskill Imortall, fist fighting
[02/10/2015 21:19:27] /addskill Imortall, fist fighting
[02/10/2015 21:19:27] /addskill Imortall, fist fighting
[02/10/2015 21:19:27] /addskill Imortall, fist fighting
[02/10/2015 21:19:27] /addskill Imortall, fist fighting
[02/10/2015 21:19:27] /addskill Imortall, fist fighting
[02/10/2015 21:19:28] /addskill Imortall, fist fighting
[02/10/2015 21:19:28] /addskill Imortall, fist fighting
[02/10/2015 21:19:28] /addskill Imortall, fist fighting
[02/10/2015 21:19:28] /addskill Imortall, fist fighting
[02/10/2015 21:19:28] /addskill Imortall, fist fighting
[02/10/2015 21:19:28] /addskill Imortall, fist fighting
[02/10/2015 21:19:28] /addskill Imortall, fist fighting
[02/10/2015 21:19:28] /addskill Imortall, fist fighting
[02/10/2015 21:19:28] /addskill Imortall, fist fighting
[02/10/2015 21:19:28] /addskill Imortall, fist fighting
[02/10/2015 21:19:28] /addskill Imortall, fist fighting
[02/10/2015 21:19:28] /addskill Imortall, fist fighting
[02/10/2015 21:19:28] /addskill Imortall, fist fighting
[02/10/2015 21:19:28] /addskill Imortall, fist fighting
[02/10/2015 21:19:28] /addskill Imortall, fist fighting
[02/10/2015 21:19:28] /addskill Imortall, fist fighting
[02/10/2015 21:19:28] /addskill Imortall, fist fighting
[02/10/2015 21:19:28] /addskill Imortall, fist fighting
[02/10/2015 21:19:28] /addskill Imortall, fist fighting
[02/10/2015 21:19:28] /addskill Imortall, fist fighting
[02/10/2015 21:19:28] /addskill Imortall, fist fighting
[02/10/2015 21:19:28] /addskill Imortall, fist fighting
[02/10/2015 21:19:28] /addskill Imortall, fist fighting
[02/10/2015 21:19:28] /addskill Imortall, fist fighting
[02/10/2015 21:19:29] /addskill Imortall, fist fighting
[02/10/2015 21:19:29] /addskill Imortall, fist fighting
[02/10/2015 21:19:29] /addskill Imortall, fist fighting
[02/10/2015 21:19:29] /addskill Imortall, fist fighting
[02/10/2015 21:19:29] /addskill Imortall, fist fighting
[02/10/2015 21:19:29] /addskill Imortall, fist fighting
[02/10/2015 21:19:29] /addskill Imortall, fist fighting
[02/10/2015 21:19:29] /addskill Imortall, fist fighting
[02/10/2015 21:19:29] /addskill Imortall, fist fighting
[02/10/2015 21:19:29] /addskill Imortall, fist fighting
[02/10/2015 21:19:29] /addskill Imortall, fist fighting
[02/10/2015 21:19:29] /addskill Imortall, fist fighting
[02/10/2015 21:19:29] /addskill Imortall, fist fighting
[02/10/2015 21:19:29] /addskill Imortall, fist fighting
[02/10/2015 21:19:29] /addskill Imortall, fist fighting
[02/10/2015 21:19:29] /addskill Imortall, fist fighting
[02/10/2015 21:19:29] /addskill Imortall, fist fighting
[02/10/2015 21:19:29] /addskill Imortall, fist fighting
[02/10/2015 21:20:05] /addskill Imortall, magic level
[02/10/2015 21:20:06] /addskill Imortall, magic level
[02/10/2015 21:20:06] /addskill Imortall, magic level
[02/10/2015 21:20:06] /addskill Imortall, magic level
[02/10/2015 21:20:06] /addskill Imortall, magic level
[02/10/2015 21:20:06] /addskill Imortall, magic level
[02/10/2015 21:20:06] /addskill Imortall, magic level
[02/10/2015 21:20:06] /addskill Imortall, magic level
[02/10/2015 21:20:06] /addskill Imortall, magic level
[02/10/2015 21:20:06] /addskill Imortall, magic level
[02/10/2015 21:20:06] /addskill Imortall, magic level
[02/10/2015 21:20:06] /addskill Imortall, magic level
[02/10/2015 21:20:06] /addskill Imortall, magic level
[02/10/2015 21:20:06] /addskill Imortall, magic level
[02/10/2015 21:20:06] /addskill Imortall, magic level
[02/10/2015 21:20:06] /addskill Imortall, magic level
[02/10/2015 21:20:06] /addskill Imortall, magic level
[02/10/2015 21:20:06] /addskill Imortall, magic level
[02/10/2015 21:20:06] /addskill Imortall, magic level
[02/10/2015 21:20:06] /addskill Imortall, magic level
[02/10/2015 21:20:06] /addskill Imortall, magic level
[02/10/2015 21:20:06] /addskill Imortall, magic level
[02/10/2015 21:20:06] /addskill Imortall, magic level
[02/10/2015 21:20:07] /addskill Imortall, magic level
[02/10/2015 21:20:07] /addskill Imortall, magic level
[02/10/2015 21:20:07] /addskill Imortall, magic level
[02/10/2015 21:20:07] /addskill Imortall, magic level
[02/10/2015 21:20:07] /addskill Imortall, magic level
[02/10/2015 21:20:07] /addskill Imortall, magic level
[02/10/2015 21:20:07] /addskill Imortall, magic level
[02/10/2015 21:20:07] /addskill Imortall, magic level
[02/10/2015 21:20:07] /addskill Imortall, magic level
[02/10/2015 21:20:07] /addskill Imortall, magic level
[02/10/2015 21:20:07] /addskill Imortall, magic level
[02/10/2015 21:20:07] /addskill Imortall, magic level
[02/10/2015 21:20:07] /addskill Imortall, magic level
[02/10/2015 21:20:07] /addskill Imortall, magic level
[02/10/2015 21:20:07] /addskill Imortall, magic level
[02/10/2015 21:20:07] /addskill Imortall, magic level
[02/10/2015 21:20:07] /addskill Imortall, magic level
[02/10/2015 21:20:07] /addskill Imortall, magic level
[02/10/2015 21:20:07] /addskill Imortall, magic level
[02/10/2015 21:20:07] /addskill Imortall, magic level
[02/10/2015 21:20:07] /addskill Imortall, magic level
[02/10/2015 21:20:07] /addskill Imortall, magic level
[02/10/2015 21:20:07] /addskill Imortall, magic level
[02/10/2015 21:20:07] /addskill Imortall, magic level
[02/10/2015 21:20:07] /addskill Imortall, magic level
[02/10/2015 21:20:07] /addskill Imortall, magic level
[02/10/2015 21:20:07] /addskill Imortall, magic level
[02/10/2015 21:20:07] /addskill Imortall, magic level
[02/10/2015 21:20:07] /addskill Imortall, magic level
[02/10/2015 21:20:07] /addskill Imortall, magic level
[02/10/2015 21:20:07] /addskill Imortall, magic level
[02/10/2015 21:20:07] /addskill Imortall, magic level
[02/10/2015 21:20:08] /addskill Imortall, magic level
[02/10/2015 21:20:08] /addskill Imortall, magic level
[02/10/2015 21:20:08] /addskill Imortall, magic level
[02/10/2015 21:20:18] /addskill Imortall, magic level
[02/10/2015 21:20:19] /addskill Imortall, magic level
[02/10/2015 21:20:19] /addskill Imortall, magic level
[02/10/2015 21:20:19] /addskill Imortall, magic level
[02/10/2015 21:20:19] /addskill Imortall, magic level
[02/10/2015 21:20:19] /addskill Imortall, magic level
[02/10/2015 21:20:19] /addskill Imortall, magic level
[02/10/2015 21:20:19] /addskill Imortall, magic level
[02/10/2015 21:20:19] /addskill Imortall, magic level
[02/10/2015 21:20:19] /addskill Imortall, magic level
[02/10/2015 21:20:19] /addskill Imortall, magic level
[02/10/2015 21:20:19] /addskill Imortall, magic level
[02/10/2015 21:20:19] /addskill Imortall, magic level
[02/10/2015 21:20:19] /addskill Imortall, magic level
[02/10/2015 21:20:19] /addskill Imortall, magic level
[02/10/2015 21:20:19] /addskill Imortall, magic level
[02/10/2015 21:20:19] /addskill Imortall, magic level
[02/10/2015 21:20:19] /addskill Imortall, magic level
[02/10/2015 21:20:19] /addskill Imortall, magic level
[02/10/2015 21:20:19] /addskill Imortall, magic level
[02/10/2015 21:20:19] /addskill Imortall, magic level
[02/10/2015 21:20:20] /addskill Imortall, magic level
[02/10/2015 21:20:20] /addskill Imortall, magic level
[02/10/2015 21:20:20] /addskill Imortall, magic level
[02/10/2015 21:20:20] /addskill Imortall, magic level
[02/10/2015 21:20:20] /addskill Imortall, magic level
[02/10/2015 21:20:20] /addskill Imortall, magic level
[02/10/2015 21:20:20] /addskill Imortall, magic level
[02/10/2015 21:20:20] /addskill Imortall, magic level
[02/10/2015 21:20:20] /addskill Imortall, magic level
[02/10/2015 21:20:20] /addskill Imortall, magic level
[02/10/2015 21:20:20] /addskill Imortall, magic level
[02/10/2015 21:20:20] /addskill Imortall, magic level
[02/10/2015 21:20:20] /addskill Imortall, magic level
[02/10/2015 21:20:20] /addskill Imortall, magic level
[02/10/2015 21:20:20] /addskill Imortall, magic level
[02/10/2015 21:20:20] /addskill Imortall, magic level
[02/10/2015 21:20:20] /addskill Imortall, magic level
[02/10/2015 21:20:20] /addskill Imortall, magic level
[02/10/2015 21:20:20] /addskill Imortall, magic level
[02/10/2015 21:20:20] /addskill Imortall, magic level
[02/10/2015 21:20:20] /addskill Imortall, magic level
[02/10/2015 21:20:20] /addskill Imortall, magic level
[02/10/2015 21:20:20] /addskill Imortall, magic level
[02/10/2015 21:20:20] /addskill Imortall, magic level
[02/10/2015 21:20:20] /addskill Imortall, magic level
[02/10/2015 21:20:20] /addskill Imortall, magic level
[02/10/2015 21:20:20] /addskill Imortall, magic level
[02/10/2015 21:20:43] /addskill Imortall, magic level
[02/10/2015 21:20:43] /addskill Imortall, magic level
[02/10/2015 21:20:43] /addskill Imortall, magic level
[02/10/2015 21:20:43] /addskill Imortall, magic level
[02/10/2015 21:20:44] /addskill Imortall, magic level
[02/10/2015 21:20:44] /addskill Imortall, magic level
[02/10/2015 21:20:44] /addskill Imortall, magic level
[02/10/2015 21:20:44] /addskill Imortall, magic level
[02/10/2015 21:20:44] /addskill Imortall, magic level
[02/10/2015 21:20:44] /addskill Imortall, magic level
[02/10/2015 21:20:44] /addskill Imortall, magic level
[02/10/2015 21:20:44] /addskill Imortall, magic level
[02/10/2015 21:20:44] /addskill Imortall, magic level
[02/10/2015 21:20:44] /addskill Imortall, magic level
[02/10/2015 21:20:44] /addskill Imortall, magic level
[02/10/2015 21:20:44] /addskill Imortall, magic level
[02/10/2015 21:20:44] /addskill Imortall, magic level
[02/10/2015 21:20:44] /addskill Imortall, magic level
[02/10/2015 21:20:44] /addskill Imortall, magic level
[02/10/2015 21:20:44] /addskill Imortall, magic level
[02/10/2015 21:20:44] /addskill Imortall, magic level
[02/10/2015 21:20:44] /addskill Imortall, magic level
[02/10/2015 21:20:44] /addskill Imortall, magic level
[02/10/2015 21:20:44] /addskill Imortall, magic level
[02/10/2015 21:20:44] /addskill Imortall, magic level
[02/10/2015 21:20:44] /addskill Imortall, magic level
[02/10/2015 21:20:44] /addskill Imortall, magic level
[02/10/2015 21:20:44] /addskill Imortall, magic level
[02/10/2015 21:20:44] /addskill Imortall, magic level
[02/10/2015 21:20:44] /addskill Imortall, magic level
[02/10/2015 21:20:44] /addskill Imortall, magic level
[02/10/2015 21:20:44] /addskill Imortall, magic level
[02/10/2015 21:20:44] /addskill Imortall, magic level
[02/10/2015 21:20:44] /addskill Imortall, magic level
[02/10/2015 21:20:44] /addskill Imortall, magic level
[02/10/2015 21:20:44] /addskill Imortall, magic level
[02/10/2015 21:20:44] /addskill Imortall, magic level
[02/10/2015 21:20:45] /addskill Imortall, magic level
[02/10/2015 21:20:45] /addskill Imortall, magic level
[02/10/2015 21:20:45] /addskill Imortall, magic level
[02/10/2015 21:20:45] /addskill Imortall, magic level
[02/10/2015 21:20:45] /addskill Imortall, magic level
[02/10/2015 21:20:45] /addskill Imortall, magic level
[02/10/2015 21:20:45] /addskill Imortall, magic level
[02/10/2015 21:20:45] /addskill Imortall, magic level
[02/10/2015 21:20:45] /addskill Imortall, magic level
[02/10/2015 21:20:45] /addskill Imortall, magic level
[02/10/2015 21:20:45] /addskill Imortall, magic level
[02/10/2015 21:20:45] /addskill Imortall, magic level
[02/10/2015 21:20:45] /addskill Imortall, magic level
[02/10/2015 21:20:45] /addskill Imortall, magic level
[02/10/2015 21:20:45] /addskill Imortall, magic level
[02/10/2015 21:20:45] /addskill Imortall, magic level
[02/10/2015 21:20:45] /addskill Imortall, magic level
[02/10/2015 21:20:45] /addskill Imortall, magic level
[02/10/2015 21:20:45] /addskill Imortall, magic level
[02/10/2015 21:20:45] /addskill Imortall, magic level
[02/10/2015 21:20:45] /addskill Imortall, magic level
[02/10/2015 21:20:45] /addskill Imortall, magic level
[02/10/2015 21:20:45] /addskill Imortall, magic level
[02/10/2015 21:20:45] /addskill Imortall, magic level
[02/10/2015 21:20:45] /addskill Imortall, magic level
[02/10/2015 21:20:45] /addskill Imortall, magic level
[02/10/2015 21:20:45] /addskill Imortall, magic level
[02/10/2015 21:20:45] /addskill Imortall, magic level
[02/10/2015 21:20:45] /addskill Imortall, magic level
[02/10/2015 21:20:46] /addskill Imortall, magic level
[02/10/2015 21:20:46] /addskill Imortall, magic level
[02/10/2015 21:20:46] /addskill Imortall, magic level
[02/10/2015 21:20:46] /addskill Imortall, magic level
[02/10/2015 21:20:46] /addskill Imortall, magic level
[02/10/2015 21:20:46] /addskill Imortall, magic level
[02/10/2015 21:20:46] /addskill Imortall, magic level
[02/10/2015 21:20:46] /addskill Imortall, magic level
[02/10/2015 21:20:46] /addskill Imortall, magic level
[02/10/2015 21:20:46] /addskill Imortall, magic level
[02/10/2015 21:20:46] /addskill Imortall, magic level
[02/10/2015 21:21:17] /a
[02/10/2015 21:21:18] /a
[02/10/2015 21:21:19] /c imortall
[02/10/2015 21:21:21] /a
[02/10/2015 21:21:21] /a
[02/10/2015 21:22:39] /a
[02/10/2015 21:22:40] /c imortall
[02/10/2015 21:23:07] /m mizuki
[02/10/2015 21:24:12] /c imortall
[02/10/2015 21:24:14] /c imortall
[02/10/2015 21:24:52] /addskill Imortall, level
[02/10/2015 21:24:52] /addskill Imortall, level
[02/10/2015 21:24:53] /addskill Imortall, level
[02/10/2015 21:24:53] /addskill Imortall, level
[02/10/2015 21:24:53] /addskill Imortall, level
[02/10/2015 21:24:53] /addskill Imortall, level
[02/10/2015 21:24:53] /addskill Imortall, level
[02/10/2015 21:24:53] /addskill Imortall, level
[02/10/2015 21:24:53] /addskill Imortall, level
[02/10/2015 21:24:53] /addskill Imortall, level
[02/10/2015 21:24:53] /addskill Imortall, level
[02/10/2015 21:24:53] /addskill Imortall, level
[02/10/2015 21:24:53] /addskill Imortall, level
[02/10/2015 21:24:53] /addskill Imortall, level
[02/10/2015 21:24:53] /addskill Imortall, level
[02/10/2015 21:24:53] /addskill Imortall, level
[02/10/2015 21:24:53] /addskill Imortall, level
[02/10/2015 21:24:53] /addskill Imortall, level
[02/10/2015 21:24:53] /addskill Imortall, level
[02/10/2015 21:24:53] /addskill Imortall, level
[02/10/2015 21:24:53] /addskill Imortall, level
[02/10/2015 21:24:53] /addskill Imortall, level
[02/10/2015 21:24:53] /addskill Imortall, level
[02/10/2015 21:24:53] /addskill Imortall, level
[02/10/2015 21:24:53] /addskill Imortall, level
[02/10/2015 21:24:53] /addskill Imortall, level
[02/10/2015 21:24:53] /addskill Imortall, level
[02/10/2015 21:24:54] /addskill Imortall, level
[02/10/2015 21:24:54] /addskill Imortall, level
[02/10/2015 21:24:54] /addskill Imortall, level
[02/10/2015 21:24:54] /addskill Imortall, level
[02/10/2015 21:24:54] /addskill Imortall, level
[02/10/2015 21:24:54] /addskill Imortall, level
[02/10/2015 21:24:54] /addskill Imortall, level
[02/10/2015 21:25:06] /addskill Imortall, level
[02/10/2015 21:25:07] /addskill Imortall, level
[02/10/2015 21:25:07] /addskill Imortall, level
[02/10/2015 21:25:07] /addskill Imortall, level
[02/10/2015 21:25:07] /addskill Imortall, level
[02/10/2015 21:25:07] /addskill Imortall, level
[02/10/2015 21:25:07] /addskill Imortall, level
[02/10/2015 21:25:07] /addskill Imortall, level
[02/10/2015 21:25:07] /addskill Imortall, level
[02/10/2015 21:25:07] /addskill Imortall, level
[02/10/2015 21:25:07] /addskill Imortall, level
[02/10/2015 21:25:07] /addskill Imortall, level
[02/10/2015 21:25:07] /addskill Imortall, level
[02/10/2015 21:25:07] /addskill Imortall, level
[02/10/2015 21:25:07] /addskill Imortall, level
[02/10/2015 21:25:07] /addskill Imortall, level
[02/10/2015 21:25:08] /addskill Imortall, level
[02/10/2015 21:25:08] /addskill Imortall, level
[02/10/2015 21:25:08] /addskill Imortall, level
[02/10/2015 21:25:08] /addskill Imortall, level
[02/10/2015 21:25:08] /addskill Imortall, level
[02/10/2015 21:25:08] /addskill Imortall, level
[02/10/2015 21:25:08] /addskill Imortall, level
[02/10/2015 21:25:08] /addskill Imortall, level
[02/10/2015 21:25:08] /addskill Imortall, level
[02/10/2015 21:25:08] /addskill Imortall, level
[02/10/2015 21:25:08] /addskill Imortall, level
[02/10/2015 21:25:08] /addskill Imortall, level
[02/10/2015 21:25:08] /addskill Imortall, level
[02/10/2015 21:25:08] /addskill Imortall, level
[02/10/2015 21:25:08] /addskill Imortall, level
[02/10/2015 21:25:08] /addskill Imortall, level
[02/10/2015 21:25:08] /addskill Imortall, level
[02/10/2015 21:25:08] /addskill Imortall, level
[02/10/2015 21:25:08] /addskill Imortall, level
[02/10/2015 21:25:08] /addskill Imortall, level
[02/10/2015 21:25:08] /addskill Imortall, level
[02/10/2015 21:25:08] /addskill Imortall, level
[02/10/2015 21:25:08] /addskill Imortall, level
[02/10/2015 21:25:08] /addskill Imortall, level
[02/10/2015 21:25:08] /addskill Imortall, level
[02/10/2015 21:25:08] /addskill Imortall, level
[02/10/2015 21:25:08] /addskill Imortall, level
[02/10/2015 21:25:08] /addskill Imortall, level
[02/10/2015 21:25:08] /addskill Imortall, level
[02/10/2015 21:25:08] /addskill Imortall, level
[02/10/2015 21:25:08] /addskill Imortall, level
[02/10/2015 21:25:08] /addskill Imortall, level
[02/10/2015 21:25:08] /addskill Imortall, level
[02/10/2015 21:25:09] /addskill Imortall, level
[02/10/2015 21:25:09] /addskill Imortall, level
[02/10/2015 21:25:09] /addskill Imortall, level
[02/10/2015 21:25:09] /addskill Imortall, level
[02/10/2015 21:25:09] /addskill Imortall, level
[02/10/2015 21:25:11] /addskill Imortall, level
[02/10/2015 21:25:19] /addskill Imortall, level
[02/10/2015 21:25:19] /addskill Imortall, level
[02/10/2015 21:25:19] /addskill Imortall, level
[02/10/2015 21:25:20] /addskill Imortall, level
[02/10/2015 21:25:20] /addskill Imortall, level
[02/10/2015 21:25:20] /addskill Imortall, level
[02/10/2015 21:25:21] /addskill Imortall, level
[02/10/2015 21:25:21] /addskill Imortall, level
[02/10/2015 21:25:21] /addskill Imortall, level
[02/10/2015 21:25:22] /addskill Imortall, level
[02/10/2015 21:25:22] /addskill Imortall, level
[02/10/2015 21:25:24] /addskill Imortall, level
[02/10/2015 21:25:30] /a
[02/10/2015 21:26:52] /c imortall
[02/10/2015 21:27:28] /i pet box
[02/10/2015 21:27:34] /i pet box
[02/10/2015 21:27:47] /i pet box
[02/10/2015 21:28:04] /i pet box
[02/10/2015 21:28:09] /i pet box
[02/10/2015 21:28:29] /i gamakichi pet
[02/10/2015 21:29:21] /c imortall
[02/10/2015 21:29:32] /i akatsuki ring
[02/10/2015 21:29:59] /a
[02/10/2015 21:29:59] /a
[02/10/2015 21:30:00] /a
[02/10/2015 21:30:15] /addskill Imortall, level
[02/10/2015 21:30:16] /addskill Imortall, level
[02/10/2015 21:30:16] /addskill Imortall, level
[02/10/2015 21:30:16] /addskill Imortall, level
[02/10/2015 21:30:16] /addskill Imortall, level
[02/10/2015 21:30:17] /addskill Imortall, level
[02/10/2015 21:30:17] /addskill Imortall, level
[02/10/2015 21:30:25] /a
[02/10/2015 21:30:26] /a
[02/10/2015 21:31:24] /addskill Imortall, level
[02/10/2015 21:31:24] /addskill Imortall, level
[02/10/2015 21:31:24] /addskill Imortall, level
[02/10/2015 21:31:24] /addskill Imortall, level
[02/10/2015 21:31:24] /addskill Imortall, level
[02/10/2015 21:31:24] /addskill Imortall, level
[02/10/2015 21:31:24] /addskill Imortall, level
[02/10/2015 21:31:24] /addskill Imortall, level
[02/10/2015 21:31:24] /addskill Imortall, level
[02/10/2015 21:31:24] /addskill Imortall, level
[02/10/2015 21:31:24] /addskill Imortall, level
[02/10/2015 21:31:24] /addskill Imortall, level
[02/10/2015 21:31:24] /addskill Imortall, level
[02/10/2015 21:31:24] /addskill Imortall, level
[02/10/2015 21:31:25] /addskill Imortall, level
[02/10/2015 21:31:25] /addskill Imortall, level
[02/10/2015 21:31:25] /addskill Imortall, level
[02/10/2015 21:31:25] /addskill Imortall, level
[02/10/2015 21:31:25] /addskill Imortall, level
[02/10/2015 21:31:25] /addskill Imortall, level
[02/10/2015 21:31:25] /addskill Imortall, level
[02/10/2015 21:31:25] /addskill Imortall, level
[02/10/2015 21:31:25] /addskill Imortall, level
[02/10/2015 21:31:25] /addskill Imortall, level
[02/10/2015 21:31:25] /addskill Imortall, level
[02/10/2015 21:31:25] /addskill Imortall, level
[02/10/2015 21:31:25] /addskill Imortall, level
[02/10/2015 21:31:25] /addskill Imortall, level
[02/10/2015 21:31:25] /addskill Imortall, level
[02/10/2015 21:31:25] /addskill Imortall, level
[02/10/2015 21:31:25] /addskill Imortall, level
[02/10/2015 21:31:25] /addskill Imortall, level
[02/10/2015 21:31:25] /addskill Imortall, level
[02/10/2015 21:31:25] /addskill Imortall, level
[02/10/2015 21:31:25] /addskill Imortall, level
[02/10/2015 21:31:25] /addskill Imortall, level
[02/10/2015 21:31:25] /addskill Imortall, level
[02/10/2015 21:31:25] /addskill Imortall, level
[02/10/2015 21:31:25] /addskill Imortall, level
[02/10/2015 21:31:25] /addskill Imortall, level
[02/10/2015 21:31:26] /addskill Imortall, level
[02/10/2015 21:31:26] /addskill Imortall, level
[02/10/2015 21:31:26] /addskill Imortall, level
[02/10/2015 21:31:26] /addskill Imortall, level
[02/10/2015 21:31:26] /addskill Imortall, level
[02/10/2015 21:31:26] /addskill Imortall, level
[02/10/2015 21:31:26] /addskill Imortall, level
[02/10/2015 21:31:26] /addskill Imortall, level
[02/10/2015 21:31:26] /addskill Imortall, level
[02/10/2015 21:31:26] /addskill Imortall, level
[02/10/2015 21:31:26] /addskill Imortall, level
[02/10/2015 21:31:26] /addskill Imortall, level
[02/10/2015 21:31:26] /addskill Imortall, level
[02/10/2015 21:31:26] /addskill Imortall, level
[02/10/2015 21:31:26] /addskill Imortall, level
[02/10/2015 21:31:26] /addskill Imortall, level
[02/10/2015 21:31:26] /addskill Imortall, level
[02/10/2015 21:31:26] /addskill Imortall, level
[02/10/2015 21:31:26] /addskill Imortall, level
[02/10/2015 21:31:26] /addskill Imortall, level
[02/10/2015 21:31:26] /addskill Imortall, level
[02/10/2015 21:31:26] /addskill Imortall, level
[02/10/2015 21:31:26] /addskill Imortall, level
[02/10/2015 21:31:26] /addskill Imortall, level
[02/10/2015 21:31:26] /addskill Imortall, level
[02/10/2015 21:31:26] /addskill Imortall, level
[02/10/2015 21:31:26] /addskill Imortall, level
[02/10/2015 21:31:27] /addskill Imortall, level
[02/10/2015 21:31:27] /addskill Imortall, level
[02/10/2015 21:31:27] /addskill Imortall, level
[02/10/2015 21:31:27] /addskill Imortall, level
[02/10/2015 21:31:27] /addskill Imortall, level
[02/10/2015 21:31:27] /addskill Imortall, level
[02/10/2015 21:31:27] /addskill Imortall, level
[02/10/2015 21:31:27] /addskill Imortall, level
[02/10/2015 21:31:27] /addskill Imortall, level
[02/10/2015 21:31:27] /addskill Imortall, level
[02/10/2015 21:31:27] /addskill Imortall, level
[02/10/2015 21:31:27] /addskill Imortall, level
[02/10/2015 21:31:27] /addskill Imortall, level
[02/10/2015 21:31:27] /addskill Imortall, level
[02/10/2015 21:31:27] /addskill Imortall, level
[02/10/2015 21:31:27] /addskill Imortall, level
[02/10/2015 21:31:27] /addskill Imortall, level
[02/10/2015 21:31:27] /addskill Imortall, level
[02/10/2015 21:31:27] /addskill Imortall, level
[02/10/2015 21:31:27] /addskill Imortall, level
[02/10/2015 21:31:27] /addskill Imortall, level
[02/10/2015 21:31:27] /addskill Imortall, level
[02/10/2015 21:31:27] /addskill Imortall, level
[02/10/2015 21:31:27] /addskill Imortall, level
[02/10/2015 21:31:27] /addskill Imortall, level
[02/10/2015 21:31:27] /addskill Imortall, level
[02/10/2015 21:31:37] /addskill Imortall, level
[02/10/2015 21:31:37] /addskill Imortall, level
[02/10/2015 21:31:37] /addskill Imortall, level
[02/10/2015 21:31:37] /addskill Imortall, level
[02/10/2015 21:31:37] /addskill Imortall, level
[02/10/2015 21:31:37] /addskill Imortall, level
[02/10/2015 21:31:37] /addskill Imortall, level
[02/10/2015 21:31:38] /addskill Imortall, level
[02/10/2015 21:31:38] /addskill Imortall, level
[02/10/2015 21:31:38] /addskill Imortall, level
[02/10/2015 21:31:38] /addskill Imortall, level
[02/10/2015 21:31:38] /addskill Imortall, level
[02/10/2015 21:31:38] /addskill Imortall, level
[02/10/2015 21:31:38] /addskill Imortall, level
[02/10/2015 21:31:38] /addskill Imortall, level
[02/10/2015 21:31:38] /addskill Imortall, level
[02/10/2015 21:31:38] /addskill Imortall, level
[02/10/2015 21:31:38] /addskill Imortall, level
[02/10/2015 21:31:38] /addskill Imortall, level
[02/10/2015 21:31:38] /addskill Imortall, level
[02/10/2015 21:31:38] /addskill Imortall, level
[02/10/2015 21:31:38] /addskill Imortall, level
[02/10/2015 21:31:38] /addskill Imortall, level
[02/10/2015 21:31:38] /addskill Imortall, level
[02/10/2015 21:31:38] /addskill Imortall, level
[02/10/2015 21:31:38] /addskill Imortall, level
[02/10/2015 21:31:38] /addskill Imortall, level
[02/10/2015 21:31:38] /addskill Imortall, level
[02/10/2015 21:31:38] /addskill Imortall, level
[02/10/2015 21:31:38] /addskill Imortall, level
[02/10/2015 21:31:38] /addskill Imortall, level
[02/10/2015 21:31:38] /addskill Imortall, level
[02/10/2015 21:31:38] /addskill Imortall, level
[02/10/2015 21:31:38] /addskill Imortall, level
[02/10/2015 21:31:38] /addskill Imortall, level
[02/10/2015 21:31:38] /addskill Imortall, level
[02/10/2015 21:31:38] /addskill Imortall, level
[02/10/2015 21:31:38] /addskill Imortall, level
[02/10/2015 21:31:38] /addskill Imortall, level
[02/10/2015 21:31:38] /addskill Imortall, level
[02/10/2015 21:31:38] /addskill Imortall, level
[02/10/2015 21:31:38] /addskill Imortall, level
[02/10/2015 21:31:38] /addskill Imortall, level
[02/10/2015 21:31:39] /addskill Imortall, level
[02/10/2015 21:31:39] /addskill Imortall, level
[02/10/2015 21:31:39] /addskill Imortall, level
[02/10/2015 21:31:39] /addskill Imortall, level
[02/10/2015 21:31:39] /addskill Imortall, level
[02/10/2015 21:31:39] /addskill Imortall, level
[02/10/2015 21:31:39] /addskill Imortall, level
[02/10/2015 21:31:39] /addskill Imortall, level
[02/10/2015 21:31:39] /addskill Imortall, level
[02/10/2015 21:31:39] /addskill Imortall, level
[02/10/2015 21:31:39] /addskill Imortall, level
[02/10/2015 21:31:39] /addskill Imortall, level
[02/10/2015 21:31:39] /addskill Imortall, level
[02/10/2015 21:31:39] /addskill Imortall, level
[02/10/2015 21:31:39] /addskill Imortall, level
[02/10/2015 21:31:39] /addskill Imortall, level
[02/10/2015 21:31:39] /addskill Imortall, level
[02/10/2015 21:31:39] /addskill Imortall, level
[02/10/2015 21:31:39] /addskill Imortall, level
[02/10/2015 21:31:39] /addskill Imortall, level
[02/10/2015 21:31:39] /addskill Imortall, level
[02/10/2015 21:31:39] /addskill Imortall, level
[02/10/2015 21:31:39] /addskill Imortall, level
[02/10/2015 21:31:39] /addskill Imortall, level
[02/10/2015 21:31:39] /addskill Imortall, level
[02/10/2015 21:31:39] /addskill Imortall, level
[02/10/2015 21:31:39] /addskill Imortall, level
[02/10/2015 21:31:40] /addskill Imortall, level
[02/10/2015 21:31:40] /addskill Imortall, level
[02/10/2015 21:31:40] /addskill Imortall, level
[02/10/2015 21:31:40] /addskill Imortall, level
[02/10/2015 21:31:40] /addskill Imortall, level
[02/10/2015 21:31:40] /addskill Imortall, level
[02/10/2015 21:31:40] /addskill Imortall, level
[02/10/2015 21:31:40] /addskill Imortall, level
[02/10/2015 21:31:40] /addskill Imortall, level
[02/10/2015 21:31:40] /addskill Imortall, level
[02/10/2015 21:31:40] /addskill Imortall, level
[02/10/2015 21:31:40] /addskill Imortall, level
[02/10/2015 21:31:40] /addskill Imortall, level
[02/10/2015 21:31:40] /addskill Imortall, level
[02/10/2015 21:31:40] /addskill Imortall, level
[02/10/2015 21:31:40] /addskill Imortall, level
[02/10/2015 21:31:40] /addskill Imortall, level
[02/10/2015 21:31:40] /addskill Imortall, level
[02/10/2015 21:31:40] /addskill Imortall, level
[02/10/2015 21:31:40] /addskill Imortall, level
[02/10/2015 21:31:40] /addskill Imortall, level
[02/10/2015 21:31:40] /addskill Imortall, level
[02/10/2015 21:31:40] /addskill Imortall, level
[02/10/2015 21:31:40] /addskill Imortall, level
[02/10/2015 21:31:40] /addskill Imortall, level
[02/10/2015 21:31:40] /addskill Imortall, level
[02/10/2015 21:31:40] /addskill Imortall, level
[02/10/2015 21:31:40] /addskill Imortall, level
[02/10/2015 21:31:40] /addskill Imortall, level
[02/10/2015 21:31:40] /addskill Imortall, level
[02/10/2015 21:31:40] /addskill Imortall, level
[02/10/2015 21:31:40] /addskill Imortall, level
[02/10/2015 21:31:41] /addskill Imortall, level
[02/10/2015 21:31:41] /addskill Imortall, level
[02/10/2015 21:31:41] /addskill Imortall, level
[02/10/2015 21:31:41] /addskill Imortall, level
[02/10/2015 21:31:41] /addskill Imortall, level
[02/10/2015 21:31:41] /addskill Imortall, level
[02/10/2015 21:31:41] /addskill Imortall, level
[02/10/2015 21:31:41] /addskill Imortall, level
[02/10/2015 21:31:41] /addskill Imortall, level
[02/10/2015 21:31:41] /addskill Imortall, level
[02/10/2015 21:31:41] /addskill Imortall, level
[02/10/2015 21:31:41] /addskill Imortall, level
[02/10/2015 21:31:41] /addskill Imortall, level
[02/10/2015 21:31:41] /addskill Imortall, level
[02/10/2015 21:31:41] /addskill Imortall, level
[02/10/2015 21:31:41] /addskill Imortall, level
[02/10/2015 21:31:41] /addskill Imortall, level
[02/10/2015 21:31:41] /addskill Imortall, level
[02/10/2015 21:31:41] /addskill Imortall, level
[02/10/2015 21:31:41] /addskill Imortall, level
[02/10/2015 21:31:41] /addskill Imortall, level
[02/10/2015 21:31:41] /addskill Imortall, level
[02/10/2015 21:31:41] /addskill Imortall, level
[02/10/2015 21:31:41] /addskill Imortall, level
[02/10/2015 21:31:41] /addskill Imortall, level
[02/10/2015 21:31:41] /addskill Imortall, level
[02/10/2015 21:31:42] /addskill Imortall, level
[02/10/2015 21:31:42] /addskill Imortall, level
[02/10/2015 21:31:42] /addskill Imortall, level
[02/10/2015 21:31:42] /addskill Imortall, level
[02/10/2015 21:31:42] /addskill Imortall, level
[02/10/2015 21:31:42] /addskill Imortall, level
[02/10/2015 21:31:42] /addskill Imortall, level
[02/10/2015 21:31:42] /addskill Imortall, level
[02/10/2015 21:31:42] /addskill Imortall, level
[02/10/2015 21:31:42] /addskill Imortall, level
[02/10/2015 21:31:42] /addskill Imortall, level
[02/10/2015 21:31:42] /addskill Imortall, level
[02/10/2015 21:31:42] /addskill Imortall, level
[02/10/2015 21:31:42] /addskill Imortall, level
[02/10/2015 21:31:42] /addskill Imortall, level
[02/10/2015 21:31:42] /addskill Imortall, level
[02/10/2015 21:31:42] /addskill Imortall, level
[02/10/2015 21:31:42] /addskill Imortall, level
[02/10/2015 21:31:42] /addskill Imortall, level
[02/10/2015 21:31:42] /addskill Imortall, level
[02/10/2015 21:31:42] /addskill Imortall, level
[02/10/2015 21:31:42] /addskill Imortall, level
[02/10/2015 21:31:42] /addskill Imortall, level
[02/10/2015 21:31:42] /addskill Imortall, level
[02/10/2015 21:31:42] /addskill Imortall, level
[02/10/2015 21:31:42] /addskill Imortall, level
[02/10/2015 21:31:42] /addskill Imortall, level
[02/10/2015 21:31:42] /addskill Imortall, level
[02/10/2015 21:31:42] /addskill Imortall, level
[02/10/2015 21:31:42] /addskill Imortall, level
[02/10/2015 21:31:42] /addskill Imortall, level
[02/10/2015 21:31:43] /addskill Imortall, level
[02/10/2015 21:31:43] /addskill Imortall, level
[02/10/2015 21:31:43] /addskill Imortall, level
[02/10/2015 21:31:43] /addskill Imortall, level
[02/10/2015 21:31:43] /addskill Imortall, level
[02/10/2015 21:31:43] /addskill Imortall, level
[02/10/2015 21:31:43] /addskill Imortall, level
[02/10/2015 21:31:43] /addskill Imortall, level
[02/10/2015 21:31:43] /addskill Imortall, level
[02/10/2015 21:31:43] /addskill Imortall, level
[02/10/2015 21:31:43] /addskill Imortall, level
[02/10/2015 21:31:43] /addskill Imortall, level
[02/10/2015 21:31:43] /addskill Imortall, level
[02/10/2015 21:31:43] /addskill Imortall, level
[02/10/2015 21:31:43] /addskill Imortall, level
[02/10/2015 21:31:43] /addskill Imortall, level
[02/10/2015 21:31:43] /addskill Imortall, level
[02/10/2015 21:31:43] /addskill Imortall, level
[02/10/2015 21:31:43] /addskill Imortall, level
[02/10/2015 21:31:56] /addskill Imortall, level
[02/10/2015 21:31:56] /addskill Imortall, level
[02/10/2015 21:31:56] /addskill Imortall, level
[02/10/2015 21:31:56] /addskill Imortall, level
[02/10/2015 21:31:56] /addskill Imortall, level
[02/10/2015 21:31:57] /addskill Imortall, level
[02/10/2015 21:31:57] /addskill Imortall, level
[02/10/2015 21:31:57] /addskill Imortall, level
[02/10/2015 21:31:57] /addskill Imortall, level
[02/10/2015 21:31:57] /addskill Imortall, level
[02/10/2015 21:31:57] /addskill Imortall, level
[02/10/2015 21:31:57] /addskill Imortall, level
[02/10/2015 21:31:57] /addskill Imortall, level
[02/10/2015 21:31:57] /addskill Imortall, level
[02/10/2015 21:31:57] /addskill Imortall, level
[02/10/2015 21:31:57] /addskill Imortall, level
[02/10/2015 21:31:57] /addskill Imortall, level
[02/10/2015 21:31:57] /addskill Imortall, level
[02/10/2015 21:31:57] /addskill Imortall, level
[02/10/2015 21:31:57] /addskill Imortall, level
[02/10/2015 21:31:57] /addskill Imortall, level
[02/10/2015 21:31:57] /addskill Imortall, level
[02/10/2015 21:31:57] /addskill Imortall, level
[02/10/2015 21:31:57] /addskill Imortall, level
[02/10/2015 21:31:57] /addskill Imortall, level
[02/10/2015 21:31:57] /addskill Imortall, level
[02/10/2015 21:31:57] /addskill Imortall, level
[02/10/2015 21:31:57] /addskill Imortall, level
[02/10/2015 21:31:57] /addskill Imortall, level
[02/10/2015 21:31:57] /addskill Imortall, level
[02/10/2015 21:31:57] /addskill Imortall, level
[02/10/2015 21:31:57] /addskill Imortall, level
[02/10/2015 21:31:57] /addskill Imortall, level
[02/10/2015 21:31:57] /addskill Imortall, level
[02/10/2015 21:31:57] /addskill Imortall, level
[02/10/2015 21:31:57] /addskill Imortall, level
[02/10/2015 21:31:57] /addskill Imortall, level
[02/10/2015 21:31:57] /addskill Imortall, level
[02/10/2015 21:31:57] /addskill Imortall, level
[02/10/2015 21:31:57] /addskill Imortall, level
[02/10/2015 21:31:57] /addskill Imortall, level
[02/10/2015 21:31:58] /addskill Imortall, level
[02/10/2015 21:31:58] /addskill Imortall, level
[02/10/2015 21:31:58] /addskill Imortall, level
[02/10/2015 21:31:58] /addskill Imortall, level
[02/10/2015 21:31:58] /addskill Imortall, level
[02/10/2015 21:31:58] /addskill Imortall, level
[02/10/2015 21:31:58] /addskill Imortall, level
[02/10/2015 21:31:58] /addskill Imortall, level
[02/10/2015 21:31:58] /addskill Imortall, level
[02/10/2015 21:31:58] /addskill Imortall, level
[02/10/2015 21:31:58] /addskill Imortall, level
[02/10/2015 21:31:58] /addskill Imortall, level
[02/10/2015 21:31:58] /addskill Imortall, level
[02/10/2015 21:31:58] /addskill Imortall, level
[02/10/2015 21:31:58] /addskill Imortall, level
[02/10/2015 21:31:58] /addskill Imortall, level
[02/10/2015 21:31:58] /addskill Imortall, level
[02/10/2015 21:31:58] /addskill Imortall, level
[02/10/2015 21:31:58] /addskill Imortall, level
[02/10/2015 21:31:58] /addskill Imortall, level
[02/10/2015 21:31:58] /addskill Imortall, level
[02/10/2015 21:31:58] /addskill Imortall, level
[02/10/2015 21:31:58] /addskill Imortall, level
[02/10/2015 21:31:58] /addskill Imortall, level
[02/10/2015 21:31:58] /addskill Imortall, level
[02/10/2015 21:31:58] /addskill Imortall, level
[02/10/2015 21:31:58] /addskill Imortall, level
[02/10/2015 21:31:58] /addskill Imortall, level
[02/10/2015 21:31:58] /addskill Imortall, level
[02/10/2015 21:31:58] /addskill Imortall, level
[02/10/2015 21:31:59] /addskill Imortall, level
[02/10/2015 21:31:59] /addskill Imortall, level
[02/10/2015 21:31:59] /addskill Imortall, level
[02/10/2015 21:31:59] /addskill Imortall, level
[02/10/2015 21:31:59] /addskill Imortall, level
[02/10/2015 21:31:59] /addskill Imortall, level
[02/10/2015 21:31:59] /addskill Imortall, level
[02/10/2015 21:31:59] /addskill Imortall, level
[02/10/2015 21:31:59] /addskill Imortall, level
[02/10/2015 21:31:59] /addskill Imortall, level
[02/10/2015 21:31:59] /addskill Imortall, level
[02/10/2015 21:31:59] /addskill Imortall, level
[02/10/2015 21:31:59] /addskill Imortall, level
[02/10/2015 21:31:59] /addskill Imortall, level
[02/10/2015 21:31:59] /addskill Imortall, level
[02/10/2015 21:31:59] /addskill Imortall, level
[02/10/2015 21:31:59] /addskill Imortall, level
[02/10/2015 21:31:59] /addskill Imortall, level
[02/10/2015 21:31:59] /addskill Imortall, level
[02/10/2015 21:31:59] /addskill Imortall, level
[02/10/2015 21:31:59] /addskill Imortall, level
[02/10/2015 21:31:59] /addskill Imortall, level
[02/10/2015 21:31:59] /addskill Imortall, level
[02/10/2015 21:31:59] /addskill Imortall, level
[02/10/2015 21:31:59] /addskill Imortall, level
[02/10/2015 21:31:59] /addskill Imortall, level
[02/10/2015 21:32:00] /addskill Imortall, level
[02/10/2015 21:32:00] /addskill Imortall, level
[02/10/2015 21:32:00] /addskill Imortall, level
[02/10/2015 21:32:00] /addskill Imortall, level
[02/10/2015 21:32:00] /addskill Imortall, level
[02/10/2015 21:32:00] /addskill Imortall, level
[02/10/2015 21:32:00] /addskill Imortall, level
[02/10/2015 21:32:00] /addskill Imortall, level
[02/10/2015 21:32:00] /addskill Imortall, level
[02/10/2015 21:32:00] /addskill Imortall, level
[02/10/2015 21:32:00] /addskill Imortall, level
[02/10/2015 21:32:00] /addskill Imortall, level
[02/10/2015 21:32:06] /addskill Imortall, level
[02/10/2015 21:32:06] /addskill Imortall, level
[02/10/2015 21:32:06] /addskill Imortall, level
[02/10/2015 21:32:06] /addskill Imortall, level
[02/10/2015 21:32:06] /addskill Imortall, level
[02/10/2015 21:32:06] /addskill Imortall, level
[02/10/2015 21:32:07] /addskill Imortall, level
[02/10/2015 21:32:07] /addskill Imortall, level
[02/10/2015 21:32:07] /addskill Imortall, level
[02/10/2015 21:32:07] /addskill Imortall, level
[02/10/2015 21:32:07] /addskill Imortall, level
[02/10/2015 21:32:07] /addskill Imortall, level
[02/10/2015 21:32:07] /addskill Imortall, level
[02/10/2015 21:32:07] /addskill Imortall, level
[02/10/2015 21:32:07] /addskill Imortall, level
[02/10/2015 21:32:07] /addskill Imortall, level
[02/10/2015 21:32:07] /addskill Imortall, level
[02/10/2015 21:32:07] /addskill Imortall, level
[02/10/2015 21:32:07] /addskill Imortall, level
[02/10/2015 21:32:07] /addskill Imortall, level
[02/10/2015 21:32:07] /addskill Imortall, level
[02/10/2015 21:32:07] /addskill Imortall, level
[02/10/2015 21:32:07] /addskill Imortall, level
[02/10/2015 21:32:08] /addskill Imortall, level
[02/10/2015 21:32:08] /addskill Imortall, level
[02/10/2015 21:32:08] /addskill Imortall, level
[02/10/2015 21:32:08] /addskill Imortall, level
[02/10/2015 21:32:08] /addskill Imortall, level
[02/10/2015 21:32:08] /addskill Imortall, level
[02/10/2015 21:32:08] /addskill Imortall, level
[02/10/2015 21:32:08] /addskill Imortall, level
[02/10/2015 21:32:08] /addskill Imortall, level
[02/10/2015 21:32:08] /addskill Imortall, level
[02/10/2015 21:32:08] /addskill Imortall, level
[02/10/2015 21:32:08] /addskill Imortall, level
[02/10/2015 21:32:08] /addskill Imortall, level
[02/10/2015 21:32:08] /addskill Imortall, level
[02/10/2015 21:32:08] /addskill Imortall, level
[02/10/2015 21:32:08] /addskill Imortall, level
[02/10/2015 21:32:08] /addskill Imortall, level
[02/10/2015 21:32:08] /addskill Imortall, level
[02/10/2015 21:32:08] /addskill Imortall, level
[02/10/2015 21:32:08] /addskill Imortall, level
[02/10/2015 21:32:08] /addskill Imortall, level
[02/10/2015 21:32:08] /addskill Imortall, level
[02/10/2015 21:32:08] /addskill Imortall, level
[02/10/2015 21:32:08] /addskill Imortall, level
[02/10/2015 21:32:08] /addskill Imortall, level
[02/10/2015 21:32:08] /addskill Imortall, level
[02/10/2015 21:32:08] /addskill Imortall, level
[02/10/2015 21:32:08] /addskill Imortall, level
[02/10/2015 21:32:08] /addskill Imortall, level
[02/10/2015 21:32:08] /addskill Imortall, level
[02/10/2015 21:32:08] /addskill Imortall, level
[02/10/2015 21:32:08] /addskill Imortall, level
[02/10/2015 21:32:09] /addskill Imortall, level
[02/10/2015 21:32:09] /addskill Imortall, level
[02/10/2015 21:32:09] /addskill Imortall, level
[02/10/2015 21:32:09] /addskill Imortall, level
[02/10/2015 21:32:09] /addskill Imortall, level
[02/10/2015 21:32:09] /addskill Imortall, level
[02/10/2015 21:32:09] /addskill Imortall, level
[02/10/2015 21:32:09] /addskill Imortall, level
[02/10/2015 21:32:09] /addskill Imortall, level
[02/10/2015 21:32:09] /addskill Imortall, level
[02/10/2015 21:32:09] /addskill Imortall, level
[02/10/2015 21:32:09] /addskill Imortall, level
[02/10/2015 21:32:09] /addskill Imortall, level
[02/10/2015 21:32:09] /addskill Imortall, level
[02/10/2015 21:32:18] /addskill Imortall, level
[02/10/2015 21:32:19] /addskill Imortall, level
[02/10/2015 21:32:19] /addskill Imortall, level
[02/10/2015 21:32:19] /addskill Imortall, level
[02/10/2015 21:32:19] /addskill Imortall, level
[02/10/2015 21:32:19] /addskill Imortall, level
[02/10/2015 21:32:19] /addskill Imortall, level
[02/10/2015 21:32:19] /addskill Imortall, level
[02/10/2015 21:32:19] /addskill Imortall, level
[02/10/2015 21:32:20] /addskill Imortall, level
[02/10/2015 21:32:20] /addskill Imortall, level
[02/10/2015 21:32:20] /addskill Imortall, level
[02/10/2015 21:32:20] /addskill Imortall, level
[02/10/2015 21:32:20] /addskill Imortall, level
[02/10/2015 21:32:26] /addskill Imortall, level
[02/10/2015 21:32:27] /addskill Imortall, level
[02/10/2015 21:32:27] /addskill Imortall, level
[02/10/2015 21:32:27] /addskill Imortall, level
[02/10/2015 21:32:27] /addskill Imortall, level
[02/10/2015 21:32:27] /addskill Imortall, level
[02/10/2015 21:32:27] /addskill Imortall, level
[02/10/2015 21:32:27] /addskill Imortall, level
[02/10/2015 21:32:27] /addskill Imortall, level
[02/10/2015 21:32:27] /addskill Imortall, level
[02/10/2015 21:32:27] /addskill Imortall, level
[02/10/2015 21:32:27] /addskill Imortall, level
[02/10/2015 21:32:27] /addskill Imortall, level
[02/10/2015 21:32:27] /addskill Imortall, level
[02/10/2015 21:32:27] /addskill Imortall, level
[02/10/2015 21:32:27] /addskill Imortall, level
[02/10/2015 21:32:27] /addskill Imortall, level
[02/10/2015 21:32:27] /addskill Imortall, level
[02/10/2015 21:32:27] /addskill Imortall, level
[02/10/2015 21:32:27] /addskill Imortall, level
[02/10/2015 21:32:28] /addskill Imortall, level
[02/10/2015 21:32:28] /addskill Imortall, level
[02/10/2015 21:32:28] /addskill Imortall, level
[02/10/2015 21:32:28] /addskill Imortall, level
[02/10/2015 21:32:28] /addskill Imortall, level
[02/10/2015 21:32:28] /addskill Imortall, level
[02/10/2015 21:32:28] /addskill Imortall, level
[02/10/2015 21:32:28] /addskill Imortall, level
[02/10/2015 21:32:28] /addskill Imortall, level
[02/10/2015 21:32:28] /addskill Imortall, level
[02/10/2015 21:32:28] /addskill Imortall, level
[02/10/2015 21:32:28] /addskill Imortall, level
[02/10/2015 21:32:28] /addskill Imortall, level
[02/10/2015 21:32:28] /addskill Imortall, level
[02/10/2015 21:32:28] /addskill Imortall, level
[02/10/2015 21:32:28] /addskill Imortall, level
[02/10/2015 21:32:28] /addskill Imortall, level
[02/10/2015 21:32:28] /addskill Imortall, level
[02/10/2015 21:32:28] /addskill Imortall, level
[02/10/2015 21:32:28] /addskill Imortall, level
[02/10/2015 21:32:28] /addskill Imortall, level
[02/10/2015 21:32:28] /addskill Imortall, level
[02/10/2015 21:32:28] /addskill Imortall, level
[02/10/2015 21:32:28] /addskill Imortall, level
[02/10/2015 21:32:28] /addskill Imortall, level
[02/10/2015 21:32:28] /addskill Imortall, level
[02/10/2015 21:32:29] /addskill Imortall, level
[02/10/2015 21:32:29] /addskill Imortall, level
[02/10/2015 21:32:29] /addskill Imortall, level
[02/10/2015 21:32:38] /c imortall
[02/10/2015 21:32:41] /a
[02/10/2015 21:32:41] /a
[02/10/2015 21:32:42] /a
[02/10/2015 21:32:43] /addskill Imortall, level
[02/10/2015 21:32:45] /c imortall
[02/10/2015 21:32:48] /a
[02/10/2015 21:32:49] /a
[02/10/2015 21:33:26] /c imortall
[02/10/2015 21:33:34] /c sasuke uchiha
[02/10/2015 21:33:59] /i gamakichi pet
[02/10/2015 21:34:09] /c imortall
[02/10/2015 21:34:21] /i pill
[02/10/2015 21:34:22] /i pill
[02/10/2015 21:34:22] /i pill
[02/10/2015 21:34:24] /i pill
[02/10/2015 21:34:25] /i pill
[02/10/2015 21:34:26] /i pill
[02/10/2015 21:34:26] /i pill
[02/10/2015 21:34:27] /i pill
[02/10/2015 21:34:27] /i pill
[02/10/2015 21:34:28] /i pill
[02/10/2015 21:34:28] /i pill
[02/10/2015 21:34:29] /i pill
[02/10/2015 21:34:29] /i pill
[02/10/2015 21:34:50] /i akatsuki ring
[02/10/2015 21:35:11] /a
[02/10/2015 21:35:11] /a
[02/10/2015 21:35:11] /a
[02/10/2015 21:35:11] /a
[02/10/2015 21:35:11] /a
[02/10/2015 21:35:11] /a
[02/10/2015 21:35:11] /a
[02/10/2015 21:35:11] /a
[02/10/2015 21:35:11] /a
[02/10/2015 21:35:12] /a
[02/10/2015 21:35:12] /a
[02/10/2015 21:35:12] /a
[02/10/2015 21:35:12] /a
[02/10/2015 21:35:12] /a
[02/10/2015 21:35:12] /a
[02/10/2015 21:35:12] /a
[02/10/2015 21:35:12] /a
[02/10/2015 21:35:12] /a
[02/10/2015 21:35:12] /a
[02/10/2015 21:35:13] /a
[02/10/2015 21:35:14] /a
[02/10/2015 21:35:14] /a
[02/10/2015 21:35:14] /a
[02/10/2015 21:35:14] /a
[02/10/2015 21:35:14] /a
[02/10/2015 21:35:14] /a
[02/10/2015 21:35:14] /a
[02/10/2015 21:35:14] /a
[02/10/2015 21:35:14] /a
[02/10/2015 21:35:14] /a
[02/10/2015 21:35:14] /a
[02/10/2015 21:35:14] /a
[02/10/2015 21:35:14] /a
[02/10/2015 21:35:14] /a
[02/10/2015 21:35:14] /a
[02/10/2015 21:35:14] /a
[02/10/2015 21:35:14] /a
[02/10/2015 21:35:14] /a
[02/10/2015 21:35:14] /a
[02/10/2015 21:35:14] /a
[02/10/2015 21:35:14] /a
[02/10/2015 21:35:14] /a
[02/10/2015 21:35:14] /a
[02/10/2015 21:35:14] /a
[02/10/2015 21:35:14] /a
[02/10/2015 21:35:14] /a
[02/10/2015 21:35:15] /a
[02/10/2015 21:35:15] /a
[02/10/2015 21:35:16] /a
[02/10/2015 21:35:16] /a
[02/10/2015 21:35:16] /a
[02/10/2015 21:35:17] /a
[02/10/2015 21:35:17] /a
[02/10/2015 21:35:18] /a
[02/10/2015 21:35:18] /a
[02/10/2015 21:35:18] /a
[02/10/2015 21:35:18] /a
[02/10/2015 21:35:18] /a
[02/10/2015 21:35:18] /a
[02/10/2015 21:35:18] /a
[02/10/2015 21:35:18] /a
[02/10/2015 21:37:04] /m monk
[02/10/2015 21:37:05] /m monk
[02/10/2015 21:37:05] /m monk
[02/10/2015 21:37:06] /m monk
[02/10/2015 21:37:07] /m monk
[02/10/2015 21:37:07] /m monk
[02/10/2015 21:37:08] /m monk
[02/10/2015 21:37:08] /m monk
[02/10/2015 21:37:09] /m monk
[02/10/2015 21:37:09] /m monk
[02/10/2015 21:37:10] /m monk
[02/10/2015 21:37:10] /m monk
[02/10/2015 21:37:11] /m monk
[02/10/2015 21:37:11] /m monk
[02/10/2015 21:37:12] /m monk
[02/10/2015 21:37:12] /m monk
[02/10/2015 21:37:13] /m monk
[02/10/2015 21:37:13] /m monk
[02/10/2015 21:37:14] /m monk
[02/10/2015 21:37:14] /m monk
[02/10/2015 21:37:16] /m monk
[02/10/2015 21:37:24] /m monk
[02/10/2015 21:37:24] /m monk
[02/10/2015 21:37:25] /m monk
[02/10/2015 21:37:25] /m monk
[02/10/2015 21:37:25] /m monk
[02/10/2015 21:37:25] /m monk
[02/10/2015 21:37:25] /m monk
[02/10/2015 21:37:25] /m monk
[02/10/2015 21:37:25] /m monk
[02/10/2015 21:37:25] /m monk
[02/10/2015 21:37:25] /m monk
[02/10/2015 21:37:25] /m monk
[02/10/2015 21:37:25] /m monk
[02/10/2015 21:37:25] /m monk
[02/10/2015 21:37:25] /m monk
[02/10/2015 21:37:25] /m monk
[02/10/2015 21:37:25] /m monk
[02/10/2015 21:37:25] /m monk
[02/10/2015 21:37:25] /m monk
[02/10/2015 21:37:25] /m monk
[02/10/2015 21:37:25] /m monk
[02/10/2015 21:37:25] /m monk
[02/10/2015 21:37:25] /m monk
[02/10/2015 21:37:25] /m monk
[02/10/2015 21:37:25] /m monk
[02/10/2015 21:37:25] /m monk
[02/10/2015 21:37:26] /m monk
[02/10/2015 21:37:26] /m monk
[02/10/2015 21:37:26] /m monk
[02/10/2015 21:37:26] /m monk
[02/10/2015 21:37:26] /m monk
[02/10/2015 21:37:26] /m monk
[02/10/2015 21:37:26] /m monk
[02/10/2015 21:37:26] /m monk
[02/10/2015 21:37:26] /m monk
[02/10/2015 21:37:26] /m monk
[02/10/2015 21:37:26] /m monk
[02/10/2015 21:37:26] /m monk
[02/10/2015 21:37:26] /m monk
[02/10/2015 21:37:26] /m monk
[02/10/2015 21:37:26] /m monk
[02/10/2015 21:37:26] /m monk
[02/10/2015 21:37:26] /m monk
[02/10/2015 21:37:26] /m monk
[02/10/2015 21:37:26] /m monk
[02/10/2015 21:37:26] /m monk
[02/10/2015 21:37:26] /m monk
[02/10/2015 21:37:26] /m monk
[02/10/2015 21:37:26] /m monk
[02/10/2015 21:37:26] /m monk
[02/10/2015 21:37:26] /m monk
[02/10/2015 21:37:26] /m monk
[02/10/2015 21:37:26] /m monk
[02/10/2015 21:37:26] /m monk
[02/10/2015 21:37:26] /m monk
[02/10/2015 21:37:26] /m monk
[02/10/2015 21:37:26] /m monk
[02/10/2015 21:37:26] /m monk
[02/10/2015 21:37:27] /m monk
[02/10/2015 21:37:27] /m monk
[02/10/2015 21:37:27] /m monk
[02/10/2015 21:37:27] /m monk
[02/10/2015 21:37:27] /m monk
[02/10/2015 21:37:27] /m monk
[02/10/2015 21:37:27] /m monk
[02/10/2015 21:37:27] /m monk
[02/10/2015 21:37:27] /m monk
[02/10/2015 21:37:27] /m monk
[02/10/2015 21:37:27] /m monk
[02/10/2015 21:37:27] /m monk
[02/10/2015 21:37:27] /m monk
[02/10/2015 21:37:27] /m monk
[02/10/2015 21:37:27] /m monk
[02/10/2015 21:37:27] /m monk
[02/10/2015 21:37:27] /m monk
[02/10/2015 21:37:27] /m monk
[02/10/2015 21:37:27] /m monk
[02/10/2015 21:37:27] /m monk
[02/10/2015 21:37:27] /m monk
[02/10/2015 21:37:27] /m monk
[02/10/2015 21:37:27] /m monk
[02/10/2015 21:37:27] /m monk
[02/10/2015 21:37:27] /m monk
[02/10/2015 21:37:27] /m monk
[02/10/2015 21:37:27] /m monk
[02/10/2015 21:37:28] /m monk
[02/10/2015 21:37:28] /m monk
[02/10/2015 21:37:28] /m monk
[02/10/2015 21:37:28] /m monk
[02/10/2015 21:37:28] /m monk
[02/10/2015 21:37:28] /m monk
[02/10/2015 21:37:28] /m monk
[02/10/2015 21:37:28] /m monk
[02/10/2015 21:37:28] /m monk
[02/10/2015 21:37:28] /m monk
[02/10/2015 21:37:28] /m monk
[02/10/2015 21:37:28] /m monk
[02/10/2015 21:37:28] /m monk
[02/10/2015 21:37:28] /m monk
[02/10/2015 21:37:28] /m monk
[02/10/2015 21:37:28] /m monk
[02/10/2015 21:37:28] /m monk
[02/10/2015 21:37:28] /m monk
[02/10/2015 21:37:28] /m monk
[02/10/2015 21:37:28] /m monk
[02/10/2015 21:37:28] /m monk
[02/10/2015 21:37:28] /m monk
[02/10/2015 21:37:28] /m monk
[02/10/2015 21:37:28] /m monk
[02/10/2015 21:37:28] /m monk
[02/10/2015 21:37:28] /m monk
[02/10/2015 21:37:29] /m monk
[02/10/2015 21:37:29] /m monk
[02/10/2015 21:37:29] /m monk
[02/10/2015 21:37:29] /m monk
[02/10/2015 21:37:29] /m monk
[02/10/2015 21:37:29] /m monk
[02/10/2015 21:37:29] /m monk
[02/10/2015 21:37:29] /m monk
[02/10/2015 21:37:29] /m monk
[02/10/2015 21:37:29] /m monk
[02/10/2015 21:37:29] /m monk
[02/10/2015 21:37:29] /m monk
[02/10/2015 21:37:29] /m monk
[02/10/2015 21:37:29] /m monk
[02/10/2015 21:37:29] /m monk
[02/10/2015 21:37:29] /m monk
[02/10/2015 21:37:29] /m monk
[02/10/2015 21:37:29] /m monk
[02/10/2015 21:37:29] /m monk
[02/10/2015 21:37:29] /m monk
[02/10/2015 21:37:29] /m monk
[02/10/2015 21:37:29] /m monk
[02/10/2015 21:37:29] /m monk
[02/10/2015 21:37:29] /m monk
[02/10/2015 21:37:29] /m monk
[02/10/2015 21:37:29] /m monk
[02/10/2015 21:37:29] /m monk
[02/10/2015 21:37:29] /m monk
[02/10/2015 21:37:29] /m monk
[02/10/2015 21:37:29] /m monk
[02/10/2015 21:37:29] /m monk
[02/10/2015 21:37:29] /m monk
[02/10/2015 21:37:29] /m monk
[02/10/2015 21:37:29] /m monk
[02/10/2015 21:37:30] /m monk
[02/10/2015 21:37:30] /m monk
[02/10/2015 21:37:30] /m monk
[02/10/2015 21:37:30] /m monk
[02/10/2015 21:37:30] /m monk
[02/10/2015 21:37:30] /m monk
[02/10/2015 21:37:30] /m monk
[02/10/2015 21:37:30] /m monk
[02/10/2015 21:37:30] /m monk
[02/10/2015 21:37:30] /m monk
[02/10/2015 21:37:30] /m monk
[02/10/2015 21:37:30] /m monk
[02/10/2015 21:37:30] /m monk
[02/10/2015 21:37:30] /m monk
[02/10/2015 21:37:30] /m monk
[02/10/2015 21:37:30] /m monk
[02/10/2015 21:37:30] /m monk
[02/10/2015 21:37:30] /m monk
[02/10/2015 21:37:30] /m monk
[02/10/2015 21:37:30] /m monk
[02/10/2015 21:37:30] /m monk
[02/10/2015 21:37:30] /m monk
[02/10/2015 21:37:30] /m monk
[02/10/2015 21:37:30] /m monk
[02/10/2015 21:37:30] /m monk
[02/10/2015 21:37:30] /m monk
[02/10/2015 21:37:30] /m monk
[02/10/2015 21:37:31] /m monk
[02/10/2015 21:37:31] /m monk
[02/10/2015 21:37:31] /m monk
[02/10/2015 21:37:31] /m monk
[02/10/2015 21:37:31] /m monk
[02/10/2015 21:37:31] /m monk
[02/10/2015 21:37:31] /m monk
[02/10/2015 21:37:31] /m monk
[02/10/2015 21:37:31] /m monk
[02/10/2015 21:37:31] /m monk
[02/10/2015 21:37:31] /m monk
[02/10/2015 21:37:31] /m monk
[02/10/2015 21:37:31] /m monk
[02/10/2015 21:37:31] /m monk
[02/10/2015 21:37:31] /m monk
[02/10/2015 21:37:31] /m monk
[02/10/2015 21:37:31] /m monk
[02/10/2015 21:37:31] /m monk
[02/10/2015 21:37:31] /m monk
[02/10/2015 21:37:31] /m monk
[02/10/2015 21:37:31] /m monk
[02/10/2015 21:37:31] /m monk
[02/10/2015 21:37:31] /m monk
[02/10/2015 21:37:31] /m monk
[02/10/2015 21:37:31] /m monk
[02/10/2015 21:37:31] /m monk
[02/10/2015 21:37:31] /m monk
[02/10/2015 21:37:31] /m monk
[02/10/2015 21:37:32] /m monk
[02/10/2015 21:37:32] /m monk
[02/10/2015 21:37:32] /m monk
[02/10/2015 21:37:32] /m monk
[02/10/2015 21:37:32] /m monk
[02/10/2015 21:37:32] /m monk
[02/10/2015 21:37:32] /m monk
[02/10/2015 21:37:32] /m monk
[02/10/2015 21:37:32] /m monk
[02/10/2015 21:37:32] /m monk
[02/10/2015 21:37:32] /m monk
[02/10/2015 21:37:32] /m monk
[02/10/2015 21:37:32] /m monk
[02/10/2015 21:37:32] /m monk
[02/10/2015 21:37:32] /m monk
[02/10/2015 21:37:32] /m monk
[02/10/2015 21:37:32] /m monk
[02/10/2015 21:37:32] /m monk
[02/10/2015 21:37:32] /m monk
[02/10/2015 21:37:32] /m monk
[02/10/2015 21:37:32] /m monk
[02/10/2015 21:37:32] /m monk
[02/10/2015 21:37:32] /m monk
[02/10/2015 21:37:32] /m monk
[02/10/2015 21:37:32] /m monk
[02/10/2015 21:37:32] /m monk
[02/10/2015 21:37:32] /m monk
[02/10/2015 21:37:32] /m monk
[02/10/2015 21:37:33] /m monk
[02/10/2015 21:37:33] /m monk
[02/10/2015 21:37:33] /m monk
[02/10/2015 21:37:33] /m monk
[02/10/2015 21:37:33] /m monk
[02/10/2015 21:37:33] /m monk
[02/10/2015 21:37:33] /m monk
[02/10/2015 21:37:33] /m monk
[02/10/2015 21:37:33] /m monk
[02/10/2015 21:37:33] /m monk
[02/10/2015 21:37:33] /m monk
[02/10/2015 21:37:33] /m monk
[02/10/2015 21:37:33] /m monk
[02/10/2015 21:37:33] /m monk
[02/10/2015 21:37:33] /m monk
[02/10/2015 21:37:33] /m monk
[02/10/2015 21:37:33] /m monk
[02/10/2015 21:37:33] /m monk
[02/10/2015 21:37:33] /m monk
[02/10/2015 21:37:33] /m monk
[02/10/2015 21:37:33] /m monk
[02/10/2015 21:37:33] /m monk
[02/10/2015 21:37:33] /m monk
[02/10/2015 21:37:33] /m monk
[02/10/2015 21:37:33] /m monk
[02/10/2015 21:37:33] /m monk
[02/10/2015 21:37:33] /m monk
[02/10/2015 21:37:33] /m monk
[02/10/2015 21:37:33] /m monk
[02/10/2015 21:37:34] /m monk
[02/10/2015 21:37:34] /m monk
[02/10/2015 21:37:34] /m monk
[02/10/2015 21:37:34] /m monk
[02/10/2015 21:37:34] /m monk
[02/10/2015 21:37:34] /m monk
[02/10/2015 21:37:34] /m monk
[02/10/2015 21:37:34] /m monk
[02/10/2015 21:37:34] /m monk
[02/10/2015 21:37:34] /m monk
[02/10/2015 21:37:34] /m monk
[02/10/2015 21:37:34] /m monk
[02/10/2015 21:37:34] /m monk
[02/10/2015 21:37:34] /m monk
[02/10/2015 21:37:34] /m monk
[02/10/2015 21:37:34] /m monk
[02/10/2015 21:37:34] /m monk
[02/10/2015 21:37:34] /m monk
[02/10/2015 21:37:34] /m monk
[02/10/2015 21:37:34] /m monk
[02/10/2015 21:37:34] /m monk
[02/10/2015 21:37:34] /m monk
[02/10/2015 21:37:34] /m monk
[02/10/2015 21:37:34] /m monk
[02/10/2015 21:37:34] /m monk
[02/10/2015 21:37:34] /m monk
[02/10/2015 21:37:34] /m monk
[02/10/2015 21:37:34] /m monk
[02/10/2015 21:37:34] /m monk
[02/10/2015 21:37:34] /m monk
[02/10/2015 21:37:34] /m monk
[02/10/2015 21:37:35] /m monk
[02/10/2015 21:37:35] /m monk
[02/10/2015 21:37:35] /m monk
[02/10/2015 21:37:35] /m monk
[02/10/2015 21:37:35] /m monk
[02/10/2015 21:37:35] /m monk
[02/10/2015 21:37:35] /m monk
[02/10/2015 21:37:35] /m monk
[02/10/2015 21:37:35] /m monk
[02/10/2015 21:37:35] /m monk
[02/10/2015 21:37:35] /m monk
[02/10/2015 21:37:35] /m monk
[02/10/2015 21:37:35] /m monk
[02/10/2015 21:37:35] /m monk
[02/10/2015 21:37:35] /m monk
[02/10/2015 21:37:35] /m monk
[02/10/2015 21:37:35] /m monk
[02/10/2015 21:37:35] /m monk
[02/10/2015 21:37:35] /m monk
[02/10/2015 21:37:35] /m monk
[02/10/2015 21:37:35] /m monk
[02/10/2015 21:37:35] /m monk
[02/10/2015 21:37:35] /m monk
[02/10/2015 21:37:35] /m monk
[02/10/2015 21:37:35] /m monk
[02/10/2015 21:37:35] /m monk
[02/10/2015 21:37:35] /m monk
[02/10/2015 21:37:35] /m monk
[02/10/2015 21:37:36] /m monk
[02/10/2015 21:37:36] /m monk
[02/10/2015 21:37:36] /m monk
[02/10/2015 21:37:36] /m monk
[02/10/2015 21:37:36] /m monk
[02/10/2015 21:37:36] /m monk
[02/10/2015 21:37:36] /m monk
[02/10/2015 21:37:36] /m monk
[02/10/2015 21:37:36] /m monk
[02/10/2015 21:37:36] /m monk
[02/10/2015 21:37:36] /m monk
[02/10/2015 21:37:36] /m monk
[02/10/2015 21:37:36] /m monk
[02/10/2015 21:37:36] /m monk
[02/10/2015 21:37:36] /m monk
[02/10/2015 21:37:36] /m monk
[02/10/2015 21:37:36] /m monk
[02/10/2015 21:37:36] /m monk
[02/10/2015 21:37:36] /m monk
[02/10/2015 21:37:36] /m monk
[02/10/2015 21:37:36] /m monk
[02/10/2015 21:37:36] /m monk
[02/10/2015 21:37:36] /m monk
[02/10/2015 21:37:36] /m monk
[02/10/2015 21:37:36] /m monk
[02/10/2015 21:37:36] /m monk
[02/10/2015 21:37:36] /m monk
[02/10/2015 21:37:37] /m monk
[02/10/2015 21:37:37] /m monk
[02/10/2015 21:37:37] /m monk
[02/10/2015 21:37:37] /m monk
[02/10/2015 21:37:37] /m monk
[02/10/2015 21:37:37] /m monk
[02/10/2015 21:37:37] /m monk
[02/10/2015 21:37:37] /m monk
[02/10/2015 21:37:37] /m monk
[02/10/2015 21:37:37] /m monk
[02/10/2015 21:37:37] /m monk
[02/10/2015 21:37:37] /m monk
[02/10/2015 21:37:37] /m monk
[02/10/2015 21:37:37] /m monk
[02/10/2015 21:37:37] /m monk
[02/10/2015 21:37:37] /m monk
[02/10/2015 21:37:37] /m monk
[02/10/2015 21:37:37] /m monk
[02/10/2015 21:37:37] /m monk
[02/10/2015 21:37:37] /m monk
[02/10/2015 21:37:37] /m monk
[02/10/2015 21:37:37] /m monk
[02/10/2015 21:37:37] /m monk
[02/10/2015 21:37:37] /m monk
[02/10/2015 21:37:37] /m monk
[02/10/2015 21:37:37] /m monk
[02/10/2015 21:37:37] /m monk
[02/10/2015 21:37:37] /m monk
[02/10/2015 21:37:37] /m monk
[02/10/2015 21:37:38] /m monk
[02/10/2015 21:37:38] /m monk
[02/10/2015 21:37:38] /m monk
[02/10/2015 21:37:38] /m monk
[02/10/2015 21:37:38] /m monk
[02/10/2015 21:37:38] /m monk
[02/10/2015 21:37:38] /m monk
[02/10/2015 21:37:38] /m monk
[02/10/2015 21:37:38] /m monk
[02/10/2015 21:37:38] /m monk
[02/10/2015 21:37:38] /m monk
[02/10/2015 21:37:38] /m monk
[02/10/2015 21:37:38] /m monk
[02/10/2015 21:37:38] /m monk
[02/10/2015 21:37:38] /m monk
[02/10/2015 21:37:38] /m monk
[02/10/2015 21:37:38] /m monk
[02/10/2015 21:37:38] /m monk
[02/10/2015 21:37:38] /m monk
[02/10/2015 21:37:38] /m monk
[02/10/2015 21:37:38] /m monk
[02/10/2015 21:37:38] /m monk
[02/10/2015 21:37:38] /m monk
[02/10/2015 21:37:38] /m monk
[02/10/2015 21:37:38] /m monk
[02/10/2015 21:37:38] /m monk
[02/10/2015 21:37:38] /m monk
[02/10/2015 21:37:38] /m monk
[02/10/2015 21:37:39] /m monk
[02/10/2015 21:37:39] /m monk
[02/10/2015 21:37:39] /m monk
[02/10/2015 21:37:39] /m monk
[02/10/2015 21:37:39] /m monk
[02/10/2015 21:37:39] /m monk
[02/10/2015 21:37:39] /m monk
[02/10/2015 21:37:39] /m monk
[02/10/2015 21:37:39] /m monk
[02/10/2015 21:37:39] /m monk
[02/10/2015 21:37:39] /m monk
[02/10/2015 21:37:39] /m monk
[02/10/2015 21:37:39] /m monk
[02/10/2015 21:37:39] /m monk
[02/10/2015 21:37:39] /m monk
[02/10/2015 21:37:39] /m monk
[02/10/2015 21:37:39] /m monk
[02/10/2015 21:37:39] /m monk
[02/10/2015 21:37:39] /m monk
[02/10/2015 21:37:39] /m monk
[02/10/2015 21:37:39] /m monk
[02/10/2015 21:37:39] /m monk
[02/10/2015 21:37:39] /m monk
[02/10/2015 21:37:39] /m monk
[02/10/2015 21:37:39] /m monk
[02/10/2015 21:37:39] /m monk
[02/10/2015 21:37:39] /m monk
[02/10/2015 21:37:39] /m monk
[02/10/2015 21:37:39] /m monk
[02/10/2015 21:37:39] /m monk
[02/10/2015 21:37:40] /m monk
[02/10/2015 21:37:40] /m monk
[02/10/2015 21:37:40] /m monk
[02/10/2015 21:37:40] /m monk
[02/10/2015 21:37:40] /m monk
[02/10/2015 21:37:40] /m monk
[02/10/2015 21:37:40] /m monk
[02/10/2015 21:37:40] /m monk
[02/10/2015 21:37:40] /m monk
[02/10/2015 21:37:40] /m monk
[02/10/2015 21:37:40] /m monk
[02/10/2015 21:37:40] /m monk
[02/10/2015 21:37:40] /m monk
[02/10/2015 21:37:40] /m monk
[02/10/2015 21:37:40] /m monk
[02/10/2015 21:37:40] /m monk
[02/10/2015 21:37:40] /m monk
[02/10/2015 21:37:40] /m monk
[02/10/2015 21:37:40] /m monk
[02/10/2015 21:37:40] /m monk
[02/10/2015 21:37:40] /m monk
[02/10/2015 21:37:40] /m monk
[02/10/2015 21:37:40] /m monk
[02/10/2015 21:37:40] /m monk
[02/10/2015 21:37:40] /m monk
[02/10/2015 21:37:40] /m monk
[02/10/2015 21:37:40] /m monk
[02/10/2015 21:37:40] /m monk
[02/10/2015 21:37:40] /m monk
[02/10/2015 21:37:41] /m monk
[02/10/2015 21:37:41] /m monk
[02/10/2015 21:37:41] /m monk
[02/10/2015 21:37:41] /m monk
[02/10/2015 21:37:41] /m monk
[02/10/2015 21:37:41] /m monk
[02/10/2015 21:37:41] /m monk
[02/10/2015 21:37:41] /m monk
[02/10/2015 21:37:41] /m monk
[02/10/2015 21:37:41] /m monk
[02/10/2015 21:37:41] /m monk
[02/10/2015 21:37:41] /m monk
[02/10/2015 21:37:41] /m monk
[02/10/2015 21:37:41] /m monk
[02/10/2015 21:37:41] /m monk
[02/10/2015 21:37:41] /m monk
[02/10/2015 21:37:41] /m monk
[02/10/2015 21:37:41] /m monk
[02/10/2015 21:37:41] /m monk
[02/10/2015 21:37:41] /m monk
[02/10/2015 21:37:41] /m monk
[02/10/2015 21:37:41] /m monk
[02/10/2015 21:37:41] /m monk
[02/10/2015 21:37:41] /m monk
[02/10/2015 21:37:41] /m monk
[02/10/2015 21:37:41] /m monk
[02/10/2015 21:37:41] /m monk
[02/10/2015 21:37:41] /m monk
[02/10/2015 21:37:42] /m monk
[02/10/2015 21:37:42] /m monk
[02/10/2015 21:37:42] /m monk
[02/10/2015 21:37:42] /m monk
[02/10/2015 21:37:42] /m monk
[02/10/2015 21:37:42] /m monk
[02/10/2015 21:37:42] /m monk
[02/10/2015 21:37:42] /m monk
[02/10/2015 21:37:42] /m monk
[02/10/2015 21:37:42] /m monk
[02/10/2015 21:37:42] /m monk
[02/10/2015 21:37:42] /m monk
[02/10/2015 21:37:42] /m monk
[02/10/2015 21:37:42] /m monk
[02/10/2015 21:37:42] /m monk
[02/10/2015 21:37:42] /m monk
[02/10/2015 21:37:42] /m monk
[02/10/2015 21:37:42] /m monk
[02/10/2015 21:37:42] /m monk
[02/10/2015 21:37:42] /m monk
[02/10/2015 21:37:42] /m monk
[02/10/2015 21:37:42] /m monk
[02/10/2015 21:37:42] /m monk
[02/10/2015 21:37:42] /m monk
[02/10/2015 21:37:42] /m monk
[02/10/2015 21:37:42] /m monk
[02/10/2015 21:37:42] /m monk
[02/10/2015 21:37:42] /m monk
[02/10/2015 21:37:42] /m monk
[02/10/2015 21:37:42] /m monk
[02/10/2015 21:37:43] /m monk
[02/10/2015 21:37:43] /m monk
[02/10/2015 21:37:43] /m monk
[02/10/2015 21:37:43] /m monk
[02/10/2015 21:37:43] /m monk
[02/10/2015 21:37:43] /m monk
[02/10/2015 21:37:43] /m monk
[02/10/2015 21:37:43] /m monk
[02/10/2015 21:37:43] /m monk
[02/10/2015 21:37:43] /m monk
[02/10/2015 21:37:43] /m monk
[02/10/2015 21:37:43] /m monk
[02/10/2015 21:37:43] /m monk
[02/10/2015 21:37:43] /m monk
[02/10/2015 21:37:43] /m monk
[02/10/2015 21:37:43] /m monk
[02/10/2015 21:37:43] /m monk
[02/10/2015 21:37:43] /m monk
[02/10/2015 21:37:43] /m monk
[02/10/2015 21:37:43] /m monk
[02/10/2015 21:37:43] /m monk
[02/10/2015 21:37:43] /m monk
[02/10/2015 21:37:43] /m monk
[02/10/2015 21:37:43] /m monk
[02/10/2015 21:37:43] /m monk
[02/10/2015 21:37:43] /m monk
[02/10/2015 21:37:43] /m monk
[02/10/2015 21:37:43] /m monk
[02/10/2015 21:37:44] /m monk
[02/10/2015 21:37:44] /m monk
[02/10/2015 21:37:44] /m monk
[02/10/2015 21:37:44] /m monk
[02/10/2015 21:37:44] /m monk
[02/10/2015 21:37:44] /m monk
[02/10/2015 21:37:44] /m monk
[02/10/2015 21:37:44] /m monk
[02/10/2015 21:37:44] /m monk
[02/10/2015 21:37:44] /m monk
[02/10/2015 21:37:44] /m monk
[02/10/2015 21:37:44] /m monk
[02/10/2015 21:37:44] /m monk
[02/10/2015 21:37:44] /m monk
[02/10/2015 21:37:44] /m monk
[02/10/2015 21:37:44] /m monk
[02/10/2015 21:37:44] /m monk
[02/10/2015 21:37:44] /m monk
[02/10/2015 21:37:44] /m monk
[02/10/2015 21:37:44] /m monk
[02/10/2015 21:37:44] /m monk
[02/10/2015 21:37:44] /m monk
[02/10/2015 21:37:44] /m monk
[02/10/2015 21:37:44] /m monk
[02/10/2015 21:37:44] /m monk
[02/10/2015 21:37:45] /m monk
[02/10/2015 21:37:45] /m monk
[02/10/2015 21:37:45] /m monk
[02/10/2015 21:37:45] /m monk
[02/10/2015 21:37:45] /m monk
[02/10/2015 21:37:45] /m monk
[02/10/2015 21:37:45] /m monk
[02/10/2015 21:37:45] /m monk
[02/10/2015 21:37:45] /m monk
[02/10/2015 21:37:45] /m monk
[02/10/2015 21:37:45] /m monk
[02/10/2015 21:37:45] /m monk
[02/10/2015 21:37:45] /m monk
[02/10/2015 21:37:45] /m monk
[02/10/2015 21:37:45] /m monk
[02/10/2015 21:37:45] /m monk
[02/10/2015 21:37:45] /m monk
[02/10/2015 21:37:45] /m monk
[02/10/2015 21:37:45] /m monk
[02/10/2015 21:37:45] /m monk
[02/10/2015 21:37:45] /m monk
[02/10/2015 21:37:45] /m monk
[02/10/2015 21:37:45] /m monk
[02/10/2015 21:37:45] /m monk
[02/10/2015 21:37:45] /m monk
[02/10/2015 21:37:45] /m monk
[02/10/2015 21:37:45] /m monk
[02/10/2015 21:37:45] /m monk
[02/10/2015 21:37:45] /m monk
[02/10/2015 21:37:45] /m monk
[02/10/2015 21:37:45] /m monk
[02/10/2015 21:37:46] /m monk
[02/10/2015 21:37:46] /m monk
[02/10/2015 21:37:46] /m monk
[02/10/2015 21:37:46] /m monk
[02/10/2015 21:37:46] /m monk
[02/10/2015 21:37:46] /m monk
[02/10/2015 21:37:46] /m monk
[02/10/2015 21:37:46] /m monk
[02/10/2015 21:37:46] /m monk
[02/10/2015 21:37:46] /m monk
[02/10/2015 21:37:46] /m monk
[02/10/2015 21:37:46] /m monk
[02/10/2015 21:37:46] /m monk
[02/10/2015 21:37:46] /m monk
[02/10/2015 21:37:46] /m monk
[02/10/2015 21:37:46] /m monk
[02/10/2015 21:37:46] /m monk
[02/10/2015 21:37:46] /m monk
[02/10/2015 21:37:46] /m monk
[02/10/2015 21:37:46] /m monk
[02/10/2015 21:37:46] /m monk
[02/10/2015 21:37:46] /m monk
[02/10/2015 21:37:46] /m monk
[02/10/2015 21:37:46] /m monk
[02/10/2015 21:37:46] /m monk
[02/10/2015 21:37:46] /m monk
[02/10/2015 21:37:46] /m monk
[02/10/2015 21:37:46] /m monk
[02/10/2015 21:37:47] /m monk
[02/10/2015 21:37:47] /m monk
[02/10/2015 21:37:47] /m monk
[02/10/2015 21:37:47] /m monk
[02/10/2015 21:37:47] /m monk
[02/10/2015 21:37:47] /m monk
[02/10/2015 21:37:47] /m monk
[02/10/2015 21:37:47] /m monk
[02/10/2015 21:37:47] /m monk
[02/10/2015 21:37:47] /m monk
[02/10/2015 21:37:47] /m monk
[02/10/2015 21:37:47] /m monk
[02/10/2015 21:37:47] /m monk
[02/10/2015 21:37:47] /m monk
[02/10/2015 21:37:47] /m monk
[02/10/2015 21:37:47] /m monk
[02/10/2015 21:37:47] /m monk
[02/10/2015 21:37:47] /m monk
[02/10/2015 21:37:52] /a
[02/10/2015 21:37:53] /a
[02/10/2015 21:37:53] /a
[02/10/2015 21:37:53] /a
[02/10/2015 21:37:54] /a
[02/10/2015 21:37:55] /a
[02/10/2015 21:37:58] /a
[02/10/2015 21:38:00] /a
[02/10/2015 21:38:02] /a
[02/10/2015 21:38:02] /a
[02/10/2015 21:38:02] /a
[02/10/2015 21:38:02] /a
[02/10/2015 21:38:03] /a
[02/10/2015 21:39:18] /c imortall
[02/10/2015 21:41:24] /ghost
[02/10/2015 21:41:30] /ghost
[02/10/2015 21:41:32] /ghost
[02/10/2015 21:41:35] /t
[02/10/2015 21:41:56] /c imortall
[02/10/2015 21:42:44] /c imortall
[02/10/2015 21:44:14] /a
[02/10/2015 21:44:16] /m monk
[02/10/2015 21:44:22] /m monk
[02/10/2015 21:44:24] /m monk
[02/10/2015 21:44:25] /m monk
[02/10/2015 21:44:25] /m monk
[02/10/2015 21:44:25] /m monk
[02/10/2015 21:44:25] /m monk
[02/10/2015 21:44:25] /m monk
[02/10/2015 21:44:25] /m monk
[02/10/2015 21:44:25] /m monk
[02/10/2015 21:44:25] /m monk
[02/10/2015 21:44:25] /m monk
[02/10/2015 21:44:25] /m monk
[02/10/2015 21:44:25] /m monk
[02/10/2015 21:44:25] /m monk
[02/10/2015 21:44:25] /m monk
[02/10/2015 21:44:25] /m monk
[02/10/2015 21:44:25] /m monk
[02/10/2015 21:44:25] /m monk
[02/10/2015 21:44:25] /m monk
[02/10/2015 21:44:25] /m monk
[02/10/2015 21:44:25] /m monk
[02/10/2015 21:44:25] /m monk
[02/10/2015 21:44:25] /m monk
[02/10/2015 21:44:26] /m monk
[02/10/2015 21:44:26] /m monk
[02/10/2015 21:44:26] /m monk
[02/10/2015 21:44:26] /m monk
[02/10/2015 21:44:26] /m monk
[02/10/2015 21:44:26] /m monk
[02/10/2015 21:44:26] /m monk
[02/10/2015 21:44:26] /m monk
[02/10/2015 21:44:26] /m monk
[02/10/2015 21:44:26] /m monk
[02/10/2015 21:44:26] /m monk
[02/10/2015 21:44:26] /m monk
[02/10/2015 21:44:26] /m monk
[02/10/2015 21:44:26] /m monk
[02/10/2015 21:44:26] /m monk
[02/10/2015 21:44:26] /m monk
[02/10/2015 21:44:26] /m monk
[02/10/2015 21:44:26] /m monk
[02/10/2015 21:44:26] /m monk
[02/10/2015 21:44:26] /m monk
[02/10/2015 21:44:26] /m monk
[02/10/2015 21:44:26] /m monk
[02/10/2015 21:44:26] /m monk
[02/10/2015 21:44:26] /m monk
[02/10/2015 21:44:26] /m monk
[02/10/2015 21:44:26] /m monk
[02/10/2015 21:44:27] /m monk
[02/10/2015 21:44:27] /m monk
[02/10/2015 21:44:27] /m monk
[02/10/2015 21:44:27] /m monk
[02/10/2015 21:44:27] /m monk
[02/10/2015 21:44:27] /m monk
[02/10/2015 21:44:27] /m monk
[02/10/2015 21:44:27] /m monk
[02/10/2015 21:44:27] /m monk
[02/10/2015 21:44:27] /m monk
[02/10/2015 21:44:27] /m monk
[02/10/2015 21:44:27] /m monk
[02/10/2015 21:44:27] /m monk
[02/10/2015 21:44:27] /m monk
[02/10/2015 21:44:27] /m monk
[02/10/2015 21:44:27] /m monk
[02/10/2015 21:44:27] /m monk
[02/10/2015 21:44:27] /m monk
[02/10/2015 21:44:28] /m monk
[02/10/2015 21:44:28] /m monk
[02/10/2015 21:44:28] /m monk
[02/10/2015 21:44:28] /m monk
[02/10/2015 21:44:28] /m monk
[02/10/2015 21:44:28] /m monk
[02/10/2015 21:44:28] /m monk
[02/10/2015 21:44:28] /m monk
[02/10/2015 21:44:28] /m monk
[02/10/2015 21:44:28] /m monk
[02/10/2015 21:44:29] /m monk
[02/10/2015 21:44:29] /m monk
[02/10/2015 21:44:29] /m monk
[02/10/2015 21:44:29] /m monk
[02/10/2015 21:44:29] /m monk
[02/10/2015 21:44:29] /m monk
[02/10/2015 21:44:29] /m monk
[02/10/2015 21:44:29] /m monk
[02/10/2015 21:44:29] /m monk
[02/10/2015 21:44:29] /m monk
[02/10/2015 21:44:29] /m monk
[02/10/2015 21:44:29] /m monk
[02/10/2015 21:44:29] /m monk
[02/10/2015 21:44:29] /m monk
[02/10/2015 21:44:29] /m monk
[02/10/2015 21:44:29] /m monk
[02/10/2015 21:44:29] /m monk
[02/10/2015 21:44:29] /m monk
[02/10/2015 21:44:29] /m monk
[02/10/2015 21:44:38] /addskill Imortall, level
[02/10/2015 21:44:40] /addskill Imortall, level
[02/10/2015 21:44:40] /addskill Imortall, level
[02/10/2015 21:44:40] /addskill Imortall, level
[02/10/2015 21:44:40] /addskill Imortall, level
[02/10/2015 21:44:40] /addskill Imortall, level
[02/10/2015 21:44:40] /addskill Imortall, level
[02/10/2015 21:44:40] /addskill Imortall, level
[02/10/2015 21:44:41] /addskill Imortall, level
[02/10/2015 21:44:42] /addskill Imortall, level
[02/10/2015 21:44:42] /addskill Imortall, level
[02/10/2015 21:44:42] /addskill Imortall, level
[02/10/2015 21:44:42] /addskill Imortall, level
[02/10/2015 21:44:42] /addskill Imortall, level
[02/10/2015 21:44:42] /addskill Imortall, level
[02/10/2015 21:44:42] /addskill Imortall, level
[02/10/2015 21:44:42] /addskill Imortall, level
[02/10/2015 21:44:42] /addskill Imortall, level
[02/10/2015 21:44:42] /addskill Imortall, level
[02/10/2015 21:44:42] /addskill Imortall, level
[02/10/2015 21:44:42] /addskill Imortall, level
[02/10/2015 21:44:42] /addskill Imortall, level
[02/10/2015 21:44:42] /addskill Imortall, level
[02/10/2015 21:44:42] /addskill Imortall, level
[02/10/2015 21:44:42] /addskill Imortall, level
[02/10/2015 21:44:42] /addskill Imortall, level
[02/10/2015 21:44:42] /addskill Imortall, level
[02/10/2015 21:44:42] /addskill Imortall, level
[02/10/2015 21:44:42] /addskill Imortall, level
[02/10/2015 21:44:42] /addskill Imortall, level
[02/10/2015 21:44:42] /addskill Imortall, level
[02/10/2015 21:44:42] /addskill Imortall, level
[02/10/2015 21:44:42] /addskill Imortall, level
[02/10/2015 21:44:42] /addskill Imortall, level
[02/10/2015 21:44:42] /addskill Imortall, level
[02/10/2015 21:44:42] /addskill Imortall, level
[02/10/2015 21:44:42] /addskill Imortall, level
[02/10/2015 21:44:42] /addskill Imortall, level
[02/10/2015 21:44:42] /addskill Imortall, level
[02/10/2015 21:44:42] /addskill Imortall, level
[02/10/2015 21:44:42] /addskill Imortall, level
[02/10/2015 21:44:42] /addskill Imortall, level
[02/10/2015 21:44:42] /addskill Imortall, level
[02/10/2015 21:44:42] /addskill Imortall, level
[02/10/2015 21:44:42] /addskill Imortall, level
[02/10/2015 21:44:42] /addskill Imortall, level
[02/10/2015 21:44:42] /addskill Imortall, level
[02/10/2015 21:44:42] /addskill Imortall, level
[02/10/2015 21:44:43] /addskill Imortall, level
[02/10/2015 21:44:48] /addskill Imortall, level
[02/10/2015 21:44:49] /addskill Imortall, level
[02/10/2015 21:44:49] /addskill Imortall, level
[02/10/2015 21:44:49] /addskill Imortall, level
[02/10/2015 21:44:49] /addskill Imortall, level
[02/10/2015 21:44:49] /addskill Imortall, level
[02/10/2015 21:44:49] /addskill Imortall, level
[02/10/2015 21:44:49] /addskill Imortall, level
[02/10/2015 21:44:49] /addskill Imortall, level
[02/10/2015 21:44:49] /addskill Imortall, level
[02/10/2015 21:44:49] /addskill Imortall, level
[02/10/2015 21:44:49] /addskill Imortall, level
[02/10/2015 21:44:49] /addskill Imortall, level
[02/10/2015 21:44:49] /addskill Imortall, level
[02/10/2015 21:44:49] /addskill Imortall, level
[02/10/2015 21:44:49] /addskill Imortall, level
[02/10/2015 21:44:49] /addskill Imortall, level
[02/10/2015 21:44:49] /addskill Imortall, level
[02/10/2015 21:44:49] /addskill Imortall, level
[02/10/2015 21:44:49] /addskill Imortall, level
[02/10/2015 21:44:50] /addskill Imortall, level
[02/10/2015 21:44:50] /addskill Imortall, level
[02/10/2015 21:44:50] /addskill Imortall, level
[02/10/2015 21:44:50] /addskill Imortall, level
[02/10/2015 21:44:50] /addskill Imortall, level
[02/10/2015 21:44:50] /addskill Imortall, level
[02/10/2015 21:44:50] /addskill Imortall, level
[02/10/2015 21:44:50] /addskill Imortall, level
[02/10/2015 21:44:50] /addskill Imortall, level
[02/10/2015 21:44:50] /addskill Imortall, level
[02/10/2015 21:44:50] /addskill Imortall, level
[02/10/2015 21:44:50] /addskill Imortall, level
[02/10/2015 21:44:50] /addskill Imortall, level
[02/10/2015 21:44:50] /addskill Imortall, level
[02/10/2015 21:44:50] /addskill Imortall, level
[02/10/2015 21:44:50] /addskill Imortall, level
[02/10/2015 21:44:50] /addskill Imortall, level
[02/10/2015 21:44:50] /addskill Imortall, level
[02/10/2015 21:44:50] /addskill Imortall, level
[02/10/2015 21:44:50] /addskill Imortall, level
[02/10/2015 21:44:50] /addskill Imortall, level
[02/10/2015 21:44:50] /addskill Imortall, level
[02/10/2015 21:44:50] /addskill Imortall, level
[02/10/2015 21:44:50] /addskill Imortall, level
[02/10/2015 21:44:50] /addskill Imortall, level
[02/10/2015 21:44:50] /addskill Imortall, level
[02/10/2015 21:44:50] /addskill Imortall, level
[02/10/2015 21:44:50] /addskill Imortall, level
[02/10/2015 21:44:50] /addskill Imortall, level
[02/10/2015 21:44:50] /addskill Imortall, level
[02/10/2015 21:44:51] /addskill Imortall, level
[02/10/2015 21:44:51] /addskill Imortall, level
[02/10/2015 21:44:51] /addskill Imortall, level
[02/10/2015 21:44:51] /addskill Imortall, level
[02/10/2015 21:44:51] /addskill Imortall, level
[02/10/2015 21:44:51] /addskill Imortall, level
[02/10/2015 21:44:51] /addskill Imortall, level
[02/10/2015 21:44:51] /addskill Imortall, level
[02/10/2015 21:44:51] /addskill Imortall, level
[02/10/2015 21:44:51] /addskill Imortall, level
[02/10/2015 21:44:51] /addskill Imortall, level
[02/10/2015 21:44:51] /addskill Imortall, level
[02/10/2015 21:44:51] /addskill Imortall, level
[02/10/2015 21:44:51] /addskill Imortall, level
[02/10/2015 21:44:51] /addskill Imortall, level
[02/10/2015 21:44:51] /addskill Imortall, level
[02/10/2015 21:44:51] /addskill Imortall, level
[02/10/2015 21:44:51] /addskill Imortall, level
[02/10/2015 21:44:51] /addskill Imortall, level
[02/10/2015 21:44:51] /addskill Imortall, level
[02/10/2015 21:44:51] /addskill Imortall, level
[02/10/2015 21:44:51] /addskill Imortall, level
[02/10/2015 21:44:51] /addskill Imortall, level
[02/10/2015 21:44:51] /addskill Imortall, level
[02/10/2015 21:44:51] /addskill Imortall, level
[02/10/2015 21:44:51] /addskill Imortall, level
[02/10/2015 21:44:52] /addskill Imortall, level
[02/10/2015 21:44:52] /addskill Imortall, level
[02/10/2015 21:44:52] /addskill Imortall, level
[02/10/2015 21:44:52] /addskill Imortall, level
[02/10/2015 21:44:52] /addskill Imortall, level
[02/10/2015 21:44:52] /addskill Imortall, level
[02/10/2015 21:44:52] /addskill Imortall, level
[02/10/2015 21:45:06] /addskill Imortall, level
[02/10/2015 21:45:06] /addskill Imortall, level
[02/10/2015 21:45:06] /addskill Imortall, level
[02/10/2015 21:45:06] /addskill Imortall, level
[02/10/2015 21:45:06] /addskill Imortall, level
[02/10/2015 21:45:07] /addskill Imortall, level
[02/10/2015 21:45:07] /addskill Imortall, level
[02/10/2015 21:45:07] /addskill Imortall, level
[02/10/2015 21:45:07] /addskill Imortall, level
[02/10/2015 21:45:07] /addskill Imortall, level
[02/10/2015 21:45:07] /addskill Imortall, level
[02/10/2015 21:45:07] /addskill Imortall, level
[02/10/2015 21:45:07] /addskill Imortall, level
[02/10/2015 21:45:07] /addskill Imortall, level
[02/10/2015 21:45:07] /addskill Imortall, level
[02/10/2015 21:45:07] /addskill Imortall, level
[02/10/2015 21:45:07] /addskill Imortall, level
[02/10/2015 21:45:07] /addskill Imortall, level
[02/10/2015 21:45:07] /addskill Imortall, level
[02/10/2015 21:45:07] /addskill Imortall, level
[02/10/2015 21:45:07] /addskill Imortall, level
[02/10/2015 21:45:07] /addskill Imortall, level
[02/10/2015 21:45:07] /addskill Imortall, level
[02/10/2015 21:45:07] /addskill Imortall, level
[02/10/2015 21:45:07] /addskill Imortall, level
[02/10/2015 21:45:07] /addskill Imortall, level
[02/10/2015 21:45:07] /addskill Imortall, level
[02/10/2015 21:45:07] /addskill Imortall, level
[02/10/2015 21:45:07] /addskill Imortall, level
[02/10/2015 21:45:07] /addskill Imortall, level
[02/10/2015 21:45:07] /addskill Imortall, level
[02/10/2015 21:45:07] /addskill Imortall, level
[02/10/2015 21:45:07] /addskill Imortall, level
[02/10/2015 21:45:07] /addskill Imortall, level
[02/10/2015 21:45:08] /addskill Imortall, level
[02/10/2015 21:45:08] /addskill Imortall, level
[02/10/2015 21:45:08] /addskill Imortall, level
[02/10/2015 21:45:08] /addskill Imortall, level
[02/10/2015 21:45:08] /addskill Imortall, level
[02/10/2015 21:45:08] /addskill Imortall, level
[02/10/2015 21:45:08] /addskill Imortall, level
[02/10/2015 21:45:08] /addskill Imortall, level
[02/10/2015 21:45:08] /addskill Imortall, level
[02/10/2015 21:45:08] /addskill Imortall, level
[02/10/2015 21:45:08] /addskill Imortall, level
[02/10/2015 21:45:08] /addskill Imortall, level
[02/10/2015 21:45:08] /addskill Imortall, level
[02/10/2015 21:45:08] /addskill Imortall, level
[02/10/2015 21:45:08] /addskill Imortall, level
[02/10/2015 21:45:08] /addskill Imortall, level
[02/10/2015 21:45:08] /addskill Imortall, level
[02/10/2015 21:45:08] /addskill Imortall, level
[02/10/2015 21:45:08] /addskill Imortall, level
[02/10/2015 21:45:08] /addskill Imortall, level
[02/10/2015 21:45:08] /addskill Imortall, level
[02/10/2015 21:45:08] /addskill Imortall, level
[02/10/2015 21:45:08] /addskill Imortall, level
[02/10/2015 21:45:08] /addskill Imortall, level
[02/10/2015 21:45:08] /addskill Imortall, level
[02/10/2015 21:45:08] /addskill Imortall, level
[02/10/2015 21:45:08] /addskill Imortall, level
[02/10/2015 21:45:08] /addskill Imortall, level
[02/10/2015 21:45:08] /addskill Imortall, level
[02/10/2015 21:45:09] /addskill Imortall, level
[02/10/2015 21:45:09] /addskill Imortall, level
[02/10/2015 21:45:09] /addskill Imortall, level
[02/10/2015 21:45:09] /addskill Imortall, level
[02/10/2015 21:45:09] /addskill Imortall, level
[02/10/2015 21:45:09] /addskill Imortall, level
[02/10/2015 21:45:09] /addskill Imortall, level
[02/10/2015 21:45:09] /addskill Imortall, level
[02/10/2015 21:45:09] /addskill Imortall, level
[02/10/2015 21:45:09] /addskill Imortall, level
[02/10/2015 21:45:09] /addskill Imortall, level
[02/10/2015 21:45:09] /addskill Imortall, level
[02/10/2015 21:45:09] /addskill Imortall, level
[02/10/2015 21:45:09] /addskill Imortall, level
[02/10/2015 21:45:09] /addskill Imortall, level
[02/10/2015 21:45:09] /addskill Imortall, level
[02/10/2015 21:45:09] /addskill Imortall, level
[02/10/2015 21:45:09] /addskill Imortall, level
[02/10/2015 21:45:09] /addskill Imortall, level
[02/10/2015 21:45:09] /addskill Imortall, level
[02/10/2015 21:45:09] /addskill Imortall, level
[02/10/2015 21:45:09] /addskill Imortall, level
[02/10/2015 21:45:09] /addskill Imortall, level
[02/10/2015 21:45:09] /addskill Imortall, level
[02/10/2015 21:45:10] /addskill Imortall, level
[02/10/2015 21:45:10] /addskill Imortall, level
[02/10/2015 21:45:10] /addskill Imortall, level
[02/10/2015 21:45:10] /addskill Imortall, level
[02/10/2015 21:45:10] /addskill Imortall, level
[02/10/2015 21:45:10] /addskill Imortall, level
[02/10/2015 21:45:10] /addskill Imortall, level
[02/10/2015 21:45:10] /addskill Imortall, level
[02/10/2015 21:45:10] /addskill Imortall, level
[02/10/2015 21:45:10] /addskill Imortall, level
[02/10/2015 21:45:10] /addskill Imortall, level
[02/10/2015 21:45:10] /addskill Imortall, level
[02/10/2015 21:45:10] /addskill Imortall, level
[02/10/2015 21:45:10] /addskill Imortall, level
[02/10/2015 21:45:10] /addskill Imortall, level
[02/10/2015 21:45:10] /addskill Imortall, level
[02/10/2015 21:45:10] /addskill Imortall, level
[02/10/2015 21:45:10] /addskill Imortall, level
[02/10/2015 21:45:10] /addskill Imortall, level
[02/10/2015 21:45:10] /addskill Imortall, level
[02/10/2015 21:45:10] /addskill Imortall, level
[02/10/2015 21:45:10] /addskill Imortall, level
[02/10/2015 21:45:10] /addskill Imortall, level
[02/10/2015 21:45:10] /addskill Imortall, level
[02/10/2015 21:45:10] /addskill Imortall, level
[02/10/2015 21:45:10] /addskill Imortall, level
[02/10/2015 21:45:10] /addskill Imortall, level
[02/10/2015 21:45:10] /addskill Imortall, level
[02/10/2015 21:45:10] /addskill Imortall, level
[02/10/2015 21:45:10] /addskill Imortall, level
[02/10/2015 21:45:10] /addskill Imortall, level
[02/10/2015 21:45:10] /addskill Imortall, level
[02/10/2015 21:45:11] /addskill Imortall, level
[02/10/2015 21:45:11] /addskill Imortall, level
[02/10/2015 21:45:11] /addskill Imortall, level
[02/10/2015 21:45:11] /addskill Imortall, level
[02/10/2015 21:45:11] /addskill Imortall, level
[02/10/2015 21:45:11] /addskill Imortall, level
[02/10/2015 21:45:11] /addskill Imortall, level
[02/10/2015 21:45:11] /addskill Imortall, level
[02/10/2015 21:45:11] /addskill Imortall, level
[02/10/2015 21:45:11] /addskill Imortall, level
[02/10/2015 21:45:11] /addskill Imortall, level
[02/10/2015 21:45:11] /addskill Imortall, level
[02/10/2015 21:45:11] /addskill Imortall, level
[02/10/2015 21:45:11] /addskill Imortall, level
[02/10/2015 21:45:11] /addskill Imortall, level
[02/10/2015 21:45:11] /addskill Imortall, level
[02/10/2015 21:45:11] /addskill Imortall, level
[02/10/2015 21:45:11] /addskill Imortall, level
[02/10/2015 21:45:11] /addskill Imortall, level
[02/10/2015 21:45:11] /addskill Imortall, level
[02/10/2015 21:45:11] /addskill Imortall, level
[02/10/2015 21:45:11] /addskill Imortall, level
[02/10/2015 21:45:11] /addskill Imortall, level
[02/10/2015 21:45:11] /addskill Imortall, level
[02/10/2015 21:45:11] /addskill Imortall, level
[02/10/2015 21:45:11] /addskill Imortall, level
[02/10/2015 21:45:11] /addskill Imortall, level
[02/10/2015 21:45:12] /addskill Imortall, level
[02/10/2015 21:45:12] /addskill Imortall, level
[02/10/2015 21:45:12] /addskill Imortall, level
[02/10/2015 21:45:12] /addskill Imortall, level
[02/10/2015 21:45:12] /addskill Imortall, level
[02/10/2015 21:45:12] /addskill Imortall, level
[02/10/2015 21:45:12] /addskill Imortall, level
[02/10/2015 21:45:12] /addskill Imortall, level
[02/10/2015 21:45:12] /addskill Imortall, level
[02/10/2015 21:45:12] /addskill Imortall, level
[02/10/2015 21:45:12] /addskill Imortall, level
[02/10/2015 21:45:12] /addskill Imortall, level
[02/10/2015 21:45:12] /addskill Imortall, level
[02/10/2015 21:45:12] /addskill Imortall, level
[02/10/2015 21:45:12] /addskill Imortall, level
[02/10/2015 21:45:12] /addskill Imortall, level
[02/10/2015 21:45:12] /addskill Imortall, level
[02/10/2015 21:45:12] /addskill Imortall, level
[02/10/2015 21:45:12] /addskill Imortall, level
[02/10/2015 21:45:12] /addskill Imortall, level
[02/10/2015 21:45:12] /addskill Imortall, level
[02/10/2015 21:45:12] /addskill Imortall, level
[02/10/2015 21:45:12] /addskill Imortall, level
[02/10/2015 21:45:12] /addskill Imortall, level
[02/10/2015 21:45:12] /addskill Imortall, level
[02/10/2015 21:45:12] /addskill Imortall, level
[02/10/2015 21:45:12] /addskill Imortall, level
[02/10/2015 21:45:12] /addskill Imortall, level
[02/10/2015 21:45:12] /addskill Imortall, level
[02/10/2015 21:45:12] /addskill Imortall, level
[02/10/2015 21:45:12] /addskill Imortall, level
[02/10/2015 21:45:13] /addskill Imortall, level
[02/10/2015 21:45:13] /addskill Imortall, level
[02/10/2015 21:45:13] /addskill Imortall, level
[02/10/2015 21:45:13] /addskill Imortall, level
[02/10/2015 21:45:13] /addskill Imortall, level
[02/10/2015 21:45:13] /addskill Imortall, level
[02/10/2015 21:45:13] /addskill Imortall, level
[02/10/2015 21:45:13] /addskill Imortall, level
[02/10/2015 21:45:13] /addskill Imortall, level
[02/10/2015 21:45:13] /addskill Imortall, level
[02/10/2015 21:45:13] /addskill Imortall, level
[02/10/2015 21:45:13] /addskill Imortall, level
[02/10/2015 21:45:13] /addskill Imortall, level
[02/10/2015 21:45:13] /addskill Imortall, level
[02/10/2015 21:45:13] /addskill Imortall, level
[02/10/2015 21:45:13] /addskill Imortall, level
[02/10/2015 21:45:13] /addskill Imortall, level
[02/10/2015 21:45:13] /addskill Imortall, level
[02/10/2015 21:45:13] /addskill Imortall, level
[02/10/2015 21:45:13] /addskill Imortall, level
[02/10/2015 21:45:13] /addskill Imortall, level
[02/10/2015 21:45:13] /addskill Imortall, level
[02/10/2015 21:45:13] /addskill Imortall, level
[02/10/2015 21:45:13] /addskill Imortall, level
[02/10/2015 21:45:13] /addskill Imortall, level
[02/10/2015 21:45:13] /addskill Imortall, level
[02/10/2015 21:45:13] /addskill Imortall, level
[02/10/2015 21:45:16] /c imortall
[02/10/2015 21:45:18] /a
[02/10/2015 21:45:19] /c imortall
[02/10/2015 21:45:19] /c imortall
[02/10/2015 21:46:12] /addskill Imortall, level
[02/10/2015 21:46:12] /addskill Imortall, level
[02/10/2015 21:46:12] /addskill Imortall, level
[02/10/2015 21:46:12] /addskill Imortall, level
[02/10/2015 21:46:12] /addskill Imortall, level
[02/10/2015 21:46:12] /addskill Imortall, level
[02/10/2015 21:46:12] /addskill Imortall, level
[02/10/2015 21:46:13] /addskill Imortall, level
[02/10/2015 21:46:13] /addskill Imortall, level
[02/10/2015 21:46:13] /addskill Imortall, level
[02/10/2015 21:46:13] /addskill Imortall, level
[02/10/2015 21:46:13] /addskill Imortall, level
[02/10/2015 21:46:13] /addskill Imortall, level
[02/10/2015 21:46:13] /addskill Imortall, level
[02/10/2015 21:46:13] /addskill Imortall, level
[02/10/2015 21:46:13] /addskill Imortall, level
[02/10/2015 21:46:13] /addskill Imortall, level
[02/10/2015 21:46:13] /addskill Imortall, level
[02/10/2015 21:46:13] /addskill Imortall, level
[02/10/2015 21:46:13] /addskill Imortall, level
[02/10/2015 21:46:13] /addskill Imortall, level
[02/10/2015 21:46:13] /addskill Imortall, level
[02/10/2015 21:46:13] /addskill Imortall, level
[02/10/2015 21:46:13] /addskill Imortall, level
[02/10/2015 21:46:13] /addskill Imortall, level
[02/10/2015 21:46:13] /addskill Imortall, level
[02/10/2015 21:46:13] /addskill Imortall, level
[02/10/2015 21:46:13] /addskill Imortall, level
[02/10/2015 21:46:13] /addskill Imortall, level
[02/10/2015 21:46:13] /addskill Imortall, level
[02/10/2015 21:46:13] /addskill Imortall, level
[02/10/2015 21:46:13] /addskill Imortall, level
[02/10/2015 21:46:13] /addskill Imortall, level
[02/10/2015 21:46:13] /addskill Imortall, level
[02/10/2015 21:46:13] /addskill Imortall, level
[02/10/2015 21:46:13] /addskill Imortall, level
[02/10/2015 21:46:13] /addskill Imortall, level
[02/10/2015 21:46:14] /addskill Imortall, level
[02/10/2015 21:46:14] /addskill Imortall, level
[02/10/2015 21:46:14] /addskill Imortall, level
[02/10/2015 21:46:14] /addskill Imortall, level
[02/10/2015 21:46:14] /addskill Imortall, level
[02/10/2015 21:46:14] /addskill Imortall, level
[02/10/2015 21:46:14] /addskill Imortall, level
[02/10/2015 21:46:14] /addskill Imortall, level
[02/10/2015 21:46:14] /addskill Imortall, level
[02/10/2015 21:46:14] /addskill Imortall, level
[02/10/2015 21:46:14] /addskill Imortall, level
[02/10/2015 21:46:14] /addskill Imortall, level
[02/10/2015 21:46:14] /addskill Imortall, level
[02/10/2015 21:46:14] /addskill Imortall, level
[02/10/2015 21:46:14] /addskill Imortall, level
[02/10/2015 21:46:14] /addskill Imortall, level
[02/10/2015 21:46:14] /addskill Imortall, level
[02/10/2015 21:46:14] /addskill Imortall, level
[02/10/2015 21:46:14] /addskill Imortall, level
[02/10/2015 21:46:14] /addskill Imortall, level
[02/10/2015 21:46:14] /addskill Imortall, level
[02/10/2015 21:46:14] /addskill Imortall, level
[02/10/2015 21:46:14] /addskill Imortall, level
[02/10/2015 21:46:14] /addskill Imortall, level
[02/10/2015 21:46:14] /addskill Imortall, level
[02/10/2015 21:46:14] /addskill Imortall, level
[02/10/2015 21:46:14] /addskill Imortall, level
[02/10/2015 21:46:15] /addskill Imortall, level
[02/10/2015 21:46:15] /addskill Imortall, level
[02/10/2015 21:46:15] /addskill Imortall, level
[02/10/2015 21:46:15] /addskill Imortall, level
[02/10/2015 21:46:15] /addskill Imortall, level
[02/10/2015 21:46:15] /addskill Imortall, level
[02/10/2015 21:46:15] /addskill Imortall, level
[02/10/2015 21:46:15] /addskill Imortall, level
[02/10/2015 21:46:15] /addskill Imortall, level
[02/10/2015 21:46:15] /addskill Imortall, level
[02/10/2015 21:46:15] /addskill Imortall, level
[02/10/2015 21:46:15] /addskill Imortall, level
[02/10/2015 21:46:15] /addskill Imortall, level
[02/10/2015 21:46:15] /addskill Imortall, level
[02/10/2015 21:46:15] /addskill Imortall, level
[02/10/2015 21:46:15] /addskill Imortall, level
[02/10/2015 21:46:15] /addskill Imortall, level
[02/10/2015 21:46:15] /addskill Imortall, level
[02/10/2015 21:46:15] /addskill Imortall, level
[02/10/2015 21:46:15] /addskill Imortall, level
[02/10/2015 21:46:15] /addskill Imortall, level
[02/10/2015 21:46:15] /addskill Imortall, level
[02/10/2015 21:46:15] /addskill Imortall, level
[02/10/2015 21:46:15] /addskill Imortall, level
[02/10/2015 21:46:15] /addskill Imortall, level
[02/10/2015 21:46:16] /addskill Imortall, level
[02/10/2015 21:46:16] /addskill Imortall, level
[02/10/2015 21:46:16] /addskill Imortall, level
[02/10/2015 21:46:16] /addskill Imortall, level
[02/10/2015 21:46:16] /addskill Imortall, level
[02/10/2015 21:46:16] /addskill Imortall, level
[02/10/2015 21:46:16] /addskill Imortall, level
[02/10/2015 21:46:16] /addskill Imortall, level
[02/10/2015 21:46:16] /addskill Imortall, level
[02/10/2015 21:46:16] /addskill Imortall, level
[02/10/2015 21:46:16] /addskill Imortall, level
[02/10/2015 21:46:16] /addskill Imortall, level
[02/10/2015 21:46:16] /addskill Imortall, level
[02/10/2015 21:46:16] /addskill Imortall, level
[02/10/2015 21:46:16] /addskill Imortall, level
[02/10/2015 21:46:16] /addskill Imortall, level
[02/10/2015 21:46:52] /addskill Imortall, magic level
[02/10/2015 21:46:53] /addskill Imortall, magic level
[02/10/2015 21:46:53] /addskill Imortall, magic level
[02/10/2015 21:46:53] /addskill Imortall, magic level
[02/10/2015 21:46:53] /addskill Imortall, magic level
[02/10/2015 21:46:53] /addskill Imortall, magic level
[02/10/2015 21:46:53] /addskill Imortall, magic level
[02/10/2015 21:46:53] /addskill Imortall, magic level
[02/10/2015 21:46:53] /addskill Imortall, magic level
[02/10/2015 21:46:53] /addskill Imortall, magic level
[02/10/2015 21:46:53] /addskill Imortall, magic level
[02/10/2015 21:46:53] /addskill Imortall, magic level
[02/10/2015 21:46:53] /addskill Imortall, magic level
[02/10/2015 21:46:53] /addskill Imortall, magic level
[02/10/2015 21:46:53] /addskill Imortall, magic level
[02/10/2015 21:46:53] /addskill Imortall, magic level
[02/10/2015 21:46:53] /addskill Imortall, magic level
[02/10/2015 21:46:53] /addskill Imortall, magic level
[02/10/2015 21:46:53] /addskill Imortall, magic level
[02/10/2015 21:46:53] /addskill Imortall, magic level
[02/10/2015 21:46:53] /addskill Imortall, magic level
[02/10/2015 21:46:53] /addskill Imortall, magic level
[02/10/2015 21:46:53] /addskill Imortall, magic level
[02/10/2015 21:46:53] /addskill Imortall, magic level
[02/10/2015 21:46:53] /addskill Imortall, magic level
[02/10/2015 21:46:53] /addskill Imortall, magic level
[02/10/2015 21:46:53] /addskill Imortall, magic level
[02/10/2015 21:46:54] /addskill Imortall, magic level
[02/10/2015 21:46:54] /addskill Imortall, magic level
[02/10/2015 21:46:54] /addskill Imortall, magic level
[02/10/2015 21:46:54] /addskill Imortall, magic level
[02/10/2015 21:46:54] /addskill Imortall, magic level
[02/10/2015 21:46:54] /addskill Imortall, magic level
[02/10/2015 21:46:54] /addskill Imortall, magic level
[02/10/2015 21:46:54] /addskill Imortall, magic level
[02/10/2015 21:46:54] /addskill Imortall, magic level
[02/10/2015 21:46:54] /addskill Imortall, magic level
[02/10/2015 21:46:54] /addskill Imortall, magic level
[02/10/2015 21:46:54] /addskill Imortall, magic level
[02/10/2015 21:46:54] /addskill Imortall, magic level
[02/10/2015 21:46:54] /addskill Imortall, magic level
[02/10/2015 21:46:54] /addskill Imortall, magic level
[02/10/2015 21:46:54] /addskill Imortall, magic level
[02/10/2015 21:46:54] /addskill Imortall, magic level
[02/10/2015 21:46:54] /addskill Imortall, magic level
[02/10/2015 21:46:54] /addskill Imortall, magic level
[02/10/2015 21:46:54] /addskill Imortall, magic level
[02/10/2015 21:46:54] /addskill Imortall, magic level
[02/10/2015 21:46:54] /addskill Imortall, magic level
[02/10/2015 21:46:55] /addskill Imortall, magic level
[02/10/2015 21:46:55] /addskill Imortall, magic level
[02/10/2015 21:46:55] /addskill Imortall, magic level
[02/10/2015 21:46:55] /addskill Imortall, magic level
[02/10/2015 21:46:55] /addskill Imortall, magic level
[02/10/2015 21:46:55] /addskill Imortall, magic level
[02/10/2015 21:46:55] /addskill Imortall, magic level
[02/10/2015 21:46:55] /addskill Imortall, magic level
[02/10/2015 21:46:55] /addskill Imortall, magic level
[02/10/2015 21:46:55] /addskill Imortall, magic level
[02/10/2015 21:46:55] /addskill Imortall, magic level
[02/10/2015 21:46:55] /addskill Imortall, magic level
[02/10/2015 21:46:55] /addskill Imortall, magic level
[02/10/2015 21:46:55] /addskill Imortall, magic level
[02/10/2015 21:46:55] /addskill Imortall, magic level
[02/10/2015 21:46:55] /addskill Imortall, magic level
[02/10/2015 21:46:55] /addskill Imortall, magic level
[02/10/2015 21:46:55] /addskill Imortall, magic level
[02/10/2015 21:46:55] /addskill Imortall, magic level
[02/10/2015 21:46:55] /addskill Imortall, magic level
[02/10/2015 21:46:55] /addskill Imortall, magic level
[02/10/2015 21:46:55] /addskill Imortall, magic level
[02/10/2015 21:46:55] /addskill Imortall, magic level
[02/10/2015 21:46:55] /addskill Imortall, magic level
[02/10/2015 21:46:55] /addskill Imortall, magic level
[02/10/2015 21:46:55] /addskill Imortall, magic level
[02/10/2015 21:46:55] /addskill Imortall, magic level
[02/10/2015 21:46:55] /addskill Imortall, magic level
[02/10/2015 21:46:55] /addskill Imortall, magic level
[02/10/2015 21:46:55] /addskill Imortall, magic level
[02/10/2015 21:46:55] /addskill Imortall, magic level
[02/10/2015 21:46:55] /addskill Imortall, magic level
[02/10/2015 21:46:55] /addskill Imortall, magic level
[02/10/2015 21:46:55] /addskill Imortall, magic level
[02/10/2015 21:46:56] /addskill Imortall, magic level
[02/10/2015 21:46:56] /addskill Imortall, magic level
[02/10/2015 21:46:56] /addskill Imortall, magic level
[02/10/2015 21:46:56] /addskill Imortall, magic level
[02/10/2015 21:46:56] /addskill Imortall, magic level
[02/10/2015 21:46:56] /addskill Imortall, magic level
[02/10/2015 21:46:56] /addskill Imortall, magic level
[02/10/2015 21:46:56] /addskill Imortall, magic level
[02/10/2015 21:46:56] /addskill Imortall, magic level
[02/10/2015 21:46:56] /addskill Imortall, magic level
[02/10/2015 21:46:56] /addskill Imortall, magic level
[02/10/2015 21:46:56] /addskill Imortall, magic level
[02/10/2015 21:46:56] /addskill Imortall, magic level
[02/10/2015 21:46:56] /addskill Imortall, magic level
[02/10/2015 21:46:56] /addskill Imortall, magic level
[02/10/2015 21:46:56] /addskill Imortall, magic level
[02/10/2015 21:46:56] /addskill Imortall, magic level
[02/10/2015 21:46:56] /addskill Imortall, magic level
[02/10/2015 21:46:56] /addskill Imortall, magic level
[02/10/2015 21:46:56] /addskill Imortall, magic level
[02/10/2015 21:46:56] /addskill Imortall, magic level
[02/10/2015 21:46:56] /addskill Imortall, magic level
[02/10/2015 21:46:56] /addskill Imortall, magic level
[02/10/2015 21:46:56] /addskill Imortall, magic level
[02/10/2015 21:46:56] /addskill Imortall, magic level
[02/10/2015 21:46:56] /addskill Imortall, magic level
[02/10/2015 21:46:56] /addskill Imortall, magic level
[02/10/2015 21:46:56] /addskill Imortall, magic level
[02/10/2015 21:46:56] /addskill Imortall, magic level
[02/10/2015 21:46:56] /addskill Imortall, magic level
[02/10/2015 21:46:57] /addskill Imortall, magic level
[02/10/2015 21:46:57] /addskill Imortall, magic level
[02/10/2015 21:46:57] /addskill Imortall, magic level
[02/10/2015 21:46:57] /addskill Imortall, magic level
[02/10/2015 21:46:57] /addskill Imortall, magic level
[02/10/2015 21:46:57] /addskill Imortall, magic level
[02/10/2015 21:46:57] /addskill Imortall, magic level
[02/10/2015 21:46:57] /addskill Imortall, magic level
[02/10/2015 21:46:57] /addskill Imortall, magic level
[02/10/2015 21:46:57] /addskill Imortall, magic level
[02/10/2015 21:46:57] /addskill Imortall, magic level
[02/10/2015 21:46:57] /addskill Imortall, magic level
[02/10/2015 21:46:57] /addskill Imortall, magic level
[02/10/2015 21:46:57] /addskill Imortall, magic level
[02/10/2015 21:46:57] /addskill Imortall, magic level
[02/10/2015 21:46:57] /addskill Imortall, magic level
[02/10/2015 21:46:57] /addskill Imortall, magic level
[02/10/2015 21:46:57] /addskill Imortall, magic level
[02/10/2015 21:46:57] /addskill Imortall, magic level
[02/10/2015 21:46:57] /addskill Imortall, magic level
[02/10/2015 21:46:57] /addskill Imortall, magic level
[02/10/2015 21:46:57] /addskill Imortall, magic level
[02/10/2015 21:46:57] /addskill Imortall, magic level
[02/10/2015 21:46:57] /addskill Imortall, magic level
[02/10/2015 21:46:57] /addskill Imortall, magic level
[02/10/2015 21:46:57] /addskill Imortall, magic level
[02/10/2015 21:46:57] /addskill Imortall, magic level
[02/10/2015 21:46:57] /addskill Imortall, magic level
[02/10/2015 21:46:58] /addskill Imortall, magic level
[02/10/2015 21:46:58] /addskill Imortall, magic level
[02/10/2015 21:46:58] /addskill Imortall, magic level
[02/10/2015 21:46:58] /addskill Imortall, magic level
[02/10/2015 21:46:58] /addskill Imortall, magic level
[02/10/2015 21:46:58] /addskill Imortall, magic level
[02/10/2015 21:46:58] /addskill Imortall, magic level
[02/10/2015 21:46:58] /addskill Imortall, magic level
[02/10/2015 21:46:58] /addskill Imortall, magic level
[02/10/2015 21:46:58] /addskill Imortall, magic level
[02/10/2015 21:46:58] /addskill Imortall, magic level
[02/10/2015 21:46:58] /addskill Imortall, magic level
[02/10/2015 21:46:58] /addskill Imortall, magic level
[02/10/2015 21:46:58] /addskill Imortall, magic level
[02/10/2015 21:46:58] /addskill Imortall, magic level
[02/10/2015 21:46:58] /addskill Imortall, magic level
[02/10/2015 21:46:58] /addskill Imortall, magic level
[02/10/2015 21:46:58] /addskill Imortall, magic level
[02/10/2015 21:46:58] /addskill Imortall, magic level
[02/10/2015 21:46:58] /addskill Imortall, magic level
[02/10/2015 21:46:58] /addskill Imortall, magic level
[02/10/2015 21:46:58] /addskill Imortall, magic level
[02/10/2015 21:46:58] /addskill Imortall, magic level
[02/10/2015 21:46:58] /addskill Imortall, magic level
[02/10/2015 21:46:58] /addskill Imortall, magic level
[02/10/2015 21:46:58] /addskill Imortall, magic level
[02/10/2015 21:46:58] /addskill Imortall, magic level
[02/10/2015 21:46:59] /addskill Imortall, magic level
[02/10/2015 21:46:59] /addskill Imortall, magic level
[02/10/2015 21:46:59] /addskill Imortall, magic level
[02/10/2015 21:46:59] /addskill Imortall, magic level
[02/10/2015 21:46:59] /addskill Imortall, magic level
[02/10/2015 21:46:59] /addskill Imortall, magic level
[02/10/2015 21:46:59] /addskill Imortall, magic level
[02/10/2015 21:46:59] /addskill Imortall, magic level
[02/10/2015 21:46:59] /addskill Imortall, magic level
[02/10/2015 21:46:59] /addskill Imortall, magic level
[02/10/2015 21:46:59] /addskill Imortall, magic level
[02/10/2015 21:46:59] /addskill Imortall, magic level
[02/10/2015 21:46:59] /addskill Imortall, magic level
[02/10/2015 21:46:59] /addskill Imortall, magic level
[02/10/2015 21:46:59] /addskill Imortall, magic level
[02/10/2015 21:46:59] /addskill Imortall, magic level
[02/10/2015 21:46:59] /addskill Imortall, magic level
[02/10/2015 21:46:59] /addskill Imortall, magic level
[02/10/2015 21:46:59] /addskill Imortall, magic level
[02/10/2015 21:46:59] /addskill Imortall, magic level
[02/10/2015 21:46:59] /addskill Imortall, magic level
[02/10/2015 21:46:59] /addskill Imortall, magic level
[02/10/2015 21:46:59] /addskill Imortall, magic level
[02/10/2015 21:46:59] /addskill Imortall, magic level
[02/10/2015 21:46:59] /addskill Imortall, magic level
[02/10/2015 21:46:59] /addskill Imortall, magic level
[02/10/2015 21:46:59] /addskill Imortall, magic level
[02/10/2015 21:46:59] /addskill Imortall, magic level
[02/10/2015 21:46:59] /addskill Imortall, magic level
[02/10/2015 21:46:59] /addskill Imortall, magic level
[02/10/2015 21:46:59] /addskill Imortall, magic level
[02/10/2015 21:47:00] /addskill Imortall, magic level
[02/10/2015 21:47:00] /addskill Imortall, magic level
[02/10/2015 21:47:00] /addskill Imortall, magic level
[02/10/2015 21:47:00] /addskill Imortall, magic level
[02/10/2015 21:47:00] /addskill Imortall, magic level
[02/10/2015 21:47:00] /addskill Imortall, magic level
[02/10/2015 21:47:00] /addskill Imortall, magic level
[02/10/2015 21:47:00] /addskill Imortall, magic level
[02/10/2015 21:47:00] /addskill Imortall, magic level
[02/10/2015 21:47:00] /addskill Imortall, magic level
[02/10/2015 21:47:00] /addskill Imortall, magic level
[02/10/2015 21:47:00] /addskill Imortall, magic level
[02/10/2015 21:47:00] /addskill Imortall, magic level
[02/10/2015 21:47:00] /addskill Imortall, magic level
[02/10/2015 21:47:00] /addskill Imortall, magic level
[02/10/2015 21:47:00] /addskill Imortall, magic level
[02/10/2015 21:47:00] /addskill Imortall, magic level
[02/10/2015 21:47:00] /addskill Imortall, magic level
[02/10/2015 21:47:00] /addskill Imortall, magic level
[02/10/2015 21:47:00] /addskill Imortall, magic level
[02/10/2015 21:47:00] /addskill Imortall, magic level
[02/10/2015 21:47:00] /addskill Imortall, magic level
[02/10/2015 21:47:00] /addskill Imortall, magic level
[02/10/2015 21:47:00] /addskill Imortall, magic level
[02/10/2015 21:47:00] /addskill Imortall, magic level
[02/10/2015 21:47:00] /addskill Imortall, magic level
[02/10/2015 21:47:00] /addskill Imortall, magic level
[02/10/2015 21:47:00] /addskill Imortall, magic level
[02/10/2015 21:47:00] /addskill Imortall, magic level
[02/10/2015 21:47:01] /addskill Imortall, magic level
[02/10/2015 21:47:01] /addskill Imortall, magic level
[02/10/2015 21:47:01] /addskill Imortall, magic level
[02/10/2015 21:47:01] /addskill Imortall, magic level
[02/10/2015 21:47:01] /addskill Imortall, magic level
[02/10/2015 21:47:01] /addskill Imortall, magic level
[02/10/2015 21:47:01] /addskill Imortall, magic level
[02/10/2015 21:47:01] /addskill Imortall, magic level
[02/10/2015 21:47:01] /addskill Imortall, magic level
[02/10/2015 21:47:01] /addskill Imortall, magic level
[02/10/2015 21:47:01] /addskill Imortall, magic level
[02/10/2015 21:47:01] /addskill Imortall, magic level
[02/10/2015 21:47:01] /addskill Imortall, magic level
[02/10/2015 21:47:01] /addskill Imortall, magic level
[02/10/2015 21:47:01] /addskill Imortall, magic level
[02/10/2015 21:47:01] /addskill Imortall, magic level
[02/10/2015 21:47:01] /addskill Imortall, magic level
[02/10/2015 21:47:01] /addskill Imortall, magic level
[02/10/2015 21:47:01] /addskill Imortall, magic level
[02/10/2015 21:47:01] /addskill Imortall, magic level
[02/10/2015 21:47:01] /addskill Imortall, magic level
[02/10/2015 21:47:01] /addskill Imortall, magic level
[02/10/2015 21:47:01] /addskill Imortall, magic level
[02/10/2015 21:47:01] /addskill Imortall, magic level
[02/10/2015 21:47:01] /addskill Imortall, magic level
[02/10/2015 21:47:01] /addskill Imortall, magic level
[02/10/2015 21:47:01] /addskill Imortall, magic level
[02/10/2015 21:47:01] /addskill Imortall, magic level
[02/10/2015 21:47:01] /addskill Imortall, magic level
[02/10/2015 21:47:02] /addskill Imortall, magic level
[02/10/2015 21:47:02] /addskill Imortall, magic level
[02/10/2015 21:47:02] /addskill Imortall, magic level
[02/10/2015 21:47:02] /addskill Imortall, magic level
[02/10/2015 21:47:02] /addskill Imortall, magic level
[02/10/2015 21:47:02] /addskill Imortall, magic level
[02/10/2015 21:47:02] /addskill Imortall, magic level
[02/10/2015 21:47:02] /addskill Imortall, magic level
[02/10/2015 21:47:02] /addskill Imortall, magic level
[02/10/2015 21:47:02] /addskill Imortall, magic level
[02/10/2015 21:47:02] /addskill Imortall, magic level
[02/10/2015 21:47:02] /addskill Imortall, magic level
[02/10/2015 21:47:02] /addskill Imortall, magic level
[02/10/2015 21:47:02] /addskill Imortall, magic level
[02/10/2015 21:47:02] /addskill Imortall, magic level
[02/10/2015 21:47:02] /addskill Imortall, magic level
[02/10/2015 21:47:02] /addskill Imortall, magic level
[02/10/2015 21:47:02] /addskill Imortall, magic level
[02/10/2015 21:47:02] /addskill Imortall, magic level
[02/10/2015 21:47:02] /addskill Imortall, magic level
[02/10/2015 21:47:02] /addskill Imortall, magic level
[02/10/2015 21:47:02] /addskill Imortall, magic level
[02/10/2015 21:47:02] /addskill Imortall, magic level
[02/10/2015 21:47:02] /addskill Imortall, magic level
[02/10/2015 21:47:03] /addskill Imortall, magic level
[02/10/2015 21:47:03] /addskill Imortall, magic level
[02/10/2015 21:47:03] /addskill Imortall, magic level
[02/10/2015 21:47:03] /addskill Imortall, magic level
[02/10/2015 21:47:03] /addskill Imortall, magic level
[02/10/2015 21:47:03] /addskill Imortall, magic level
[02/10/2015 21:47:03] /addskill Imortall, magic level
[02/10/2015 21:47:03] /addskill Imortall, magic level
[02/10/2015 21:47:03] /addskill Imortall, magic level
[02/10/2015 21:47:03] /addskill Imortall, magic level
[02/10/2015 21:47:03] /addskill Imortall, magic level
[02/10/2015 21:47:03] /addskill Imortall, magic level
[02/10/2015 21:47:03] /addskill Imortall, magic level
[02/10/2015 21:47:03] /addskill Imortall, magic level
[02/10/2015 21:47:03] /addskill Imortall, magic level
[02/10/2015 21:47:03] /addskill Imortall, magic level
[02/10/2015 21:47:03] /addskill Imortall, magic level
[02/10/2015 21:47:03] /addskill Imortall, magic level
[02/10/2015 21:47:03] /addskill Imortall, magic level
[02/10/2015 21:47:03] /addskill Imortall, magic level
[02/10/2015 21:47:03] /addskill Imortall, magic level
[02/10/2015 21:47:03] /addskill Imortall, magic level
[02/10/2015 21:47:03] /addskill Imortall, magic level
[02/10/2015 21:47:03] /addskill Imortall, magic level
[02/10/2015 21:47:03] /addskill Imortall, magic level
[02/10/2015 21:47:03] /addskill Imortall, magic level
[02/10/2015 21:47:03] /addskill Imortall, magic level
[02/10/2015 21:47:03] /addskill Imortall, magic level
[02/10/2015 21:47:03] /addskill Imortall, magic level
[02/10/2015 21:47:03] /addskill Imortall, magic level
[02/10/2015 21:47:03] /addskill Imortall, magic level
[02/10/2015 21:47:04] /addskill Imortall, magic level
[02/10/2015 21:47:04] /addskill Imortall, magic level
[02/10/2015 21:47:04] /addskill Imortall, magic level
[02/10/2015 21:47:04] /addskill Imortall, magic level
[02/10/2015 21:47:04] /addskill Imortall, magic level
[02/10/2015 21:47:04] /addskill Imortall, magic level
[02/10/2015 21:47:04] /addskill Imortall, magic level
[02/10/2015 21:47:04] /addskill Imortall, magic level
[02/10/2015 21:47:04] /addskill Imortall, magic level
[02/10/2015 21:47:04] /addskill Imortall, magic level
[02/10/2015 21:47:04] /addskill Imortall, magic level
[02/10/2015 21:47:04] /addskill Imortall, magic level
[02/10/2015 21:47:04] /addskill Imortall, magic level
[02/10/2015 21:47:04] /addskill Imortall, magic level
[02/10/2015 21:47:04] /addskill Imortall, magic level
[02/10/2015 21:47:04] /addskill Imortall, magic level
[02/10/2015 21:47:04] /addskill Imortall, magic level
[02/10/2015 21:47:04] /addskill Imortall, magic level
[02/10/2015 21:47:04] /addskill Imortall, magic level
[02/10/2015 21:47:04] /addskill Imortall, magic level
[02/10/2015 21:47:04] /addskill Imortall, magic level
[02/10/2015 21:47:04] /addskill Imortall, magic level
[02/10/2015 21:47:04] /addskill Imortall, magic level
[02/10/2015 21:47:04] /addskill Imortall, magic level
[02/10/2015 21:47:04] /addskill Imortall, magic level
[02/10/2015 21:47:04] /addskill Imortall, magic level
[02/10/2015 21:47:04] /addskill Imortall, magic level
[02/10/2015 21:47:05] /addskill Imortall, magic level
[02/10/2015 21:47:05] /addskill Imortall, magic level
[02/10/2015 21:47:05] /addskill Imortall, magic level
[02/10/2015 21:47:05] /addskill Imortall, magic level
[02/10/2015 21:47:05] /addskill Imortall, magic level
[02/10/2015 21:47:05] /addskill Imortall, magic level
[02/10/2015 21:47:05] /addskill Imortall, magic level
[02/10/2015 21:47:05] /addskill Imortall, magic level
[02/10/2015 21:47:05] /addskill Imortall, magic level
[02/10/2015 21:47:05] /addskill Imortall, magic level
[02/10/2015 21:47:05] /addskill Imortall, magic level
[02/10/2015 21:47:05] /addskill Imortall, magic level
[02/10/2015 21:47:05] /addskill Imortall, magic level
[02/10/2015 21:47:05] /addskill Imortall, magic level
[02/10/2015 21:47:05] /addskill Imortall, magic level
[02/10/2015 21:47:05] /addskill Imortall, magic level
[02/10/2015 21:47:05] /addskill Imortall, magic level
[02/10/2015 21:47:05] /addskill Imortall, magic level
[02/10/2015 21:47:05] /addskill Imortall, magic level
[02/10/2015 21:47:05] /addskill Imortall, magic level
[02/10/2015 21:47:05] /addskill Imortall, magic level
[02/10/2015 21:47:05] /addskill Imortall, magic level
[02/10/2015 21:47:05] /addskill Imortall, magic level
[02/10/2015 21:47:05] /addskill Imortall, magic level
[02/10/2015 21:47:05] /addskill Imortall, magic level
[02/10/2015 21:47:05] /addskill Imortall, magic level
[02/10/2015 21:47:05] /addskill Imortall, magic level
[02/10/2015 21:47:05] /addskill Imortall, magic level
[02/10/2015 21:47:05] /addskill Imortall, magic level
[02/10/2015 21:47:05] /addskill Imortall, magic level
[02/10/2015 21:47:05] /addskill Imortall, magic level
[02/10/2015 21:47:06] /addskill Imortall, magic level
[02/10/2015 21:47:06] /addskill Imortall, magic level
[02/10/2015 21:47:06] /addskill Imortall, magic level
[02/10/2015 21:47:06] /addskill Imortall, magic level
[02/10/2015 21:47:06] /addskill Imortall, magic level
[02/10/2015 21:47:06] /addskill Imortall, magic level
[02/10/2015 21:47:06] /addskill Imortall, magic level
[02/10/2015 21:47:06] /addskill Imortall, magic level
[02/10/2015 21:47:06] /addskill Imortall, magic level
[02/10/2015 21:47:06] /addskill Imortall, magic level
[02/10/2015 21:47:06] /addskill Imortall, magic level
[02/10/2015 21:47:06] /addskill Imortall, magic level
[02/10/2015 21:47:06] /addskill Imortall, magic level
[02/10/2015 21:47:06] /addskill Imortall, magic level
[02/10/2015 21:47:06] /addskill Imortall, magic level
[02/10/2015 21:47:06] /addskill Imortall, magic level
[02/10/2015 21:47:06] /addskill Imortall, magic level
[02/10/2015 21:47:06] /addskill Imortall, magic level
[02/10/2015 21:47:06] /addskill Imortall, magic level
[02/10/2015 21:47:06] /addskill Imortall, magic level
[02/10/2015 21:47:06] /addskill Imortall, magic level
[02/10/2015 21:47:06] /addskill Imortall, magic level
[02/10/2015 21:47:06] /addskill Imortall, magic level
[02/10/2015 21:47:06] /addskill Imortall, magic level
[02/10/2015 21:47:06] /addskill Imortall, magic level
[02/10/2015 21:47:06] /addskill Imortall, magic level
[02/10/2015 21:47:06] /addskill Imortall, magic level
[02/10/2015 21:47:06] /addskill Imortall, magic level
[02/10/2015 21:47:07] /addskill Imortall, magic level
[02/10/2015 21:47:07] /addskill Imortall, magic level
[02/10/2015 21:47:07] /addskill Imortall, magic level
[02/10/2015 21:47:07] /addskill Imortall, magic level
[02/10/2015 21:47:07] /addskill Imortall, magic level
[02/10/2015 21:47:07] /addskill Imortall, magic level
[02/10/2015 21:47:07] /addskill Imortall, magic level
[02/10/2015 21:47:07] /addskill Imortall, magic level
[02/10/2015 21:47:07] /addskill Imortall, magic level
[02/10/2015 21:47:07] /addskill Imortall, magic level
[02/10/2015 21:47:07] /addskill Imortall, magic level
[02/10/2015 21:47:07] /addskill Imortall, magic level
[02/10/2015 21:47:07] /addskill Imortall, magic level
[02/10/2015 21:47:07] /addskill Imortall, magic level
[02/10/2015 21:47:07] /addskill Imortall, magic level
[02/10/2015 21:47:07] /addskill Imortall, magic level
[02/10/2015 21:47:07] /addskill Imortall, magic level
[02/10/2015 21:47:07] /addskill Imortall, magic level
[02/10/2015 21:47:07] /addskill Imortall, magic level
[02/10/2015 21:47:07] /addskill Imortall, magic level
[02/10/2015 21:47:07] /addskill Imortall, magic level
[02/10/2015 21:47:07] /addskill Imortall, magic level
[02/10/2015 21:47:07] /addskill Imortall, magic level
[02/10/2015 21:47:07] /addskill Imortall, magic level
[02/10/2015 21:47:07] /addskill Imortall, magic level
[02/10/2015 21:47:07] /addskill Imortall, magic level
[02/10/2015 21:47:07] /addskill Imortall, magic level
[02/10/2015 21:47:07] /addskill Imortall, magic level
[02/10/2015 21:47:07] /addskill Imortall, magic level
[02/10/2015 21:47:08] /addskill Imortall, magic level
[02/10/2015 21:47:08] /addskill Imortall, magic level
[02/10/2015 21:47:08] /addskill Imortall, magic level
[02/10/2015 21:47:08] /addskill Imortall, magic level
[02/10/2015 21:47:08] /addskill Imortall, magic level
[02/10/2015 21:47:08] /addskill Imortall, magic level
[02/10/2015 21:47:08] /addskill Imortall, magic level
[02/10/2015 21:47:08] /addskill Imortall, magic level
[02/10/2015 21:47:08] /addskill Imortall, magic level
[02/10/2015 21:47:08] /addskill Imortall, magic level
[02/10/2015 21:47:08] /addskill Imortall, magic level
[02/10/2015 21:47:08] /addskill Imortall, magic level
[02/10/2015 21:47:08] /addskill Imortall, magic level
[02/10/2015 21:47:08] /addskill Imortall, magic level
[02/10/2015 21:47:08] /addskill Imortall, magic level
[02/10/2015 21:47:08] /addskill Imortall, magic level
[02/10/2015 21:47:08] /addskill Imortall, magic level
[02/10/2015 21:47:08] /addskill Imortall, magic level
[02/10/2015 21:47:08] /addskill Imortall, magic level
[02/10/2015 21:47:08] /addskill Imortall, magic level
[02/10/2015 21:47:08] /addskill Imortall, magic level
[02/10/2015 21:47:08] /addskill Imortall, magic level
[02/10/2015 21:47:08] /addskill Imortall, magic level
[02/10/2015 21:47:08] /addskill Imortall, magic level
[02/10/2015 21:47:08] /addskill Imortall, magic level
[02/10/2015 21:47:09] /addskill Imortall, magic level
[02/10/2015 21:47:09] /addskill Imortall, magic level
[02/10/2015 21:47:09] /addskill Imortall, magic level
[02/10/2015 21:47:09] /addskill Imortall, magic level
[02/10/2015 21:47:09] /addskill Imortall, magic level
[02/10/2015 21:47:09] /addskill Imortall, magic level
[02/10/2015 21:47:09] /addskill Imortall, magic level
[02/10/2015 21:47:09] /addskill Imortall, magic level
[02/10/2015 21:47:09] /addskill Imortall, magic level
[02/10/2015 21:47:09] /addskill Imortall, magic level
[02/10/2015 21:47:09] /addskill Imortall, magic level
[02/10/2015 21:47:09] /addskill Imortall, magic level
[02/10/2015 21:47:09] /addskill Imortall, magic level
[02/10/2015 21:47:09] /addskill Imortall, magic level
[02/10/2015 21:47:09] /addskill Imortall, magic level
[02/10/2015 21:47:09] /addskill Imortall, magic level
[02/10/2015 21:47:09] /addskill Imortall, magic level
[02/10/2015 21:47:09] /addskill Imortall, magic level
[02/10/2015 21:47:09] /addskill Imortall, magic level
[02/10/2015 21:47:09] /addskill Imortall, magic level
[02/10/2015 21:47:09] /addskill Imortall, magic level
[02/10/2015 21:47:09] /addskill Imortall, magic level
[02/10/2015 21:47:09] /addskill Imortall, magic level
[02/10/2015 21:47:09] /addskill Imortall, magic level
[02/10/2015 21:47:09] /addskill Imortall, magic level
[02/10/2015 21:47:09] /addskill Imortall, magic level
[02/10/2015 21:47:09] /addskill Imortall, magic level
[02/10/2015 21:47:09] /addskill Imortall, magic level
[02/10/2015 21:47:09] /addskill Imortall, magic level
[02/10/2015 21:47:09] /addskill Imortall, magic level
[02/10/2015 21:47:09] /addskill Imortall, magic level
[02/10/2015 21:47:09] /addskill Imortall, magic level
[02/10/2015 21:47:09] /addskill Imortall, magic level
[02/10/2015 21:47:10] /addskill Imortall, magic level
[02/10/2015 21:47:10] /addskill Imortall, magic level
[02/10/2015 21:47:10] /addskill Imortall, magic level
[02/10/2015 21:47:10] /addskill Imortall, magic level
[02/10/2015 21:47:10] /addskill Imortall, magic level
[02/10/2015 21:47:10] /addskill Imortall, magic level
[02/10/2015 21:47:10] /addskill Imortall, magic level
[02/10/2015 21:47:10] /addskill Imortall, magic level
[02/10/2015 21:47:10] /addskill Imortall, magic level
[02/10/2015 21:47:10] /addskill Imortall, magic level
[02/10/2015 21:47:10] /addskill Imortall, magic level
[02/10/2015 21:47:10] /addskill Imortall, magic level
[02/10/2015 21:47:10] /addskill Imortall, magic level
[02/10/2015 21:47:10] /addskill Imortall, magic level
[02/10/2015 21:47:10] /addskill Imortall, magic level
[02/10/2015 21:47:10] /addskill Imortall, magic level
[02/10/2015 21:47:10] /addskill Imortall, magic level
[02/10/2015 21:47:10] /addskill Imortall, magic level
[02/10/2015 21:47:10] /addskill Imortall, magic level
[02/10/2015 21:47:10] /addskill Imortall, magic level
[02/10/2015 21:47:10] /addskill Imortall, magic level
[02/10/2015 21:47:10] /addskill Imortall, magic level
[02/10/2015 21:47:10] /addskill Imortall, magic level
[02/10/2015 21:47:10] /addskill Imortall, magic level
[02/10/2015 21:47:10] /addskill Imortall, magic level
[02/10/2015 21:47:10] /addskill Imortall, magic level
[02/10/2015 21:47:10] /addskill Imortall, magic level
[02/10/2015 21:47:10] /addskill Imortall, magic level
[02/10/2015 21:47:10] /addskill Imortall, magic level
[02/10/2015 21:47:11] /addskill Imortall, magic level
[02/10/2015 21:47:11] /addskill Imortall, magic level
[02/10/2015 21:47:11] /addskill Imortall, magic level
[02/10/2015 21:47:11] /addskill Imortall, magic level
[02/10/2015 21:47:11] /addskill Imortall, magic level
[02/10/2015 21:47:11] /addskill Imortall, magic level
[02/10/2015 21:47:11] /addskill Imortall, magic level
[02/10/2015 21:47:11] /addskill Imortall, magic level
[02/10/2015 21:47:11] /addskill Imortall, magic level
[02/10/2015 21:47:11] /addskill Imortall, magic level
[02/10/2015 21:47:11] /addskill Imortall, magic level
[02/10/2015 21:47:11] /addskill Imortall, magic level
[02/10/2015 21:47:11] /addskill Imortall, magic level
[02/10/2015 21:47:11] /addskill Imortall, magic level
[02/10/2015 21:47:11] /addskill Imortall, magic level
[02/10/2015 21:47:11] /addskill Imortall, magic level
[02/10/2015 21:47:11] /addskill Imortall, magic level
[02/10/2015 21:47:11] /addskill Imortall, magic level
[02/10/2015 21:47:11] /addskill Imortall, magic level
[02/10/2015 21:47:11] /addskill Imortall, magic level
[02/10/2015 21:47:11] /addskill Imortall, magic level
[02/10/2015 21:47:11] /addskill Imortall, magic level
[02/10/2015 21:47:11] /addskill Imortall, magic level
[02/10/2015 21:47:11] /addskill Imortall, magic level
[02/10/2015 21:47:12] /addskill Imortall, magic level
[02/10/2015 21:47:12] /addskill Imortall, magic level
[02/10/2015 21:47:12] /addskill Imortall, magic level
[02/10/2015 21:47:12] /addskill Imortall, magic level
[02/10/2015 21:47:12] /addskill Imortall, magic level
[02/10/2015 21:47:12] /addskill Imortall, magic level
[02/10/2015 21:47:12] /addskill Imortall, magic level
[02/10/2015 21:47:12] /addskill Imortall, magic level
[02/10/2015 21:47:12] /addskill Imortall, magic level
[02/10/2015 21:47:12] /addskill Imortall, magic level
[02/10/2015 21:47:12] /addskill Imortall, magic level
[02/10/2015 21:47:12] /addskill Imortall, magic level
[02/10/2015 21:47:12] /addskill Imortall, magic level
[02/10/2015 21:47:12] /addskill Imortall, magic level
[02/10/2015 21:47:12] /addskill Imortall, magic level
[02/10/2015 21:47:12] /addskill Imortall, magic level
[02/10/2015 21:47:12] /addskill Imortall, magic level
[02/10/2015 21:47:12] /addskill Imortall, magic level
[02/10/2015 21:47:12] /addskill Imortall, magic level
[02/10/2015 21:47:12] /addskill Imortall, magic level
[02/10/2015 21:47:12] /addskill Imortall, magic level
[02/10/2015 21:47:12] /addskill Imortall, magic level
[02/10/2015 21:47:12] /addskill Imortall, magic level
[02/10/2015 21:47:12] /addskill Imortall, magic level
[02/10/2015 21:47:12] /addskill Imortall, magic level
[02/10/2015 21:47:12] /addskill Imortall, magic level
[02/10/2015 21:47:12] /addskill Imortall, magic level
[02/10/2015 21:47:12] /addskill Imortall, magic level
[02/10/2015 21:47:12] /addskill Imortall, magic level
[02/10/2015 21:47:12] /addskill Imortall, magic level
[02/10/2015 21:47:12] /addskill Imortall, magic level
[02/10/2015 21:47:12] /addskill Imortall, magic level
[02/10/2015 21:47:12] /addskill Imortall, magic level
[02/10/2015 21:47:13] /addskill Imortall, magic level
[02/10/2015 21:47:32] /addskill Imortall, magic level
[02/10/2015 21:47:33] /addskill Imortall, magic level
[02/10/2015 21:47:33] /addskill Imortall, magic level
[02/10/2015 21:47:33] /addskill Imortall, magic level
[02/10/2015 21:47:33] /addskill Imortall, magic level
[02/10/2015 21:47:33] /addskill Imortall, magic level
[02/10/2015 21:47:33] /addskill Imortall, magic level
[02/10/2015 21:47:33] /addskill Imortall, magic level
[02/10/2015 21:47:33] /addskill Imortall, magic level
[02/10/2015 21:47:33] /addskill Imortall, magic level
[02/10/2015 21:47:33] /addskill Imortall, magic level
[02/10/2015 21:47:33] /addskill Imortall, magic level
[02/10/2015 21:47:33] /addskill Imortall, magic level
[02/10/2015 21:47:33] /addskill Imortall, magic level
[02/10/2015 21:47:34] /addskill Imortall, magic level
[02/10/2015 21:47:34] /addskill Imortall, magic level
[02/10/2015 21:47:34] /addskill Imortall, magic level
[02/10/2015 21:47:34] /addskill Imortall, magic level
[02/10/2015 21:47:34] /addskill Imortall, magic level
[02/10/2015 21:47:34] /addskill Imortall, magic level
[02/10/2015 21:47:34] /addskill Imortall, magic level
[02/10/2015 21:47:34] /addskill Imortall, magic level
[02/10/2015 21:47:34] /addskill Imortall, magic level
[02/10/2015 21:47:35] /addskill Imortall, magic level
[02/10/2015 21:47:35] /addskill Imortall, magic level
[02/10/2015 21:47:35] /addskill Imortall, magic level
[02/10/2015 21:47:35] /addskill Imortall, magic level
[02/10/2015 21:47:35] /addskill Imortall, magic level
[02/10/2015 21:47:35] /addskill Imortall, magic level
[02/10/2015 21:47:35] /addskill Imortall, magic level
[02/10/2015 21:47:35] /addskill Imortall, magic level
[02/10/2015 21:47:35] /addskill Imortall, magic level
[02/10/2015 21:47:35] /addskill Imortall, magic level
[02/10/2015 21:47:35] /addskill Imortall, magic level
[02/10/2015 21:47:35] /addskill Imortall, magic level
[02/10/2015 21:47:35] /addskill Imortall, magic level
[02/10/2015 21:47:35] /addskill Imortall, magic level
[02/10/2015 21:47:35] /addskill Imortall, magic level
[02/10/2015 21:47:35] /addskill Imortall, magic level
[02/10/2015 21:47:35] /addskill Imortall, magic level
[02/10/2015 21:47:35] /addskill Imortall, magic level
[02/10/2015 21:47:35] /addskill Imortall, magic level
[02/10/2015 21:47:35] /addskill Imortall, magic level
[02/10/2015 21:47:35] /addskill Imortall, magic level
[02/10/2015 21:47:35] /addskill Imortall, magic level
[02/10/2015 21:47:35] /addskill Imortall, magic level
[02/10/2015 21:47:35] /addskill Imortall, magic level
[02/10/2015 21:47:35] /addskill Imortall, magic level
[02/10/2015 21:47:35] /addskill Imortall, magic level
[02/10/2015 21:47:36] /addskill Imortall, magic level
[02/10/2015 21:47:36] /addskill Imortall, magic level
[02/10/2015 21:47:36] /addskill Imortall, magic level
[02/10/2015 21:47:36] /addskill Imortall, magic level
[02/10/2015 21:47:36] /addskill Imortall, magic level
[02/10/2015 21:47:36] /addskill Imortall, magic level
[02/10/2015 21:47:36] /addskill Imortall, magic level
[02/10/2015 21:47:36] /addskill Imortall, magic level
[02/10/2015 21:47:36] /addskill Imortall, magic level
[02/10/2015 21:47:36] /addskill Imortall, magic level
[02/10/2015 21:47:36] /addskill Imortall, magic level
[02/10/2015 21:47:36] /addskill Imortall, magic level
[02/10/2015 21:47:36] /addskill Imortall, magic level
[02/10/2015 21:47:36] /addskill Imortall, magic level
[02/10/2015 21:47:36] /addskill Imortall, magic level
[02/10/2015 21:47:36] /addskill Imortall, magic level
[02/10/2015 21:47:36] /addskill Imortall, magic level
[02/10/2015 21:47:36] /addskill Imortall, magic level
[02/10/2015 21:47:36] /addskill Imortall, magic level
[02/10/2015 21:47:36] /addskill Imortall, magic level
[02/10/2015 21:47:36] /addskill Imortall, magic level
[02/10/2015 21:47:36] /addskill Imortall, magic level
[02/10/2015 21:47:36] /addskill Imortall, magic level
[02/10/2015 21:47:36] /addskill Imortall, magic level
[02/10/2015 21:47:36] /addskill Imortall, magic level
[02/10/2015 21:47:36] /addskill Imortall, magic level
[02/10/2015 21:47:36] /addskill Imortall, magic level
[02/10/2015 21:47:36] /addskill Imortall, magic level
[02/10/2015 21:47:36] /addskill Imortall, magic level
[02/10/2015 21:47:36] /addskill Imortall, magic level
[02/10/2015 21:47:36] /addskill Imortall, magic level
[02/10/2015 21:47:36] /addskill Imortall, magic level
[02/10/2015 21:47:36] /addskill Imortall, magic level
[02/10/2015 21:47:37] /addskill Imortall, magic level
[02/10/2015 21:47:37] /addskill Imortall, magic level
[02/10/2015 21:47:37] /addskill Imortall, magic level
[02/10/2015 21:47:37] /addskill Imortall, magic level
[02/10/2015 21:47:37] /addskill Imortall, magic level
[02/10/2015 21:47:37] /addskill Imortall, magic level
[02/10/2015 21:47:37] /addskill Imortall, magic level
[02/10/2015 21:47:37] /addskill Imortall, magic level
[02/10/2015 21:47:37] /addskill Imortall, magic level
[02/10/2015 21:47:37] /addskill Imortall, magic level
[02/10/2015 21:47:37] /addskill Imortall, magic level
[02/10/2015 21:47:37] /addskill Imortall, magic level
[02/10/2015 21:47:37] /addskill Imortall, magic level
[02/10/2015 21:47:37] /addskill Imortall, magic level
[02/10/2015 21:47:37] /addskill Imortall, magic level
[02/10/2015 21:47:37] /addskill Imortall, magic level
[02/10/2015 21:47:37] /addskill Imortall, magic level
[02/10/2015 21:47:37] /addskill Imortall, magic level
[02/10/2015 21:47:37] /addskill Imortall, magic level
[02/10/2015 21:47:37] /addskill Imortall, magic level
[02/10/2015 21:47:37] /addskill Imortall, magic level
[02/10/2015 21:47:37] /addskill Imortall, magic level
[02/10/2015 21:47:37] /addskill Imortall, magic level
[02/10/2015 21:47:37] /addskill Imortall, magic level
[02/10/2015 21:47:37] /addskill Imortall, magic level
[02/10/2015 21:47:37] /addskill Imortall, magic level
[02/10/2015 21:47:38] /addskill Imortall, magic level
[02/10/2015 21:47:38] /addskill Imortall, magic level
[02/10/2015 21:47:38] /addskill Imortall, magic level
[02/10/2015 21:47:38] /addskill Imortall, magic level
[02/10/2015 21:47:38] /addskill Imortall, magic level
[02/10/2015 21:47:38] /addskill Imortall, magic level
[02/10/2015 21:47:38] /addskill Imortall, magic level
[02/10/2015 21:47:38] /addskill Imortall, magic level
[02/10/2015 21:47:38] /addskill Imortall, magic level
[02/10/2015 21:47:38] /addskill Imortall, magic level
[02/10/2015 21:47:38] /addskill Imortall, magic level
[02/10/2015 21:47:38] /addskill Imortall, magic level
[02/10/2015 21:47:38] /addskill Imortall, magic level
[02/10/2015 21:47:38] /addskill Imortall, magic level
[02/10/2015 21:47:38] /addskill Imortall, magic level
[02/10/2015 21:47:38] /addskill Imortall, magic level
[02/10/2015 21:47:38] /addskill Imortall, magic level
[02/10/2015 21:47:38] /addskill Imortall, magic level
[02/10/2015 21:47:38] /addskill Imortall, magic level
[02/10/2015 21:47:38] /addskill Imortall, magic level
[02/10/2015 21:47:38] /addskill Imortall, magic level
[02/10/2015 21:47:38] /addskill Imortall, magic level
[02/10/2015 21:47:38] /addskill Imortall, magic level
[02/10/2015 21:47:38] /addskill Imortall, magic level
[02/10/2015 21:47:38] /addskill Imortall, magic level
[02/10/2015 21:47:38] /addskill Imortall, magic level
[02/10/2015 21:47:38] /addskill Imortall, magic level
[02/10/2015 21:47:38] /addskill Imortall, magic level
[02/10/2015 21:47:38] /addskill Imortall, magic level
[02/10/2015 21:47:38] /addskill Imortall, magic level
[02/10/2015 21:47:39] /addskill Imortall, magic level
[02/10/2015 21:47:39] /addskill Imortall, magic level
[02/10/2015 21:47:39] /addskill Imortall, magic level
[02/10/2015 21:47:39] /addskill Imortall, magic level
[02/10/2015 21:47:39] /addskill Imortall, magic level
[02/10/2015 21:47:39] /addskill Imortall, magic level
[02/10/2015 21:47:39] /addskill Imortall, magic level
[02/10/2015 21:47:39] /addskill Imortall, magic level
[02/10/2015 21:47:39] /addskill Imortall, magic level
[02/10/2015 21:47:39] /addskill Imortall, magic level
[02/10/2015 21:47:39] /addskill Imortall, magic level
[02/10/2015 21:47:39] /addskill Imortall, magic level
[02/10/2015 21:47:39] /addskill Imortall, magic level
[02/10/2015 21:47:39] /addskill Imortall, magic level
[02/10/2015 21:47:39] /addskill Imortall, magic level
[02/10/2015 21:47:39] /addskill Imortall, magic level
[02/10/2015 21:47:39] /addskill Imortall, magic level
[02/10/2015 21:47:39] /addskill Imortall, magic level
[02/10/2015 21:47:39] /addskill Imortall, magic level
[02/10/2015 21:47:39] /addskill Imortall, magic level
[02/10/2015 21:47:39] /addskill Imortall, magic level
[02/10/2015 21:47:39] /addskill Imortall, magic level
[02/10/2015 21:47:39] /addskill Imortall, magic level
[02/10/2015 21:47:39] /addskill Imortall, magic level
[02/10/2015 21:47:39] /addskill Imortall, magic level
[02/10/2015 21:47:39] /addskill Imortall, magic level
[02/10/2015 21:47:39] /addskill Imortall, magic level
[02/10/2015 21:47:39] /addskill Imortall, magic level
[02/10/2015 21:47:39] /addskill Imortall, magic level
[02/10/2015 21:47:40] /addskill Imortall, magic level
[02/10/2015 21:47:40] /addskill Imortall, magic level
[02/10/2015 21:47:40] /addskill Imortall, magic level
[02/10/2015 21:47:40] /addskill Imortall, magic level
[02/10/2015 21:47:40] /addskill Imortall, magic level
[02/10/2015 21:47:40] /addskill Imortall, magic level
[02/10/2015 21:47:40] /addskill Imortall, magic level
[02/10/2015 21:47:40] /addskill Imortall, magic level
[02/10/2015 21:47:40] /addskill Imortall, magic level
[02/10/2015 21:47:40] /addskill Imortall, magic level
[02/10/2015 21:47:40] /addskill Imortall, magic level
[02/10/2015 21:47:40] /addskill Imortall, magic level
[02/10/2015 21:47:40] /addskill Imortall, magic level
[02/10/2015 21:47:40] /addskill Imortall, magic level
[02/10/2015 21:47:40] /addskill Imortall, magic level
[02/10/2015 21:47:40] /addskill Imortall, magic level
[02/10/2015 21:47:40] /addskill Imortall, magic level
[02/10/2015 21:47:40] /addskill Imortall, magic level
[02/10/2015 21:47:40] /addskill Imortall, magic level
[02/10/2015 21:47:40] /addskill Imortall, magic level
[02/10/2015 21:47:40] /addskill Imortall, magic level
[02/10/2015 21:47:40] /addskill Imortall, magic level
[02/10/2015 21:47:40] /addskill Imortall, magic level
[02/10/2015 21:47:40] /addskill Imortall, magic level
[02/10/2015 21:47:40] /addskill Imortall, magic level
[02/10/2015 21:47:40] /addskill Imortall, magic level
[02/10/2015 21:47:40] /addskill Imortall, magic level
[02/10/2015 21:47:40] /addskill Imortall, magic level
[02/10/2015 21:47:40] /addskill Imortall, magic level
[02/10/2015 21:47:40] /addskill Imortall, magic level
[02/10/2015 21:47:41] /addskill Imortall, magic level
[02/10/2015 21:47:41] /addskill Imortall, magic level
[02/10/2015 21:47:41] /addskill Imortall, magic level
[02/10/2015 21:47:41] /addskill Imortall, magic level
[02/10/2015 21:47:41] /addskill Imortall, magic level
[02/10/2015 21:47:41] /addskill Imortall, magic level
[02/10/2015 21:47:41] /addskill Imortall, magic level
[02/10/2015 21:47:41] /addskill Imortall, magic level
[02/10/2015 21:47:41] /addskill Imortall, magic level
[02/10/2015 21:47:41] /addskill Imortall, magic level
[02/10/2015 21:47:41] /addskill Imortall, magic level
[02/10/2015 21:47:41] /addskill Imortall, magic level
[02/10/2015 21:47:41] /addskill Imortall, magic level
[02/10/2015 21:47:41] /addskill Imortall, magic level
[02/10/2015 21:47:41] /addskill Imortall, magic level
[02/10/2015 21:47:41] /addskill Imortall, magic level
[02/10/2015 21:47:41] /addskill Imortall, magic level
[02/10/2015 21:47:41] /addskill Imortall, magic level
[02/10/2015 21:47:41] /addskill Imortall, magic level
[02/10/2015 21:47:41] /addskill Imortall, magic level
[02/10/2015 21:47:41] /addskill Imortall, magic level
[02/10/2015 21:47:41] /addskill Imortall, magic level
[02/10/2015 21:47:41] /addskill Imortall, magic level
[02/10/2015 21:47:41] /addskill Imortall, magic level
[02/10/2015 21:47:41] /addskill Imortall, magic level
[02/10/2015 21:47:41] /addskill Imortall, magic level
[02/10/2015 21:47:41] /addskill Imortall, magic level
[02/10/2015 21:47:42] /addskill Imortall, magic level
[02/10/2015 21:47:42] /addskill Imortall, magic level
[02/10/2015 21:47:42] /addskill Imortall, magic level
[02/10/2015 21:47:42] /addskill Imortall, magic level
[02/10/2015 21:47:42] /addskill Imortall, magic level
[02/10/2015 21:47:42] /addskill Imortall, magic level
[02/10/2015 21:47:42] /addskill Imortall, magic level
[02/10/2015 21:47:42] /addskill Imortall, magic level
[02/10/2015 21:47:42] /addskill Imortall, magic level
[02/10/2015 21:47:42] /addskill Imortall, magic level
[02/10/2015 21:47:42] /addskill Imortall, magic level
[02/10/2015 21:47:42] /addskill Imortall, magic level
[02/10/2015 21:47:42] /addskill Imortall, magic level
[02/10/2015 21:47:42] /addskill Imortall, magic level
[02/10/2015 21:47:42] /addskill Imortall, magic level
[02/10/2015 21:47:42] /addskill Imortall, magic level
[02/10/2015 21:47:42] /addskill Imortall, magic level
[02/10/2015 21:47:42] /addskill Imortall, magic level
[02/10/2015 21:47:42] /addskill Imortall, magic level
[02/10/2015 21:47:42] /addskill Imortall, magic level
[02/10/2015 21:47:42] /addskill Imortall, magic level
[02/10/2015 21:47:42] /addskill Imortall, magic level
[02/10/2015 21:47:42] /addskill Imortall, magic level
[02/10/2015 21:47:42] /addskill Imortall, magic level
[02/10/2015 21:47:42] /addskill Imortall, magic level
[02/10/2015 21:47:42] /addskill Imortall, magic level
[02/10/2015 21:47:42] /addskill Imortall, magic level
[02/10/2015 21:47:42] /addskill Imortall, magic level
[02/10/2015 21:47:43] /addskill Imortall, magic level
[02/10/2015 21:47:43] /addskill Imortall, magic level
[02/10/2015 21:47:43] /addskill Imortall, magic level
[02/10/2015 21:47:43] /addskill Imortall, magic level
[02/10/2015 21:47:43] /addskill Imortall, magic level
[02/10/2015 21:47:43] /addskill Imortall, magic level
[02/10/2015 21:47:43] /addskill Imortall, magic level
[02/10/2015 21:47:43] /addskill Imortall, magic level
[02/10/2015 21:47:43] /addskill Imortall, magic level
[02/10/2015 21:47:43] /addskill Imortall, magic level
[02/10/2015 21:47:43] /addskill Imortall, magic level
[02/10/2015 21:47:43] /addskill Imortall, magic level
[02/10/2015 21:47:43] /addskill Imortall, magic level
[02/10/2015 21:47:43] /addskill Imortall, magic level
[02/10/2015 21:47:43] /addskill Imortall, magic level
[02/10/2015 21:47:43] /addskill Imortall, magic level
[02/10/2015 21:47:43] /addskill Imortall, magic level
[02/10/2015 21:47:43] /addskill Imortall, magic level
[02/10/2015 21:47:43] /addskill Imortall, magic level
[02/10/2015 21:47:43] /addskill Imortall, magic level
[02/10/2015 21:47:43] /addskill Imortall, magic level
[02/10/2015 21:47:43] /addskill Imortall, magic level
[02/10/2015 21:47:43] /addskill Imortall, magic level
[02/10/2015 21:47:43] /addskill Imortall, magic level
[02/10/2015 21:47:43] /addskill Imortall, magic level
[02/10/2015 21:47:43] /addskill Imortall, magic level
[02/10/2015 21:47:43] /addskill Imortall, magic level
[02/10/2015 21:47:43] /addskill Imortall, magic level
[02/10/2015 21:47:44] /addskill Imortall, magic level
[02/10/2015 21:47:44] /addskill Imortall, magic level
[02/10/2015 21:47:44] /addskill Imortall, magic level
[02/10/2015 21:47:44] /addskill Imortall, magic level
[02/10/2015 21:47:44] /addskill Imortall, magic level
[02/10/2015 21:47:44] /addskill Imortall, magic level
[02/10/2015 21:47:44] /addskill Imortall, magic level
[02/10/2015 21:47:44] /addskill Imortall, magic level
[02/10/2015 21:47:44] /addskill Imortall, magic level
[02/10/2015 21:48:28] /addskill Imortall, level
[02/10/2015 21:48:28] /addskill Imortall, level
[02/10/2015 21:48:28] /addskill Imortall, level
[02/10/2015 21:48:28] /addskill Imortall, level
[02/10/2015 21:48:28] /addskill Imortall, level
[02/10/2015 21:48:29] /addskill Imortall, level
[02/10/2015 21:48:29] /addskill Imortall, level
[02/10/2015 21:48:29] /addskill Imortall, level
[02/10/2015 21:48:29] /addskill Imortall, level
[02/10/2015 21:48:29] /addskill Imortall, level
[02/10/2015 21:48:29] /addskill Imortall, level
[02/10/2015 21:48:29] /addskill Imortall, level
[02/10/2015 21:48:29] /addskill Imortall, level
[02/10/2015 21:48:29] /addskill Imortall, level
[02/10/2015 21:48:29] /addskill Imortall, level
[02/10/2015 21:48:29] /addskill Imortall, level
[02/10/2015 21:48:29] /addskill Imortall, level
[02/10/2015 21:48:29] /addskill Imortall, level
[02/10/2015 21:48:29] /addskill Imortall, level
[02/10/2015 21:48:29] /addskill Imortall, level
[02/10/2015 21:48:29] /addskill Imortall, level
[02/10/2015 21:48:29] /addskill Imortall, level
[02/10/2015 21:48:29] /addskill Imortall, level
[02/10/2015 21:48:29] /addskill Imortall, level
[02/10/2015 21:48:29] /addskill Imortall, level
[02/10/2015 21:48:29] /addskill Imortall, level
[02/10/2015 21:48:29] /addskill Imortall, level
[02/10/2015 21:48:29] /addskill Imortall, level
[02/10/2015 21:48:29] /addskill Imortall, level
[02/10/2015 21:48:29] /addskill Imortall, level
[02/10/2015 21:48:29] /addskill Imortall, level
[02/10/2015 21:48:29] /addskill Imortall, level
[02/10/2015 21:48:30] /addskill Imortall, level
[02/10/2015 21:48:30] /addskill Imortall, level
[02/10/2015 21:48:30] /addskill Imortall, level
[02/10/2015 21:48:30] /addskill Imortall, level
[02/10/2015 21:48:30] /addskill Imortall, level
[02/10/2015 21:48:30] /addskill Imortall, level
[02/10/2015 21:48:30] /addskill Imortall, level
[02/10/2015 21:48:30] /addskill Imortall, level
[02/10/2015 21:48:30] /addskill Imortall, level
[02/10/2015 21:48:30] /addskill Imortall, level
[02/10/2015 21:48:30] /addskill Imortall, level
[02/10/2015 21:48:30] /addskill Imortall, level
[02/10/2015 21:48:30] /addskill Imortall, level
[02/10/2015 21:48:30] /addskill Imortall, level
[02/10/2015 21:48:30] /addskill Imortall, level
[02/10/2015 21:48:30] /addskill Imortall, level
[02/10/2015 21:48:30] /addskill Imortall, level
[02/10/2015 21:48:30] /addskill Imortall, level
[02/10/2015 21:48:30] /addskill Imortall, level
[02/10/2015 21:48:30] /addskill Imortall, level
[02/10/2015 21:48:30] /addskill Imortall, level
[02/10/2015 21:48:30] /addskill Imortall, level
[02/10/2015 21:48:30] /addskill Imortall, level
[02/10/2015 21:48:30] /addskill Imortall, level
[02/10/2015 21:48:30] /addskill Imortall, level
[02/10/2015 21:48:30] /addskill Imortall, level
[02/10/2015 21:48:58] /addskill Imortall, level
[02/10/2015 21:48:58] /addskill Imortall, level
[02/10/2015 21:48:59] /addskill Imortall, level
[02/10/2015 21:48:59] /addskill Imortall, level
[02/10/2015 21:48:59] /addskill Imortall, level
[02/10/2015 21:48:59] /addskill Imortall, level
[02/10/2015 21:48:59] /addskill Imortall, level
[02/10/2015 21:48:59] /addskill Imortall, level
[02/10/2015 21:48:59] /addskill Imortall, level
[02/10/2015 21:48:59] /addskill Imortall, level
[02/10/2015 21:48:59] /addskill Imortall, level
[02/10/2015 21:48:59] /addskill Imortall, level
[02/10/2015 21:48:59] /addskill Imortall, level
[02/10/2015 21:48:59] /addskill Imortall, level
[02/10/2015 21:48:59] /addskill Imortall, level
[02/10/2015 21:48:59] /addskill Imortall, level
[02/10/2015 21:48:59] /addskill Imortall, level
[02/10/2015 21:48:59] /addskill Imortall, level
[02/10/2015 21:48:59] /addskill Imortall, level
[02/10/2015 21:48:59] /addskill Imortall, level
[02/10/2015 21:48:59] /addskill Imortall, level
[02/10/2015 21:48:59] /addskill Imortall, level
[02/10/2015 21:48:59] /addskill Imortall, level
[02/10/2015 21:48:59] /addskill Imortall, level
[02/10/2015 21:48:59] /addskill Imortall, level
[02/10/2015 21:48:59] /addskill Imortall, level
[02/10/2015 21:48:59] /addskill Imortall, level
[02/10/2015 21:48:59] /addskill Imortall, level
[02/10/2015 21:48:59] /addskill Imortall, level
[02/10/2015 21:48:59] /addskill Imortall, level
[02/10/2015 21:49:00] /addskill Imortall, level
[02/10/2015 21:49:00] /addskill Imortall, level
[02/10/2015 21:49:00] /addskill Imortall, level
[02/10/2015 21:49:00] /addskill Imortall, level
[02/10/2015 21:49:00] /addskill Imortall, level
[02/10/2015 21:49:00] /addskill Imortall, level
[02/10/2015 21:49:00] /addskill Imortall, level
[02/10/2015 21:49:00] /addskill Imortall, level
[02/10/2015 21:49:00] /addskill Imortall, level
[02/10/2015 21:49:00] /addskill Imortall, level
[02/10/2015 21:49:00] /addskill Imortall, level
[02/10/2015 21:49:00] /addskill Imortall, level
[02/10/2015 21:49:00] /addskill Imortall, level
[02/10/2015 21:49:00] /addskill Imortall, level
[02/10/2015 21:49:00] /addskill Imortall, level
[02/10/2015 21:49:00] /addskill Imortall, level
[02/10/2015 21:49:00] /addskill Imortall, level
[02/10/2015 21:49:00] /addskill Imortall, level
[02/10/2015 21:49:00] /addskill Imortall, level
[02/10/2015 21:49:00] /addskill Imortall, level
[02/10/2015 21:49:00] /addskill Imortall, level
[02/10/2015 21:49:00] /addskill Imortall, level
[02/10/2015 21:49:00] /addskill Imortall, level
[02/10/2015 21:49:00] /addskill Imortall, level
[02/10/2015 21:49:00] /addskill Imortall, level
[02/10/2015 21:49:00] /addskill Imortall, level
[02/10/2015 21:49:01] /addskill Imortall, level
[02/10/2015 21:49:01] /addskill Imortall, level
[02/10/2015 21:49:01] /addskill Imortall, level
[02/10/2015 21:49:01] /addskill Imortall, level
[02/10/2015 21:49:01] /addskill Imortall, level
[02/10/2015 21:49:01] /addskill Imortall, level
[02/10/2015 21:49:01] /addskill Imortall, level
[02/10/2015 21:49:01] /addskill Imortall, level
[02/10/2015 21:49:01] /addskill Imortall, level
[02/10/2015 21:49:01] /addskill Imortall, level
[02/10/2015 21:49:01] /addskill Imortall, level
[02/10/2015 21:49:01] /addskill Imortall, level
[02/10/2015 21:49:01] /addskill Imortall, level
[02/10/2015 21:49:01] /addskill Imortall, level
[02/10/2015 21:49:01] /addskill Imortall, level
[02/10/2015 21:49:01] /addskill Imortall, level
[02/10/2015 21:49:01] /addskill Imortall, level
[02/10/2015 21:49:01] /addskill Imortall, level
[02/10/2015 21:49:01] /addskill Imortall, level
[02/10/2015 21:49:01] /addskill Imortall, level
[02/10/2015 21:49:01] /addskill Imortall, level
[02/10/2015 21:49:01] /addskill Imortall, level
[02/10/2015 21:49:01] /addskill Imortall, level
[02/10/2015 21:49:01] /addskill Imortall, level
[02/10/2015 21:49:01] /addskill Imortall, level
[02/10/2015 21:49:01] /addskill Imortall, level
[02/10/2015 21:49:01] /addskill Imortall, level
[02/10/2015 21:49:01] /addskill Imortall, level
[02/10/2015 21:49:01] /addskill Imortall, level
[02/10/2015 21:49:01] /addskill Imortall, level
[02/10/2015 21:49:01] /addskill Imortall, level
[02/10/2015 21:49:01] /addskill Imortall, level
[02/10/2015 21:49:01] /addskill Imortall, level
[02/10/2015 21:49:02] /addskill Imortall, level
[02/10/2015 21:49:02] /addskill Imortall, level
[02/10/2015 21:49:02] /addskill Imortall, level
[02/10/2015 21:49:02] /addskill Imortall, level
[02/10/2015 21:49:02] /addskill Imortall, level
[02/10/2015 21:49:02] /addskill Imortall, level
[02/10/2015 21:49:02] /addskill Imortall, level
[02/10/2015 21:49:02] /addskill Imortall, level
[02/10/2015 21:49:02] /addskill Imortall, level
[02/10/2015 21:49:02] /addskill Imortall, level
[02/10/2015 21:49:02] /addskill Imortall, level
[02/10/2015 21:49:02] /addskill Imortall, level
[02/10/2015 21:49:02] /addskill Imortall, level
[02/10/2015 21:49:02] /addskill Imortall, level
[02/10/2015 21:49:02] /addskill Imortall, level
[02/10/2015 21:49:02] /addskill Imortall, level
[02/10/2015 21:49:02] /addskill Imortall, level
[02/10/2015 21:49:02] /addskill Imortall, level
[02/10/2015 21:49:02] /addskill Imortall, level
[02/10/2015 21:49:02] /addskill Imortall, level
[02/10/2015 21:49:02] /addskill Imortall, level
[02/10/2015 21:49:02] /addskill Imortall, level
[02/10/2015 21:49:02] /addskill Imortall, level
[02/10/2015 21:49:02] /addskill Imortall, level
[02/10/2015 21:49:03] /addskill Imortall, level
[02/10/2015 21:49:03] /addskill Imortall, level
[02/10/2015 21:49:03] /addskill Imortall, level
[02/10/2015 21:49:03] /addskill Imortall, level
[02/10/2015 21:49:03] /addskill Imortall, level
[02/10/2015 21:49:03] /addskill Imortall, level
[02/10/2015 21:49:03] /addskill Imortall, level
[02/10/2015 21:49:03] /addskill Imortall, level
[02/10/2015 21:49:03] /addskill Imortall, level
[02/10/2015 21:49:03] /addskill Imortall, level
[02/10/2015 21:49:03] /addskill Imortall, level
[02/10/2015 21:49:03] /addskill Imortall, level
[02/10/2015 21:49:03] /addskill Imortall, level
[02/10/2015 21:49:03] /addskill Imortall, level
[02/10/2015 21:49:03] /addskill Imortall, level
[02/10/2015 21:49:03] /addskill Imortall, level
[02/10/2015 21:49:03] /addskill Imortall, level
[02/10/2015 21:49:03] /addskill Imortall, level
[02/10/2015 21:49:03] /addskill Imortall, level
[02/10/2015 21:49:03] /addskill Imortall, level
[02/10/2015 21:49:03] /addskill Imortall, level
[02/10/2015 21:49:03] /addskill Imortall, level
[02/10/2015 21:49:03] /addskill Imortall, level
[02/10/2015 21:49:03] /addskill Imortall, level
[02/10/2015 21:49:03] /addskill Imortall, level
[02/10/2015 21:49:03] /addskill Imortall, level
[02/10/2015 21:49:03] /addskill Imortall, level
[02/10/2015 21:49:03] /addskill Imortall, level
[02/10/2015 21:49:04] /addskill Imortall, level
[02/10/2015 21:49:04] /addskill Imortall, level
[02/10/2015 21:49:04] /addskill Imortall, level
[02/10/2015 21:49:04] /addskill Imortall, level
[02/10/2015 21:49:04] /addskill Imortall, level
[02/10/2015 21:49:04] /addskill Imortall, level
[02/10/2015 21:49:04] /addskill Imortall, level
[02/10/2015 21:49:04] /addskill Imortall, level
[02/10/2015 21:49:04] /addskill Imortall, level
[02/10/2015 21:49:04] /addskill Imortall, level
[02/10/2015 21:49:04] /addskill Imortall, level
[02/10/2015 21:49:04] /addskill Imortall, level
[02/10/2015 21:49:04] /addskill Imortall, level
[02/10/2015 21:49:04] /addskill Imortall, level
[02/10/2015 21:49:04] /addskill Imortall, level
[02/10/2015 21:49:04] /addskill Imortall, level
[02/10/2015 21:49:04] /addskill Imortall, level
[02/10/2015 21:49:04] /addskill Imortall, level
[02/10/2015 21:49:04] /addskill Imortall, level
[02/10/2015 21:49:04] /addskill Imortall, level
[02/10/2015 21:49:04] /addskill Imortall, level
[02/10/2015 21:49:04] /addskill Imortall, level
[02/10/2015 21:49:04] /addskill Imortall, level
[02/10/2015 21:49:04] /addskill Imortall, level
[02/10/2015 21:49:04] /addskill Imortall, level
[02/10/2015 21:49:04] /addskill Imortall, level
[02/10/2015 21:49:04] /addskill Imortall, level
[02/10/2015 21:49:04] /addskill Imortall, level
[02/10/2015 21:49:04] /addskill Imortall, level
[02/10/2015 21:49:04] /addskill Imortall, level
[02/10/2015 21:49:04] /addskill Imortall, level
[02/10/2015 21:49:04] /addskill Imortall, level
[02/10/2015 21:49:05] /addskill Imortall, level
[02/10/2015 21:49:05] /addskill Imortall, level
[02/10/2015 21:49:05] /addskill Imortall, level
[02/10/2015 21:49:05] /addskill Imortall, level
[02/10/2015 21:49:05] /addskill Imortall, level
[02/10/2015 21:49:05] /addskill Imortall, level
[02/10/2015 21:49:05] /addskill Imortall, level
[02/10/2015 21:49:05] /addskill Imortall, level
[02/10/2015 21:49:05] /addskill Imortall, level
[02/10/2015 21:49:05] /addskill Imortall, level
[02/10/2015 21:49:05] /addskill Imortall, level
[02/10/2015 21:49:05] /addskill Imortall, level
[02/10/2015 21:49:05] /addskill Imortall, level
[02/10/2015 21:49:05] /addskill Imortall, level
[02/10/2015 21:49:05] /addskill Imortall, level
[02/10/2015 21:49:05] /addskill Imortall, level
[02/10/2015 21:49:05] /addskill Imortall, level
[02/10/2015 21:49:05] /addskill Imortall, level
[02/10/2015 21:49:05] /addskill Imortall, level
[02/10/2015 21:49:05] /addskill Imortall, level
[02/10/2015 21:49:05] /addskill Imortall, level
[02/10/2015 21:49:05] /addskill Imortall, level
[02/10/2015 21:49:05] /addskill Imortall, level
[02/10/2015 21:49:05] /addskill Imortall, level
[02/10/2015 21:49:05] /addskill Imortall, level
[02/10/2015 21:49:05] /addskill Imortall, level
[02/10/2015 21:49:05] /addskill Imortall, level
[02/10/2015 21:49:05] /addskill Imortall, level
[02/10/2015 21:49:05] /addskill Imortall, level
[02/10/2015 21:49:05] /addskill Imortall, level
[02/10/2015 21:49:05] /addskill Imortall, level
[02/10/2015 21:49:06] /addskill Imortall, level
[02/10/2015 21:49:06] /addskill Imortall, level
[02/10/2015 21:49:06] /addskill Imortall, level
[02/10/2015 21:49:06] /addskill Imortall, level
[02/10/2015 21:49:06] /addskill Imortall, level
[02/10/2015 21:49:06] /addskill Imortall, level
[02/10/2015 21:49:06] /addskill Imortall, level
[02/10/2015 21:49:06] /addskill Imortall, level
[02/10/2015 21:49:06] /addskill Imortall, level
[02/10/2015 21:49:06] /addskill Imortall, level
[02/10/2015 21:49:06] /addskill Imortall, level
[02/10/2015 21:49:06] /addskill Imortall, level
[02/10/2015 21:49:06] /addskill Imortall, level
[02/10/2015 21:49:06] /addskill Imortall, level
[02/10/2015 21:49:06] /addskill Imortall, level
[02/10/2015 21:49:06] /addskill Imortall, level
[02/10/2015 21:49:06] /addskill Imortall, level
[02/10/2015 21:49:06] /addskill Imortall, level
[02/10/2015 21:49:06] /addskill Imortall, level
[02/10/2015 21:49:06] /addskill Imortall, level
[02/10/2015 21:49:06] /addskill Imortall, level
[02/10/2015 21:49:06] /addskill Imortall, level
[02/10/2015 21:49:06] /addskill Imortall, level
[02/10/2015 21:49:06] /addskill Imortall, level
[02/10/2015 21:49:06] /addskill Imortall, level
[02/10/2015 21:49:06] /addskill Imortall, level
[02/10/2015 21:49:06] /addskill Imortall, level
[02/10/2015 21:49:06] /addskill Imortall, level
[02/10/2015 21:49:07] /addskill Imortall, level
[02/10/2015 21:49:07] /addskill Imortall, level
[02/10/2015 21:49:07] /addskill Imortall, level
[02/10/2015 21:49:07] /addskill Imortall, level
[02/10/2015 21:49:07] /addskill Imortall, level
[02/10/2015 21:49:07] /addskill Imortall, level
[02/10/2015 21:49:07] /addskill Imortall, level
[02/10/2015 21:49:07] /addskill Imortall, level
[02/10/2015 21:49:07] /addskill Imortall, level
[02/10/2015 21:49:07] /addskill Imortall, level
[02/10/2015 21:49:07] /addskill Imortall, level
[02/10/2015 21:49:07] /addskill Imortall, level
[02/10/2015 21:49:07] /addskill Imortall, level
[02/10/2015 21:49:07] /addskill Imortall, level
[02/10/2015 21:49:07] /addskill Imortall, level
[02/10/2015 21:49:07] /addskill Imortall, level
[02/10/2015 21:49:07] /addskill Imortall, level
[02/10/2015 21:49:07] /addskill Imortall, level
[02/10/2015 21:49:07] /addskill Imortall, level
[02/10/2015 21:49:07] /addskill Imortall, level
[02/10/2015 21:49:07] /addskill Imortall, level
[02/10/2015 21:49:07] /addskill Imortall, level
[02/10/2015 21:49:07] /addskill Imortall, level
[02/10/2015 21:49:07] /addskill Imortall, level
[02/10/2015 21:49:07] /addskill Imortall, level
[02/10/2015 21:49:07] /addskill Imortall, level
[02/10/2015 21:49:08] /addskill Imortall, level
[02/10/2015 21:49:08] /addskill Imortall, level
[02/10/2015 21:49:08] /addskill Imortall, level
[02/10/2015 21:49:08] /addskill Imortall, level
[02/10/2015 21:49:08] /addskill Imortall, level
[02/10/2015 21:49:08] /addskill Imortall, level
[02/10/2015 21:49:08] /addskill Imortall, level
[02/10/2015 21:49:08] /addskill Imortall, level
[02/10/2015 21:49:08] /addskill Imortall, level
[02/10/2015 21:49:08] /addskill Imortall, level
[02/10/2015 21:49:08] /addskill Imortall, level
[02/10/2015 21:49:08] /addskill Imortall, level
[02/10/2015 21:49:08] /addskill Imortall, level
[02/10/2015 21:49:08] /addskill Imortall, level
[02/10/2015 21:49:08] /addskill Imortall, level
[02/10/2015 21:49:08] /addskill Imortall, level
[02/10/2015 21:49:08] /addskill Imortall, level
[02/10/2015 21:49:08] /addskill Imortall, level
[02/10/2015 21:49:08] /addskill Imortall, level
[02/10/2015 21:49:08] /addskill Imortall, level
[02/10/2015 21:49:08] /addskill Imortall, level
[02/10/2015 21:49:08] /addskill Imortall, level
[02/10/2015 21:49:08] /addskill Imortall, level
[02/10/2015 21:49:08] /addskill Imortall, level
[02/10/2015 21:49:08] /addskill Imortall, level
[02/10/2015 21:49:08] /addskill Imortall, level
[02/10/2015 21:49:08] /addskill Imortall, level
[02/10/2015 21:49:08] /addskill Imortall, level
[02/10/2015 21:49:08] /addskill Imortall, level
[02/10/2015 21:49:08] /addskill Imortall, level
[02/10/2015 21:49:09] /addskill Imortall, level
[02/10/2015 21:49:09] /addskill Imortall, level
[02/10/2015 21:49:09] /addskill Imortall, level
[02/10/2015 21:49:09] /addskill Imortall, level
[02/10/2015 21:49:09] /addskill Imortall, level
[02/10/2015 21:49:09] /addskill Imortall, level
[02/10/2015 21:49:09] /addskill Imortall, level
[02/10/2015 21:49:09] /addskill Imortall, level
[02/10/2015 21:49:09] /addskill Imortall, level
[02/10/2015 21:49:09] /addskill Imortall, level
[02/10/2015 21:49:09] /addskill Imortall, level
[02/10/2015 21:49:09] /addskill Imortall, level
[02/10/2015 21:49:09] /addskill Imortall, level
[02/10/2015 21:49:09] /addskill Imortall, level
[02/10/2015 21:49:09] /addskill Imortall, level
[02/10/2015 21:49:09] /addskill Imortall, level
[02/10/2015 21:49:09] /addskill Imortall, level
[02/10/2015 21:49:09] /addskill Imortall, level
[02/10/2015 21:49:09] /addskill Imortall, level
[02/10/2015 21:49:09] /addskill Imortall, level
[02/10/2015 21:49:09] /addskill Imortall, level
[02/10/2015 21:49:09] /addskill Imortall, level
[02/10/2015 21:49:09] /addskill Imortall, level
[02/10/2015 21:49:09] /addskill Imortall, level
[02/10/2015 21:49:09] /addskill Imortall, level
[02/10/2015 21:49:09] /addskill Imortall, level
[02/10/2015 21:49:09] /addskill Imortall, level
[02/10/2015 21:49:09] /addskill Imortall, level
[02/10/2015 21:49:09] /addskill Imortall, level
[02/10/2015 21:49:10] /addskill Imortall, level
[02/10/2015 21:49:10] /addskill Imortall, level
[02/10/2015 21:49:10] /addskill Imortall, level
[02/10/2015 21:49:10] /addskill Imortall, level
[02/10/2015 21:49:10] /addskill Imortall, level
[02/10/2015 21:49:10] /addskill Imortall, level
[02/10/2015 21:49:10] /addskill Imortall, level
[02/10/2015 21:49:10] /addskill Imortall, level
[02/10/2015 21:49:10] /addskill Imortall, level
[02/10/2015 21:49:10] /addskill Imortall, level
[02/10/2015 21:49:10] /addskill Imortall, level
[02/10/2015 21:49:10] /addskill Imortall, level
[02/10/2015 21:49:10] /addskill Imortall, level
[02/10/2015 21:49:10] /addskill Imortall, level
[02/10/2015 21:49:10] /addskill Imortall, level
[02/10/2015 21:49:10] /addskill Imortall, level
[02/10/2015 21:49:10] /addskill Imortall, level
[02/10/2015 21:49:10] /addskill Imortall, level
[02/10/2015 21:49:10] /addskill Imortall, level
[02/10/2015 21:49:10] /addskill Imortall, level
[02/10/2015 21:49:10] /addskill Imortall, level
[02/10/2015 21:49:10] /addskill Imortall, level
[02/10/2015 21:49:10] /addskill Imortall, level
[02/10/2015 21:49:10] /addskill Imortall, level
[02/10/2015 21:49:10] /addskill Imortall, level
[02/10/2015 21:49:38] /addskill Imortall, level
[02/10/2015 21:49:38] /addskill Imortall, level
[02/10/2015 21:49:39] /addskill Imortall, level
[02/10/2015 21:49:39] /addskill Imortall, level
[02/10/2015 21:49:39] /addskill Imortall, level
[02/10/2015 21:49:39] /addskill Imortall, level
[02/10/2015 21:49:39] /addskill Imortall, level
[02/10/2015 21:49:39] /addskill Imortall, level
[02/10/2015 21:49:39] /addskill Imortall, level
[02/10/2015 21:49:39] /addskill Imortall, level
[02/10/2015 21:49:39] /addskill Imortall, level
[02/10/2015 21:49:39] /addskill Imortall, level
[02/10/2015 21:49:39] /addskill Imortall, level
[02/10/2015 21:49:39] /addskill Imortall, level
[02/10/2015 21:49:39] /addskill Imortall, level
[02/10/2015 21:49:39] /addskill Imortall, level
[02/10/2015 21:49:39] /addskill Imortall, level
[02/10/2015 21:49:39] /addskill Imortall, level
[02/10/2015 21:49:39] /addskill Imortall, level
[02/10/2015 21:49:39] /addskill Imortall, level
[02/10/2015 21:49:39] /addskill Imortall, level
[02/10/2015 21:49:39] /addskill Imortall, level
[02/10/2015 21:49:39] /addskill Imortall, level
[02/10/2015 21:49:39] /addskill Imortall, level
[02/10/2015 21:49:39] /addskill Imortall, level
[02/10/2015 21:49:39] /addskill Imortall, level
[02/10/2015 21:49:39] /addskill Imortall, level
[02/10/2015 21:49:39] /addskill Imortall, level
[02/10/2015 21:49:39] /addskill Imortall, level
[02/10/2015 21:49:39] /addskill Imortall, level
[02/10/2015 21:49:39] /addskill Imortall, level
[02/10/2015 21:49:40] /addskill Imortall, level
[02/10/2015 21:49:40] /addskill Imortall, level
[02/10/2015 21:49:40] /addskill Imortall, level
[02/10/2015 21:49:40] /addskill Imortall, level
[02/10/2015 21:49:40] /addskill Imortall, level
[02/10/2015 21:49:40] /addskill Imortall, level
[02/10/2015 21:49:40] /addskill Imortall, level
[02/10/2015 21:49:40] /addskill Imortall, level
[02/10/2015 21:49:40] /addskill Imortall, level
[02/10/2015 21:49:40] /addskill Imortall, level
[02/10/2015 21:49:40] /addskill Imortall, level
[02/10/2015 21:49:40] /addskill Imortall, level
[02/10/2015 21:49:40] /addskill Imortall, level
[02/10/2015 21:49:40] /addskill Imortall, level
[02/10/2015 21:49:40] /addskill Imortall, level
[02/10/2015 21:49:40] /addskill Imortall, level
[02/10/2015 21:49:40] /addskill Imortall, level
[02/10/2015 21:49:40] /addskill Imortall, level
[02/10/2015 21:49:40] /addskill Imortall, level
[02/10/2015 21:49:40] /addskill Imortall, level
[02/10/2015 21:49:40] /addskill Imortall, level
[02/10/2015 21:49:40] /addskill Imortall, level
[02/10/2015 21:49:40] /addskill Imortall, level
[02/10/2015 21:49:40] /addskill Imortall, level
[02/10/2015 21:49:41] /addskill Imortall, level
[02/10/2015 21:49:41] /addskill Imortall, level
[02/10/2015 21:49:41] /addskill Imortall, level
[02/10/2015 21:49:41] /addskill Imortall, level
[02/10/2015 21:49:41] /addskill Imortall, level
[02/10/2015 21:49:41] /addskill Imortall, level
[02/10/2015 21:49:41] /addskill Imortall, level
[02/10/2015 21:49:41] /addskill Imortall, level
[02/10/2015 21:49:41] /addskill Imortall, level
[02/10/2015 21:49:41] /addskill Imortall, level
[02/10/2015 21:49:41] /addskill Imortall, level
[02/10/2015 21:49:41] /addskill Imortall, level
[02/10/2015 21:49:41] /addskill Imortall, level
[02/10/2015 21:49:41] /addskill Imortall, level
[02/10/2015 21:49:41] /addskill Imortall, level
[02/10/2015 21:49:41] /addskill Imortall, level
[02/10/2015 21:49:41] /addskill Imortall, level
[02/10/2015 21:49:41] /addskill Imortall, level
[02/10/2015 21:49:41] /addskill Imortall, level
[02/10/2015 21:49:41] /addskill Imortall, level
[02/10/2015 21:49:41] /addskill Imortall, level
[02/10/2015 21:49:41] /addskill Imortall, level
[02/10/2015 21:49:41] /addskill Imortall, level
[02/10/2015 21:49:41] /addskill Imortall, level
[02/10/2015 21:49:41] /addskill Imortall, level
[02/10/2015 21:49:41] /addskill Imortall, level
[02/10/2015 21:49:41] /addskill Imortall, level
[02/10/2015 21:49:41] /addskill Imortall, level
[02/10/2015 21:49:41] /addskill Imortall, level
[02/10/2015 21:49:41] /addskill Imortall, level
[02/10/2015 21:49:41] /addskill Imortall, level
[02/10/2015 21:49:41] /addskill Imortall, level
[02/10/2015 21:49:41] /addskill Imortall, level
[02/10/2015 21:49:42] /addskill Imortall, level
[02/10/2015 21:49:42] /addskill Imortall, level
[02/10/2015 21:49:42] /addskill Imortall, level
[02/10/2015 21:49:42] /addskill Imortall, level
[02/10/2015 21:49:42] /addskill Imortall, level
[02/10/2015 21:49:42] /addskill Imortall, level
[02/10/2015 21:49:42] /addskill Imortall, level
[02/10/2015 21:49:42] /addskill Imortall, level
[02/10/2015 21:49:42] /addskill Imortall, level
[02/10/2015 21:49:42] /addskill Imortall, level
[02/10/2015 21:49:42] /addskill Imortall, level
[02/10/2015 21:49:42] /addskill Imortall, level
[02/10/2015 21:49:42] /addskill Imortall, level
[02/10/2015 21:49:42] /addskill Imortall, level
[02/10/2015 21:49:42] /addskill Imortall, level
[02/10/2015 21:49:42] /addskill Imortall, level
[02/10/2015 21:49:42] /addskill Imortall, level
[02/10/2015 21:49:42] /addskill Imortall, level
[02/10/2015 21:49:42] /addskill Imortall, level
[02/10/2015 21:49:42] /addskill Imortall, level
[02/10/2015 21:49:42] /addskill Imortall, level
[02/10/2015 21:49:42] /addskill Imortall, level
[02/10/2015 21:49:42] /addskill Imortall, level
[02/10/2015 21:49:42] /addskill Imortall, level
[02/10/2015 21:49:42] /addskill Imortall, level
[02/10/2015 21:49:42] /addskill Imortall, level
[02/10/2015 21:49:42] /addskill Imortall, level
[02/10/2015 21:49:42] /addskill Imortall, level
[02/10/2015 21:49:42] /addskill Imortall, level
[02/10/2015 21:49:42] /addskill Imortall, level
[02/10/2015 21:49:43] /addskill Imortall, level
[02/10/2015 21:49:43] /addskill Imortall, level
[02/10/2015 21:49:43] /addskill Imortall, level
[02/10/2015 21:49:43] /addskill Imortall, level
[02/10/2015 21:49:43] /addskill Imortall, level
[02/10/2015 21:49:43] /addskill Imortall, level
[02/10/2015 21:49:43] /addskill Imortall, level
[02/10/2015 21:49:43] /addskill Imortall, level
[02/10/2015 21:49:43] /addskill Imortall, level
[02/10/2015 21:49:43] /addskill Imortall, level
[02/10/2015 21:49:43] /addskill Imortall, level
[02/10/2015 21:49:43] /addskill Imortall, level
[02/10/2015 21:49:43] /addskill Imortall, level
[02/10/2015 21:49:43] /addskill Imortall, level
[02/10/2015 21:49:43] /addskill Imortall, level
[02/10/2015 21:49:43] /addskill Imortall, level
[02/10/2015 21:49:43] /addskill Imortall, level
[02/10/2015 21:49:43] /addskill Imortall, level
[02/10/2015 21:49:43] /addskill Imortall, level
[02/10/2015 21:49:59] /addskill Imortall, level
[02/10/2015 21:49:59] /addskill Imortall, level
[02/10/2015 21:50:00] /addskill Imortall, level
[02/10/2015 21:50:00] /addskill Imortall, level
[02/10/2015 21:50:00] /addskill Imortall, level
[02/10/2015 21:50:01] /addskill Imortall, level
[02/10/2015 21:50:01] /addskill Imortall, level
[02/10/2015 21:50:02] /addskill Imortall, level
[02/10/2015 21:50:02] /addskill Imortall, level
[02/10/2015 21:50:02] /addskill Imortall, level
[02/10/2015 21:50:03] /addskill Imortall, level
[02/10/2015 21:59:06] /m gaara
[02/10/2015 21:59:07] /m gaara
[02/10/2015 21:59:08] /m gaara
[02/10/2015 21:59:09] /m gaara
[02/10/2015 21:59:10] /m gaara
[02/10/2015 21:59:10] /m gaara
[02/10/2015 21:59:11] /m gaara
[02/10/2015 21:59:12] /m gaara
[02/10/2015 21:59:12] /m gaara
[02/10/2015 21:59:13] /m gaara
[02/10/2015 21:59:13] /m gaara
[02/10/2015 22:00:07] /t
[02/10/2015 22:00:09] /c imortall
[02/10/2015 22:01:01] /c imortall
[02/10/2015 22:01:19] /c imortall
[02/10/2015 22:01:28] /m orochimaru
[02/10/2015 22:01:29] /m orochimaru
[02/10/2015 22:01:30] /m orochimaru
[02/10/2015 22:01:30] /m orochimaru
[02/10/2015 22:01:31] /m orochimaru
[02/10/2015 22:01:31] /m orochimaru
[02/10/2015 22:01:32] /m orochimaru
[02/10/2015 22:01:32] /m orochimaru
[02/10/2015 22:01:33] /m orochimaru
[02/10/2015 22:01:33] /m orochimaru
[02/10/2015 22:01:34] /m orochimaru
[02/10/2015 22:01:34] /m orochimaru
[02/10/2015 22:01:35] /m orochimaru
[02/10/2015 22:01:35] /m orochimaru
[02/10/2015 22:01:36] /m orochimaru
[02/10/2015 22:01:36] /m orochimaru
[02/10/2015 22:01:37] /m orochimaru
[02/10/2015 22:01:38] /m orochimaru
[02/10/2015 22:01:38] /m orochimaru
[02/10/2015 22:01:39] /m orochimaru
[02/10/2015 22:01:40] /m orochimaru
[02/10/2015 22:01:40] /m orochimaru
[02/10/2015 22:01:41] /m orochimaru
[02/10/2015 22:01:42] /c imortall
[02/10/2015 22:01:44] /a
[02/10/2015 22:01:49] /c imortall
[02/10/2015 22:02:19] /c imortall
[02/10/2015 22:02:21] /c imortall
[02/10/2015 22:02:22] /c imortall
[02/10/2015 22:02:22] /c imortall
[02/10/2015 22:02:22] /c imortall
[02/10/2015 22:02:22] /c imortall
[02/10/2015 22:02:22] /c imortall
[02/10/2015 22:02:22] /c imortall
[02/10/2015 22:02:22] /c imortall
[02/10/2015 22:02:22] /c imortall
[02/10/2015 22:02:22] /c imortall
[02/10/2015 22:02:22] /c imortall
[02/10/2015 22:02:22] /c imortall
[02/10/2015 22:02:22] /c imortall
[02/10/2015 22:02:22] /c imortall
[02/10/2015 22:02:22] /c imortall
[02/10/2015 22:02:22] /c imortall
[02/10/2015 22:02:22] /c imortall
[02/10/2015 22:02:23] /c imortall
[02/10/2015 22:02:23] /c imortall
[02/10/2015 22:02:23] /c imortall
[02/10/2015 22:02:23] /c imortall
[02/10/2015 22:02:23] /c imortall
[02/10/2015 22:02:23] /c imortall
[02/10/2015 22:02:23] /c imortall
[02/10/2015 22:02:23] /c imortall
[02/10/2015 22:02:23] /c imortall
[02/10/2015 22:02:23] /c imortall
[02/10/2015 22:02:23] /c imortall
[02/10/2015 22:02:23] /c imortall
[02/10/2015 22:02:23] /c imortall
[02/10/2015 22:02:23] /c imortall
[02/10/2015 22:02:23] /c imortall
[02/10/2015 22:02:23] /c imortall
[02/10/2015 22:02:23] /c imortall
[02/10/2015 22:02:23] /c imortall
[02/10/2015 22:02:23] /c imortall
[02/10/2015 22:02:23] /c imortall
[02/10/2015 22:02:23] /c imortall
[02/10/2015 22:02:23] /c imortall
[02/10/2015 22:02:23] /c imortall
[02/10/2015 22:02:23] /c imortall
[02/10/2015 22:02:23] /c imortall
[02/10/2015 22:02:23] /c imortall
[02/10/2015 22:02:23] /c imortall
[02/10/2015 22:02:24] /c imortall
[02/10/2015 22:02:24] /c imortall
[02/10/2015 22:02:24] /c imortall
[02/10/2015 22:02:24] /c imortall
[02/10/2015 22:02:24] /c imortall
[02/10/2015 22:02:24] /c imortall
[02/10/2015 22:02:24] /c imortall
[02/10/2015 22:02:24] /c imortall
[02/10/2015 22:02:24] /c imortall
[02/10/2015 22:02:24] /c imortall
[02/10/2015 22:02:24] /c imortall
[02/10/2015 22:02:24] /c imortall
[02/10/2015 22:02:24] /c imortall
[02/10/2015 22:02:24] /c imortall
[02/10/2015 22:02:24] /c imortall
[02/10/2015 22:02:24] /c imortall
[02/10/2015 22:02:24] /c imortall
[02/10/2015 22:02:24] /c imortall
[02/10/2015 22:02:24] /c imortall
[02/10/2015 22:02:24] /c imortall
[02/10/2015 22:02:24] /c imortall
[02/10/2015 22:02:24] /c imortall
[02/10/2015 22:02:24] /c imortall
[02/10/2015 22:02:24] /c imortall
[02/10/2015 22:02:24] /c imortall
[02/10/2015 22:02:24] /c imortall
[02/10/2015 22:02:24] /c imortall
[02/10/2015 22:02:25] /c imortall
[02/10/2015 22:02:25] /c imortall
[02/10/2015 22:02:25] /c imortall
[02/10/2015 22:02:25] /c imortall
[02/10/2015 22:02:25] /c imortall
[02/10/2015 22:02:25] /c imortall
[02/10/2015 22:02:25] /c imortall
[02/10/2015 22:02:25] /c imortall
[02/10/2015 22:02:25] /c imortall
[02/10/2015 22:02:25] /c imortall
[02/10/2015 22:02:25] /c imortall
[02/10/2015 22:02:25] /c imortall
[02/10/2015 22:02:25] /c imortall
[02/10/2015 22:02:25] /c imortall
[02/10/2015 22:02:25] /c imortall
[02/10/2015 22:02:25] /c imortall
[02/10/2015 22:02:25] /c imortall
[02/10/2015 22:02:25] /c imortall
[02/10/2015 22:02:25] /c imortall
[02/10/2015 22:02:25] /c imortall
[02/10/2015 22:02:25] /c imortall
[02/10/2015 22:02:25] /c imortall
[02/10/2015 22:02:25] /c imortall
[02/10/2015 22:02:25] /c imortall
[02/10/2015 22:02:25] /c imortall
[02/10/2015 22:02:25] /c imortall
[02/10/2015 22:02:25] /c imortall
[02/10/2015 22:02:25] /c imortall
[02/10/2015 22:02:25] /c imortall
[02/10/2015 22:02:25] /c imortall
[02/10/2015 22:02:25] /c imortall
[02/10/2015 22:02:25] /c imortall
[02/10/2015 22:02:25] /c imortall
[02/10/2015 22:02:26] /c imortall
[02/10/2015 22:02:26] /c imortall
[02/10/2015 22:02:26] /c imortall
[02/10/2015 22:02:26] /c imortall
[02/10/2015 22:02:26] /c imortall
[02/10/2015 22:02:26] /c imortall
[02/10/2015 22:02:26] /c imortall
[02/10/2015 22:02:26] /c imortall
[02/10/2015 22:02:26] /c imortall
[02/10/2015 22:02:26] /c imortall
[02/10/2015 22:02:26] /c imortall
[02/10/2015 22:02:26] /c imortall
[02/10/2015 22:02:26] /c imortall
[02/10/2015 22:02:26] /c imortall
[02/10/2015 22:02:26] /c imortall
[02/10/2015 22:02:26] /c imortall
[02/10/2015 22:02:26] /c imortall
[02/10/2015 22:02:26] /c imortall
[02/10/2015 22:02:26] /c imortall
[02/10/2015 22:02:26] /c imortall
[02/10/2015 22:02:26] /c imortall
[02/10/2015 22:02:26] /c imortall
[02/10/2015 22:02:26] /c imortall
[02/10/2015 22:02:27] /c imortall
[02/10/2015 22:02:27] /c imortall
[02/10/2015 22:02:27] /c imortall
[02/10/2015 22:02:27] /c imortall
[02/10/2015 22:02:27] /c imortall
[02/10/2015 22:02:27] /c imortall
[02/10/2015 22:02:27] /c imortall
[02/10/2015 22:02:27] /c imortall
[02/10/2015 22:02:27] /c imortall
[02/10/2015 22:02:27] /c imortall
[02/10/2015 22:02:27] /c imortall
[02/10/2015 22:02:27] /c imortall
[02/10/2015 22:02:27] /c imortall
[02/10/2015 22:02:27] /c imortall
[02/10/2015 22:02:27] /c imortall
[02/10/2015 22:02:27] /c imortall
[02/10/2015 22:02:27] /c imortall
[02/10/2015 22:02:27] /c imortall
[02/10/2015 22:02:27] /c imortall
[02/10/2015 22:02:27] /c imortall
[02/10/2015 22:02:27] /c imortall
[02/10/2015 22:02:27] /c imortall
[02/10/2015 22:02:27] /c imortall
[02/10/2015 22:02:27] /c imortall
[02/10/2015 22:02:27] /c imortall
[02/10/2015 22:02:27] /c imortall
[02/10/2015 22:02:27] /c imortall
[02/10/2015 22:02:27] /c imortall
[02/10/2015 22:02:27] /c imortall
[02/10/2015 22:02:27] /c imortall
[02/10/2015 22:02:27] /c imortall
[02/10/2015 22:02:27] /c imortall
[02/10/2015 22:02:28] /c imortall
[02/10/2015 22:02:28] /c imortall
[02/10/2015 22:02:28] /c imortall
[02/10/2015 22:02:28] /c imortall
[02/10/2015 22:02:28] /c imortall
[02/10/2015 22:02:28] /c imortall
[02/10/2015 22:02:28] /c imortall
[02/10/2015 22:02:28] /c imortall
[02/10/2015 22:02:28] /c imortall
[02/10/2015 22:02:28] /c imortall
[02/10/2015 22:02:28] /c imortall
[02/10/2015 22:02:28] /c imortall
[02/10/2015 22:02:28] /c imortall
[02/10/2015 22:02:28] /c imortall
[02/10/2015 22:02:28] /c imortall
[02/10/2015 22:02:28] /c imortall
[02/10/2015 22:02:28] /c imortall
[02/10/2015 22:02:28] /c imortall
[02/10/2015 22:02:28] /c imortall
[02/10/2015 22:02:28] /c imortall
[02/10/2015 22:02:28] /c imortall
[02/10/2015 22:02:28] /c imortall
[02/10/2015 22:02:28] /c imortall
[02/10/2015 22:02:28] /c imortall
[02/10/2015 22:02:28] /c imortall
[02/10/2015 22:02:28] /c imortall
[02/10/2015 22:02:28] /c imortall
[02/10/2015 22:02:28] /c imortall
[02/10/2015 22:02:28] /c imortall
[02/10/2015 22:02:28] /c imortall
[02/10/2015 22:02:28] /c imortall
[02/10/2015 22:02:29] /c imortall
[02/10/2015 22:02:29] /c imortall
[02/10/2015 22:02:29] /c imortall
[02/10/2015 22:02:29] /c imortall
[02/10/2015 22:02:29] /c imortall
[02/10/2015 22:02:29] /c imortall
[02/10/2015 22:02:29] /c imortall
[02/10/2015 22:02:29] /c imortall
[02/10/2015 22:02:29] /c imortall
[02/10/2015 22:02:29] /c imortall
[02/10/2015 22:02:29] /c imortall
[02/10/2015 22:02:29] /c imortall
[02/10/2015 22:02:29] /c imortall
[02/10/2015 22:02:29] /c imortall
[02/10/2015 22:02:29] /c imortall
[02/10/2015 22:02:29] /c imortall
[02/10/2015 22:02:29] /c imortall
[02/10/2015 22:02:29] /c imortall
[02/10/2015 22:02:29] /c imortall
[02/10/2015 22:02:29] /c imortall
[02/10/2015 22:02:29] /c imortall
[02/10/2015 22:02:29] /c imortall
[02/10/2015 22:02:29] /c imortall
[02/10/2015 22:02:30] /c imortall
[02/10/2015 22:02:30] /c imortall
[02/10/2015 22:02:30] /c imortall
[02/10/2015 22:02:30] /c imortall
[02/10/2015 22:02:30] /c imortall
[02/10/2015 22:02:30] /c imortall
[02/10/2015 22:02:30] /c imortall
[02/10/2015 22:02:30] /c imortall
[02/10/2015 22:02:30] /c imortall
[02/10/2015 22:02:30] /c imortall
[02/10/2015 22:02:30] /c imortall
[02/10/2015 22:02:30] /c imortall
[02/10/2015 22:02:30] /c imortall
[02/10/2015 22:02:30] /c imortall
[02/10/2015 22:02:30] /c imortall
[02/10/2015 22:02:30] /c imortall
[02/10/2015 22:02:30] /c imortall
[02/10/2015 22:02:30] /c imortall
[02/10/2015 22:02:30] /c imortall
[02/10/2015 22:02:30] /c imortall
[02/10/2015 22:02:30] /c imortall
[02/10/2015 22:02:30] /c imortall
[02/10/2015 22:02:30] /c imortall
[02/10/2015 22:02:30] /c imortall
[02/10/2015 22:02:30] /c imortall
[02/10/2015 22:02:30] /c imortall
[02/10/2015 22:02:30] /c imortall
[02/10/2015 22:02:30] /c imortall
[02/10/2015 22:02:30] /c imortall
[02/10/2015 22:02:30] /c imortall
[02/10/2015 22:02:30] /c imortall
[02/10/2015 22:02:30] /c imortall
[02/10/2015 22:02:30] /c imortall
[02/10/2015 22:02:31] /c imortall
[02/10/2015 22:02:31] /c imortall
[02/10/2015 22:02:31] /c imortall
[02/10/2015 22:02:31] /c imortall
[02/10/2015 22:02:31] /c imortall
[02/10/2015 22:02:31] /c imortall
[02/10/2015 22:02:31] /c imortall
[02/10/2015 22:02:31] /c imortall
[02/10/2015 22:02:31] /c imortall
[02/10/2015 22:02:31] /c imortall
[02/10/2015 22:02:31] /c imortall
[02/10/2015 22:02:31] /c imortall
[02/10/2015 22:02:31] /c imortall
[02/10/2015 22:02:31] /c imortall
[02/10/2015 22:02:31] /c imortall
[02/10/2015 22:02:31] /c imortall
[02/10/2015 22:02:31] /c imortall
[02/10/2015 22:02:31] /c imortall
[02/10/2015 22:02:31] /c imortall
[02/10/2015 22:02:31] /c imortall
[02/10/2015 22:02:31] /c imortall
[02/10/2015 22:02:31] /c imortall
[02/10/2015 22:02:31] /c imortall
[02/10/2015 22:02:31] /c imortall
[02/10/2015 22:02:31] /c imortall
[02/10/2015 22:02:31] /c imortall
[02/10/2015 22:02:31] /c imortall
[02/10/2015 22:02:31] /c imortall
[02/10/2015 22:02:32] /c imortall
[02/10/2015 22:02:32] /c imortall
[02/10/2015 22:02:32] /c imortall
[02/10/2015 22:02:32] /c imortall
[02/10/2015 22:02:32] /c imortall
[02/10/2015 22:02:32] /c imortall
[02/10/2015 22:02:32] /c imortall
[02/10/2015 22:02:32] /c imortall
[02/10/2015 22:02:32] /c imortall
[02/10/2015 22:02:32] /c imortall
[02/10/2015 22:02:32] /c imortall
[02/10/2015 22:02:32] /c imortall
[02/10/2015 22:02:32] /c imortall
[02/10/2015 22:02:32] /c imortall
[02/10/2015 22:02:32] /c imortall
[02/10/2015 22:02:32] /c imortall
[02/10/2015 22:02:32] /c imortall
[02/10/2015 22:02:32] /c imortall
[02/10/2015 22:02:32] /c imortall
[02/10/2015 22:02:32] /c imortall
[02/10/2015 22:02:32] /c imortall
[02/10/2015 22:02:32] /c imortall
[02/10/2015 22:02:32] /c imortall
[02/10/2015 22:02:32] /c imortall
[02/10/2015 22:02:32] /c imortall
[02/10/2015 22:02:32] /c imortall
[02/10/2015 22:02:32] /c imortall
[02/10/2015 22:02:33] /c imortall
[02/10/2015 22:02:33] /c imortall
[02/10/2015 22:02:33] /c imortall
[02/10/2015 22:02:33] /c imortall
[02/10/2015 22:02:33] /c imortall
[02/10/2015 22:02:33] /c imortall
[02/10/2015 22:02:33] /c imortall
[02/10/2015 22:02:33] /c imortall
[02/10/2015 22:02:33] /c imortall
[02/10/2015 22:02:33] /c imortall
[02/10/2015 22:02:33] /c imortall
[02/10/2015 22:02:33] /c imortall
[02/10/2015 22:02:33] /c imortall
[02/10/2015 22:02:33] /c imortall
[02/10/2015 22:02:33] /c imortall
[02/10/2015 22:02:33] /c imortall
[02/10/2015 22:02:33] /c imortall
[02/10/2015 22:02:33] /c imortall
[02/10/2015 22:02:33] /c imortall
[02/10/2015 22:02:33] /c imortall
[02/10/2015 22:02:33] /c imortall
[02/10/2015 22:02:33] /c imortall
[02/10/2015 22:02:33] /c imortall
[02/10/2015 22:02:33] /c imortall
[02/10/2015 22:02:33] /c imortall
[02/10/2015 22:02:33] /c imortall
[02/10/2015 22:02:33] /c imortall
[02/10/2015 22:02:33] /c imortall
[02/10/2015 22:02:33] /c imortall
[02/10/2015 22:02:34] /c imortall
[02/10/2015 22:02:34] /c imortall
[02/10/2015 22:02:34] /c imortall
[02/10/2015 22:02:34] /c imortall
[02/10/2015 22:02:34] /c imortall
[02/10/2015 22:02:34] /c imortall
[02/10/2015 22:02:34] /c imortall
[02/10/2015 22:02:34] /c imortall
[02/10/2015 22:02:34] /c imortall
[02/10/2015 22:02:34] /c imortall
[02/10/2015 22:02:34] /c imortall
[02/10/2015 22:02:34] /c imortall
[02/10/2015 22:02:34] /c imortall
[02/10/2015 22:02:34] /c imortall
[02/10/2015 22:02:34] /c imortall
[02/10/2015 22:02:34] /c imortall
[02/10/2015 22:02:34] /c imortall
[02/10/2015 22:02:34] /c imortall
[02/10/2015 22:02:34] /c imortall
[02/10/2015 22:02:34] /c imortall
[02/10/2015 22:02:34] /c imortall
[02/10/2015 22:02:34] /c imortall
[02/10/2015 22:02:34] /c imortall
[02/10/2015 22:02:34] /c imortall
[02/10/2015 22:02:34] /c imortall
[02/10/2015 22:02:34] /c imortall
[02/10/2015 22:02:34] /c imortall
[02/10/2015 22:02:34] /c imortall
[02/10/2015 22:02:35] /c imortall
[02/10/2015 22:02:35] /c imortall
[02/10/2015 22:02:35] /c imortall
[02/10/2015 22:02:35] /c imortall
[02/10/2015 22:02:35] /c imortall
[02/10/2015 22:02:35] /c imortall
[02/10/2015 22:02:35] /c imortall
[02/10/2015 22:02:35] /c imortall
[02/10/2015 22:02:35] /c imortall
[02/10/2015 22:02:35] /c imortall
[02/10/2015 22:02:35] /c imortall
[02/10/2015 22:02:35] /c imortall
[02/10/2015 22:02:35] /c imortall
[02/10/2015 22:02:35] /c imortall
[02/10/2015 22:02:35] /c imortall
[02/10/2015 22:02:35] /c imortall
[02/10/2015 22:02:35] /c imortall
[02/10/2015 22:02:35] /c imortall
[02/10/2015 22:02:35] /c imortall
[02/10/2015 22:02:35] /c imortall
[02/10/2015 22:02:35] /c imortall
[02/10/2015 22:02:35] /c imortall
[02/10/2015 22:02:35] /c imortall
[02/10/2015 22:02:35] /c imortall
[02/10/2015 22:02:35] /c imortall
[02/10/2015 22:02:35] /c imortall
[02/10/2015 22:02:35] /c imortall
[02/10/2015 22:02:35] /c imortall
[02/10/2015 22:02:35] /c imortall
[02/10/2015 22:02:35] /c imortall
[02/10/2015 22:02:35] /c imortall
[02/10/2015 22:02:36] /c imortall
[02/10/2015 22:02:36] /c imortall
[02/10/2015 22:02:36] /c imortall
[02/10/2015 22:02:36] /c imortall
[02/10/2015 22:02:36] /c imortall
[02/10/2015 22:02:36] /c imortall
[02/10/2015 22:02:36] /c imortall
[02/10/2015 22:02:36] /c imortall
[02/10/2015 22:02:36] /c imortall
[02/10/2015 22:02:36] /c imortall
[02/10/2015 22:02:36] /c imortall
[02/10/2015 22:02:36] /c imortall
[02/10/2015 22:02:36] /c imortall
[02/10/2015 22:02:36] /c imortall
[02/10/2015 22:02:36] /c imortall
[02/10/2015 22:02:36] /c imortall
[02/10/2015 22:02:36] /c imortall
[02/10/2015 22:02:36] /c imortall
[02/10/2015 22:02:36] /c imortall
[02/10/2015 22:02:36] /c imortall
[02/10/2015 22:02:36] /c imortall
[02/10/2015 22:02:36] /c imortall
[02/10/2015 22:02:36] /c imortall
[02/10/2015 22:02:36] /c imortall
[02/10/2015 22:02:36] /c imortall
[02/10/2015 22:02:36] /c imortall
[02/10/2015 22:02:36] /c imortall
[02/10/2015 22:02:36] /c imortall
[02/10/2015 22:02:36] /c imortall
[02/10/2015 22:02:37] /c imortall
[02/10/2015 22:02:37] /c imortall
[02/10/2015 22:02:37] /c imortall
[02/10/2015 22:02:37] /c imortall
[02/10/2015 22:02:37] /c imortall
[02/10/2015 22:02:37] /c imortall
[02/10/2015 22:02:37] /c imortall
[02/10/2015 22:02:37] /c imortall
[02/10/2015 22:02:37] /c imortall
[02/10/2015 22:02:37] /c imortall
[02/10/2015 22:02:37] /c imortall
[02/10/2015 22:02:37] /c imortall
[02/10/2015 22:02:37] /c imortall
[02/10/2015 22:02:37] /c imortall
[02/10/2015 22:02:37] /c imortall
[02/10/2015 22:02:37] /c imortall
[02/10/2015 22:02:37] /c imortall
[02/10/2015 22:02:37] /c imortall
[02/10/2015 22:02:37] /c imortall
[02/10/2015 22:02:37] /c imortall
[02/10/2015 22:02:37] /c imortall
[02/10/2015 22:02:37] /c imortall
[02/10/2015 22:02:37] /c imortall
[02/10/2015 22:02:38] /c imortall
[02/10/2015 22:02:38] /c imortall
[02/10/2015 22:02:38] /c imortall
[02/10/2015 22:02:38] /c imortall
[02/10/2015 22:02:38] /c imortall
[02/10/2015 22:02:38] /c imortall
[02/10/2015 22:02:38] /c imortall
[02/10/2015 22:02:38] /c imortall
[02/10/2015 22:02:38] /c imortall
[02/10/2015 22:02:38] /c imortall
[02/10/2015 22:02:38] /c imortall
[02/10/2015 22:02:38] /c imortall
[02/10/2015 22:02:38] /c imortall
[02/10/2015 22:02:38] /c imortall
[02/10/2015 22:02:38] /c imortall
[02/10/2015 22:02:38] /c imortall
[02/10/2015 22:02:38] /c imortall
[02/10/2015 22:02:38] /c imortall
[02/10/2015 22:02:38] /c imortall
[02/10/2015 22:02:38] /c imortall
[02/10/2015 22:02:38] /c imortall
[02/10/2015 22:02:38] /c imortall
[02/10/2015 22:02:38] /c imortall
[02/10/2015 22:02:38] /c imortall
[02/10/2015 22:02:38] /c imortall
[02/10/2015 22:02:38] /c imortall
[02/10/2015 22:02:38] /c imortall
[02/10/2015 22:02:38] /c imortall
[02/10/2015 22:02:38] /c imortall
[02/10/2015 22:02:38] /c imortall
[02/10/2015 22:02:38] /c imortall
[02/10/2015 22:02:38] /c imortall
[02/10/2015 22:02:38] /c imortall
[02/10/2015 22:02:39] /c imortall
[02/10/2015 22:02:39] /c imortall
[02/10/2015 22:02:39] /c imortall
[02/10/2015 22:02:39] /c imortall
[02/10/2015 22:02:39] /c imortall
[02/10/2015 22:02:39] /c imortall
[02/10/2015 22:02:39] /c imortall
[02/10/2015 22:02:39] /c imortall
[02/10/2015 22:02:39] /c imortall
[02/10/2015 22:02:39] /c imortall
[02/10/2015 22:02:39] /c imortall
[02/10/2015 22:02:39] /c imortall
[02/10/2015 22:02:39] /c imortall
[02/10/2015 22:02:39] /c imortall
[02/10/2015 22:02:39] /c imortall
[02/10/2015 22:02:39] /c imortall
[02/10/2015 22:02:39] /c imortall
[02/10/2015 22:02:39] /c imortall
[02/10/2015 22:02:39] /c imortall
[02/10/2015 22:02:39] /c imortall
[02/10/2015 22:02:39] /c imortall
[02/10/2015 22:02:39] /c imortall
[02/10/2015 22:02:39] /c imortall
[02/10/2015 22:02:39] /c imortall
[02/10/2015 22:02:39] /c imortall
[02/10/2015 22:02:39] /c imortall
[02/10/2015 22:02:39] /c imortall
[02/10/2015 22:02:40] /c imortall
[02/10/2015 22:02:40] /c imortall
[02/10/2015 22:02:40] /c imortall
[02/10/2015 22:02:40] /c imortall
[02/10/2015 22:02:40] /c imortall
[02/10/2015 22:02:40] /c imortall
[02/10/2015 22:02:40] /c imortall
[02/10/2015 22:02:40] /c imortall
[02/10/2015 22:02:40] /c imortall
[02/10/2015 22:02:40] /c imortall
[02/10/2015 22:02:40] /c imortall
[02/10/2015 22:02:40] /c imortall
[02/10/2015 22:02:40] /c imortall
[02/10/2015 22:02:40] /c imortall
[02/10/2015 22:02:40] /c imortall
[02/10/2015 22:02:40] /c imortall
[02/10/2015 22:02:40] /c imortall
[02/10/2015 22:02:40] /c imortall
[02/10/2015 22:02:40] /c imortall
[02/10/2015 22:02:40] /c imortall
[02/10/2015 22:02:40] /c imortall
[02/10/2015 22:02:40] /c imortall
[02/10/2015 22:02:40] /c imortall
[02/10/2015 22:02:40] /c imortall
[02/10/2015 22:02:40] /c imortall
[02/10/2015 22:02:40] /c imortall
[02/10/2015 22:02:40] /c imortall
[02/10/2015 22:02:41] /c imortall
[02/10/2015 22:02:41] /c imortall
[02/10/2015 22:02:41] /c imortall
[02/10/2015 22:02:41] /c imortall
[02/10/2015 22:02:41] /c imortall
[02/10/2015 22:02:41] /c imortall
[02/10/2015 22:02:41] /c imortall
[02/10/2015 22:02:41] /c imortall
[02/10/2015 22:02:41] /c imortall
[02/10/2015 22:02:41] /c imortall
[02/10/2015 22:02:41] /c imortall
[02/10/2015 22:02:41] /c imortall
[02/10/2015 22:02:41] /c imortall
[02/10/2015 22:02:41] /c imortall
[02/10/2015 22:02:41] /c imortall
[02/10/2015 22:02:41] /c imortall
[02/10/2015 22:02:41] /c imortall
[02/10/2015 22:02:41] /c imortall
[02/10/2015 22:02:41] /c imortall
[02/10/2015 22:02:41] /c imortall
[02/10/2015 22:02:41] /c imortall
[02/10/2015 22:02:41] /c imortall
[02/10/2015 22:02:41] /c imortall
[02/10/2015 22:02:41] /c imortall
[02/10/2015 22:02:41] /c imortall
[02/10/2015 22:02:41] /c imortall
[02/10/2015 22:02:41] /c imortall
[02/10/2015 22:02:41] /c imortall
[02/10/2015 22:02:41] /c imortall
[02/10/2015 22:02:41] /c imortall
[02/10/2015 22:02:41] /c imortall
[02/10/2015 22:02:42] /c imortall
[02/10/2015 22:02:42] /c imortall
[02/10/2015 22:02:42] /c imortall
[02/10/2015 22:02:42] /c imortall
[02/10/2015 22:02:42] /c imortall
[02/10/2015 22:02:42] /c imortall
[02/10/2015 22:02:42] /c imortall
[02/10/2015 22:02:42] /c imortall
[02/10/2015 22:02:42] /c imortall
[02/10/2015 22:02:42] /c imortall
[02/10/2015 22:02:42] /c imortall
[02/10/2015 22:02:42] /c imortall
[02/10/2015 22:02:42] /c imortall
[02/10/2015 22:02:42] /c imortall
[02/10/2015 22:02:42] /c imortall
[02/10/2015 22:02:42] /c imortall
[02/10/2015 22:02:42] /c imortall
[02/10/2015 22:02:42] /c imortall
[02/10/2015 22:02:42] /c imortall
[02/10/2015 22:02:42] /c imortall
[02/10/2015 22:02:42] /c imortall
[02/10/2015 22:02:42] /c imortall
[02/10/2015 22:02:42] /c imortall
[02/10/2015 22:02:42] /c imortall
[02/10/2015 22:02:42] /c imortall
[02/10/2015 22:02:42] /c imortall
[02/10/2015 22:02:42] /c imortall
[02/10/2015 22:02:42] /c imortall
[02/10/2015 22:02:42] /c imortall
[02/10/2015 22:02:42] /c imortall
[02/10/2015 22:02:43] /c imortall
[02/10/2015 22:02:43] /c imortall
[02/10/2015 22:02:43] /c imortall
[02/10/2015 22:02:43] /c imortall
[02/10/2015 22:02:43] /c imortall
[02/10/2015 22:02:43] /c imortall
[02/10/2015 22:02:43] /c imortall
[02/10/2015 22:02:43] /c imortall
[02/10/2015 22:02:43] /c imortall
[02/10/2015 22:02:43] /c imortall
[02/10/2015 22:02:43] /c imortall
[02/10/2015 22:02:43] /c imortall
[02/10/2015 22:02:43] /c imortall
[02/10/2015 22:02:43] /c imortall
[02/10/2015 22:02:43] /c imortall
[02/10/2015 22:02:43] /c imortall
[02/10/2015 22:02:43] /c imortall
[02/10/2015 22:02:43] /c imortall
[02/10/2015 22:02:43] /c imortall
[02/10/2015 22:02:43] /c imortall
[02/10/2015 22:02:43] /c imortall
[02/10/2015 22:02:43] /c imortall
[02/10/2015 22:02:43] /c imortall
[02/10/2015 22:02:43] /c imortall
[02/10/2015 22:02:43] /c imortall
[02/10/2015 22:02:43] /c imortall
[02/10/2015 22:02:43] /c imortall
[02/10/2015 22:02:43] /c imortall
[02/10/2015 22:02:44] /c imortall
[02/10/2015 22:02:44] /c imortall
[02/10/2015 22:02:44] /c imortall
[02/10/2015 22:02:44] /c imortall
[02/10/2015 22:02:44] /c imortall
[02/10/2015 22:02:44] /c imortall
[02/10/2015 22:02:44] /c imortall
[02/10/2015 22:02:44] /c imortall
[02/10/2015 22:02:44] /c imortall
[02/10/2015 22:02:44] /c imortall
[02/10/2015 22:02:44] /c imortall
[02/10/2015 22:02:44] /c imortall
[02/10/2015 22:02:44] /c imortall
[02/10/2015 22:02:44] /c imortall
[02/10/2015 22:02:44] /c imortall
[02/10/2015 22:02:44] /c imortall
[02/10/2015 22:02:44] /c imortall
[02/10/2015 22:02:44] /c imortall
[02/10/2015 22:02:44] /c imortall
[02/10/2015 22:02:44] /c imortall
[02/10/2015 22:02:44] /c imortall
[02/10/2015 22:02:44] /c imortall
[02/10/2015 22:02:44] /c imortall
[02/10/2015 22:02:44] /c imortall
[02/10/2015 22:02:44] /c imortall
[02/10/2015 22:02:44] /c imortall
[02/10/2015 22:02:44] /c imortall
[02/10/2015 22:02:44] /c imortall
[02/10/2015 22:02:44] /c imortall
[02/10/2015 22:02:44] /c imortall
[02/10/2015 22:02:45] /c imortall
[02/10/2015 22:02:45] /c imortall
[02/10/2015 22:02:45] /c imortall
[02/10/2015 22:02:45] /c imortall
[02/10/2015 22:02:45] /c imortall
[02/10/2015 22:02:45] /c imortall
[02/10/2015 22:02:45] /c imortall
[02/10/2015 22:02:45] /c imortall
[02/10/2015 22:02:45] /c imortall
[02/10/2015 22:02:45] /c imortall
[02/10/2015 22:02:45] /c imortall
[02/10/2015 22:02:45] /c imortall
[02/10/2015 22:02:45] /c imortall
[02/10/2015 22:02:45] /c imortall
[02/10/2015 22:02:45] /c imortall
[02/10/2015 22:02:45] /c imortall
[02/10/2015 22:02:45] /c imortall
[02/10/2015 22:02:45] /c imortall
[02/10/2015 22:02:45] /c imortall
[02/10/2015 22:02:45] /c imortall
[02/10/2015 22:02:45] /c imortall
[02/10/2015 22:02:45] /c imortall
[02/10/2015 22:02:45] /c imortall
[02/10/2015 22:02:45] /c imortall
[02/10/2015 22:02:45] /c imortall
[02/10/2015 22:02:45] /c imortall
[02/10/2015 22:02:45] /c imortall
[02/10/2015 22:02:46] /c imortall
[02/10/2015 22:02:46] /c imortall
[02/10/2015 22:02:46] /c imortall
[02/10/2015 22:02:46] /c imortall
[02/10/2015 22:02:46] /c imortall
[02/10/2015 22:02:46] /c imortall
[02/10/2015 22:02:46] /c imortall
[02/10/2015 22:02:46] /c imortall
[02/10/2015 22:02:46] /c imortall
[02/10/2015 22:02:46] /c imortall
[02/10/2015 22:02:46] /c imortall
[02/10/2015 22:02:46] /c imortall
[02/10/2015 22:02:46] /c imortall
[02/10/2015 22:02:46] /c imortall
[02/10/2015 22:02:46] /c imortall
[02/10/2015 22:02:46] /c imortall
[02/10/2015 22:02:46] /c imortall
[02/10/2015 22:02:46] /c imortall
[02/10/2015 22:02:46] /c imortall
[02/10/2015 22:02:46] /c imortall
[02/10/2015 22:02:46] /c imortall
[02/10/2015 22:02:46] /c imortall
[02/10/2015 22:02:46] /c imortall
[02/10/2015 22:02:46] /c imortall
[02/10/2015 22:02:46] /c imortall
[02/10/2015 22:02:46] /c imortall
[02/10/2015 22:02:46] /c imortall
[02/10/2015 22:02:46] /c imortall
[02/10/2015 22:02:47] /c imortall
[02/10/2015 22:02:47] /c imortall
[02/10/2015 22:02:47] /c imortall
[02/10/2015 22:02:47] /c imortall
[02/10/2015 22:02:47] /c imortall
[02/10/2015 22:02:47] /c imortall
[02/10/2015 22:02:47] /c imortall
[02/10/2015 22:02:47] /c imortall
[02/10/2015 22:02:47] /c imortall
[02/10/2015 22:02:47] /c imortall
[02/10/2015 22:02:47] /c imortall
[02/10/2015 22:02:47] /c imortall
[02/10/2015 22:02:47] /c imortall
[02/10/2015 22:02:47] /c imortall
[02/10/2015 22:02:47] /c imortall
[02/10/2015 22:02:47] /c imortall
[02/10/2015 22:02:47] /c imortall
[02/10/2015 22:02:47] /c imortall
[02/10/2015 22:02:47] /c imortall
[02/10/2015 22:02:47] /c imortall
[02/10/2015 22:02:47] /c imortall
[02/10/2015 22:02:47] /c imortall
[02/10/2015 22:02:47] /c imortall
[02/10/2015 22:02:47] /c imortall
[02/10/2015 22:02:47] /c imortall
[02/10/2015 22:02:47] /c imortall
[02/10/2015 22:02:47] /c imortall
[02/10/2015 22:02:48] /c imortall
[02/10/2015 22:02:48] /c imortall
[02/10/2015 22:02:48] /c imortall
[02/10/2015 22:02:48] /c imortall
[02/10/2015 22:02:48] /c imortall
[02/10/2015 22:02:48] /c imortall
[02/10/2015 22:02:48] /c imortall
[02/10/2015 22:02:48] /c imortall
[02/10/2015 22:02:48] /c imortall
[02/10/2015 22:02:48] /c imortall
[02/10/2015 22:02:48] /c imortall
[02/10/2015 22:02:48] /c imortall
[02/10/2015 22:02:48] /c imortall
[02/10/2015 22:02:49] /c imortall
[02/10/2015 22:02:51] /c imortall
[02/10/2015 22:02:52] /c imortall
[02/10/2015 22:02:52] /c imortall
[02/10/2015 22:02:53] /c imortall
[02/10/2015 22:02:53] /c imortall
[02/10/2015 22:02:54] /c imortall
[02/10/2015 22:02:54] /c imortall
[02/10/2015 22:02:55] /c imortall
[02/10/2015 22:02:55] /c imortall
[02/10/2015 22:02:55] /c imortall
[02/10/2015 22:02:56] /c imortall
[02/10/2015 22:02:56] /c imortall
[02/10/2015 22:02:56] /c imortall
[02/10/2015 22:02:56] /c imortall
[02/10/2015 22:02:57] /c imortall
[02/10/2015 22:02:57] /c imortall
[02/10/2015 22:02:57] /c imortall
[02/10/2015 22:02:57] /c imortall
[02/10/2015 22:02:57] /c imortall
[02/10/2015 22:02:58] /c imortall
[02/10/2015 22:03:03] /a
[02/10/2015 22:03:03] /a
[02/10/2015 22:03:07] /a
[02/10/2015 22:03:09] /c imortall
[02/10/2015 22:03:11] /a
[02/10/2015 22:03:12] /a
[02/10/2015 22:03:25] /addskill Imortall, level
[02/10/2015 22:03:26] /addskill Imortall, level
[02/10/2015 22:03:26] /addskill Imortall, level
[02/10/2015 22:03:26] /addskill Imortall, level
[02/10/2015 22:03:26] /addskill Imortall, level
[02/10/2015 22:03:26] /addskill Imortall, level
[02/10/2015 22:03:26] /addskill Imortall, level
[02/10/2015 22:03:26] /addskill Imortall, level
[02/10/2015 22:03:26] /addskill Imortall, level
[02/10/2015 22:03:26] /addskill Imortall, level
[02/10/2015 22:03:26] /addskill Imortall, level
[02/10/2015 22:03:26] /addskill Imortall, level
[02/10/2015 22:03:26] /addskill Imortall, level
[02/10/2015 22:03:26] /addskill Imortall, level
[02/10/2015 22:03:26] /addskill Imortall, level
[02/10/2015 22:03:26] /addskill Imortall, level
[02/10/2015 22:03:26] /addskill Imortall, level
[02/10/2015 22:03:26] /addskill Imortall, level
[02/10/2015 22:03:26] /addskill Imortall, level
[02/10/2015 22:03:27] /addskill Imortall, level
[02/10/2015 22:03:27] /addskill Imortall, level
[02/10/2015 22:03:27] /addskill Imortall, level
[02/10/2015 22:03:27] /addskill Imortall, level
[02/10/2015 22:03:27] /addskill Imortall, level
[02/10/2015 22:03:27] /addskill Imortall, level
[02/10/2015 22:03:27] /addskill Imortall, level
[02/10/2015 22:03:27] /addskill Imortall, level
[02/10/2015 22:03:27] /addskill Imortall, level
[02/10/2015 22:03:27] /addskill Imortall, level
[02/10/2015 22:03:27] /addskill Imortall, level
[02/10/2015 22:03:27] /addskill Imortall, level
[02/10/2015 22:03:27] /addskill Imortall, level
[02/10/2015 22:03:27] /addskill Imortall, level
[02/10/2015 22:03:27] /addskill Imortall, level
[02/10/2015 22:03:27] /addskill Imortall, level
[02/10/2015 22:03:27] /addskill Imortall, level
[02/10/2015 22:03:27] /addskill Imortall, level
[02/10/2015 22:03:27] /addskill Imortall, level
[02/10/2015 22:03:27] /addskill Imortall, level
[02/10/2015 22:03:27] /addskill Imortall, level
[02/10/2015 22:03:27] /addskill Imortall, level
[02/10/2015 22:03:27] /addskill Imortall, level
[02/10/2015 22:03:27] /addskill Imortall, level
[02/10/2015 22:03:27] /addskill Imortall, level
[02/10/2015 22:03:27] /addskill Imortall, level
[02/10/2015 22:03:27] /addskill Imortall, level
[02/10/2015 22:03:27] /addskill Imortall, level
[02/10/2015 22:03:28] /addskill Imortall, level
[02/10/2015 22:03:28] /addskill Imortall, level
[02/10/2015 22:03:28] /addskill Imortall, level
[02/10/2015 22:03:28] /addskill Imortall, level
[02/10/2015 22:03:28] /addskill Imortall, level
[02/10/2015 22:03:28] /addskill Imortall, level
[02/10/2015 22:03:28] /addskill Imortall, level
[02/10/2015 22:03:28] /addskill Imortall, level
[02/10/2015 22:03:28] /addskill Imortall, level
[02/10/2015 22:03:28] /addskill Imortall, level
[02/10/2015 22:03:28] /addskill Imortall, level
[02/10/2015 22:03:28] /addskill Imortall, level
[02/10/2015 22:03:28] /addskill Imortall, level
[02/10/2015 22:03:28] /addskill Imortall, level
[02/10/2015 22:03:28] /addskill Imortall, level
[02/10/2015 22:03:28] /addskill Imortall, level
[02/10/2015 22:03:28] /addskill Imortall, level
[02/10/2015 22:03:28] /addskill Imortall, level
[02/10/2015 22:03:28] /addskill Imortall, level
[02/10/2015 22:03:28] /addskill Imortall, level
[02/10/2015 22:03:28] /addskill Imortall, level
[02/10/2015 22:03:28] /addskill Imortall, level
[02/10/2015 22:03:28] /addskill Imortall, level
[02/10/2015 22:03:28] /addskill Imortall, level
[02/10/2015 22:03:28] /addskill Imortall, level
[02/10/2015 22:03:29] /addskill Imortall, level
[02/10/2015 22:03:29] /addskill Imortall, level
[02/10/2015 22:03:29] /addskill Imortall, level
[02/10/2015 22:03:29] /addskill Imortall, level
[02/10/2015 22:03:29] /addskill Imortall, level
[02/10/2015 22:03:29] /addskill Imortall, level
[02/10/2015 22:03:29] /addskill Imortall, level
[02/10/2015 22:03:29] /addskill Imortall, level
[02/10/2015 22:03:29] /addskill Imortall, level
[02/10/2015 22:03:29] /addskill Imortall, level
[02/10/2015 22:03:29] /addskill Imortall, level
[02/10/2015 22:03:29] /addskill Imortall, level
[02/10/2015 22:03:29] /addskill Imortall, level
[02/10/2015 22:03:29] /addskill Imortall, level
[02/10/2015 22:03:29] /addskill Imortall, level
[02/10/2015 22:03:29] /addskill Imortall, level
[02/10/2015 22:03:29] /addskill Imortall, level
[02/10/2015 22:03:29] /addskill Imortall, level
[02/10/2015 22:03:29] /addskill Imortall, level
[02/10/2015 22:03:29] /addskill Imortall, level
[02/10/2015 22:03:29] /addskill Imortall, level
[02/10/2015 22:03:29] /addskill Imortall, level
[02/10/2015 22:03:29] /addskill Imortall, level
[02/10/2015 22:03:29] /addskill Imortall, level
[02/10/2015 22:03:29] /addskill Imortall, level
[02/10/2015 22:03:29] /addskill Imortall, level
[02/10/2015 22:03:29] /addskill Imortall, level
[02/10/2015 22:03:29] /addskill Imortall, level
[02/10/2015 22:03:29] /addskill Imortall, level
[02/10/2015 22:03:29] /addskill Imortall, level
[02/10/2015 22:03:30] /addskill Imortall, level
[02/10/2015 22:03:30] /addskill Imortall, level
[02/10/2015 22:03:30] /addskill Imortall, level
[02/10/2015 22:03:30] /addskill Imortall, level
[02/10/2015 22:03:30] /addskill Imortall, level
[02/10/2015 22:03:30] /addskill Imortall, level
[02/10/2015 22:03:30] /addskill Imortall, level
[02/10/2015 22:03:30] /addskill Imortall, level
[02/10/2015 22:03:30] /addskill Imortall, level
[02/10/2015 22:03:30] /addskill Imortall, level
[02/10/2015 22:03:30] /addskill Imortall, level
[02/10/2015 22:03:30] /addskill Imortall, level
[02/10/2015 22:03:30] /addskill Imortall, level
[02/10/2015 22:03:30] /addskill Imortall, level
[02/10/2015 22:03:30] /addskill Imortall, level
[02/10/2015 22:03:30] /addskill Imortall, level
[02/10/2015 22:03:30] /addskill Imortall, level
[02/10/2015 22:03:30] /addskill Imortall, level
[02/10/2015 22:03:30] /addskill Imortall, level
[02/10/2015 22:03:30] /addskill Imortall, level
[02/10/2015 22:03:30] /addskill Imortall, level
[02/10/2015 22:03:31] /addskill Imortall, level
[02/10/2015 22:03:31] /addskill Imortall, level
[02/10/2015 22:03:31] /addskill Imortall, level
[02/10/2015 22:03:31] /addskill Imortall, level
[02/10/2015 22:03:31] /addskill Imortall, level
[02/10/2015 22:03:31] /addskill Imortall, level
[02/10/2015 22:03:31] /addskill Imortall, level
[02/10/2015 22:03:31] /addskill Imortall, level
[02/10/2015 22:03:31] /addskill Imortall, level
[02/10/2015 22:03:31] /addskill Imortall, level
[02/10/2015 22:03:31] /addskill Imortall, level
[02/10/2015 22:03:31] /addskill Imortall, level
[02/10/2015 22:03:31] /addskill Imortall, level
[02/10/2015 22:03:31] /addskill Imortall, level
[02/10/2015 22:03:31] /addskill Imortall, level
[02/10/2015 22:03:31] /addskill Imortall, level
[02/10/2015 22:03:31] /addskill Imortall, level
[02/10/2015 22:03:31] /addskill Imortall, level
[02/10/2015 22:03:31] /addskill Imortall, level
[02/10/2015 22:03:31] /addskill Imortall, level
[02/10/2015 22:03:31] /addskill Imortall, level
[02/10/2015 22:03:31] /addskill Imortall, level
[02/10/2015 22:03:31] /addskill Imortall, level
[02/10/2015 22:03:31] /addskill Imortall, level
[02/10/2015 22:03:31] /addskill Imortall, level
[02/10/2015 22:03:31] /addskill Imortall, level
[02/10/2015 22:03:31] /addskill Imortall, level
[02/10/2015 22:03:31] /addskill Imortall, level
[02/10/2015 22:03:31] /addskill Imortall, level
[02/10/2015 22:03:31] /addskill Imortall, level
[02/10/2015 22:03:31] /addskill Imortall, level
[02/10/2015 22:03:31] /addskill Imortall, level
[02/10/2015 22:03:31] /addskill Imortall, level
[02/10/2015 22:03:31] /addskill Imortall, level
[02/10/2015 22:03:31] /addskill Imortall, level
[02/10/2015 22:03:31] /addskill Imortall, level
[02/10/2015 22:03:31] /addskill Imortall, level
[02/10/2015 22:03:31] /addskill Imortall, level
[02/10/2015 22:03:31] /addskill Imortall, level
[02/10/2015 22:03:32] /addskill Imortall, level
[02/10/2015 22:03:32] /addskill Imortall, level
[02/10/2015 22:03:32] /addskill Imortall, level
[02/10/2015 22:03:32] /addskill Imortall, level
[02/10/2015 22:03:32] /addskill Imortall, level
[02/10/2015 22:03:32] /addskill Imortall, level
[02/10/2015 22:03:32] /addskill Imortall, level
[02/10/2015 22:03:32] /addskill Imortall, level
[02/10/2015 22:03:32] /addskill Imortall, level
[02/10/2015 22:03:32] /addskill Imortall, level
[02/10/2015 22:03:32] /addskill Imortall, level
[02/10/2015 22:03:32] /addskill Imortall, level
[02/10/2015 22:03:32] /addskill Imortall, level
[02/10/2015 22:03:32] /addskill Imortall, level
[02/10/2015 22:03:32] /addskill Imortall, level
[02/10/2015 22:03:32] /addskill Imortall, level
[02/10/2015 22:03:32] /addskill Imortall, level
[02/10/2015 22:03:32] /addskill Imortall, level
[02/10/2015 22:03:32] /addskill Imortall, level
[02/10/2015 22:03:32] /addskill Imortall, level
[02/10/2015 22:03:32] /addskill Imortall, level
[02/10/2015 22:03:32] /addskill Imortall, level
[02/10/2015 22:03:32] /addskill Imortall, level
[02/10/2015 22:03:32] /addskill Imortall, level
[02/10/2015 22:03:32] /addskill Imortall, level
[02/10/2015 22:03:32] /addskill Imortall, level
[02/10/2015 22:03:33] /addskill Imortall, level
[02/10/2015 22:03:33] /addskill Imortall, level
[02/10/2015 22:03:33] /addskill Imortall, level
[02/10/2015 22:03:33] /addskill Imortall, level
[02/10/2015 22:03:33] /addskill Imortall, level
[02/10/2015 22:03:33] /addskill Imortall, level
[02/10/2015 22:03:33] /addskill Imortall, level
[02/10/2015 22:03:33] /addskill Imortall, level
[02/10/2015 22:03:33] /addskill Imortall, level
[02/10/2015 22:03:33] /addskill Imortall, level
[02/10/2015 22:03:33] /addskill Imortall, level
[02/10/2015 22:03:33] /addskill Imortall, level
[02/10/2015 22:03:33] /addskill Imortall, level
[02/10/2015 22:03:33] /addskill Imortall, level
[02/10/2015 22:03:33] /addskill Imortall, level
[02/10/2015 22:03:33] /addskill Imortall, level
[02/10/2015 22:03:33] /addskill Imortall, level
[02/10/2015 22:03:33] /addskill Imortall, level
[02/10/2015 22:03:33] /addskill Imortall, level
[02/10/2015 22:03:33] /addskill Imortall, level
[02/10/2015 22:03:33] /addskill Imortall, level
[02/10/2015 22:03:33] /addskill Imortall, level
[02/10/2015 22:03:33] /addskill Imortall, level
[02/10/2015 22:03:33] /addskill Imortall, level
[02/10/2015 22:03:33] /addskill Imortall, level
[02/10/2015 22:03:33] /addskill Imortall, level
[02/10/2015 22:03:33] /addskill Imortall, level
[02/10/2015 22:03:33] /addskill Imortall, level
[02/10/2015 22:03:33] /addskill Imortall, level
[02/10/2015 22:03:33] /addskill Imortall, level
[02/10/2015 22:03:33] /addskill Imortall, level
[02/10/2015 22:03:34] /addskill Imortall, level
[02/10/2015 22:03:34] /addskill Imortall, level
[02/10/2015 22:03:34] /addskill Imortall, level
[02/10/2015 22:03:34] /addskill Imortall, level
[02/10/2015 22:03:34] /addskill Imortall, level
[02/10/2015 22:03:34] /addskill Imortall, level
[02/10/2015 22:03:34] /addskill Imortall, level
[02/10/2015 22:03:34] /addskill Imortall, level
[02/10/2015 22:03:34] /addskill Imortall, level
[02/10/2015 22:03:34] /addskill Imortall, level
[02/10/2015 22:03:34] /addskill Imortall, level
[02/10/2015 22:03:34] /addskill Imortall, level
[02/10/2015 22:03:34] /addskill Imortall, level
[02/10/2015 22:03:34] /addskill Imortall, level
[02/10/2015 22:03:34] /addskill Imortall, level
[02/10/2015 22:03:34] /addskill Imortall, level
[02/10/2015 22:03:34] /addskill Imortall, level
[02/10/2015 22:03:34] /addskill Imortall, level
[02/10/2015 22:03:34] /addskill Imortall, level
[02/10/2015 22:03:34] /addskill Imortall, level
[02/10/2015 22:03:34] /addskill Imortall, level
[02/10/2015 22:03:34] /addskill Imortall, level
[02/10/2015 22:03:34] /addskill Imortall, level
[02/10/2015 22:03:34] /addskill Imortall, level
[02/10/2015 22:03:34] /addskill Imortall, level
[02/10/2015 22:03:34] /addskill Imortall, level
[02/10/2015 22:03:34] /addskill Imortall, level
[02/10/2015 22:03:34] /addskill Imortall, level
[02/10/2015 22:03:35] /addskill Imortall, level
[02/10/2015 22:03:35] /addskill Imortall, level
[02/10/2015 22:03:35] /addskill Imortall, level
[02/10/2015 22:03:35] /addskill Imortall, level
[02/10/2015 22:03:35] /addskill Imortall, level
[02/10/2015 22:03:35] /addskill Imortall, level
[02/10/2015 22:03:35] /addskill Imortall, level
[02/10/2015 22:03:35] /addskill Imortall, level
[02/10/2015 22:03:35] /addskill Imortall, level
[02/10/2015 22:03:35] /addskill Imortall, level
[02/10/2015 22:03:35] /addskill Imortall, level
[02/10/2015 22:03:35] /addskill Imortall, level
[02/10/2015 22:03:35] /addskill Imortall, level
[02/10/2015 22:03:35] /addskill Imortall, level
[02/10/2015 22:03:35] /addskill Imortall, level
[02/10/2015 22:03:35] /addskill Imortall, level
[02/10/2015 22:03:35] /addskill Imortall, level
[02/10/2015 22:03:35] /addskill Imortall, level
[02/10/2015 22:03:35] /addskill Imortall, level
[02/10/2015 22:03:35] /addskill Imortall, level
[02/10/2015 22:03:35] /addskill Imortall, level
[02/10/2015 22:03:35] /addskill Imortall, level
[02/10/2015 22:03:35] /addskill Imortall, level
[02/10/2015 22:03:35] /addskill Imortall, level
[02/10/2015 22:03:35] /addskill Imortall, level
[02/10/2015 22:03:35] /addskill Imortall, level
[02/10/2015 22:03:35] /addskill Imortall, level
[02/10/2015 22:03:35] /addskill Imortall, level
[02/10/2015 22:03:36] /addskill Imortall, level
[02/10/2015 22:03:36] /addskill Imortall, level
[02/10/2015 22:03:36] /addskill Imortall, level
[02/10/2015 22:03:36] /addskill Imortall, level
[02/10/2015 22:03:36] /addskill Imortall, level
[02/10/2015 22:03:36] /addskill Imortall, level
[02/10/2015 22:03:36] /addskill Imortall, level
[02/10/2015 22:03:36] /addskill Imortall, level
[02/10/2015 22:03:36] /addskill Imortall, level
[02/10/2015 22:03:36] /addskill Imortall, level
[02/10/2015 22:03:36] /addskill Imortall, level
[02/10/2015 22:03:36] /addskill Imortall, level
[02/10/2015 22:03:36] /addskill Imortall, level
[02/10/2015 22:03:36] /addskill Imortall, level
[02/10/2015 22:03:36] /addskill Imortall, level
[02/10/2015 22:03:36] /addskill Imortall, level
[02/10/2015 22:03:36] /addskill Imortall, level
[02/10/2015 22:03:36] /addskill Imortall, level
[02/10/2015 22:03:36] /addskill Imortall, level
[02/10/2015 22:03:36] /addskill Imortall, level
[02/10/2015 22:03:36] /addskill Imortall, level
[02/10/2015 22:03:36] /addskill Imortall, level
[02/10/2015 22:03:36] /addskill Imortall, level
[02/10/2015 22:03:36] /addskill Imortall, level
[02/10/2015 22:03:36] /addskill Imortall, level
[02/10/2015 22:03:36] /addskill Imortall, level
[02/10/2015 22:03:36] /addskill Imortall, level
[02/10/2015 22:03:37] /addskill Imortall, level
[02/10/2015 22:03:37] /addskill Imortall, level
[02/10/2015 22:03:37] /addskill Imortall, level
[02/10/2015 22:03:37] /addskill Imortall, level
[02/10/2015 22:03:37] /addskill Imortall, level
[02/10/2015 22:03:37] /addskill Imortall, level
[02/10/2015 22:03:37] /addskill Imortall, level
[02/10/2015 22:03:37] /addskill Imortall, level
[02/10/2015 22:03:37] /addskill Imortall, level
[02/10/2015 22:03:37] /addskill Imortall, level
[02/10/2015 22:03:37] /addskill Imortall, level
[02/10/2015 22:03:37] /addskill Imortall, level
[02/10/2015 22:03:37] /addskill Imortall, level
[02/10/2015 22:03:37] /addskill Imortall, level
[02/10/2015 22:03:37] /addskill Imortall, level
[02/10/2015 22:03:37] /addskill Imortall, level
[02/10/2015 22:03:37] /addskill Imortall, level
[02/10/2015 22:03:37] /addskill Imortall, level
[02/10/2015 22:03:37] /addskill Imortall, level
[02/10/2015 22:03:37] /addskill Imortall, level
[02/10/2015 22:03:37] /addskill Imortall, level
[02/10/2015 22:03:37] /addskill Imortall, level
[02/10/2015 22:03:37] /addskill Imortall, level
[02/10/2015 22:03:37] /addskill Imortall, level
[02/10/2015 22:03:37] /addskill Imortall, level
[02/10/2015 22:03:37] /addskill Imortall, level
[02/10/2015 22:03:37] /addskill Imortall, level
[02/10/2015 22:03:37] /addskill Imortall, level
[02/10/2015 22:03:38] /addskill Imortall, level
[02/10/2015 22:03:38] /addskill Imortall, level
[02/10/2015 22:03:38] /addskill Imortall, level
[02/10/2015 22:03:38] /addskill Imortall, level
[02/10/2015 22:03:38] /addskill Imortall, level
[02/10/2015 22:03:38] /addskill Imortall, level
[02/10/2015 22:03:38] /addskill Imortall, level
[02/10/2015 22:03:38] /addskill Imortall, level
[02/10/2015 22:03:38] /addskill Imortall, level
[02/10/2015 22:03:38] /addskill Imortall, level
[02/10/2015 22:03:38] /addskill Imortall, level
[02/10/2015 22:03:38] /addskill Imortall, level
[02/10/2015 22:03:38] /addskill Imortall, level
[02/10/2015 22:03:38] /addskill Imortall, level
[02/10/2015 22:03:38] /addskill Imortall, level
[02/10/2015 22:03:38] /addskill Imortall, level
[02/10/2015 22:03:38] /addskill Imortall, level
[02/10/2015 22:03:38] /addskill Imortall, level
[02/10/2015 22:03:38] /addskill Imortall, level
[02/10/2015 22:03:38] /addskill Imortall, level
[02/10/2015 22:03:38] /addskill Imortall, level
[02/10/2015 22:03:38] /addskill Imortall, level
[02/10/2015 22:03:38] /addskill Imortall, level
[02/10/2015 22:03:38] /addskill Imortall, level
[02/10/2015 22:03:38] /addskill Imortall, level
[02/10/2015 22:03:38] /addskill Imortall, level
[02/10/2015 22:03:38] /addskill Imortall, level
[02/10/2015 22:03:38] /addskill Imortall, level
[02/10/2015 22:03:38] /addskill Imortall, level
[02/10/2015 22:03:38] /addskill Imortall, level
[02/10/2015 22:03:38] /addskill Imortall, level
[02/10/2015 22:03:38] /addskill Imortall, level
[02/10/2015 22:03:38] /addskill Imortall, level
[02/10/2015 22:03:39] /addskill Imortall, level
[02/10/2015 22:03:39] /addskill Imortall, level
[02/10/2015 22:03:39] /addskill Imortall, level
[02/10/2015 22:03:39] /addskill Imortall, level
[02/10/2015 22:03:39] /addskill Imortall, level
[02/10/2015 22:03:39] /addskill Imortall, level
[02/10/2015 22:03:39] /addskill Imortall, level
[02/10/2015 22:03:39] /addskill Imortall, level
[02/10/2015 22:03:39] /addskill Imortall, level
[02/10/2015 22:03:39] /addskill Imortall, level
[02/10/2015 22:03:39] /addskill Imortall, level
[02/10/2015 22:03:39] /addskill Imortall, level
[02/10/2015 22:03:39] /addskill Imortall, level
[02/10/2015 22:03:39] /addskill Imortall, level
[02/10/2015 22:03:39] /addskill Imortall, level
[02/10/2015 22:03:39] /addskill Imortall, level
[02/10/2015 22:03:39] /addskill Imortall, level
[02/10/2015 22:03:39] /addskill Imortall, level
[02/10/2015 22:03:39] /addskill Imortall, level
[02/10/2015 22:03:39] /addskill Imortall, level
[02/10/2015 22:03:39] /addskill Imortall, level
[02/10/2015 22:03:39] /addskill Imortall, level
[02/10/2015 22:03:39] /addskill Imortall, level
[02/10/2015 22:03:40] /addskill Imortall, level
[02/10/2015 22:03:40] /addskill Imortall, level
[02/10/2015 22:03:40] /addskill Imortall, level
[02/10/2015 22:03:40] /addskill Imortall, level
[02/10/2015 22:03:40] /addskill Imortall, level
[02/10/2015 22:03:40] /addskill Imortall, level
[02/10/2015 22:03:40] /addskill Imortall, level
[02/10/2015 22:03:40] /addskill Imortall, level
[02/10/2015 22:03:40] /addskill Imortall, level
[02/10/2015 22:03:40] /addskill Imortall, level
[02/10/2015 22:03:40] /addskill Imortall, level
[02/10/2015 22:03:40] /addskill Imortall, level
[02/10/2015 22:03:40] /addskill Imortall, level
[02/10/2015 22:03:40] /addskill Imortall, level
[02/10/2015 22:03:40] /addskill Imortall, level
[02/10/2015 22:03:40] /addskill Imortall, level
[02/10/2015 22:03:40] /addskill Imortall, level
[02/10/2015 22:03:40] /addskill Imortall, level
[02/10/2015 22:03:40] /addskill Imortall, level
[02/10/2015 22:03:40] /addskill Imortall, level
[02/10/2015 22:03:40] /addskill Imortall, level
[02/10/2015 22:03:40] /addskill Imortall, level
[02/10/2015 22:03:40] /addskill Imortall, level
[02/10/2015 22:03:40] /addskill Imortall, level
[02/10/2015 22:03:40] /addskill Imortall, level
[02/10/2015 22:03:40] /addskill Imortall, level
[02/10/2015 22:03:41] /addskill Imortall, level
[02/10/2015 22:03:41] /addskill Imortall, level
[02/10/2015 22:03:41] /addskill Imortall, level
[02/10/2015 22:03:41] /addskill Imortall, level
[02/10/2015 22:03:41] /addskill Imortall, level
[02/10/2015 22:03:41] /addskill Imortall, level
[02/10/2015 22:03:41] /addskill Imortall, level
[02/10/2015 22:03:41] /addskill Imortall, level
[02/10/2015 22:03:41] /addskill Imortall, level
[02/10/2015 22:03:41] /addskill Imortall, level
[02/10/2015 22:03:41] /addskill Imortall, level
[02/10/2015 22:03:41] /addskill Imortall, level
[02/10/2015 22:03:41] /addskill Imortall, level
[02/10/2015 22:03:41] /addskill Imortall, level
[02/10/2015 22:03:41] /addskill Imortall, level
[02/10/2015 22:03:41] /addskill Imortall, level
[02/10/2015 22:03:41] /addskill Imortall, level
[02/10/2015 22:03:41] /addskill Imortall, level
[02/10/2015 22:03:41] /addskill Imortall, level
[02/10/2015 22:03:41] /addskill Imortall, level
[02/10/2015 22:03:41] /addskill Imortall, level
[02/10/2015 22:03:41] /addskill Imortall, level
[02/10/2015 22:03:41] /addskill Imortall, level
[02/10/2015 22:03:41] /addskill Imortall, level
[02/10/2015 22:03:41] /addskill Imortall, level
[02/10/2015 22:03:41] /addskill Imortall, level
[02/10/2015 22:03:41] /addskill Imortall, level
[02/10/2015 22:03:41] /addskill Imortall, level
[02/10/2015 22:03:41] /addskill Imortall, level
[02/10/2015 22:03:41] /addskill Imortall, level
[02/10/2015 22:03:41] /addskill Imortall, level
[02/10/2015 22:03:41] /addskill Imortall, level
[02/10/2015 22:03:42] /addskill Imortall, level
[02/10/2015 22:03:42] /addskill Imortall, level
[02/10/2015 22:03:42] /addskill Imortall, level
[02/10/2015 22:03:42] /addskill Imortall, level
[02/10/2015 22:03:42] /addskill Imortall, level
[02/10/2015 22:03:42] /addskill Imortall, level
[02/10/2015 22:03:42] /addskill Imortall, level
[02/10/2015 22:03:42] /addskill Imortall, level
[02/10/2015 22:03:42] /addskill Imortall, level
[02/10/2015 22:03:42] /addskill Imortall, level
[02/10/2015 22:03:42] /addskill Imortall, level
[02/10/2015 22:03:42] /addskill Imortall, level
[02/10/2015 22:03:42] /addskill Imortall, level
[02/10/2015 22:03:42] /addskill Imortall, level
[02/10/2015 22:03:42] /addskill Imortall, level
[02/10/2015 22:03:42] /addskill Imortall, level
[02/10/2015 22:03:42] /addskill Imortall, level
[02/10/2015 22:03:42] /addskill Imortall, level
[02/10/2015 22:03:42] /addskill Imortall, level
[02/10/2015 22:03:42] /addskill Imortall, level
[02/10/2015 22:03:42] /addskill Imortall, level
[02/10/2015 22:03:42] /addskill Imortall, level
[02/10/2015 22:03:42] /addskill Imortall, level
[02/10/2015 22:03:42] /addskill Imortall, level
[02/10/2015 22:03:42] /addskill Imortall, level
[02/10/2015 22:03:42] /addskill Imortall, level
[02/10/2015 22:03:42] /addskill Imortall, level
[02/10/2015 22:03:43] /addskill Imortall, level
[02/10/2015 22:03:43] /addskill Imortall, level
[02/10/2015 22:03:43] /addskill Imortall, level
[02/10/2015 22:03:43] /addskill Imortall, level
[02/10/2015 22:03:43] /addskill Imortall, level
[02/10/2015 22:03:43] /addskill Imortall, level
[02/10/2015 22:03:43] /addskill Imortall, level
[02/10/2015 22:03:43] /addskill Imortall, level
[02/10/2015 22:03:43] /addskill Imortall, level
[02/10/2015 22:03:43] /addskill Imortall, level
[02/10/2015 22:03:43] /addskill Imortall, level
[02/10/2015 22:03:43] /addskill Imortall, level
[02/10/2015 22:03:43] /addskill Imortall, level
[02/10/2015 22:03:43] /addskill Imortall, level
[02/10/2015 22:03:43] /addskill Imortall, level
[02/10/2015 22:03:43] /addskill Imortall, level
[02/10/2015 22:03:43] /addskill Imortall, level
[02/10/2015 22:03:43] /addskill Imortall, level
[02/10/2015 22:03:43] /addskill Imortall, level
[02/10/2015 22:03:43] /addskill Imortall, level
[02/10/2015 22:03:43] /addskill Imortall, level
[02/10/2015 22:03:43] /addskill Imortall, level
[02/10/2015 22:03:43] /addskill Imortall, level
[02/10/2015 22:03:43] /addskill Imortall, level
[02/10/2015 22:03:43] /addskill Imortall, level
[02/10/2015 22:03:43] /addskill Imortall, level
[02/10/2015 22:03:43] /addskill Imortall, level
[02/10/2015 22:03:43] /addskill Imortall, level
[02/10/2015 22:03:43] /addskill Imortall, level
[02/10/2015 22:03:43] /addskill Imortall, level
[02/10/2015 22:03:43] /addskill Imortall, level
[02/10/2015 22:03:43] /addskill Imortall, level
[02/10/2015 22:03:43] /addskill Imortall, level
[02/10/2015 22:03:43] /addskill Imortall, level
[02/10/2015 22:03:44] /addskill Imortall, level
[02/10/2015 22:03:44] /addskill Imortall, level
[02/10/2015 22:03:44] /addskill Imortall, level
[02/10/2015 22:03:44] /addskill Imortall, level
[02/10/2015 22:03:44] /addskill Imortall, level
[02/10/2015 22:03:44] /addskill Imortall, level
[02/10/2015 22:03:44] /addskill Imortall, level
[02/10/2015 22:03:44] /addskill Imortall, level
[02/10/2015 22:03:44] /addskill Imortall, level
[02/10/2015 22:03:44] /addskill Imortall, level
[02/10/2015 22:03:44] /addskill Imortall, level
[02/10/2015 22:03:44] /addskill Imortall, level
[02/10/2015 22:03:44] /addskill Imortall, level
[02/10/2015 22:03:44] /addskill Imortall, level
[02/10/2015 22:03:44] /addskill Imortall, level
[02/10/2015 22:03:44] /addskill Imortall, level
[02/10/2015 22:03:44] /addskill Imortall, level
[02/10/2015 22:03:44] /addskill Imortall, level
[02/10/2015 22:03:44] /addskill Imortall, level
[02/10/2015 22:03:44] /addskill Imortall, level
[02/10/2015 22:03:44] /addskill Imortall, level
[02/10/2015 22:03:44] /addskill Imortall, level
[02/10/2015 22:03:44] /addskill Imortall, level
[02/10/2015 22:03:44] /addskill Imortall, level
[02/10/2015 22:03:44] /addskill Imortall, level
[02/10/2015 22:03:44] /addskill Imortall, level
[02/10/2015 22:03:44] /addskill Imortall, level
[02/10/2015 22:03:44] /addskill Imortall, level
[02/10/2015 22:03:44] /addskill Imortall, level
[02/10/2015 22:03:44] /addskill Imortall, level
[02/10/2015 22:03:45] /addskill Imortall, level
[02/10/2015 22:03:45] /addskill Imortall, level
[02/10/2015 22:03:45] /addskill Imortall, level
[02/10/2015 22:03:45] /addskill Imortall, level
[02/10/2015 22:03:45] /addskill Imortall, level
[02/10/2015 22:03:45] /addskill Imortall, level
[02/10/2015 22:03:45] /addskill Imortall, level
[02/10/2015 22:03:45] /addskill Imortall, level
[02/10/2015 22:03:45] /addskill Imortall, level
[02/10/2015 22:03:45] /addskill Imortall, level
[02/10/2015 22:03:45] /addskill Imortall, level
[02/10/2015 22:03:45] /addskill Imortall, level
[02/10/2015 22:03:45] /addskill Imortall, level
[02/10/2015 22:03:45] /addskill Imortall, level
[02/10/2015 22:03:45] /addskill Imortall, level
[02/10/2015 22:03:45] /addskill Imortall, level
[02/10/2015 22:03:45] /addskill Imortall, level
[02/10/2015 22:03:45] /addskill Imortall, level
[02/10/2015 22:03:45] /addskill Imortall, level
[02/10/2015 22:03:45] /addskill Imortall, level
[02/10/2015 22:03:45] /addskill Imortall, level
[02/10/2015 22:03:46] /addskill Imortall, level
[02/10/2015 22:03:46] /addskill Imortall, level
[02/10/2015 22:03:46] /addskill Imortall, level
[02/10/2015 22:03:46] /addskill Imortall, level
[02/10/2015 22:03:46] /addskill Imortall, level
[02/10/2015 22:03:46] /addskill Imortall, level
[02/10/2015 22:03:46] /addskill Imortall, level
[02/10/2015 22:03:46] /addskill Imortall, level
[02/10/2015 22:03:46] /addskill Imortall, level
[02/10/2015 22:03:46] /addskill Imortall, level
[02/10/2015 22:03:46] /addskill Imortall, level
[02/10/2015 22:03:46] /addskill Imortall, level
[02/10/2015 22:03:46] /addskill Imortall, level
[02/10/2015 22:03:46] /addskill Imortall, level
[02/10/2015 22:03:46] /addskill Imortall, level
[02/10/2015 22:03:46] /addskill Imortall, level
[02/10/2015 22:03:46] /addskill Imortall, level
[02/10/2015 22:03:46] /addskill Imortall, level
[02/10/2015 22:03:46] /addskill Imortall, level
[02/10/2015 22:03:46] /addskill Imortall, level
[02/10/2015 22:03:46] /addskill Imortall, level
[02/10/2015 22:03:46] /addskill Imortall, level
[02/10/2015 22:03:46] /addskill Imortall, level
[02/10/2015 22:03:46] /addskill Imortall, level
[02/10/2015 22:03:46] /addskill Imortall, level
[02/10/2015 22:03:46] /addskill Imortall, level
[02/10/2015 22:03:46] /addskill Imortall, level
[02/10/2015 22:03:46] /addskill Imortall, level
[02/10/2015 22:03:46] /addskill Imortall, level
[02/10/2015 22:03:46] /addskill Imortall, level
[02/10/2015 22:03:46] /addskill Imortall, level
[02/10/2015 22:03:47] /addskill Imortall, level
[02/10/2015 22:03:47] /addskill Imortall, level
[02/10/2015 22:03:47] /addskill Imortall, level
[02/10/2015 22:03:47] /addskill Imortall, level
[02/10/2015 22:04:02] /addskill Imortall, level
[02/10/2015 22:04:03] /addskill Imortall, level
[02/10/2015 22:04:03] /addskill Imortall, level
[02/10/2015 22:04:03] /addskill Imortall, level
[02/10/2015 22:04:03] /addskill Imortall, level
[02/10/2015 22:04:03] /addskill Imortall, level
[02/10/2015 22:04:03] /addskill Imortall, level
[02/10/2015 22:04:03] /addskill Imortall, level
[02/10/2015 22:04:03] /addskill Imortall, level
[02/10/2015 22:04:03] /addskill Imortall, level
[02/10/2015 22:04:03] /addskill Imortall, level
[02/10/2015 22:04:03] /addskill Imortall, level
[02/10/2015 22:04:03] /addskill Imortall, level
[02/10/2015 22:04:03] /addskill Imortall, level
[02/10/2015 22:04:03] /addskill Imortall, level
[02/10/2015 22:04:03] /addskill Imortall, level
[02/10/2015 22:04:03] /addskill Imortall, level
[02/10/2015 22:04:03] /addskill Imortall, level
[02/10/2015 22:04:03] /addskill Imortall, level
[02/10/2015 22:04:04] /addskill Imortall, level
[02/10/2015 22:04:04] /addskill Imortall, level
[02/10/2015 22:04:04] /addskill Imortall, level
[02/10/2015 22:04:04] /addskill Imortall, level
[02/10/2015 22:04:04] /addskill Imortall, level
[02/10/2015 22:04:04] /addskill Imortall, level
[02/10/2015 22:04:04] /addskill Imortall, level
[02/10/2015 22:04:04] /addskill Imortall, level
[02/10/2015 22:04:04] /addskill Imortall, level
[02/10/2015 22:04:04] /addskill Imortall, level
[02/10/2015 22:04:04] /addskill Imortall, level
[02/10/2015 22:04:04] /addskill Imortall, level
[02/10/2015 22:04:04] /addskill Imortall, level
[02/10/2015 22:04:04] /addskill Imortall, level
[02/10/2015 22:04:04] /addskill Imortall, level
[02/10/2015 22:04:04] /addskill Imortall, level
[02/10/2015 22:04:04] /addskill Imortall, level
[02/10/2015 22:04:04] /addskill Imortall, level
[02/10/2015 22:04:04] /addskill Imortall, level
[02/10/2015 22:04:04] /addskill Imortall, level
[02/10/2015 22:04:05] /addskill Imortall, level
[02/10/2015 22:04:05] /addskill Imortall, level
[02/10/2015 22:04:05] /addskill Imortall, level
[02/10/2015 22:04:05] /addskill Imortall, level
[02/10/2015 22:04:05] /addskill Imortall, level
[02/10/2015 22:04:05] /addskill Imortall, level
[02/10/2015 22:04:05] /addskill Imortall, level
[02/10/2015 22:04:05] /addskill Imortall, level
[02/10/2015 22:04:05] /addskill Imortall, level
[02/10/2015 22:04:05] /addskill Imortall, level
[02/10/2015 22:04:05] /addskill Imortall, level
[02/10/2015 22:04:05] /addskill Imortall, level
[02/10/2015 22:04:05] /addskill Imortall, level
[02/10/2015 22:04:05] /addskill Imortall, level
[02/10/2015 22:04:05] /addskill Imortall, level
[02/10/2015 22:04:05] /addskill Imortall, level
[02/10/2015 22:04:05] /addskill Imortall, level
[02/10/2015 22:04:05] /addskill Imortall, level
[02/10/2015 22:04:05] /addskill Imortall, level
[02/10/2015 22:04:05] /addskill Imortall, level
[02/10/2015 22:04:06] /addskill Imortall, level
[02/10/2015 22:04:06] /addskill Imortall, level
[02/10/2015 22:04:06] /addskill Imortall, level
[02/10/2015 22:04:06] /addskill Imortall, level
[02/10/2015 22:04:06] /addskill Imortall, level
[02/10/2015 22:04:06] /addskill Imortall, level
[02/10/2015 22:04:06] /addskill Imortall, level
[02/10/2015 22:04:06] /addskill Imortall, level
[02/10/2015 22:04:06] /addskill Imortall, level
[02/10/2015 22:04:06] /addskill Imortall, level
[02/10/2015 22:04:06] /addskill Imortall, level
[02/10/2015 22:04:06] /addskill Imortall, level
[02/10/2015 22:04:06] /addskill Imortall, level
[02/10/2015 22:04:06] /addskill Imortall, level
[02/10/2015 22:04:06] /addskill Imortall, level
[02/10/2015 22:04:06] /addskill Imortall, level
[02/10/2015 22:04:06] /addskill Imortall, level
[02/10/2015 22:04:06] /addskill Imortall, level
[02/10/2015 22:04:06] /addskill Imortall, level
[02/10/2015 22:04:06] /addskill Imortall, level
[02/10/2015 22:04:06] /addskill Imortall, level
[02/10/2015 22:04:06] /addskill Imortall, level
[02/10/2015 22:04:06] /addskill Imortall, level
[02/10/2015 22:04:06] /addskill Imortall, level
[02/10/2015 22:04:06] /addskill Imortall, level
[02/10/2015 22:04:06] /addskill Imortall, level
[02/10/2015 22:04:07] /addskill Imortall, level
[02/10/2015 22:04:07] /addskill Imortall, level
[02/10/2015 22:04:07] /addskill Imortall, level
[02/10/2015 22:04:07] /addskill Imortall, level
[02/10/2015 22:04:07] /addskill Imortall, level
[02/10/2015 22:04:07] /addskill Imortall, level
[02/10/2015 22:04:07] /addskill Imortall, level
[02/10/2015 22:04:07] /addskill Imortall, level
[02/10/2015 22:04:07] /addskill Imortall, level
[02/10/2015 22:04:07] /addskill Imortall, level
[02/10/2015 22:04:07] /addskill Imortall, level
[02/10/2015 22:04:07] /addskill Imortall, level
[02/10/2015 22:04:07] /addskill Imortall, level
[02/10/2015 22:04:07] /addskill Imortall, level
[02/10/2015 22:04:07] /addskill Imortall, level
[02/10/2015 22:04:07] /addskill Imortall, level
[02/10/2015 22:04:07] /addskill Imortall, level
[02/10/2015 22:04:07] /addskill Imortall, level
[02/10/2015 22:04:07] /addskill Imortall, level
[02/10/2015 22:04:07] /addskill Imortall, level
[02/10/2015 22:04:07] /addskill Imortall, level
[02/10/2015 22:04:07] /addskill Imortall, level
[02/10/2015 22:04:07] /addskill Imortall, level
[02/10/2015 22:04:07] /addskill Imortall, level
[02/10/2015 22:04:07] /addskill Imortall, level
[02/10/2015 22:04:07] /addskill Imortall, level
[02/10/2015 22:04:07] /addskill Imortall, level
[02/10/2015 22:04:07] /addskill Imortall, level
[02/10/2015 22:04:07] /addskill Imortall, level
[02/10/2015 22:04:08] /addskill Imortall, level
[02/10/2015 22:04:08] /addskill Imortall, level
[02/10/2015 22:04:08] /addskill Imortall, level
[02/10/2015 22:04:08] /addskill Imortall, level
[02/10/2015 22:04:08] /addskill Imortall, level
[02/10/2015 22:04:08] /addskill Imortall, level
[02/10/2015 22:04:08] /addskill Imortall, level
[02/10/2015 22:04:08] /addskill Imortall, level
[02/10/2015 22:04:08] /addskill Imortall, level
[02/10/2015 22:04:08] /addskill Imortall, level
[02/10/2015 22:04:08] /addskill Imortall, level
[02/10/2015 22:04:08] /addskill Imortall, level
[02/10/2015 22:04:08] /addskill Imortall, level
[02/10/2015 22:04:08] /addskill Imortall, level
[02/10/2015 22:04:08] /addskill Imortall, level
[02/10/2015 22:04:08] /addskill Imortall, level
[02/10/2015 22:04:08] /addskill Imortall, level
[02/10/2015 22:04:08] /addskill Imortall, level
[02/10/2015 22:04:08] /addskill Imortall, level
[02/10/2015 22:04:08] /addskill Imortall, level
[02/10/2015 22:04:08] /addskill Imortall, level
[02/10/2015 22:04:08] /addskill Imortall, level
[02/10/2015 22:04:08] /addskill Imortall, level
[02/10/2015 22:04:08] /addskill Imortall, level
[02/10/2015 22:04:09] /addskill Imortall, level
[02/10/2015 22:04:09] /addskill Imortall, level
[02/10/2015 22:04:09] /addskill Imortall, level
[02/10/2015 22:04:09] /addskill Imortall, level
[02/10/2015 22:04:09] /addskill Imortall, level
[02/10/2015 22:04:09] /addskill Imortall, level
[02/10/2015 22:04:09] /addskill Imortall, level
[02/10/2015 22:04:09] /addskill Imortall, level
[02/10/2015 22:04:09] /addskill Imortall, level
[02/10/2015 22:04:09] /addskill Imortall, level
[02/10/2015 22:04:09] /addskill Imortall, level
[02/10/2015 22:04:09] /addskill Imortall, level
[02/10/2015 22:04:09] /addskill Imortall, level
[02/10/2015 22:04:09] /addskill Imortall, level
[02/10/2015 22:04:09] /addskill Imortall, level
[02/10/2015 22:04:09] /addskill Imortall, level
[02/10/2015 22:04:09] /addskill Imortall, level
[02/10/2015 22:04:09] /addskill Imortall, level
[02/10/2015 22:04:09] /addskill Imortall, level
[02/10/2015 22:04:09] /addskill Imortall, level
[02/10/2015 22:04:09] /addskill Imortall, level
[02/10/2015 22:04:09] /addskill Imortall, level
[02/10/2015 22:04:09] /addskill Imortall, level
[02/10/2015 22:04:09] /addskill Imortall, level
[02/10/2015 22:04:09] /addskill Imortall, level
[02/10/2015 22:04:09] /addskill Imortall, level
[02/10/2015 22:04:09] /addskill Imortall, level
[02/10/2015 22:04:09] /addskill Imortall, level
[02/10/2015 22:04:09] /addskill Imortall, level
[02/10/2015 22:04:09] /addskill Imortall, level
[02/10/2015 22:04:09] /addskill Imortall, level
[02/10/2015 22:04:09] /addskill Imortall, level
[02/10/2015 22:04:09] /addskill Imortall, level
[02/10/2015 22:04:09] /addskill Imortall, level
[02/10/2015 22:04:09] /addskill Imortall, level
[02/10/2015 22:04:10] /addskill Imortall, level
[02/10/2015 22:04:10] /addskill Imortall, level
[02/10/2015 22:04:10] /addskill Imortall, level
[02/10/2015 22:04:10] /addskill Imortall, level
[02/10/2015 22:04:10] /addskill Imortall, level
[02/10/2015 22:04:10] /addskill Imortall, level
[02/10/2015 22:04:10] /addskill Imortall, level
[02/10/2015 22:04:10] /addskill Imortall, level
[02/10/2015 22:04:10] /addskill Imortall, level
[02/10/2015 22:04:10] /addskill Imortall, level
[02/10/2015 22:04:10] /addskill Imortall, level
[02/10/2015 22:04:10] /addskill Imortall, level
[02/10/2015 22:04:10] /addskill Imortall, level
[02/10/2015 22:04:10] /addskill Imortall, level
[02/10/2015 22:04:10] /addskill Imortall, level
[02/10/2015 22:04:10] /addskill Imortall, level
[02/10/2015 22:04:10] /addskill Imortall, level
[02/10/2015 22:04:10] /addskill Imortall, level
[02/10/2015 22:04:10] /addskill Imortall, level
[02/10/2015 22:04:10] /addskill Imortall, level
[02/10/2015 22:04:10] /addskill Imortall, level
[02/10/2015 22:04:10] /addskill Imortall, level
[02/10/2015 22:04:10] /addskill Imortall, level
[02/10/2015 22:04:10] /addskill Imortall, level
[02/10/2015 22:04:10] /addskill Imortall, level
[02/10/2015 22:04:10] /addskill Imortall, level
[02/10/2015 22:04:10] /addskill Imortall, level
[02/10/2015 22:04:11] /addskill Imortall, level
[02/10/2015 22:04:11] /addskill Imortall, level
[02/10/2015 22:04:11] /addskill Imortall, level
[02/10/2015 22:04:11] /addskill Imortall, level
[02/10/2015 22:04:11] /addskill Imortall, level
[02/10/2015 22:04:11] /addskill Imortall, level
[02/10/2015 22:04:11] /addskill Imortall, level
[02/10/2015 22:04:11] /addskill Imortall, level
[02/10/2015 22:04:11] /addskill Imortall, level
[02/10/2015 22:04:11] /addskill Imortall, level
[02/10/2015 22:04:11] /addskill Imortall, level
[02/10/2015 22:04:11] /addskill Imortall, level
[02/10/2015 22:04:11] /addskill Imortall, level
[02/10/2015 22:04:11] /addskill Imortall, level
[02/10/2015 22:04:11] /addskill Imortall, level
[02/10/2015 22:04:11] /addskill Imortall, level
[02/10/2015 22:04:11] /addskill Imortall, level
[02/10/2015 22:04:11] /addskill Imortall, level
[02/10/2015 22:04:11] /addskill Imortall, level
[02/10/2015 22:04:11] /addskill Imortall, level
[02/10/2015 22:04:11] /addskill Imortall, level
[02/10/2015 22:04:11] /addskill Imortall, level
[02/10/2015 22:04:11] /addskill Imortall, level
[02/10/2015 22:04:11] /addskill Imortall, level
[02/10/2015 22:04:11] /addskill Imortall, level
[02/10/2015 22:04:11] /addskill Imortall, level
[02/10/2015 22:04:11] /addskill Imortall, level
[02/10/2015 22:04:12] /addskill Imortall, level
[02/10/2015 22:04:12] /addskill Imortall, level
[02/10/2015 22:04:12] /addskill Imortall, level
[02/10/2015 22:04:12] /addskill Imortall, level
[02/10/2015 22:04:12] /addskill Imortall, level
[02/10/2015 22:04:12] /addskill Imortall, level
[02/10/2015 22:04:12] /addskill Imortall, level
[02/10/2015 22:04:12] /addskill Imortall, level
[02/10/2015 22:04:12] /addskill Imortall, level
[02/10/2015 22:04:12] /addskill Imortall, level
[02/10/2015 22:04:12] /addskill Imortall, level
[02/10/2015 22:04:12] /addskill Imortall, level
[02/10/2015 22:04:12] /addskill Imortall, level
[02/10/2015 22:04:12] /addskill Imortall, level
[02/10/2015 22:04:12] /addskill Imortall, level
[02/10/2015 22:04:12] /addskill Imortall, level
[02/10/2015 22:04:12] /addskill Imortall, level
[02/10/2015 22:04:12] /addskill Imortall, level
[02/10/2015 22:04:12] /addskill Imortall, level
[02/10/2015 22:04:12] /addskill Imortall, level
[02/10/2015 22:04:12] /addskill Imortall, level
[02/10/2015 22:04:12] /addskill Imortall, level
[02/10/2015 22:04:12] /addskill Imortall, level
[02/10/2015 22:04:12] /addskill Imortall, level
[02/10/2015 22:04:12] /addskill Imortall, level
[02/10/2015 22:04:12] /addskill Imortall, level
[02/10/2015 22:04:12] /addskill Imortall, level
[02/10/2015 22:04:12] /addskill Imortall, level
[02/10/2015 22:04:12] /addskill Imortall, level
[02/10/2015 22:04:12] /addskill Imortall, level
[02/10/2015 22:04:13] /addskill Imortall, level
[02/10/2015 22:04:13] /addskill Imortall, level
[02/10/2015 22:04:13] /addskill Imortall, level
[02/10/2015 22:04:13] /addskill Imortall, level
[02/10/2015 22:04:13] /addskill Imortall, level
[02/10/2015 22:04:13] /addskill Imortall, level
[02/10/2015 22:04:13] /addskill Imortall, level
[02/10/2015 22:04:13] /addskill Imortall, level
[02/10/2015 22:04:13] /addskill Imortall, level
[02/10/2015 22:04:13] /addskill Imortall, level
[02/10/2015 22:04:13] /addskill Imortall, level
[02/10/2015 22:04:13] /addskill Imortall, level
[02/10/2015 22:04:13] /addskill Imortall, level
[02/10/2015 22:04:13] /addskill Imortall, level
[02/10/2015 22:04:13] /addskill Imortall, level
[02/10/2015 22:04:13] /addskill Imortall, level
[02/10/2015 22:04:13] /addskill Imortall, level
[02/10/2015 22:04:13] /addskill Imortall, level
[02/10/2015 22:04:13] /addskill Imortall, level
[02/10/2015 22:04:13] /addskill Imortall, level
[02/10/2015 22:04:13] /addskill Imortall, level
[02/10/2015 22:04:13] /addskill Imortall, level
[02/10/2015 22:04:13] /addskill Imortall, level
[02/10/2015 22:04:13] /addskill Imortall, level
[02/10/2015 22:04:13] /addskill Imortall, level
[02/10/2015 22:04:13] /addskill Imortall, level
[02/10/2015 22:04:13] /addskill Imortall, level
[02/10/2015 22:04:13] /addskill Imortall, level
[02/10/2015 22:04:13] /addskill Imortall, level
[02/10/2015 22:04:13] /addskill Imortall, level
[02/10/2015 22:04:13] /addskill Imortall, level
[02/10/2015 22:04:13] /addskill Imortall, level
[02/10/2015 22:04:14] /addskill Imortall, level
[02/10/2015 22:04:14] /addskill Imortall, level
[02/10/2015 22:04:14] /addskill Imortall, level
[02/10/2015 22:04:14] /addskill Imortall, level
[02/10/2015 22:04:14] /addskill Imortall, level
[02/10/2015 22:04:14] /addskill Imortall, level
[02/10/2015 22:04:14] /addskill Imortall, level
[02/10/2015 22:04:14] /addskill Imortall, level
[02/10/2015 22:04:14] /addskill Imortall, level
[02/10/2015 22:04:14] /addskill Imortall, level
[02/10/2015 22:04:14] /addskill Imortall, level
[02/10/2015 22:04:14] /addskill Imortall, level
[02/10/2015 22:04:14] /addskill Imortall, level
[02/10/2015 22:04:14] /addskill Imortall, level
[02/10/2015 22:04:14] /addskill Imortall, level
[02/10/2015 22:04:14] /addskill Imortall, level
[02/10/2015 22:04:14] /addskill Imortall, level
[02/10/2015 22:04:14] /addskill Imortall, level
[02/10/2015 22:04:14] /addskill Imortall, level
[02/10/2015 22:04:14] /addskill Imortall, level
[02/10/2015 22:04:14] /addskill Imortall, level
[02/10/2015 22:04:14] /addskill Imortall, level
[02/10/2015 22:04:14] /addskill Imortall, level
[02/10/2015 22:04:14] /addskill Imortall, level
[02/10/2015 22:04:14] /addskill Imortall, level
[02/10/2015 22:04:14] /addskill Imortall, level
[02/10/2015 22:04:14] /addskill Imortall, level
[02/10/2015 22:04:15] /addskill Imortall, level
[02/10/2015 22:04:15] /addskill Imortall, level
[02/10/2015 22:04:15] /addskill Imortall, level
[02/10/2015 22:04:15] /addskill Imortall, level
[02/10/2015 22:04:15] /addskill Imortall, level
[02/10/2015 22:04:15] /addskill Imortall, level
[02/10/2015 22:04:15] /addskill Imortall, level
[02/10/2015 22:04:15] /addskill Imortall, level
[02/10/2015 22:04:15] /addskill Imortall, level
[02/10/2015 22:04:15] /addskill Imortall, level
[02/10/2015 22:04:15] /addskill Imortall, level
[02/10/2015 22:04:15] /addskill Imortall, level
[02/10/2015 22:04:15] /addskill Imortall, level
[02/10/2015 22:04:15] /addskill Imortall, level
[02/10/2015 22:04:15] /addskill Imortall, level
[02/10/2015 22:04:15] /addskill Imortall, level
[02/10/2015 22:04:15] /addskill Imortall, level
[02/10/2015 22:04:15] /addskill Imortall, level
[02/10/2015 22:04:15] /addskill Imortall, level
[02/10/2015 22:04:15] /addskill Imortall, level
[02/10/2015 22:04:15] /addskill Imortall, level
[02/10/2015 22:04:15] /addskill Imortall, level
[02/10/2015 22:04:15] /addskill Imortall, level
[02/10/2015 22:04:15] /addskill Imortall, level
[02/10/2015 22:04:15] /addskill Imortall, level
[02/10/2015 22:04:15] /addskill Imortall, level
[02/10/2015 22:04:16] /addskill Imortall, level
[02/10/2015 22:04:16] /addskill Imortall, level
[02/10/2015 22:04:16] /addskill Imortall, level
[02/10/2015 22:04:16] /addskill Imortall, level
[02/10/2015 22:04:16] /addskill Imortall, level
[02/10/2015 22:04:16] /addskill Imortall, level
[02/10/2015 22:04:16] /addskill Imortall, level
[02/10/2015 22:04:16] /addskill Imortall, level
[02/10/2015 22:04:16] /addskill Imortall, level
[02/10/2015 22:04:16] /addskill Imortall, level
[02/10/2015 22:04:16] /addskill Imortall, level
[02/10/2015 22:04:16] /addskill Imortall, level
[02/10/2015 22:04:16] /addskill Imortall, level
[02/10/2015 22:04:16] /addskill Imortall, level
[02/10/2015 22:04:16] /addskill Imortall, level
[02/10/2015 22:04:16] /addskill Imortall, level
[02/10/2015 22:04:16] /addskill Imortall, level
[02/10/2015 22:04:16] /addskill Imortall, level
[02/10/2015 22:04:16] /addskill Imortall, level
[02/10/2015 22:04:16] /addskill Imortall, level
[02/10/2015 22:04:16] /addskill Imortall, level
[02/10/2015 22:04:16] /addskill Imortall, level
[02/10/2015 22:04:16] /addskill Imortall, level
[02/10/2015 22:04:16] /addskill Imortall, level
[02/10/2015 22:04:16] /addskill Imortall, level
[02/10/2015 22:04:16] /addskill Imortall, level
[02/10/2015 22:04:16] /addskill Imortall, level
[02/10/2015 22:04:17] /addskill Imortall, level
[02/10/2015 22:04:17] /addskill Imortall, level
[02/10/2015 22:04:17] /addskill Imortall, level
[02/10/2015 22:04:17] /addskill Imortall, level
[02/10/2015 22:04:17] /addskill Imortall, level
[02/10/2015 22:04:17] /addskill Imortall, level
[02/10/2015 22:04:17] /addskill Imortall, level
[02/10/2015 22:04:17] /addskill Imortall, level
[02/10/2015 22:04:17] /addskill Imortall, level
[02/10/2015 22:04:17] /addskill Imortall, level
[02/10/2015 22:04:17] /addskill Imortall, level
[02/10/2015 22:04:17] /addskill Imortall, level
[02/10/2015 22:04:17] /addskill Imortall, level
[02/10/2015 22:04:17] /addskill Imortall, level
[02/10/2015 22:04:17] /addskill Imortall, level
[02/10/2015 22:04:17] /addskill Imortall, level
[02/10/2015 22:04:17] /addskill Imortall, level
[02/10/2015 22:04:17] /addskill Imortall, level
[02/10/2015 22:04:17] /addskill Imortall, level
[02/10/2015 22:04:17] /addskill Imortall, level
[02/10/2015 22:04:17] /addskill Imortall, level
[02/10/2015 22:04:17] /addskill Imortall, level
[02/10/2015 22:04:17] /addskill Imortall, level
[02/10/2015 22:04:17] /addskill Imortall, level
[02/10/2015 22:04:17] /addskill Imortall, level
[02/10/2015 22:04:17] /addskill Imortall, level
[02/10/2015 22:04:17] /addskill Imortall, level
[02/10/2015 22:04:17] /addskill Imortall, level
[02/10/2015 22:04:17] /addskill Imortall, level
[02/10/2015 22:04:17] /addskill Imortall, level
[02/10/2015 22:04:17] /addskill Imortall, level
[02/10/2015 22:04:17] /addskill Imortall, level
[02/10/2015 22:04:18] /addskill Imortall, level
[02/10/2015 22:04:18] /addskill Imortall, level
[02/10/2015 22:04:18] /addskill Imortall, level
[02/10/2015 22:04:18] /addskill Imortall, level
[02/10/2015 22:04:18] /addskill Imortall, level
[02/10/2015 22:04:18] /addskill Imortall, level
[02/10/2015 22:04:18] /addskill Imortall, level
[02/10/2015 22:04:18] /addskill Imortall, level
[02/10/2015 22:04:18] /addskill Imortall, level
[02/10/2015 22:04:18] /addskill Imortall, level
[02/10/2015 22:04:18] /addskill Imortall, level
[02/10/2015 22:04:18] /addskill Imortall, level
[02/10/2015 22:04:18] /addskill Imortall, level
[02/10/2015 22:04:18] /addskill Imortall, level
[02/10/2015 22:04:18] /addskill Imortall, level
[02/10/2015 22:04:18] /addskill Imortall, level
[02/10/2015 22:04:18] /addskill Imortall, level
[02/10/2015 22:04:18] /addskill Imortall, level
[02/10/2015 22:04:18] /addskill Imortall, level
[02/10/2015 22:04:18] /addskill Imortall, level
[02/10/2015 22:04:18] /addskill Imortall, level
[02/10/2015 22:04:18] /addskill Imortall, level
[02/10/2015 22:04:18] /addskill Imortall, level
[02/10/2015 22:04:18] /addskill Imortall, level
[02/10/2015 22:04:18] /addskill Imortall, level
[02/10/2015 22:04:18] /addskill Imortall, level
[02/10/2015 22:04:18] /addskill Imortall, level
[02/10/2015 22:04:18] /addskill Imortall, level
[02/10/2015 22:04:18] /addskill Imortall, level
[02/10/2015 22:04:18] /addskill Imortall, level
[02/10/2015 22:04:19] /addskill Imortall, level
[02/10/2015 22:04:19] /addskill Imortall, level
[02/10/2015 22:04:19] /addskill Imortall, level
[02/10/2015 22:04:19] /addskill Imortall, level
[02/10/2015 22:04:19] /addskill Imortall, level
[02/10/2015 22:04:19] /addskill Imortall, level
[02/10/2015 22:04:19] /addskill Imortall, level
[02/10/2015 22:04:19] /addskill Imortall, level
[02/10/2015 22:04:19] /addskill Imortall, level
[02/10/2015 22:04:19] /addskill Imortall, level
[02/10/2015 22:04:19] /addskill Imortall, level
[02/10/2015 22:04:19] /addskill Imortall, level
[02/10/2015 22:04:19] /addskill Imortall, level
[02/10/2015 22:04:19] /addskill Imortall, level
[02/10/2015 22:04:19] /addskill Imortall, level
[02/10/2015 22:04:19] /addskill Imortall, level
[02/10/2015 22:04:19] /addskill Imortall, level
[02/10/2015 22:04:19] /addskill Imortall, level
[02/10/2015 22:04:19] /addskill Imortall, level
[02/10/2015 22:04:19] /addskill Imortall, level
[02/10/2015 22:04:19] /addskill Imortall, level
[02/10/2015 22:04:19] /addskill Imortall, level
[02/10/2015 22:04:19] /addskill Imortall, level
[02/10/2015 22:04:19] /addskill Imortall, level
[02/10/2015 22:04:19] /addskill Imortall, level
[02/10/2015 22:04:19] /addskill Imortall, level
[02/10/2015 22:04:19] /addskill Imortall, level
[02/10/2015 22:04:20] /addskill Imortall, level
[02/10/2015 22:04:20] /addskill Imortall, level
[02/10/2015 22:04:20] /addskill Imortall, level
[02/10/2015 22:04:20] /addskill Imortall, level
[02/10/2015 22:04:20] /addskill Imortall, level
[02/10/2015 22:04:20] /addskill Imortall, level
[02/10/2015 22:04:20] /addskill Imortall, level
[02/10/2015 22:04:20] /addskill Imortall, level
[02/10/2015 22:04:20] /addskill Imortall, level
[02/10/2015 22:04:20] /addskill Imortall, level
[02/10/2015 22:04:20] /addskill Imortall, level
[02/10/2015 22:04:20] /addskill Imortall, level
[02/10/2015 22:04:20] /addskill Imortall, level
[02/10/2015 22:04:20] /addskill Imortall, level
[02/10/2015 22:04:20] /addskill Imortall, level
[02/10/2015 22:04:20] /addskill Imortall, level
[02/10/2015 22:04:20] /addskill Imortall, level
[02/10/2015 22:04:20] /addskill Imortall, level
[02/10/2015 22:04:20] /addskill Imortall, level
[02/10/2015 22:04:20] /addskill Imortall, level
[02/10/2015 22:04:20] /addskill Imortall, level
[02/10/2015 22:04:20] /addskill Imortall, level
[02/10/2015 22:04:20] /addskill Imortall, level
[02/10/2015 22:04:20] /addskill Imortall, level
[02/10/2015 22:04:20] /addskill Imortall, level
[02/10/2015 22:04:20] /addskill Imortall, level
[02/10/2015 22:04:20] /addskill Imortall, level
[02/10/2015 22:04:20] /addskill Imortall, level
[02/10/2015 22:04:20] /addskill Imortall, level
[02/10/2015 22:04:20] /addskill Imortall, level
[02/10/2015 22:04:21] /addskill Imortall, level
[02/10/2015 22:04:21] /addskill Imortall, level
[02/10/2015 22:04:21] /addskill Imortall, level
[02/10/2015 22:04:21] /addskill Imortall, level
[02/10/2015 22:04:21] /addskill Imortall, level
[02/10/2015 22:04:21] /addskill Imortall, level
[02/10/2015 22:04:21] /addskill Imortall, level
[02/10/2015 22:04:21] /addskill Imortall, level
[02/10/2015 22:04:21] /addskill Imortall, level
[02/10/2015 22:04:21] /addskill Imortall, level
[02/10/2015 22:04:21] /addskill Imortall, level
[02/10/2015 22:04:21] /addskill Imortall, level
[02/10/2015 22:04:21] /addskill Imortall, level
[02/10/2015 22:04:21] /addskill Imortall, level
[02/10/2015 22:04:21] /addskill Imortall, level
[02/10/2015 22:04:21] /addskill Imortall, level
[02/10/2015 22:04:21] /addskill Imortall, level
[02/10/2015 22:04:21] /addskill Imortall, level
[02/10/2015 22:04:21] /addskill Imortall, level
[02/10/2015 22:04:21] /addskill Imortall, level
[02/10/2015 22:04:21] /addskill Imortall, level
[02/10/2015 22:04:21] /addskill Imortall, level
[02/10/2015 22:04:21] /addskill Imortall, level
[02/10/2015 22:04:21] /addskill Imortall, level
[02/10/2015 22:04:21] /addskill Imortall, level
[02/10/2015 22:04:21] /addskill Imortall, level
[02/10/2015 22:04:22] /addskill Imortall, level
[02/10/2015 22:04:22] /addskill Imortall, level
[02/10/2015 22:04:22] /addskill Imortall, level
[02/10/2015 22:04:22] /addskill Imortall, level
[02/10/2015 22:04:22] /addskill Imortall, level
[02/10/2015 22:04:22] /addskill Imortall, level
[02/10/2015 22:04:22] /addskill Imortall, level
[02/10/2015 22:04:22] /addskill Imortall, level
[02/10/2015 22:04:22] /addskill Imortall, level
[02/10/2015 22:04:22] /addskill Imortall, level
[02/10/2015 22:04:22] /addskill Imortall, level
[02/10/2015 22:04:22] /addskill Imortall, level
[02/10/2015 22:04:22] /addskill Imortall, level
[02/10/2015 22:04:22] /addskill Imortall, level
[02/10/2015 22:04:22] /addskill Imortall, level
[02/10/2015 22:04:22] /addskill Imortall, level
[02/10/2015 22:04:22] /addskill Imortall, level
[02/10/2015 22:04:22] /addskill Imortall, level
[02/10/2015 22:04:22] /addskill Imortall, level
[02/10/2015 22:04:22] /addskill Imortall, level
[02/10/2015 22:04:22] /addskill Imortall, level
[02/10/2015 22:04:22] /addskill Imortall, level
[02/10/2015 22:04:22] /addskill Imortall, level
[02/10/2015 22:04:22] /addskill Imortall, level
[02/10/2015 22:04:22] /addskill Imortall, level
[02/10/2015 22:04:22] /addskill Imortall, level
[02/10/2015 22:04:23] /addskill Imortall, level
[02/10/2015 22:04:23] /addskill Imortall, level
[02/10/2015 22:04:23] /addskill Imortall, level
[02/10/2015 22:04:23] /addskill Imortall, level
[02/10/2015 22:04:23] /addskill Imortall, level
[02/10/2015 22:04:23] /addskill Imortall, level
[02/10/2015 22:04:23] /addskill Imortall, level
[02/10/2015 22:04:23] /addskill Imortall, level
[02/10/2015 22:04:23] /addskill Imortall, level
[02/10/2015 22:04:23] /addskill Imortall, level
[02/10/2015 22:04:23] /addskill Imortall, level
[02/10/2015 22:04:23] /addskill Imortall, level
[02/10/2015 22:04:23] /addskill Imortall, level
[02/10/2015 22:04:23] /addskill Imortall, level
[02/10/2015 22:04:23] /addskill Imortall, level
[02/10/2015 22:04:23] /addskill Imortall, level
[02/10/2015 22:04:23] /addskill Imortall, level
[02/10/2015 22:04:23] /addskill Imortall, level
[02/10/2015 22:04:23] /addskill Imortall, level
[02/10/2015 22:04:23] /addskill Imortall, level
[02/10/2015 22:04:23] /addskill Imortall, level
[02/10/2015 22:04:23] /addskill Imortall, level
[02/10/2015 22:04:23] /addskill Imortall, level
[02/10/2015 22:04:23] /addskill Imortall, level
[02/10/2015 22:04:23] /addskill Imortall, level
[02/10/2015 22:04:23] /addskill Imortall, level
[02/10/2015 22:04:23] /addskill Imortall, level
[02/10/2015 22:04:23] /addskill Imortall, level
[02/10/2015 22:04:23] /addskill Imortall, level
[02/10/2015 22:04:23] /addskill Imortall, level
[02/10/2015 22:04:23] /addskill Imortall, level
[02/10/2015 22:04:23] /addskill Imortall, level
[02/10/2015 22:04:23] /addskill Imortall, level
[02/10/2015 22:04:24] /addskill Imortall, level
[02/10/2015 22:04:24] /addskill Imortall, level
[02/10/2015 22:04:24] /addskill Imortall, level
[02/10/2015 22:04:24] /addskill Imortall, level
[02/10/2015 22:04:24] /addskill Imortall, level
[02/10/2015 22:04:24] /addskill Imortall, level
[02/10/2015 22:04:24] /addskill Imortall, level
[02/10/2015 22:04:24] /addskill Imortall, level
[02/10/2015 22:04:24] /addskill Imortall, level
[02/10/2015 22:04:24] /addskill Imortall, level
[02/10/2015 22:04:24] /addskill Imortall, level
[02/10/2015 22:04:24] /addskill Imortall, level
[02/10/2015 22:04:24] /addskill Imortall, level
[02/10/2015 22:04:24] /addskill Imortall, level
[02/10/2015 22:04:24] /addskill Imortall, level
[02/10/2015 22:04:24] /addskill Imortall, level
[02/10/2015 22:04:24] /addskill Imortall, level
[02/10/2015 22:04:24] /addskill Imortall, level
[02/10/2015 22:04:24] /addskill Imortall, level
[02/10/2015 22:04:24] /addskill Imortall, level
[02/10/2015 22:04:24] /addskill Imortall, level
[02/10/2015 22:04:24] /addskill Imortall, level
[02/10/2015 22:04:24] /addskill Imortall, level
[02/10/2015 22:04:24] /addskill Imortall, level
[02/10/2015 22:04:24] /addskill Imortall, level
[02/10/2015 22:04:24] /addskill Imortall, level
[02/10/2015 22:04:24] /addskill Imortall, level
[02/10/2015 22:04:24] /addskill Imortall, level
[02/10/2015 22:04:25] /addskill Imortall, level
[02/10/2015 22:04:25] /addskill Imortall, level
[02/10/2015 22:04:25] /addskill Imortall, level
[02/10/2015 22:04:25] /addskill Imortall, level
[02/10/2015 22:04:25] /addskill Imortall, level
[02/10/2015 22:04:25] /addskill Imortall, level
[02/10/2015 22:04:25] /addskill Imortall, level
[02/10/2015 22:04:25] /addskill Imortall, level
[02/10/2015 22:04:25] /addskill Imortall, level
[02/10/2015 22:04:25] /addskill Imortall, level
[02/10/2015 22:04:25] /addskill Imortall, level
[02/10/2015 22:04:25] /addskill Imortall, level
[02/10/2015 22:04:25] /addskill Imortall, level
[02/10/2015 22:04:25] /addskill Imortall, level
[02/10/2015 22:04:25] /addskill Imortall, level
[02/10/2015 22:04:25] /addskill Imortall, level
[02/10/2015 22:04:25] /addskill Imortall, level
[02/10/2015 22:04:25] /addskill Imortall, level
[02/10/2015 22:04:25] /addskill Imortall, level
[02/10/2015 22:04:25] /addskill Imortall, level
[02/10/2015 22:04:25] /addskill Imortall, level
[02/10/2015 22:04:25] /addskill Imortall, level
[02/10/2015 22:04:25] /addskill Imortall, level
[02/10/2015 22:04:25] /addskill Imortall, level
[02/10/2015 22:04:25] /addskill Imortall, level
[02/10/2015 22:04:25] /addskill Imortall, level
[02/10/2015 22:04:25] /addskill Imortall, level
[02/10/2015 22:04:25] /addskill Imortall, level
[02/10/2015 22:04:25] /addskill Imortall, level
[02/10/2015 22:04:25] /addskill Imortall, level
[02/10/2015 22:04:26] /addskill Imortall, level
[02/10/2015 22:04:26] /addskill Imortall, level
[02/10/2015 22:04:26] /addskill Imortall, level
[02/10/2015 22:04:26] /addskill Imortall, level
[02/10/2015 22:04:26] /addskill Imortall, level
[02/10/2015 22:04:26] /addskill Imortall, level
[02/10/2015 22:04:26] /addskill Imortall, level
[02/10/2015 22:04:26] /addskill Imortall, level
[02/10/2015 22:04:26] /addskill Imortall, level
[02/10/2015 22:04:26] /addskill Imortall, level
[02/10/2015 22:04:26] /addskill Imortall, level
[02/10/2015 22:04:26] /addskill Imortall, level
[02/10/2015 22:04:26] /addskill Imortall, level
[02/10/2015 22:04:26] /addskill Imortall, level
[02/10/2015 22:04:26] /addskill Imortall, level
[02/10/2015 22:04:26] /addskill Imortall, level
[02/10/2015 22:04:26] /addskill Imortall, level
[02/10/2015 22:04:26] /addskill Imortall, level
[02/10/2015 22:04:26] /addskill Imortall, level
[02/10/2015 22:04:26] /addskill Imortall, level
[02/10/2015 22:04:26] /addskill Imortall, level
[02/10/2015 22:04:26] /addskill Imortall, level
[02/10/2015 22:04:26] /addskill Imortall, level
[02/10/2015 22:04:26] /addskill Imortall, level
[02/10/2015 22:04:26] /addskill Imortall, level
[02/10/2015 22:04:26] /addskill Imortall, level
[02/10/2015 22:04:26] /addskill Imortall, level
[02/10/2015 22:04:27] /addskill Imortall, level
[02/10/2015 22:04:27] /addskill Imortall, level
[02/10/2015 22:04:27] /addskill Imortall, level
[02/10/2015 22:04:27] /addskill Imortall, level
[02/10/2015 22:04:27] /addskill Imortall, level
[02/10/2015 22:04:27] /addskill Imortall, level
[02/10/2015 22:04:27] /addskill Imortall, level
[02/10/2015 22:04:27] /addskill Imortall, level
[02/10/2015 22:04:27] /addskill Imortall, level
[02/10/2015 22:04:27] /addskill Imortall, level
[02/10/2015 22:04:27] /addskill Imortall, level
[02/10/2015 22:04:27] /addskill Imortall, level
[02/10/2015 22:04:27] /addskill Imortall, level
[02/10/2015 22:04:27] /addskill Imortall, level
[02/10/2015 22:04:27] /addskill Imortall, level
[02/10/2015 22:04:27] /addskill Imortall, level
[02/10/2015 22:04:27] /addskill Imortall, level
[02/10/2015 22:04:27] /addskill Imortall, level
[02/10/2015 22:04:27] /addskill Imortall, level
[02/10/2015 22:04:27] /addskill Imortall, level
[02/10/2015 22:04:27] /addskill Imortall, level
[02/10/2015 22:04:27] /addskill Imortall, level
[02/10/2015 22:04:27] /addskill Imortall, level
[02/10/2015 22:04:27] /addskill Imortall, level
[02/10/2015 22:04:27] /addskill Imortall, level
[02/10/2015 22:04:27] /addskill Imortall, level
[02/10/2015 22:04:27] /addskill Imortall, level
[02/10/2015 22:04:27] /addskill Imortall, level
[02/10/2015 22:04:27] /addskill Imortall, level
[02/10/2015 22:04:27] /addskill Imortall, level
[02/10/2015 22:04:27] /addskill Imortall, level
[02/10/2015 22:04:27] /addskill Imortall, level
[02/10/2015 22:04:28] /addskill Imortall, level
[02/10/2015 22:04:28] /addskill Imortall, level
[02/10/2015 22:04:28] /addskill Imortall, level
[02/10/2015 22:04:28] /addskill Imortall, level
[02/10/2015 22:04:28] /addskill Imortall, level
[02/10/2015 22:04:28] /addskill Imortall, level
[02/10/2015 22:04:28] /addskill Imortall, level
[02/10/2015 22:04:28] /addskill Imortall, level
[02/10/2015 22:04:28] /addskill Imortall, level
[02/10/2015 22:04:28] /addskill Imortall, level
[02/10/2015 22:04:28] /addskill Imortall, level
[02/10/2015 22:04:28] /addskill Imortall, level
[02/10/2015 22:04:28] /addskill Imortall, level
[02/10/2015 22:04:28] /addskill Imortall, level
[02/10/2015 22:04:28] /addskill Imortall, level
[02/10/2015 22:04:28] /addskill Imortall, level
[02/10/2015 22:04:28] /addskill Imortall, level
[02/10/2015 22:04:28] /addskill Imortall, level
[02/10/2015 22:04:28] /addskill Imortall, level
[02/10/2015 22:04:28] /addskill Imortall, level
[02/10/2015 22:04:28] /addskill Imortall, level
[02/10/2015 22:04:28] /addskill Imortall, level
[02/10/2015 22:04:28] /addskill Imortall, level
[02/10/2015 22:04:28] /addskill Imortall, level
[02/10/2015 22:04:28] /addskill Imortall, level
[02/10/2015 22:04:28] /addskill Imortall, level
[02/10/2015 22:04:29] /addskill Imortall, level
[02/10/2015 22:04:29] /addskill Imortall, level
[02/10/2015 22:04:29] /addskill Imortall, level
[02/10/2015 22:04:29] /addskill Imortall, level
[02/10/2015 22:04:29] /addskill Imortall, level
[02/10/2015 22:04:29] /addskill Imortall, level
[02/10/2015 22:04:29] /addskill Imortall, level
[02/10/2015 22:04:29] /addskill Imortall, level
[02/10/2015 22:04:29] /addskill Imortall, level
[02/10/2015 22:04:29] /addskill Imortall, level
[02/10/2015 22:04:29] /addskill Imortall, level
[02/10/2015 22:04:29] /addskill Imortall, level
[02/10/2015 22:04:29] /addskill Imortall, level
[02/10/2015 22:04:29] /addskill Imortall, level
[02/10/2015 22:04:29] /addskill Imortall, level
[02/10/2015 22:04:29] /addskill Imortall, level
[02/10/2015 22:04:29] /addskill Imortall, level
[02/10/2015 22:04:29] /addskill Imortall, level
[02/10/2015 22:04:29] /addskill Imortall, level
[02/10/2015 22:04:29] /addskill Imortall, level
[02/10/2015 22:04:29] /addskill Imortall, level
[02/10/2015 22:04:29] /addskill Imortall, level
[02/10/2015 22:04:29] /addskill Imortall, level
[02/10/2015 22:04:29] /addskill Imortall, level
[02/10/2015 22:04:29] /addskill Imortall, level
[02/10/2015 22:04:29] /addskill Imortall, level
[02/10/2015 22:04:29] /addskill Imortall, level
[02/10/2015 22:04:30] /addskill Imortall, level
[02/10/2015 22:04:30] /addskill Imortall, level
[02/10/2015 22:04:30] /addskill Imortall, level
[02/10/2015 22:04:30] /addskill Imortall, level
[02/10/2015 22:04:30] /addskill Imortall, level
[02/10/2015 22:04:30] /addskill Imortall, level
[02/10/2015 22:04:30] /addskill Imortall, level
[02/10/2015 22:04:30] /addskill Imortall, level
[02/10/2015 22:04:30] /addskill Imortall, level
[02/10/2015 22:04:30] /addskill Imortall, level
[02/10/2015 22:04:30] /addskill Imortall, level
[02/10/2015 22:04:30] /addskill Imortall, level
[02/10/2015 22:04:30] /addskill Imortall, level
[02/10/2015 22:04:30] /addskill Imortall, level
[02/10/2015 22:04:30] /addskill Imortall, level
[02/10/2015 22:04:30] /addskill Imortall, level
[02/10/2015 22:04:30] /addskill Imortall, level
[02/10/2015 22:04:30] /addskill Imortall, level
[02/10/2015 22:04:30] /addskill Imortall, level
[02/10/2015 22:04:30] /addskill Imortall, level
[02/10/2015 22:04:30] /addskill Imortall, level
[02/10/2015 22:04:30] /addskill Imortall, level
[02/10/2015 22:04:30] /addskill Imortall, level
[02/10/2015 22:04:30] /addskill Imortall, level
[02/10/2015 22:04:30] /addskill Imortall, level
[02/10/2015 22:04:30] /addskill Imortall, level
[02/10/2015 22:04:30] /addskill Imortall, level
[02/10/2015 22:04:30] /addskill Imortall, level
[02/10/2015 22:04:30] /addskill Imortall, level
[02/10/2015 22:04:31] /addskill Imortall, level
[02/10/2015 22:04:31] /addskill Imortall, level
[02/10/2015 22:04:31] /addskill Imortall, level
[02/10/2015 22:04:31] /addskill Imortall, level
[02/10/2015 22:04:31] /addskill Imortall, level
[02/10/2015 22:04:31] /addskill Imortall, level
[02/10/2015 22:04:31] /addskill Imortall, level
[02/10/2015 22:04:31] /addskill Imortall, level
[02/10/2015 22:04:31] /addskill Imortall, level
[02/10/2015 22:04:31] /addskill Imortall, level
[02/10/2015 22:04:31] /addskill Imortall, level
[02/10/2015 22:04:31] /addskill Imortall, level
[02/10/2015 22:04:31] /addskill Imortall, level
[02/10/2015 22:04:31] /addskill Imortall, level
[02/10/2015 22:04:31] /addskill Imortall, level
[02/10/2015 22:04:31] /addskill Imortall, level
[02/10/2015 22:04:31] /addskill Imortall, level
[02/10/2015 22:04:31] /addskill Imortall, level
[02/10/2015 22:04:31] /addskill Imortall, level
[02/10/2015 22:04:31] /addskill Imortall, level
[02/10/2015 22:04:31] /addskill Imortall, level
[02/10/2015 22:04:31] /addskill Imortall, level
[02/10/2015 22:04:31] /addskill Imortall, level
[02/10/2015 22:04:31] /addskill Imortall, level
[02/10/2015 22:04:31] /addskill Imortall, level
[02/10/2015 22:04:31] /addskill Imortall, level
[02/10/2015 22:04:32] /addskill Imortall, level
[02/10/2015 22:04:32] /addskill Imortall, level
[02/10/2015 22:04:32] /addskill Imortall, level
[02/10/2015 22:04:32] /addskill Imortall, level
[02/10/2015 22:04:32] /addskill Imortall, level
[02/10/2015 22:04:32] /addskill Imortall, level
[02/10/2015 22:04:32] /addskill Imortall, level
[02/10/2015 22:04:32] /addskill Imortall, level
[02/10/2015 22:04:32] /addskill Imortall, level
[02/10/2015 22:04:32] /addskill Imortall, level
[02/10/2015 22:04:32] /addskill Imortall, level
[02/10/2015 22:04:32] /addskill Imortall, level
[02/10/2015 22:04:32] /addskill Imortall, level
[02/10/2015 22:04:32] /addskill Imortall, level
[02/10/2015 22:04:32] /addskill Imortall, level
[02/10/2015 22:04:32] /addskill Imortall, level
[02/10/2015 22:04:32] /addskill Imortall, level
[02/10/2015 22:04:32] /addskill Imortall, level
[02/10/2015 22:04:32] /addskill Imortall, level
[02/10/2015 22:04:32] /addskill Imortall, level
[02/10/2015 22:04:32] /addskill Imortall, level
[02/10/2015 22:04:32] /addskill Imortall, level
[02/10/2015 22:04:32] /addskill Imortall, level
[02/10/2015 22:04:32] /addskill Imortall, level
[02/10/2015 22:04:32] /addskill Imortall, level
[02/10/2015 22:04:32] /addskill Imortall, level
[02/10/2015 22:04:32] /addskill Imortall, level
[02/10/2015 22:04:32] /addskill Imortall, level
[02/10/2015 22:04:32] /addskill Imortall, level
[02/10/2015 22:04:32] /addskill Imortall, level
[02/10/2015 22:04:32] /addskill Imortall, level
[02/10/2015 22:04:32] /addskill Imortall, level
[02/10/2015 22:04:41] /a
[02/10/2015 22:04:42] /a
[02/10/2015 22:04:46] /m sasuke
[02/10/2015 22:04:52] /c imortall
[02/10/2015 22:04:53] /a
[02/10/2015 22:04:55] /a
[02/10/2015 22:05:32] /c imortall
[02/10/2015 22:05:37] /a
[02/10/2015 22:05:38] /a
[02/10/2015 22:05:38] /a
[02/10/2015 22:05:39] /a
[02/10/2015 22:05:39] /a
[02/10/2015 22:05:40] /c imortall
[02/10/2015 22:05:47] /m gaara
[02/10/2015 22:05:47] /m gaara
[02/10/2015 22:05:48] /m gaara
[02/10/2015 22:05:49] /m gaara
[02/10/2015 22:05:49] /m gaara
[02/10/2015 22:05:50] /m gaara
[02/10/2015 22:05:51] /m gaara
[02/10/2015 22:05:51] /m gaara
[02/10/2015 22:05:51] /m gaara
[02/10/2015 22:05:52] /m gaara
[02/10/2015 22:05:53] /m gaara
[02/10/2015 22:05:53] /m gaara
[02/10/2015 22:05:54] /m gaara
[02/10/2015 22:05:54] /m gaara
[02/10/2015 22:05:55] /m gaara
[02/10/2015 22:05:55] /m gaara
[02/10/2015 22:05:56] /m gaara
[02/10/2015 22:05:56] /m gaara
[02/10/2015 22:05:57] /m gaara
[02/10/2015 22:05:58] /m gaara
[02/10/2015 22:05:58] /m gaara
[02/10/2015 22:05:59] /m gaara
[02/10/2015 22:05:59] /m gaara
[02/10/2015 22:06:00] /m gaara
[02/10/2015 22:06:00] /m gaara
[02/10/2015 22:06:01] /m gaara
[02/10/2015 22:06:08] /c imortall
[02/10/2015 22:06:11] /c imortall
[02/10/2015 22:06:12] /a
[02/10/2015 22:06:13] /c imortall
[02/10/2015 22:06:17] /a
[02/10/2015 22:06:18] /a
[02/10/2015 22:06:18] /a
[02/10/2015 22:06:19] /a
[02/10/2015 22:06:19] /a
[02/10/2015 22:06:19] /a
[02/10/2015 22:06:19] /a
[02/10/2015 22:06:25] /c imortall
[02/10/2015 22:07:29] /c imortall
[02/10/2015 22:07:47] /addskill Imortall, level
[02/10/2015 22:07:48] /addskill Imortall, level
[02/10/2015 22:07:48] /addskill Imortall, level
[02/10/2015 22:07:48] /addskill Imortall, level
[02/10/2015 22:07:48] /addskill Imortall, level
[02/10/2015 22:07:48] /addskill Imortall, level
[02/10/2015 22:07:48] /addskill Imortall, level
[02/10/2015 22:07:48] /addskill Imortall, level
[02/10/2015 22:07:48] /addskill Imortall, level
[02/10/2015 22:07:48] /addskill Imortall, level
[02/10/2015 22:07:48] /addskill Imortall, level
[02/10/2015 22:07:48] /addskill Imortall, level
[02/10/2015 22:07:48] /addskill Imortall, level
[02/10/2015 22:07:48] /addskill Imortall, level
[02/10/2015 22:07:48] /addskill Imortall, level
[02/10/2015 22:07:48] /addskill Imortall, level
[02/10/2015 22:07:48] /addskill Imortall, level
[02/10/2015 22:07:48] /addskill Imortall, level
[02/10/2015 22:07:48] /addskill Imortall, level
[02/10/2015 22:07:48] /addskill Imortall, level
[02/10/2015 22:07:48] /addskill Imortall, level
[02/10/2015 22:07:48] /addskill Imortall, level
[02/10/2015 22:07:48] /addskill Imortall, level
[02/10/2015 22:07:48] /addskill Imortall, level
[02/10/2015 22:07:49] /addskill Imortall, level
[02/10/2015 22:07:49] /addskill Imortall, level
[02/10/2015 22:07:49] /addskill Imortall, level
[02/10/2015 22:07:49] /addskill Imortall, level
[02/10/2015 22:07:49] /addskill Imortall, level
[02/10/2015 22:07:49] /addskill Imortall, level
[02/10/2015 22:07:49] /addskill Imortall, level
[02/10/2015 22:07:49] /addskill Imortall, level
[02/10/2015 22:07:49] /addskill Imortall, level
[02/10/2015 22:07:49] /addskill Imortall, level
[02/10/2015 22:07:49] /addskill Imortall, level
[02/10/2015 22:07:49] /addskill Imortall, level
[02/10/2015 22:07:49] /addskill Imortall, level
[02/10/2015 22:07:49] /addskill Imortall, level
[02/10/2015 22:07:49] /addskill Imortall, level
[02/10/2015 22:07:49] /addskill Imortall, level
[02/10/2015 22:07:49] /addskill Imortall, level
[02/10/2015 22:07:49] /addskill Imortall, level
[02/10/2015 22:07:49] /addskill Imortall, level
[02/10/2015 22:07:49] /addskill Imortall, level
[02/10/2015 22:07:49] /addskill Imortall, level
[02/10/2015 22:07:49] /addskill Imortall, level
[02/10/2015 22:07:49] /addskill Imortall, level
[02/10/2015 22:07:49] /addskill Imortall, level
[02/10/2015 22:07:49] /addskill Imortall, level
[02/10/2015 22:07:49] /addskill Imortall, level
[02/10/2015 22:07:49] /addskill Imortall, level
[02/10/2015 22:07:50] /addskill Imortall, level
[02/10/2015 22:07:50] /addskill Imortall, level
[02/10/2015 22:07:50] /addskill Imortall, level
[02/10/2015 22:07:50] /addskill Imortall, level
[02/10/2015 22:07:50] /addskill Imortall, level
[02/10/2015 22:07:50] /addskill Imortall, level
[02/10/2015 22:07:50] /addskill Imortall, level
[02/10/2015 22:07:50] /addskill Imortall, level
[02/10/2015 22:07:50] /addskill Imortall, level
[02/10/2015 22:07:50] /addskill Imortall, level
[02/10/2015 22:07:50] /addskill Imortall, level
[02/10/2015 22:07:50] /addskill Imortall, level
[02/10/2015 22:07:50] /addskill Imortall, level
[02/10/2015 22:07:50] /addskill Imortall, level
[02/10/2015 22:07:50] /addskill Imortall, level
[02/10/2015 22:07:50] /addskill Imortall, level
[02/10/2015 22:07:50] /addskill Imortall, level
[02/10/2015 22:07:50] /addskill Imortall, level
[02/10/2015 22:07:50] /addskill Imortall, level
[02/10/2015 22:07:50] /addskill Imortall, level
[02/10/2015 22:07:50] /addskill Imortall, level
[02/10/2015 22:07:50] /addskill Imortall, level
[02/10/2015 22:07:50] /addskill Imortall, level
[02/10/2015 22:07:50] /addskill Imortall, level
[02/10/2015 22:07:50] /addskill Imortall, level
[02/10/2015 22:07:50] /addskill Imortall, level
[02/10/2015 22:07:50] /addskill Imortall, level
[02/10/2015 22:07:50] /addskill Imortall, level
[02/10/2015 22:07:51] /addskill Imortall, level
[02/10/2015 22:07:51] /addskill Imortall, level
[02/10/2015 22:07:51] /addskill Imortall, level
[02/10/2015 22:07:51] /addskill Imortall, level
[02/10/2015 22:07:51] /addskill Imortall, level
[02/10/2015 22:07:51] /addskill Imortall, level
[02/10/2015 22:07:51] /addskill Imortall, level
[02/10/2015 22:07:51] /addskill Imortall, level
[02/10/2015 22:07:51] /addskill Imortall, level
[02/10/2015 22:07:51] /addskill Imortall, level
[02/10/2015 22:07:51] /addskill Imortall, level
[02/10/2015 22:07:51] /addskill Imortall, level
[02/10/2015 22:07:51] /addskill Imortall, level
[02/10/2015 22:07:51] /addskill Imortall, level
[02/10/2015 22:07:51] /addskill Imortall, level
[02/10/2015 22:07:51] /addskill Imortall, level
[02/10/2015 22:07:51] /addskill Imortall, level
[02/10/2015 22:07:51] /addskill Imortall, level
[02/10/2015 22:07:51] /addskill Imortall, level
[02/10/2015 22:07:51] /addskill Imortall, level
[02/10/2015 22:07:51] /addskill Imortall, level
[02/10/2015 22:07:51] /addskill Imortall, level
[02/10/2015 22:07:51] /addskill Imortall, level
[02/10/2015 22:07:51] /addskill Imortall, level
[02/10/2015 22:07:51] /addskill Imortall, level
[02/10/2015 22:07:51] /addskill Imortall, level
[02/10/2015 22:07:51] /addskill Imortall, level
[02/10/2015 22:07:51] /addskill Imortall, level
[02/10/2015 22:07:51] /addskill Imortall, level
[02/10/2015 22:07:52] /addskill Imortall, level
[02/10/2015 22:07:52] /addskill Imortall, level
[02/10/2015 22:07:52] /addskill Imortall, level
[02/10/2015 22:07:52] /addskill Imortall, level
[02/10/2015 22:07:52] /addskill Imortall, level
[02/10/2015 22:07:52] /addskill Imortall, level
[02/10/2015 22:07:52] /addskill Imortall, level
[02/10/2015 22:07:52] /addskill Imortall, level
[02/10/2015 22:07:52] /addskill Imortall, level
[02/10/2015 22:07:52] /addskill Imortall, level
[02/10/2015 22:07:52] /addskill Imortall, level
[02/10/2015 22:07:52] /addskill Imortall, level
[02/10/2015 22:07:52] /addskill Imortall, level
[02/10/2015 22:07:52] /addskill Imortall, level
[02/10/2015 22:07:52] /addskill Imortall, level
[02/10/2015 22:07:52] /addskill Imortall, level
[02/10/2015 22:07:52] /addskill Imortall, level
[02/10/2015 22:07:52] /addskill Imortall, level
[02/10/2015 22:07:52] /addskill Imortall, level
[02/10/2015 22:07:52] /addskill Imortall, level
[02/10/2015 22:07:52] /addskill Imortall, level
[02/10/2015 22:07:52] /addskill Imortall, level
[02/10/2015 22:07:52] /addskill Imortall, level
[02/10/2015 22:07:52] /addskill Imortall, level
[02/10/2015 22:07:52] /addskill Imortall, level
[02/10/2015 22:07:52] /addskill Imortall, level
[02/10/2015 22:07:52] /addskill Imortall, level
[02/10/2015 22:07:52] /addskill Imortall, level
[02/10/2015 22:07:53] /addskill Imortall, level
[02/10/2015 22:07:53] /addskill Imortall, level
[02/10/2015 22:07:53] /addskill Imortall, level
[02/10/2015 22:07:53] /addskill Imortall, level
[02/10/2015 22:07:53] /addskill Imortall, level
[02/10/2015 22:07:53] /addskill Imortall, level
[02/10/2015 22:07:53] /addskill Imortall, level
[02/10/2015 22:07:53] /addskill Imortall, level
[02/10/2015 22:07:53] /addskill Imortall, level
[02/10/2015 22:07:53] /addskill Imortall, level
[02/10/2015 22:07:53] /addskill Imortall, level
[02/10/2015 22:07:53] /addskill Imortall, level
[02/10/2015 22:07:53] /addskill Imortall, level
[02/10/2015 22:07:53] /addskill Imortall, level
[02/10/2015 22:07:53] /addskill Imortall, level
[02/10/2015 22:07:53] /addskill Imortall, level
[02/10/2015 22:07:53] /addskill Imortall, level
[02/10/2015 22:07:53] /addskill Imortall, level
[02/10/2015 22:07:53] /addskill Imortall, level
[02/10/2015 22:07:54] /addskill Imortall, level
[02/10/2015 22:07:54] /addskill Imortall, level
[02/10/2015 22:07:54] /addskill Imortall, level
[02/10/2015 22:07:54] /addskill Imortall, level
[02/10/2015 22:07:54] /addskill Imortall, level
[02/10/2015 22:07:54] /addskill Imortall, level
[02/10/2015 22:07:54] /addskill Imortall, level
[02/10/2015 22:07:54] /addskill Imortall, level
[02/10/2015 22:07:54] /addskill Imortall, level
[02/10/2015 22:07:54] /addskill Imortall, level
[02/10/2015 22:07:54] /addskill Imortall, level
[02/10/2015 22:07:54] /addskill Imortall, level
[02/10/2015 22:07:54] /addskill Imortall, level
[02/10/2015 22:07:54] /addskill Imortall, level
[02/10/2015 22:07:54] /addskill Imortall, level
[02/10/2015 22:07:54] /addskill Imortall, level
[02/10/2015 22:07:54] /addskill Imortall, level
[02/10/2015 22:07:54] /addskill Imortall, level
[02/10/2015 22:07:54] /addskill Imortall, level
[02/10/2015 22:07:54] /addskill Imortall, level
[02/10/2015 22:07:54] /addskill Imortall, level
[02/10/2015 22:07:54] /addskill Imortall, level
[02/10/2015 22:07:54] /addskill Imortall, level
[02/10/2015 22:07:54] /addskill Imortall, level
[02/10/2015 22:07:54] /addskill Imortall, level
[02/10/2015 22:07:54] /addskill Imortall, level
[02/10/2015 22:07:54] /addskill Imortall, level
[02/10/2015 22:07:54] /addskill Imortall, level
[02/10/2015 22:07:54] /addskill Imortall, level
[02/10/2015 22:07:54] /addskill Imortall, level
[02/10/2015 22:07:54] /addskill Imortall, level
[02/10/2015 22:07:54] /addskill Imortall, level
[02/10/2015 22:07:54] /addskill Imortall, level
[02/10/2015 22:07:54] /addskill Imortall, level
[02/10/2015 22:07:54] /addskill Imortall, level
[02/10/2015 22:07:54] /addskill Imortall, level
[02/10/2015 22:07:54] /addskill Imortall, level
[02/10/2015 22:07:54] /addskill Imortall, level
[02/10/2015 22:07:55] /addskill Imortall, level
[02/10/2015 22:07:55] /addskill Imortall, level
[02/10/2015 22:07:55] /addskill Imortall, level
[02/10/2015 22:07:55] /addskill Imortall, level
[02/10/2015 22:07:55] /addskill Imortall, level
[02/10/2015 22:07:55] /addskill Imortall, level
[02/10/2015 22:07:55] /addskill Imortall, level
[02/10/2015 22:07:55] /addskill Imortall, level
[02/10/2015 22:07:55] /addskill Imortall, level
[02/10/2015 22:07:55] /addskill Imortall, level
[02/10/2015 22:07:55] /addskill Imortall, level
[02/10/2015 22:07:55] /addskill Imortall, level
[02/10/2015 22:07:55] /addskill Imortall, level
[02/10/2015 22:07:55] /addskill Imortall, level
[02/10/2015 22:07:55] /addskill Imortall, level
[02/10/2015 22:07:55] /addskill Imortall, level
[02/10/2015 22:07:55] /addskill Imortall, level
[02/10/2015 22:07:55] /addskill Imortall, level
[02/10/2015 22:07:55] /addskill Imortall, level
[02/10/2015 22:07:55] /addskill Imortall, level
[02/10/2015 22:07:55] /addskill Imortall, level
[02/10/2015 22:07:55] /addskill Imortall, level
[02/10/2015 22:07:55] /addskill Imortall, level
[02/10/2015 22:07:55] /addskill Imortall, level
[02/10/2015 22:07:55] /addskill Imortall, level
[02/10/2015 22:07:55] /addskill Imortall, level
[02/10/2015 22:07:55] /addskill Imortall, level
[02/10/2015 22:07:55] /addskill Imortall, level
[02/10/2015 22:07:56] /addskill Imortall, level
[02/10/2015 22:07:56] /addskill Imortall, level
[02/10/2015 22:07:56] /addskill Imortall, level
[02/10/2015 22:07:56] /addskill Imortall, level
[02/10/2015 22:07:56] /addskill Imortall, level
[02/10/2015 22:07:56] /addskill Imortall, level
[02/10/2015 22:07:56] /addskill Imortall, level
[02/10/2015 22:07:56] /addskill Imortall, level
[02/10/2015 22:07:56] /addskill Imortall, level
[02/10/2015 22:07:56] /addskill Imortall, level
[02/10/2015 22:07:56] /addskill Imortall, level
[02/10/2015 22:07:56] /addskill Imortall, level
[02/10/2015 22:07:56] /addskill Imortall, level
[02/10/2015 22:07:56] /addskill Imortall, level
[02/10/2015 22:07:56] /addskill Imortall, level
[02/10/2015 22:07:56] /addskill Imortall, level
[02/10/2015 22:07:56] /addskill Imortall, level
[02/10/2015 22:07:56] /addskill Imortall, level
[02/10/2015 22:07:56] /addskill Imortall, level
[02/10/2015 22:07:56] /addskill Imortall, level
[02/10/2015 22:07:56] /addskill Imortall, level
[02/10/2015 22:07:56] /addskill Imortall, level
[02/10/2015 22:07:56] /addskill Imortall, level
[02/10/2015 22:07:56] /addskill Imortall, level
[02/10/2015 22:07:56] /addskill Imortall, level
[02/10/2015 22:07:56] /addskill Imortall, level
[02/10/2015 22:07:56] /addskill Imortall, level
[02/10/2015 22:07:56] /addskill Imortall, level
[02/10/2015 22:07:56] /addskill Imortall, level
[02/10/2015 22:07:57] /addskill Imortall, level
[02/10/2015 22:07:57] /addskill Imortall, level
[02/10/2015 22:07:57] /addskill Imortall, level
[02/10/2015 22:07:57] /addskill Imortall, level
[02/10/2015 22:07:57] /addskill Imortall, level
[02/10/2015 22:07:57] /addskill Imortall, level
[02/10/2015 22:07:57] /addskill Imortall, level
[02/10/2015 22:07:57] /addskill Imortall, level
[02/10/2015 22:07:57] /addskill Imortall, level
[02/10/2015 22:07:57] /addskill Imortall, level
[02/10/2015 22:07:57] /addskill Imortall, level
[02/10/2015 22:07:57] /addskill Imortall, level
[02/10/2015 22:07:57] /addskill Imortall, level
[02/10/2015 22:07:57] /addskill Imortall, level
[02/10/2015 22:07:57] /addskill Imortall, level
[02/10/2015 22:07:57] /addskill Imortall, level
[02/10/2015 22:07:57] /addskill Imortall, level
[02/10/2015 22:07:57] /addskill Imortall, level
[02/10/2015 22:07:57] /addskill Imortall, level
[02/10/2015 22:07:57] /addskill Imortall, level
[02/10/2015 22:07:57] /addskill Imortall, level
[02/10/2015 22:07:57] /addskill Imortall, level
[02/10/2015 22:07:57] /addskill Imortall, level
[02/10/2015 22:07:57] /addskill Imortall, level
[02/10/2015 22:07:57] /addskill Imortall, level
[02/10/2015 22:07:57] /addskill Imortall, level
[02/10/2015 22:07:57] /addskill Imortall, level
[02/10/2015 22:07:57] /addskill Imortall, level
[02/10/2015 22:07:57] /addskill Imortall, level
[02/10/2015 22:07:57] /addskill Imortall, level
[02/10/2015 22:07:58] /addskill Imortall, level
[02/10/2015 22:07:58] /addskill Imortall, level
[02/10/2015 22:07:58] /addskill Imortall, level
[02/10/2015 22:07:58] /addskill Imortall, level
[02/10/2015 22:07:58] /addskill Imortall, level
[02/10/2015 22:07:58] /addskill Imortall, level
[02/10/2015 22:07:58] /addskill Imortall, level
[02/10/2015 22:07:58] /addskill Imortall, level
[02/10/2015 22:07:58] /addskill Imortall, level
[02/10/2015 22:07:58] /addskill Imortall, level
[02/10/2015 22:07:58] /addskill Imortall, level
[02/10/2015 22:07:58] /addskill Imortall, level
[02/10/2015 22:07:58] /addskill Imortall, level
[02/10/2015 22:07:58] /addskill Imortall, level
[02/10/2015 22:07:58] /addskill Imortall, level
[02/10/2015 22:07:58] /addskill Imortall, level
[02/10/2015 22:07:58] /addskill Imortall, level
[02/10/2015 22:07:58] /addskill Imortall, level
[02/10/2015 22:07:58] /addskill Imortall, level
[02/10/2015 22:07:58] /addskill Imortall, level
[02/10/2015 22:07:58] /addskill Imortall, level
[02/10/2015 22:07:58] /addskill Imortall, level
[02/10/2015 22:07:58] /addskill Imortall, level
[02/10/2015 22:07:58] /addskill Imortall, level
[02/10/2015 22:07:58] /addskill Imortall, level
[02/10/2015 22:07:58] /addskill Imortall, level
[02/10/2015 22:07:58] /addskill Imortall, level
[02/10/2015 22:07:59] /addskill Imortall, level
[02/10/2015 22:07:59] /addskill Imortall, level
[02/10/2015 22:07:59] /addskill Imortall, level
[02/10/2015 22:07:59] /addskill Imortall, level
[02/10/2015 22:07:59] /addskill Imortall, level
[02/10/2015 22:07:59] /addskill Imortall, level
[02/10/2015 22:07:59] /addskill Imortall, level
[02/10/2015 22:07:59] /addskill Imortall, level
[02/10/2015 22:07:59] /addskill Imortall, level
[02/10/2015 22:07:59] /addskill Imortall, level
[02/10/2015 22:07:59] /addskill Imortall, level
[02/10/2015 22:07:59] /addskill Imortall, level
[02/10/2015 22:07:59] /addskill Imortall, level
[02/10/2015 22:07:59] /addskill Imortall, level
[02/10/2015 22:07:59] /addskill Imortall, level
[02/10/2015 22:07:59] /addskill Imortall, level
[02/10/2015 22:07:59] /addskill Imortall, level
[02/10/2015 22:07:59] /addskill Imortall, level
[02/10/2015 22:07:59] /addskill Imortall, level
[02/10/2015 22:07:59] /addskill Imortall, level
[02/10/2015 22:07:59] /addskill Imortall, level
[02/10/2015 22:07:59] /addskill Imortall, level
[02/10/2015 22:07:59] /addskill Imortall, level
[02/10/2015 22:07:59] /addskill Imortall, level
[02/10/2015 22:07:59] /addskill Imortall, level
[02/10/2015 22:07:59] /addskill Imortall, level
[02/10/2015 22:07:59] /addskill Imortall, level
[02/10/2015 22:07:59] /addskill Imortall, level
[02/10/2015 22:07:59] /addskill Imortall, level
[02/10/2015 22:08:00] /addskill Imortall, level
[02/10/2015 22:08:00] /addskill Imortall, level
[02/10/2015 22:08:00] /addskill Imortall, level
[02/10/2015 22:08:00] /addskill Imortall, level
[02/10/2015 22:08:00] /addskill Imortall, level
[02/10/2015 22:08:00] /addskill Imortall, level
[02/10/2015 22:08:00] /addskill Imortall, level
[02/10/2015 22:08:00] /addskill Imortall, level
[02/10/2015 22:08:00] /addskill Imortall, level
[02/10/2015 22:08:00] /addskill Imortall, level
[02/10/2015 22:08:00] /addskill Imortall, level
[02/10/2015 22:08:00] /addskill Imortall, level
[02/10/2015 22:08:00] /addskill Imortall, level
[02/10/2015 22:08:00] /addskill Imortall, level
[02/10/2015 22:08:00] /addskill Imortall, level
[02/10/2015 22:08:00] /addskill Imortall, level
[02/10/2015 22:08:00] /addskill Imortall, level
[02/10/2015 22:08:00] /addskill Imortall, level
[02/10/2015 22:08:00] /addskill Imortall, level
[02/10/2015 22:08:00] /addskill Imortall, level
[02/10/2015 22:08:00] /addskill Imortall, level
[02/10/2015 22:08:00] /addskill Imortall, level
[02/10/2015 22:08:00] /addskill Imortall, level
[02/10/2015 22:08:00] /addskill Imortall, level
[02/10/2015 22:08:00] /addskill Imortall, level
[02/10/2015 22:08:00] /addskill Imortall, level
[02/10/2015 22:08:00] /addskill Imortall, level
[02/10/2015 22:08:00] /addskill Imortall, level
[02/10/2015 22:08:00] /addskill Imortall, level
[02/10/2015 22:08:01] /addskill Imortall, level
[02/10/2015 22:08:01] /addskill Imortall, level
[02/10/2015 22:08:01] /addskill Imortall, level
[02/10/2015 22:08:01] /addskill Imortall, level
[02/10/2015 22:08:01] /addskill Imortall, level
[02/10/2015 22:08:01] /addskill Imortall, level
[02/10/2015 22:08:01] /addskill Imortall, level
[02/10/2015 22:08:01] /addskill Imortall, level
[02/10/2015 22:08:01] /addskill Imortall, level
[02/10/2015 22:08:01] /addskill Imortall, level
[02/10/2015 22:08:01] /addskill Imortall, level
[02/10/2015 22:08:01] /addskill Imortall, level
[02/10/2015 22:08:01] /addskill Imortall, level
[02/10/2015 22:08:01] /addskill Imortall, level
[02/10/2015 22:08:01] /addskill Imortall, level
[02/10/2015 22:08:01] /addskill Imortall, level
[02/10/2015 22:08:01] /addskill Imortall, level
[02/10/2015 22:08:01] /addskill Imortall, level
[02/10/2015 22:08:01] /addskill Imortall, level
[02/10/2015 22:08:01] /addskill Imortall, level
[02/10/2015 22:08:01] /addskill Imortall, level
[02/10/2015 22:08:01] /addskill Imortall, level
[02/10/2015 22:08:01] /addskill Imortall, level
[02/10/2015 22:08:01] /addskill Imortall, level
[02/10/2015 22:08:01] /addskill Imortall, level
[02/10/2015 22:08:01] /addskill Imortall, level
[02/10/2015 22:08:01] /addskill Imortall, level
[02/10/2015 22:08:02] /addskill Imortall, level
[02/10/2015 22:08:02] /addskill Imortall, level
[02/10/2015 22:08:02] /addskill Imortall, level
[02/10/2015 22:08:02] /addskill Imortall, level
[02/10/2015 22:08:02] /addskill Imortall, level
[02/10/2015 22:08:02] /addskill Imortall, level
[02/10/2015 22:08:02] /addskill Imortall, level
[02/10/2015 22:08:02] /addskill Imortall, level
[02/10/2015 22:08:02] /addskill Imortall, level
[02/10/2015 22:08:02] /addskill Imortall, level
[02/10/2015 22:08:02] /addskill Imortall, level
[02/10/2015 22:08:02] /addskill Imortall, level
[02/10/2015 22:08:02] /addskill Imortall, level
[02/10/2015 22:08:02] /addskill Imortall, level
[02/10/2015 22:08:02] /addskill Imortall, level
[02/10/2015 22:08:02] /addskill Imortall, level
[02/10/2015 22:08:02] /addskill Imortall, level
[02/10/2015 22:08:02] /addskill Imortall, level
[02/10/2015 22:08:02] /addskill Imortall, level
[02/10/2015 22:08:02] /addskill Imortall, level
[02/10/2015 22:08:02] /addskill Imortall, level
[02/10/2015 22:08:02] /addskill Imortall, level
[02/10/2015 22:08:02] /addskill Imortall, level
[02/10/2015 22:08:03] /addskill Imortall, level
[02/10/2015 22:08:03] /addskill Imortall, level
[02/10/2015 22:08:03] /addskill Imortall, level
[02/10/2015 22:08:03] /addskill Imortall, level
[02/10/2015 22:08:03] /addskill Imortall, level
[02/10/2015 22:08:03] /addskill Imortall, level
[02/10/2015 22:08:03] /addskill Imortall, level
[02/10/2015 22:08:03] /addskill Imortall, level
[02/10/2015 22:08:03] /addskill Imortall, level
[02/10/2015 22:08:03] /addskill Imortall, level
[02/10/2015 22:08:03] /addskill Imortall, level
[02/10/2015 22:08:03] /addskill Imortall, level
[02/10/2015 22:08:03] /addskill Imortall, level
[02/10/2015 22:08:03] /addskill Imortall, level
[02/10/2015 22:08:03] /addskill Imortall, level
[02/10/2015 22:08:03] /addskill Imortall, level
[02/10/2015 22:08:03] /addskill Imortall, level
[02/10/2015 22:08:03] /addskill Imortall, level
[02/10/2015 22:08:03] /addskill Imortall, level
[02/10/2015 22:08:03] /addskill Imortall, level
[02/10/2015 22:08:03] /addskill Imortall, level
[02/10/2015 22:08:03] /addskill Imortall, level
[02/10/2015 22:08:03] /addskill Imortall, level
[02/10/2015 22:08:03] /addskill Imortall, level
[02/10/2015 22:08:03] /addskill Imortall, level
[02/10/2015 22:08:03] /addskill Imortall, level
[02/10/2015 22:08:03] /addskill Imortall, level
[02/10/2015 22:08:03] /addskill Imortall, level
[02/10/2015 22:08:03] /addskill Imortall, level
[02/10/2015 22:08:03] /addskill Imortall, level
[02/10/2015 22:08:03] /addskill Imortall, level
[02/10/2015 22:08:03] /addskill Imortall, level
[02/10/2015 22:08:04] /addskill Imortall, level
[02/10/2015 22:08:04] /addskill Imortall, level
[02/10/2015 22:08:04] /addskill Imortall, level
[02/10/2015 22:08:04] /addskill Imortall, level
[02/10/2015 22:08:04] /addskill Imortall, level
[02/10/2015 22:08:04] /addskill Imortall, level
[02/10/2015 22:08:04] /addskill Imortall, level
[02/10/2015 22:08:04] /addskill Imortall, level
[02/10/2015 22:08:04] /addskill Imortall, level
[02/10/2015 22:08:04] /addskill Imortall, level
[02/10/2015 22:08:04] /addskill Imortall, level
[02/10/2015 22:08:04] /addskill Imortall, level
[02/10/2015 22:08:04] /addskill Imortall, level
[02/10/2015 22:08:04] /addskill Imortall, level
[02/10/2015 22:08:04] /addskill Imortall, level
[02/10/2015 22:08:04] /addskill Imortall, level
[02/10/2015 22:08:04] /addskill Imortall, level
[02/10/2015 22:08:04] /addskill Imortall, level
[02/10/2015 22:08:04] /addskill Imortall, level
[02/10/2015 22:08:04] /addskill Imortall, level
[02/10/2015 22:08:04] /addskill Imortall, level
[02/10/2015 22:08:04] /addskill Imortall, level
[02/10/2015 22:08:04] /addskill Imortall, level
[02/10/2015 22:08:04] /addskill Imortall, level
[02/10/2015 22:08:04] /addskill Imortall, level
[02/10/2015 22:08:04] /addskill Imortall, level
[02/10/2015 22:08:04] /addskill Imortall, level
[02/10/2015 22:08:04] /addskill Imortall, level
[02/10/2015 22:08:04] /addskill Imortall, level
[02/10/2015 22:08:04] /addskill Imortall, level
[02/10/2015 22:08:05] /addskill Imortall, level
[02/10/2015 22:08:05] /addskill Imortall, level
[02/10/2015 22:08:05] /addskill Imortall, level
[02/10/2015 22:08:05] /addskill Imortall, level
[02/10/2015 22:08:05] /addskill Imortall, level
[02/10/2015 22:08:05] /addskill Imortall, level
[02/10/2015 22:08:05] /addskill Imortall, level
[02/10/2015 22:08:05] /addskill Imortall, level
[02/10/2015 22:08:05] /addskill Imortall, level
[02/10/2015 22:08:05] /addskill Imortall, level
[02/10/2015 22:08:05] /addskill Imortall, level
[02/10/2015 22:08:05] /addskill Imortall, level
[02/10/2015 22:08:05] /addskill Imortall, level
[02/10/2015 22:08:05] /addskill Imortall, level
[02/10/2015 22:08:05] /addskill Imortall, level
[02/10/2015 22:08:05] /addskill Imortall, level
[02/10/2015 22:08:05] /addskill Imortall, level
[02/10/2015 22:08:05] /addskill Imortall, level
[02/10/2015 22:08:05] /addskill Imortall, level
[02/10/2015 22:08:05] /addskill Imortall, level
[02/10/2015 22:08:05] /addskill Imortall, level
[02/10/2015 22:08:05] /addskill Imortall, level
[02/10/2015 22:08:05] /addskill Imortall, level
[02/10/2015 22:08:05] /addskill Imortall, level
[02/10/2015 22:08:05] /addskill Imortall, level
[02/10/2015 22:08:05] /addskill Imortall, level
[02/10/2015 22:08:05] /addskill Imortall, level
[02/10/2015 22:08:05] /addskill Imortall, level
[02/10/2015 22:08:05] /addskill Imortall, level
[02/10/2015 22:08:05] /addskill Imortall, level
[02/10/2015 22:08:06] /addskill Imortall, level
[02/10/2015 22:08:06] /addskill Imortall, level
[02/10/2015 22:08:06] /addskill Imortall, level
[02/10/2015 22:08:06] /addskill Imortall, level
[02/10/2015 22:08:06] /addskill Imortall, level
[02/10/2015 22:08:06] /addskill Imortall, level
[02/10/2015 22:08:06] /addskill Imortall, level
[02/10/2015 22:08:06] /addskill Imortall, level
[02/10/2015 22:08:06] /addskill Imortall, level
[02/10/2015 22:08:06] /addskill Imortall, level
[02/10/2015 22:08:06] /addskill Imortall, level
[02/10/2015 22:08:06] /addskill Imortall, level
[02/10/2015 22:08:06] /addskill Imortall, level
[02/10/2015 22:08:06] /addskill Imortall, level
[02/10/2015 22:08:06] /addskill Imortall, level
[02/10/2015 22:08:06] /addskill Imortall, level
[02/10/2015 22:08:06] /addskill Imortall, level
[02/10/2015 22:08:06] /addskill Imortall, level
[02/10/2015 22:08:06] /addskill Imortall, level
[02/10/2015 22:08:06] /addskill Imortall, level
[02/10/2015 22:08:06] /addskill Imortall, level
[02/10/2015 22:08:06] /addskill Imortall, level
[02/10/2015 22:08:06] /addskill Imortall, level
[02/10/2015 22:08:06] /addskill Imortall, level
[02/10/2015 22:08:06] /addskill Imortall, level
[02/10/2015 22:08:06] /addskill Imortall, level
[02/10/2015 22:08:06] /addskill Imortall, level
[02/10/2015 22:08:07] /addskill Imortall, level
[02/10/2015 22:08:07] /addskill Imortall, level
[02/10/2015 22:08:07] /addskill Imortall, level
[02/10/2015 22:08:07] /addskill Imortall, level
[02/10/2015 22:08:07] /addskill Imortall, level
[02/10/2015 22:08:07] /addskill Imortall, level
[02/10/2015 22:08:07] /addskill Imortall, level
[02/10/2015 22:08:07] /addskill Imortall, level
[02/10/2015 22:08:07] /addskill Imortall, level
[02/10/2015 22:08:07] /addskill Imortall, level
[02/10/2015 22:08:07] /addskill Imortall, level
[02/10/2015 22:08:07] /addskill Imortall, level
[02/10/2015 22:08:07] /addskill Imortall, level
[02/10/2015 22:08:07] /addskill Imortall, level
[02/10/2015 22:08:07] /addskill Imortall, level
[02/10/2015 22:08:07] /addskill Imortall, level
[02/10/2015 22:08:07] /addskill Imortall, level
[02/10/2015 22:08:07] /addskill Imortall, level
[02/10/2015 22:08:07] /addskill Imortall, level
[02/10/2015 22:08:07] /addskill Imortall, level
[02/10/2015 22:08:07] /addskill Imortall, level
[02/10/2015 22:08:07] /addskill Imortall, level
[02/10/2015 22:08:07] /addskill Imortall, level
[02/10/2015 22:08:07] /addskill Imortall, level
[02/10/2015 22:08:07] /addskill Imortall, level
[02/10/2015 22:08:07] /addskill Imortall, level
[02/10/2015 22:08:07] /addskill Imortall, level
[02/10/2015 22:08:07] /addskill Imortall, level
[02/10/2015 22:08:08] /addskill Imortall, level
[02/10/2015 22:08:08] /addskill Imortall, level
[02/10/2015 22:08:08] /addskill Imortall, level
[02/10/2015 22:08:08] /addskill Imortall, level
[02/10/2015 22:08:24] /m sasuke uchiha
[02/10/2015 22:08:51] /addskill Imortall, level
[02/10/2015 22:08:51] /addskill Imortall, level
[02/10/2015 22:08:51] /addskill Imortall, level
[02/10/2015 22:08:51] /addskill Imortall, level
[02/10/2015 22:08:51] /addskill Imortall, level
[02/10/2015 22:08:51] /addskill Imortall, level
[02/10/2015 22:08:51] /addskill Imortall, level
[02/10/2015 22:08:51] /addskill Imortall, level
[02/10/2015 22:08:51] /addskill Imortall, level
[02/10/2015 22:08:51] /addskill Imortall, level
[02/10/2015 22:08:51] /addskill Imortall, level
[02/10/2015 22:08:52] /addskill Imortall, level
[02/10/2015 22:08:52] /addskill Imortall, level
[02/10/2015 22:08:52] /addskill Imortall, level
[02/10/2015 22:08:52] /addskill Imortall, level
[02/10/2015 22:08:52] /addskill Imortall, level
[02/10/2015 22:08:52] /addskill Imortall, level
[02/10/2015 22:08:52] /addskill Imortall, level
[02/10/2015 22:08:52] /addskill Imortall, level
[02/10/2015 22:08:52] /addskill Imortall, level
[02/10/2015 22:08:52] /addskill Imortall, level
[02/10/2015 22:08:52] /addskill Imortall, level
[02/10/2015 22:08:52] /addskill Imortall, level
[02/10/2015 22:08:52] /addskill Imortall, level
[02/10/2015 22:08:52] /addskill Imortall, level
[02/10/2015 22:08:52] /addskill Imortall, level
[02/10/2015 22:08:52] /addskill Imortall, level
[02/10/2015 22:08:52] /addskill Imortall, level
[02/10/2015 22:08:52] /addskill Imortall, level
[02/10/2015 22:08:52] /addskill Imortall, level
[02/10/2015 22:08:52] /addskill Imortall, level
[02/10/2015 22:08:52] /addskill Imortall, level
[02/10/2015 22:08:52] /addskill Imortall, level
[02/10/2015 22:08:52] /addskill Imortall, level
[02/10/2015 22:08:52] /addskill Imortall, level
[02/10/2015 22:08:52] /addskill Imortall, level
[02/10/2015 22:08:52] /addskill Imortall, level
[02/10/2015 22:08:52] /addskill Imortall, level
[02/10/2015 22:08:52] /addskill Imortall, level
[02/10/2015 22:08:52] /addskill Imortall, level
[02/10/2015 22:08:53] /addskill Imortall, level
[02/10/2015 22:08:53] /addskill Imortall, level
[02/10/2015 22:08:53] /addskill Imortall, level
[02/10/2015 22:08:53] /addskill Imortall, level
[02/10/2015 22:08:53] /addskill Imortall, level
[02/10/2015 22:08:53] /addskill Imortall, level
[02/10/2015 22:08:53] /addskill Imortall, level
[02/10/2015 22:08:53] /addskill Imortall, level
[02/10/2015 22:08:53] /addskill Imortall, level
[02/10/2015 22:08:53] /addskill Imortall, level
[02/10/2015 22:08:53] /addskill Imortall, level
[02/10/2015 22:08:53] /addskill Imortall, level
[02/10/2015 22:08:53] /addskill Imortall, level
[02/10/2015 22:08:53] /addskill Imortall, level
[02/10/2015 22:08:53] /addskill Imortall, level
[02/10/2015 22:08:53] /addskill Imortall, level
[02/10/2015 22:08:53] /addskill Imortall, level
[02/10/2015 22:08:53] /addskill Imortall, level
[02/10/2015 22:08:53] /addskill Imortall, level
[02/10/2015 22:08:53] /addskill Imortall, level
[02/10/2015 22:08:53] /addskill Imortall, level
[02/10/2015 22:08:53] /addskill Imortall, level
[02/10/2015 22:08:53] /addskill Imortall, level
[02/10/2015 22:08:53] /addskill Imortall, level
[02/10/2015 22:08:53] /addskill Imortall, level
[02/10/2015 22:08:53] /addskill Imortall, level
[02/10/2015 22:08:53] /addskill Imortall, level
[02/10/2015 22:08:53] /addskill Imortall, level
[02/10/2015 22:08:53] /addskill Imortall, level
[02/10/2015 22:08:54] /addskill Imortall, level
[02/10/2015 22:08:54] /addskill Imortall, level
[02/10/2015 22:08:54] /addskill Imortall, level
[02/10/2015 22:08:54] /addskill Imortall, level
[02/10/2015 22:08:54] /addskill Imortall, level
[02/10/2015 22:08:54] /addskill Imortall, level
[02/10/2015 22:08:54] /addskill Imortall, level
[02/10/2015 22:08:54] /addskill Imortall, level
[02/10/2015 22:08:54] /addskill Imortall, level
[02/10/2015 22:08:54] /addskill Imortall, level
[02/10/2015 22:08:54] /addskill Imortall, level
[02/10/2015 22:08:54] /addskill Imortall, level
[02/10/2015 22:08:54] /addskill Imortall, level
[02/10/2015 22:08:54] /addskill Imortall, level
[02/10/2015 22:08:54] /addskill Imortall, level
[02/10/2015 22:08:54] /addskill Imortall, level
[02/10/2015 22:08:54] /addskill Imortall, level
[02/10/2015 22:08:54] /addskill Imortall, level
[02/10/2015 22:08:54] /addskill Imortall, level
[02/10/2015 22:08:54] /addskill Imortall, level
[02/10/2015 22:08:54] /addskill Imortall, level
[02/10/2015 22:08:54] /addskill Imortall, level
[02/10/2015 22:08:54] /addskill Imortall, level
[02/10/2015 22:08:54] /addskill Imortall, level
[02/10/2015 22:08:54] /addskill Imortall, level
[02/10/2015 22:08:54] /addskill Imortall, level
[02/10/2015 22:08:54] /addskill Imortall, level
[02/10/2015 22:08:55] /addskill Imortall, level
[02/10/2015 22:08:55] /addskill Imortall, level
[02/10/2015 22:08:55] /addskill Imortall, level
[02/10/2015 22:08:55] /addskill Imortall, level
[02/10/2015 22:08:55] /addskill Imortall, level
[02/10/2015 22:08:55] /addskill Imortall, level
[02/10/2015 22:08:55] /addskill Imortall, level
[02/10/2015 22:08:55] /addskill Imortall, level
[02/10/2015 22:08:55] /addskill Imortall, level
[02/10/2015 22:08:55] /addskill Imortall, level
[02/10/2015 22:08:55] /addskill Imortall, level
[02/10/2015 22:08:55] /addskill Imortall, level
[02/10/2015 22:08:55] /addskill Imortall, level
[02/10/2015 22:08:55] /addskill Imortall, level
[02/10/2015 22:08:55] /addskill Imortall, level
[02/10/2015 22:08:55] /addskill Imortall, level
[02/10/2015 22:08:55] /addskill Imortall, level
[02/10/2015 22:08:55] /addskill Imortall, level
[02/10/2015 22:08:55] /addskill Imortall, level
[02/10/2015 22:08:55] /addskill Imortall, level
[02/10/2015 22:08:55] /addskill Imortall, level
[02/10/2015 22:08:55] /addskill Imortall, level
[02/10/2015 22:08:55] /addskill Imortall, level
[02/10/2015 22:08:55] /addskill Imortall, level
[02/10/2015 22:08:55] /addskill Imortall, level
[02/10/2015 22:08:55] /addskill Imortall, level
[02/10/2015 22:08:55] /addskill Imortall, level
[02/10/2015 22:08:55] /addskill Imortall, level
[02/10/2015 22:08:55] /addskill Imortall, level
[02/10/2015 22:08:55] /addskill Imortall, level
[02/10/2015 22:08:55] /addskill Imortall, level
[02/10/2015 22:08:56] /addskill Imortall, level
[02/10/2015 22:08:56] /addskill Imortall, level
[02/10/2015 22:08:56] /addskill Imortall, level
[02/10/2015 22:08:56] /addskill Imortall, level
[02/10/2015 22:08:56] /addskill Imortall, level
[02/10/2015 22:08:56] /addskill Imortall, level
[02/10/2015 22:08:56] /addskill Imortall, level
[02/10/2015 22:08:56] /addskill Imortall, level
[02/10/2015 22:08:56] /addskill Imortall, level
[02/10/2015 22:08:56] /addskill Imortall, level
[02/10/2015 22:08:56] /addskill Imortall, level
[02/10/2015 22:08:56] /addskill Imortall, level
[02/10/2015 22:08:56] /addskill Imortall, level
[02/10/2015 22:08:56] /addskill Imortall, level
[02/10/2015 22:08:56] /addskill Imortall, level
[02/10/2015 22:08:56] /addskill Imortall, level
[02/10/2015 22:08:56] /addskill Imortall, level
[02/10/2015 22:08:56] /addskill Imortall, level
[02/10/2015 22:08:56] /addskill Imortall, level
[02/10/2015 22:08:56] /addskill Imortall, level
[02/10/2015 22:08:56] /addskill Imortall, level
[02/10/2015 22:08:56] /addskill Imortall, level
[02/10/2015 22:08:56] /addskill Imortall, level
[02/10/2015 22:08:56] /addskill Imortall, level
[02/10/2015 22:08:56] /addskill Imortall, level
[02/10/2015 22:08:56] /addskill Imortall, level
[02/10/2015 22:08:56] /addskill Imortall, level
[02/10/2015 22:08:57] /addskill Imortall, level
[02/10/2015 22:08:57] /addskill Imortall, level
[02/10/2015 22:08:57] /addskill Imortall, level
[02/10/2015 22:08:57] /addskill Imortall, level
[02/10/2015 22:08:57] /addskill Imortall, level
[02/10/2015 22:08:57] /addskill Imortall, level
[02/10/2015 22:08:57] /addskill Imortall, level
[02/10/2015 22:08:57] /addskill Imortall, level
[02/10/2015 22:08:57] /addskill Imortall, level
[02/10/2015 22:08:57] /addskill Imortall, level
[02/10/2015 22:08:57] /addskill Imortall, level
[02/10/2015 22:08:57] /addskill Imortall, level
[02/10/2015 22:08:57] /addskill Imortall, level
[02/10/2015 22:08:57] /addskill Imortall, level
[02/10/2015 22:08:57] /addskill Imortall, level
[02/10/2015 22:08:57] /addskill Imortall, level
[02/10/2015 22:08:57] /addskill Imortall, level
[02/10/2015 22:08:57] /addskill Imortall, level
[02/10/2015 22:08:57] /addskill Imortall, level
[02/10/2015 22:08:57] /addskill Imortall, level
[02/10/2015 22:08:57] /addskill Imortall, level
[02/10/2015 22:08:57] /addskill Imortall, level
[02/10/2015 22:08:57] /addskill Imortall, level
[02/10/2015 22:08:57] /addskill Imortall, level
[02/10/2015 22:08:57] /addskill Imortall, level
[02/10/2015 22:08:57] /addskill Imortall, level
[02/10/2015 22:08:57] /addskill Imortall, level
[02/10/2015 22:08:57] /addskill Imortall, level
[02/10/2015 22:08:57] /addskill Imortall, level
[02/10/2015 22:08:57] /addskill Imortall, level
[02/10/2015 22:08:58] /addskill Imortall, level
[02/10/2015 22:08:58] /addskill Imortall, level
[02/10/2015 22:08:58] /addskill Imortall, level
[02/10/2015 22:08:58] /addskill Imortall, level
[02/10/2015 22:08:58] /addskill Imortall, level
[02/10/2015 22:08:58] /addskill Imortall, level
[02/10/2015 22:08:58] /addskill Imortall, level
[02/10/2015 22:08:58] /addskill Imortall, level
[02/10/2015 22:08:58] /addskill Imortall, level
[02/10/2015 22:08:58] /addskill Imortall, level
[02/10/2015 22:08:58] /addskill Imortall, level
[02/10/2015 22:08:58] /addskill Imortall, level
[02/10/2015 22:08:58] /addskill Imortall, level
[02/10/2015 22:08:58] /addskill Imortall, level
[02/10/2015 22:08:58] /addskill Imortall, level
[02/10/2015 22:08:58] /addskill Imortall, level
[02/10/2015 22:08:58] /addskill Imortall, level
[02/10/2015 22:08:58] /addskill Imortall, level
[02/10/2015 22:08:58] /addskill Imortall, level
[02/10/2015 22:08:58] /addskill Imortall, level
[02/10/2015 22:08:58] /addskill Imortall, level
[02/10/2015 22:08:58] /addskill Imortall, level
[02/10/2015 22:08:58] /addskill Imortall, level
[02/10/2015 22:08:58] /addskill Imortall, level
[02/10/2015 22:08:58] /addskill Imortall, level
[02/10/2015 22:08:59] /addskill Imortall, level
[02/10/2015 22:08:59] /addskill Imortall, level
[02/10/2015 22:08:59] /addskill Imortall, level
[02/10/2015 22:08:59] /addskill Imortall, level
[02/10/2015 22:08:59] /addskill Imortall, level
[02/10/2015 22:08:59] /addskill Imortall, level
[02/10/2015 22:08:59] /addskill Imortall, level
[02/10/2015 22:08:59] /addskill Imortall, level
[02/10/2015 22:08:59] /addskill Imortall, level
[02/10/2015 22:08:59] /addskill Imortall, level
[02/10/2015 22:08:59] /addskill Imortall, level
[02/10/2015 22:08:59] /addskill Imortall, level
[02/10/2015 22:08:59] /addskill Imortall, level
[02/10/2015 22:08:59] /addskill Imortall, level
[02/10/2015 22:08:59] /addskill Imortall, level
[02/10/2015 22:08:59] /addskill Imortall, level
[02/10/2015 22:08:59] /addskill Imortall, level
[02/10/2015 22:08:59] /addskill Imortall, level
[02/10/2015 22:08:59] /addskill Imortall, level
[02/10/2015 22:08:59] /addskill Imortall, level
[02/10/2015 22:08:59] /addskill Imortall, level
[02/10/2015 22:08:59] /addskill Imortall, level
[02/10/2015 22:08:59] /addskill Imortall, level
[02/10/2015 22:08:59] /addskill Imortall, level
[02/10/2015 22:08:59] /addskill Imortall, level
[02/10/2015 22:08:59] /addskill Imortall, level
[02/10/2015 22:08:59] /addskill Imortall, level
[02/10/2015 22:08:59] /addskill Imortall, level
[02/10/2015 22:08:59] /addskill Imortall, level
[02/10/2015 22:09:00] /addskill Imortall, level
[02/10/2015 22:09:00] /addskill Imortall, level
[02/10/2015 22:09:00] /addskill Imortall, level
[02/10/2015 22:09:00] /addskill Imortall, level
[02/10/2015 22:09:00] /addskill Imortall, level
[02/10/2015 22:09:00] /addskill Imortall, level
[02/10/2015 22:09:00] /addskill Imortall, level
[02/10/2015 22:09:00] /addskill Imortall, level
[02/10/2015 22:09:00] /addskill Imortall, level
[02/10/2015 22:09:02] /addskill Imortall, level
[02/10/2015 22:09:02] /addskill Imortall, level
[02/10/2015 22:09:02] /addskill Imortall, level
[02/10/2015 22:09:02] /addskill Imortall, level
[02/10/2015 22:09:02] /addskill Imortall, level
[02/10/2015 22:09:02] /addskill Imortall, level
[02/10/2015 22:09:02] /addskill Imortall, level
[02/10/2015 22:09:02] /addskill Imortall, level
[02/10/2015 22:09:03] /addskill Imortall, level
[02/10/2015 22:09:03] /addskill Imortall, level
[02/10/2015 22:09:03] /addskill Imortall, level
[02/10/2015 22:09:03] /addskill Imortall, level
[02/10/2015 22:09:03] /addskill Imortall, level
[02/10/2015 22:09:03] /addskill Imortall, level
[02/10/2015 22:09:03] /addskill Imortall, level
[02/10/2015 22:09:03] /addskill Imortall, level
[02/10/2015 22:09:03] /addskill Imortall, level
[02/10/2015 22:09:03] /addskill Imortall, level
[02/10/2015 22:09:03] /addskill Imortall, level
[02/10/2015 22:09:03] /addskill Imortall, level
[02/10/2015 22:09:03] /addskill Imortall, level
[02/10/2015 22:09:03] /addskill Imortall, level
[02/10/2015 22:09:03] /addskill Imortall, level
[02/10/2015 22:09:03] /addskill Imortall, level
[02/10/2015 22:09:03] /addskill Imortall, level
[02/10/2015 22:09:03] /addskill Imortall, level
[02/10/2015 22:09:03] /addskill Imortall, level
[02/10/2015 22:09:03] /addskill Imortall, level
[02/10/2015 22:09:03] /addskill Imortall, level
[02/10/2015 22:09:03] /addskill Imortall, level
[02/10/2015 22:09:03] /addskill Imortall, level
[02/10/2015 22:09:03] /addskill Imortall, level
[02/10/2015 22:09:03] /addskill Imortall, level
[02/10/2015 22:09:03] /addskill Imortall, level
[02/10/2015 22:09:03] /addskill Imortall, level
[02/10/2015 22:09:03] /addskill Imortall, level
[02/10/2015 22:09:03] /addskill Imortall, level
[02/10/2015 22:09:03] /addskill Imortall, level
[02/10/2015 22:09:03] /addskill Imortall, level
[02/10/2015 22:09:03] /addskill Imortall, level
[02/10/2015 22:09:03] /addskill Imortall, level
[02/10/2015 22:09:04] /addskill Imortall, level
[02/10/2015 22:09:04] /addskill Imortall, level
[02/10/2015 22:09:04] /addskill Imortall, level
[02/10/2015 22:09:04] /addskill Imortall, level
[02/10/2015 22:09:04] /addskill Imortall, level
[02/10/2015 22:09:04] /addskill Imortall, level
[02/10/2015 22:09:04] /addskill Imortall, level
[02/10/2015 22:09:04] /addskill Imortall, level
[02/10/2015 22:09:04] /addskill Imortall, level
[02/10/2015 22:09:04] /addskill Imortall, level
[02/10/2015 22:09:04] /addskill Imortall, level
[02/10/2015 22:09:04] /addskill Imortall, level
[02/10/2015 22:09:04] /addskill Imortall, level
[02/10/2015 22:09:04] /addskill Imortall, level
[02/10/2015 22:09:04] /addskill Imortall, level
[02/10/2015 22:09:04] /addskill Imortall, level
[02/10/2015 22:09:04] /addskill Imortall, level
[02/10/2015 22:09:04] /addskill Imortall, level
[02/10/2015 22:09:04] /addskill Imortall, level
[02/10/2015 22:09:04] /addskill Imortall, level
[02/10/2015 22:09:04] /addskill Imortall, level
[02/10/2015 22:09:04] /addskill Imortall, level
[02/10/2015 22:09:04] /addskill Imortall, level
[02/10/2015 22:09:04] /addskill Imortall, level
[02/10/2015 22:09:04] /addskill Imortall, level
[02/10/2015 22:09:04] /addskill Imortall, level
[02/10/2015 22:09:04] /addskill Imortall, level
[02/10/2015 22:09:04] /addskill Imortall, level
[02/10/2015 22:09:05] /addskill Imortall, level
[02/10/2015 22:09:05] /addskill Imortall, level
[02/10/2015 22:09:05] /addskill Imortall, level
[02/10/2015 22:09:05] /addskill Imortall, level
[02/10/2015 22:09:05] /addskill Imortall, level
[02/10/2015 22:09:05] /addskill Imortall, level
[02/10/2015 22:09:05] /addskill Imortall, level
[02/10/2015 22:09:05] /addskill Imortall, level
[02/10/2015 22:09:05] /addskill Imortall, level
[02/10/2015 22:09:05] /addskill Imortall, level
[02/10/2015 22:09:05] /addskill Imortall, level
[02/10/2015 22:09:05] /addskill Imortall, level
[02/10/2015 22:09:05] /addskill Imortall, level
[02/10/2015 22:09:05] /addskill Imortall, level
[02/10/2015 22:09:05] /addskill Imortall, level
[02/10/2015 22:09:05] /addskill Imortall, level
[02/10/2015 22:09:05] /addskill Imortall, level
[02/10/2015 22:09:05] /addskill Imortall, level
[02/10/2015 22:09:05] /addskill Imortall, level
[02/10/2015 22:09:05] /addskill Imortall, level
[02/10/2015 22:09:05] /addskill Imortall, level
[02/10/2015 22:09:05] /addskill Imortall, level
[02/10/2015 22:09:05] /addskill Imortall, level
[02/10/2015 22:09:05] /addskill Imortall, level
[02/10/2015 22:09:05] /addskill Imortall, level
[02/10/2015 22:09:05] /addskill Imortall, level
[02/10/2015 22:09:05] /addskill Imortall, level
[02/10/2015 22:09:06] /addskill Imortall, level
[02/10/2015 22:09:06] /addskill Imortall, level
[02/10/2015 22:09:06] /addskill Imortall, level
[02/10/2015 22:09:06] /addskill Imortall, level
[02/10/2015 22:09:06] /addskill Imortall, level
[02/10/2015 22:09:06] /addskill Imortall, level
[02/10/2015 22:09:06] /addskill Imortall, level
[02/10/2015 22:09:06] /addskill Imortall, level
[02/10/2015 22:09:06] /addskill Imortall, level
[02/10/2015 22:09:06] /addskill Imortall, level
[02/10/2015 22:09:06] /addskill Imortall, level
[02/10/2015 22:09:06] /addskill Imortall, level
[02/10/2015 22:09:06] /addskill Imortall, level
[02/10/2015 22:09:06] /addskill Imortall, level
[02/10/2015 22:09:06] /addskill Imortall, level
[02/10/2015 22:09:06] /addskill Imortall, level
[02/10/2015 22:09:06] /addskill Imortall, level
[02/10/2015 22:09:06] /addskill Imortall, level
[02/10/2015 22:09:06] /addskill Imortall, level
[02/10/2015 22:09:06] /addskill Imortall, level
[02/10/2015 22:09:06] /addskill Imortall, level
[02/10/2015 22:09:06] /addskill Imortall, level
[02/10/2015 22:09:06] /addskill Imortall, level
[02/10/2015 22:09:06] /addskill Imortall, level
[02/10/2015 22:09:06] /addskill Imortall, level
[02/10/2015 22:09:06] /addskill Imortall, level
[02/10/2015 22:09:07] /addskill Imortall, level
[02/10/2015 22:09:07] /addskill Imortall, level
[02/10/2015 22:09:07] /addskill Imortall, level
[02/10/2015 22:09:07] /addskill Imortall, level
[02/10/2015 22:09:07] /addskill Imortall, level
[02/10/2015 22:09:07] /addskill Imortall, level
[02/10/2015 22:09:07] /addskill Imortall, level
[02/10/2015 22:09:07] /addskill Imortall, level
[02/10/2015 22:09:07] /addskill Imortall, level
[02/10/2015 22:09:07] /addskill Imortall, level
[02/10/2015 22:09:07] /addskill Imortall, level
[02/10/2015 22:09:26] /c imortall
[02/10/2015 22:09:52] /addskill Imortall, level
[02/10/2015 22:09:53] /addskill Imortall, level
[02/10/2015 22:09:53] /addskill Imortall, level
[02/10/2015 22:09:53] /addskill Imortall, level
[02/10/2015 22:09:53] /addskill Imortall, level
[02/10/2015 22:09:53] /addskill Imortall, level
[02/10/2015 22:09:53] /addskill Imortall, level
[02/10/2015 22:09:53] /addskill Imortall, level
[02/10/2015 22:09:53] /addskill Imortall, level
[02/10/2015 22:09:53] /addskill Imortall, level
[02/10/2015 22:09:53] /addskill Imortall, level
[02/10/2015 22:09:53] /addskill Imortall, level
[02/10/2015 22:09:53] /addskill Imortall, level
[02/10/2015 22:09:53] /addskill Imortall, level
[02/10/2015 22:09:53] /addskill Imortall, level
[02/10/2015 22:09:53] /addskill Imortall, level
[02/10/2015 22:09:53] /addskill Imortall, level
[02/10/2015 22:09:53] /addskill Imortall, level
[02/10/2015 22:09:53] /addskill Imortall, level
[02/10/2015 22:09:53] /addskill Imortall, level
[02/10/2015 22:09:53] /addskill Imortall, level
[02/10/2015 22:09:53] /addskill Imortall, level
[02/10/2015 22:09:53] /addskill Imortall, level
[02/10/2015 22:09:54] /addskill Imortall, level
[02/10/2015 22:09:54] /addskill Imortall, level
[02/10/2015 22:09:54] /addskill Imortall, level
[02/10/2015 22:09:54] /addskill Imortall, level
[02/10/2015 22:09:54] /addskill Imortall, level
[02/10/2015 22:09:54] /addskill Imortall, level
[02/10/2015 22:09:54] /addskill Imortall, level
[02/10/2015 22:09:54] /addskill Imortall, level
[02/10/2015 22:09:54] /addskill Imortall, level
[02/10/2015 22:09:54] /addskill Imortall, level
[02/10/2015 22:09:54] /addskill Imortall, level
[02/10/2015 22:09:54] /addskill Imortall, level
[02/10/2015 22:09:54] /addskill Imortall, level
[02/10/2015 22:09:54] /addskill Imortall, level
[02/10/2015 22:09:54] /addskill Imortall, level
[02/10/2015 22:09:54] /addskill Imortall, level
[02/10/2015 22:09:54] /addskill Imortall, level
[02/10/2015 22:09:54] /addskill Imortall, level
[02/10/2015 22:09:54] /addskill Imortall, level
[02/10/2015 22:09:54] /addskill Imortall, level
[02/10/2015 22:09:54] /addskill Imortall, level
[02/10/2015 22:09:54] /addskill Imortall, level
[02/10/2015 22:09:54] /addskill Imortall, level
[02/10/2015 22:09:54] /addskill Imortall, level
[02/10/2015 22:09:54] /addskill Imortall, level
[02/10/2015 22:09:54] /addskill Imortall, level
[02/10/2015 22:09:54] /addskill Imortall, level
[02/10/2015 22:09:54] /addskill Imortall, level
[02/10/2015 22:09:55] /addskill Imortall, level
[02/10/2015 22:09:55] /addskill Imortall, level
[02/10/2015 22:09:55] /addskill Imortall, level
[02/10/2015 22:09:55] /addskill Imortall, level
[02/10/2015 22:09:55] /addskill Imortall, level
[02/10/2015 22:09:55] /addskill Imortall, level
[02/10/2015 22:09:55] /addskill Imortall, level
[02/10/2015 22:09:55] /addskill Imortall, level
[02/10/2015 22:09:55] /addskill Imortall, level
[02/10/2015 22:09:55] /addskill Imortall, level
[02/10/2015 22:09:55] /addskill Imortall, level
[02/10/2015 22:09:55] /addskill Imortall, level
[02/10/2015 22:09:55] /addskill Imortall, level
[02/10/2015 22:09:55] /addskill Imortall, level
[02/10/2015 22:09:55] /addskill Imortall, level
[02/10/2015 22:09:55] /addskill Imortall, level
[02/10/2015 22:09:55] /addskill Imortall, level
[02/10/2015 22:09:55] /addskill Imortall, level
[02/10/2015 22:09:55] /addskill Imortall, level
[02/10/2015 22:09:55] /addskill Imortall, level
[02/10/2015 22:09:55] /addskill Imortall, level
[02/10/2015 22:09:55] /addskill Imortall, level
[02/10/2015 22:09:55] /addskill Imortall, level
[02/10/2015 22:09:55] /addskill Imortall, level
[02/10/2015 22:09:55] /addskill Imortall, level
[02/10/2015 22:09:55] /addskill Imortall, level
[02/10/2015 22:09:55] /addskill Imortall, level
[02/10/2015 22:09:55] /addskill Imortall, level
[02/10/2015 22:09:55] /addskill Imortall, level
[02/10/2015 22:09:55] /addskill Imortall, level
[02/10/2015 22:09:56] /addskill Imortall, level
[02/10/2015 22:09:56] /addskill Imortall, level
[02/10/2015 22:09:56] /addskill Imortall, level
[02/10/2015 22:09:56] /addskill Imortall, level
[02/10/2015 22:09:56] /addskill Imortall, level
[02/10/2015 22:09:56] /addskill Imortall, level
[02/10/2015 22:09:56] /addskill Imortall, level
[02/10/2015 22:09:56] /addskill Imortall, level
[02/10/2015 22:09:56] /addskill Imortall, level
[02/10/2015 22:09:56] /addskill Imortall, level
[02/10/2015 22:09:56] /addskill Imortall, level
[02/10/2015 22:09:56] /addskill Imortall, level
[02/10/2015 22:09:56] /addskill Imortall, level
[02/10/2015 22:09:56] /addskill Imortall, level
[02/10/2015 22:09:56] /addskill Imortall, level
[02/10/2015 22:09:56] /addskill Imortall, level
[02/10/2015 22:09:56] /addskill Imortall, level
[02/10/2015 22:09:56] /addskill Imortall, level
[02/10/2015 22:09:56] /addskill Imortall, level
[02/10/2015 22:09:56] /addskill Imortall, level
[02/10/2015 22:09:56] /addskill Imortall, level
[02/10/2015 22:09:56] /addskill Imortall, level
[02/10/2015 22:09:56] /addskill Imortall, level
[02/10/2015 22:09:56] /addskill Imortall, level
[02/10/2015 22:09:56] /addskill Imortall, level
[02/10/2015 22:09:56] /addskill Imortall, level
[02/10/2015 22:09:56] /addskill Imortall, level
[02/10/2015 22:09:56] /addskill Imortall, level
[02/10/2015 22:09:57] /addskill Imortall, level
[02/10/2015 22:09:57] /addskill Imortall, level
[02/10/2015 22:09:57] /addskill Imortall, level
[02/10/2015 22:09:57] /addskill Imortall, level
[02/10/2015 22:09:57] /addskill Imortall, level
[02/10/2015 22:09:57] /addskill Imortall, level
[02/10/2015 22:09:57] /addskill Imortall, level
[02/10/2015 22:09:57] /addskill Imortall, level
[02/10/2015 22:09:57] /addskill Imortall, level
[02/10/2015 22:09:57] /addskill Imortall, level
[02/10/2015 22:09:57] /addskill Imortall, level
[02/10/2015 22:09:57] /addskill Imortall, level
[02/10/2015 22:09:57] /addskill Imortall, level
[02/10/2015 22:09:57] /addskill Imortall, level
[02/10/2015 22:09:57] /addskill Imortall, level
[02/10/2015 22:09:57] /addskill Imortall, level
[02/10/2015 22:09:57] /addskill Imortall, level
[02/10/2015 22:09:57] /addskill Imortall, level
[02/10/2015 22:09:57] /addskill Imortall, level
[02/10/2015 22:09:57] /addskill Imortall, level
[02/10/2015 22:09:57] /addskill Imortall, level
[02/10/2015 22:09:57] /addskill Imortall, level
[02/10/2015 22:09:57] /addskill Imortall, level
[02/10/2015 22:09:57] /addskill Imortall, level
[02/10/2015 22:09:57] /addskill Imortall, level
[02/10/2015 22:09:57] /addskill Imortall, level
[02/10/2015 22:09:57] /addskill Imortall, level
[02/10/2015 22:09:58] /addskill Imortall, level
[02/10/2015 22:09:58] /addskill Imortall, level
[02/10/2015 22:09:58] /addskill Imortall, level
[02/10/2015 22:09:58] /addskill Imortall, level
[02/10/2015 22:09:58] /addskill Imortall, level
[02/10/2015 22:09:58] /addskill Imortall, level
[02/10/2015 22:09:58] /addskill Imortall, level
[02/10/2015 22:09:58] /addskill Imortall, level
[02/10/2015 22:09:58] /addskill Imortall, level
[02/10/2015 22:09:58] /addskill Imortall, level
[02/10/2015 22:09:58] /addskill Imortall, level
[02/10/2015 22:09:58] /addskill Imortall, level
[02/10/2015 22:09:58] /addskill Imortall, level
[02/10/2015 22:09:58] /addskill Imortall, level
[02/10/2015 22:09:58] /addskill Imortall, level
[02/10/2015 22:09:58] /addskill Imortall, level
[02/10/2015 22:09:58] /addskill Imortall, level
[02/10/2015 22:09:58] /addskill Imortall, level
[02/10/2015 22:09:58] /addskill Imortall, level
[02/10/2015 22:09:58] /addskill Imortall, level
[02/10/2015 22:09:58] /addskill Imortall, level
[02/10/2015 22:09:58] /addskill Imortall, level
[02/10/2015 22:09:58] /addskill Imortall, level
[02/10/2015 22:09:58] /addskill Imortall, level
[02/10/2015 22:09:58] /addskill Imortall, level
[02/10/2015 22:09:58] /addskill Imortall, level
[02/10/2015 22:09:58] /addskill Imortall, level
[02/10/2015 22:09:58] /addskill Imortall, level
[02/10/2015 22:09:58] /addskill Imortall, level
[02/10/2015 22:09:58] /addskill Imortall, level
[02/10/2015 22:09:59] /addskill Imortall, level
[02/10/2015 22:09:59] /addskill Imortall, level
[02/10/2015 22:09:59] /addskill Imortall, level
[02/10/2015 22:09:59] /addskill Imortall, level
[02/10/2015 22:09:59] /addskill Imortall, level
[02/10/2015 22:09:59] /addskill Imortall, level
[02/10/2015 22:09:59] /addskill Imortall, level
[02/10/2015 22:09:59] /addskill Imortall, level
[02/10/2015 22:09:59] /addskill Imortall, level
[02/10/2015 22:09:59] /addskill Imortall, level
[02/10/2015 22:09:59] /addskill Imortall, level
[02/10/2015 22:09:59] /addskill Imortall, level
[02/10/2015 22:09:59] /addskill Imortall, level
[02/10/2015 22:09:59] /addskill Imortall, level
[02/10/2015 22:09:59] /addskill Imortall, level
[02/10/2015 22:09:59] /addskill Imortall, level
[02/10/2015 22:09:59] /addskill Imortall, level
[02/10/2015 22:09:59] /addskill Imortall, level
[02/10/2015 22:09:59] /addskill Imortall, level
[02/10/2015 22:09:59] /addskill Imortall, level
[02/10/2015 22:09:59] /addskill Imortall, level
[02/10/2015 22:09:59] /addskill Imortall, level
[02/10/2015 22:09:59] /addskill Imortall, level
[02/10/2015 22:09:59] /addskill Imortall, level
[02/10/2015 22:09:59] /addskill Imortall, level
[02/10/2015 22:09:59] /addskill Imortall, level
[02/10/2015 22:09:59] /addskill Imortall, level
[02/10/2015 22:10:00] /addskill Imortall, level
[02/10/2015 22:10:00] /addskill Imortall, level
[02/10/2015 22:10:00] /addskill Imortall, level
[02/10/2015 22:10:00] /addskill Imortall, level
[02/10/2015 22:10:00] /addskill Imortall, level
[02/10/2015 22:10:00] /addskill Imortall, level
[02/10/2015 22:10:00] /addskill Imortall, level
[02/10/2015 22:10:00] /addskill Imortall, level
[02/10/2015 22:10:00] /addskill Imortall, level
[02/10/2015 22:10:00] /addskill Imortall, level
[02/10/2015 22:10:00] /addskill Imortall, level
[02/10/2015 22:10:00] /addskill Imortall, level
[02/10/2015 22:10:00] /addskill Imortall, level
[02/10/2015 22:10:00] /addskill Imortall, level
[02/10/2015 22:10:00] /addskill Imortall, level
[02/10/2015 22:10:00] /addskill Imortall, level
[02/10/2015 22:10:00] /addskill Imortall, level
[02/10/2015 22:10:00] /addskill Imortall, level
[02/10/2015 22:10:00] /addskill Imortall, level
[02/10/2015 22:10:00] /addskill Imortall, level
[02/10/2015 22:10:00] /addskill Imortall, level
[02/10/2015 22:10:00] /addskill Imortall, level
[02/10/2015 22:10:00] /addskill Imortall, level
[02/10/2015 22:10:00] /addskill Imortall, level
[02/10/2015 22:10:00] /addskill Imortall, level
[02/10/2015 22:10:00] /addskill Imortall, level
[02/10/2015 22:10:00] /addskill Imortall, level
[02/10/2015 22:10:00] /addskill Imortall, level
[02/10/2015 22:10:00] /addskill Imortall, level
[02/10/2015 22:10:00] /addskill Imortall, level
[02/10/2015 22:10:01] /addskill Imortall, level
[02/10/2015 22:10:01] /addskill Imortall, level
[02/10/2015 22:10:01] /addskill Imortall, level
[02/10/2015 22:10:01] /addskill Imortall, level
[02/10/2015 22:10:01] /addskill Imortall, level
[02/10/2015 22:10:01] /addskill Imortall, level
[02/10/2015 22:10:01] /addskill Imortall, level
[02/10/2015 22:10:01] /addskill Imortall, level
[02/10/2015 22:10:01] /addskill Imortall, level
[02/10/2015 22:10:01] /addskill Imortall, level
[02/10/2015 22:10:01] /addskill Imortall, level
[02/10/2015 22:10:01] /addskill Imortall, level
[02/10/2015 22:10:01] /addskill Imortall, level
[02/10/2015 22:10:01] /addskill Imortall, level
[02/10/2015 22:10:01] /addskill Imortall, level
[02/10/2015 22:10:01] /addskill Imortall, level
[02/10/2015 22:10:01] /addskill Imortall, level
[02/10/2015 22:10:01] /addskill Imortall, level
[02/10/2015 22:10:01] /addskill Imortall, level
[02/10/2015 22:10:01] /addskill Imortall, level
[02/10/2015 22:10:01] /addskill Imortall, level
[02/10/2015 22:10:01] /addskill Imortall, level
[02/10/2015 22:10:01] /addskill Imortall, level
[02/10/2015 22:10:01] /addskill Imortall, level
[02/10/2015 22:10:01] /addskill Imortall, level
[02/10/2015 22:10:01] /addskill Imortall, level
[02/10/2015 22:10:01] /addskill Imortall, level
[02/10/2015 22:10:01] /addskill Imortall, level
[02/10/2015 22:10:01] /addskill Imortall, level
[02/10/2015 22:10:02] /addskill Imortall, level
[02/10/2015 22:10:02] /addskill Imortall, level
[02/10/2015 22:10:02] /addskill Imortall, level
[02/10/2015 22:10:02] /addskill Imortall, level
[02/10/2015 22:10:02] /addskill Imortall, level
[02/10/2015 22:10:02] /addskill Imortall, level
[02/10/2015 22:10:02] /addskill Imortall, level
[02/10/2015 22:10:02] /addskill Imortall, level
[02/10/2015 22:10:02] /addskill Imortall, level
[02/10/2015 22:10:02] /addskill Imortall, level
[02/10/2015 22:10:02] /addskill Imortall, level
[02/10/2015 22:10:02] /addskill Imortall, level
[02/10/2015 22:10:02] /addskill Imortall, level
[02/10/2015 22:10:02] /addskill Imortall, level
[02/10/2015 22:10:02] /addskill Imortall, level
[02/10/2015 22:10:02] /addskill Imortall, level
[02/10/2015 22:10:02] /addskill Imortall, level
[02/10/2015 22:10:02] /addskill Imortall, level
[02/10/2015 22:10:02] /addskill Imortall, level
[02/10/2015 22:10:02] /addskill Imortall, level
[02/10/2015 22:10:02] /addskill Imortall, level
[02/10/2015 22:10:02] /addskill Imortall, level
[02/10/2015 22:10:02] /addskill Imortall, level
[02/10/2015 22:10:02] /addskill Imortall, level
[02/10/2015 22:10:02] /addskill Imortall, level
[02/10/2015 22:10:02] /addskill Imortall, level
[02/10/2015 22:10:02] /addskill Imortall, level
[02/10/2015 22:10:03] /addskill Imortall, level
[02/10/2015 22:10:03] /addskill Imortall, level
[02/10/2015 22:10:03] /addskill Imortall, level
[02/10/2015 22:10:03] /addskill Imortall, level
[02/10/2015 22:10:03] /addskill Imortall, level
[02/10/2015 22:10:03] /addskill Imortall, level
[02/10/2015 22:10:03] /addskill Imortall, level
[02/10/2015 22:10:03] /addskill Imortall, level
[02/10/2015 22:10:03] /addskill Imortall, level
[02/10/2015 22:10:03] /addskill Imortall, level
[02/10/2015 22:10:03] /addskill Imortall, level
[02/10/2015 22:10:03] /addskill Imortall, level
[02/10/2015 22:10:03] /addskill Imortall, level
[02/10/2015 22:10:03] /addskill Imortall, level
[02/10/2015 22:10:03] /addskill Imortall, level
[02/10/2015 22:10:03] /addskill Imortall, level
[02/10/2015 22:10:03] /addskill Imortall, level
[02/10/2015 22:10:03] /addskill Imortall, level
[02/10/2015 22:10:03] /addskill Imortall, level
[02/10/2015 22:10:03] /addskill Imortall, level
[02/10/2015 22:10:03] /addskill Imortall, level
[02/10/2015 22:10:03] /addskill Imortall, level
[02/10/2015 22:10:03] /addskill Imortall, level
[02/10/2015 22:10:03] /addskill Imortall, level
[02/10/2015 22:10:03] /addskill Imortall, level
[02/10/2015 22:10:03] /addskill Imortall, level
[02/10/2015 22:10:03] /addskill Imortall, level
[02/10/2015 22:10:03] /addskill Imortall, level
[02/10/2015 22:10:04] /addskill Imortall, level
[02/10/2015 22:10:04] /addskill Imortall, level
[02/10/2015 22:10:04] /addskill Imortall, level
[02/10/2015 22:10:04] /addskill Imortall, level
[02/10/2015 22:10:04] /addskill Imortall, level
[02/10/2015 22:10:04] /addskill Imortall, level
[02/10/2015 22:10:04] /addskill Imortall, level
[02/10/2015 22:10:04] /addskill Imortall, level
[02/10/2015 22:10:04] /addskill Imortall, level
[02/10/2015 22:10:04] /addskill Imortall, level
[02/10/2015 22:10:04] /addskill Imortall, level
[02/10/2015 22:10:04] /addskill Imortall, level
[02/10/2015 22:10:04] /addskill Imortall, level
[02/10/2015 22:10:04] /addskill Imortall, level
[02/10/2015 22:10:04] /addskill Imortall, level
[02/10/2015 22:10:04] /addskill Imortall, level
[02/10/2015 22:10:04] /addskill Imortall, level
[02/10/2015 22:10:04] /addskill Imortall, level
[02/10/2015 22:10:04] /addskill Imortall, level
[02/10/2015 22:10:04] /addskill Imortall, level
[02/10/2015 22:10:04] /addskill Imortall, level
[02/10/2015 22:10:04] /addskill Imortall, level
[02/10/2015 22:10:04] /addskill Imortall, level
[02/10/2015 22:10:04] /addskill Imortall, level
[02/10/2015 22:10:04] /addskill Imortall, level
[02/10/2015 22:10:04] /addskill Imortall, level
[02/10/2015 22:10:04] /addskill Imortall, level
[02/10/2015 22:10:04] /addskill Imortall, level
[02/10/2015 22:10:04] /addskill Imortall, level
[02/10/2015 22:10:05] /addskill Imortall, level
[02/10/2015 22:10:05] /addskill Imortall, level
[02/10/2015 22:10:05] /addskill Imortall, level
[02/10/2015 22:10:05] /addskill Imortall, level
[02/10/2015 22:10:05] /addskill Imortall, level
[02/10/2015 22:10:05] /addskill Imortall, level
[02/10/2015 22:10:05] /addskill Imortall, level
[02/10/2015 22:10:05] /addskill Imortall, level
[02/10/2015 22:10:05] /addskill Imortall, level
[02/10/2015 22:10:05] /addskill Imortall, level
[02/10/2015 22:10:05] /addskill Imortall, level
[02/10/2015 22:10:05] /addskill Imortall, level
[02/10/2015 22:10:05] /addskill Imortall, level
[02/10/2015 22:10:05] /addskill Imortall, level
[02/10/2015 22:10:05] /addskill Imortall, level
[02/10/2015 22:10:05] /addskill Imortall, level
[02/10/2015 22:10:05] /addskill Imortall, level
[02/10/2015 22:10:05] /addskill Imortall, level
[02/10/2015 22:10:05] /addskill Imortall, level
[02/10/2015 22:10:05] /addskill Imortall, level
[02/10/2015 22:10:05] /addskill Imortall, level
[02/10/2015 22:10:05] /addskill Imortall, level
[02/10/2015 22:10:05] /addskill Imortall, level
[02/10/2015 22:10:05] /addskill Imortall, level
[02/10/2015 22:10:05] /addskill Imortall, level
[02/10/2015 22:10:05] /addskill Imortall, level
[02/10/2015 22:10:05] /addskill Imortall, level
[02/10/2015 22:10:05] /addskill Imortall, level
[02/10/2015 22:10:05] /addskill Imortall, level
[02/10/2015 22:10:06] /addskill Imortall, level
[02/10/2015 22:10:06] /addskill Imortall, level
[02/10/2015 22:10:06] /addskill Imortall, level
[02/10/2015 22:10:06] /addskill Imortall, level
[02/10/2015 22:10:06] /addskill Imortall, level
[02/10/2015 22:10:06] /addskill Imortall, level
[02/10/2015 22:10:06] /addskill Imortall, level
[02/10/2015 22:10:06] /addskill Imortall, level
[02/10/2015 22:10:06] /addskill Imortall, level
[02/10/2015 22:10:06] /addskill Imortall, level
[02/10/2015 22:10:06] /addskill Imortall, level
[02/10/2015 22:10:06] /addskill Imortall, level
[02/10/2015 22:10:06] /addskill Imortall, level
[02/10/2015 22:10:06] /addskill Imortall, level
[02/10/2015 22:10:06] /addskill Imortall, level
[02/10/2015 22:10:06] /addskill Imortall, level
[02/10/2015 22:10:06] /addskill Imortall, level
[02/10/2015 22:10:06] /addskill Imortall, level
[02/10/2015 22:10:06] /addskill Imortall, level
[02/10/2015 22:10:06] /addskill Imortall, level
[02/10/2015 22:10:06] /addskill Imortall, level
[02/10/2015 22:10:06] /addskill Imortall, level
[02/10/2015 22:10:06] /addskill Imortall, level
[02/10/2015 22:10:06] /addskill Imortall, level
[02/10/2015 22:10:06] /addskill Imortall, level
[02/10/2015 22:10:06] /addskill Imortall, level
[02/10/2015 22:10:06] /addskill Imortall, level
[02/10/2015 22:10:06] /addskill Imortall, level
[02/10/2015 22:10:06] /addskill Imortall, level
[02/10/2015 22:10:06] /addskill Imortall, level
[02/10/2015 22:10:07] /addskill Imortall, level
[02/10/2015 22:10:07] /addskill Imortall, level
[02/10/2015 22:10:07] /addskill Imortall, level
[02/10/2015 22:10:07] /addskill Imortall, level
[02/10/2015 22:10:07] /addskill Imortall, level
[02/10/2015 22:10:07] /addskill Imortall, level
[02/10/2015 22:10:07] /addskill Imortall, level
[02/10/2015 22:10:07] /addskill Imortall, level
[02/10/2015 22:10:07] /addskill Imortall, level
[02/10/2015 22:10:07] /addskill Imortall, level
[02/10/2015 22:10:07] /addskill Imortall, level
[02/10/2015 22:10:07] /addskill Imortall, level
[02/10/2015 22:10:07] /addskill Imortall, level
[02/10/2015 22:10:07] /addskill Imortall, level
[02/10/2015 22:10:07] /addskill Imortall, level
[02/10/2015 22:10:07] /addskill Imortall, level
[02/10/2015 22:10:07] /addskill Imortall, level
[02/10/2015 22:10:07] /addskill Imortall, level
[02/10/2015 22:10:07] /addskill Imortall, level
[02/10/2015 22:10:07] /addskill Imortall, level
[02/10/2015 22:10:07] /addskill Imortall, level
[02/10/2015 22:10:07] /addskill Imortall, level
[02/10/2015 22:10:07] /addskill Imortall, level
[02/10/2015 22:10:07] /addskill Imortall, level
[02/10/2015 22:10:07] /addskill Imortall, level
[02/10/2015 22:10:07] /addskill Imortall, level
[02/10/2015 22:10:07] /addskill Imortall, level
[02/10/2015 22:10:07] /addskill Imortall, level
[02/10/2015 22:10:08] /addskill Imortall, level
[02/10/2015 22:10:08] /addskill Imortall, level
[02/10/2015 22:10:08] /addskill Imortall, level
[02/10/2015 22:10:08] /addskill Imortall, level
[02/10/2015 22:10:08] /addskill Imortall, level
[02/10/2015 22:10:08] /addskill Imortall, level
[02/10/2015 22:10:08] /addskill Imortall, level
[02/10/2015 22:10:08] /addskill Imortall, level
[02/10/2015 22:10:08] /addskill Imortall, level
[02/10/2015 22:10:08] /addskill Imortall, level
[02/10/2015 22:10:08] /addskill Imortall, level
[02/10/2015 22:10:08] /addskill Imortall, level
[02/10/2015 22:10:08] /addskill Imortall, level
[02/10/2015 22:10:08] /addskill Imortall, level
[02/10/2015 22:10:08] /addskill Imortall, level
[02/10/2015 22:10:08] /addskill Imortall, level
[02/10/2015 22:10:08] /addskill Imortall, level
[02/10/2015 22:10:08] /addskill Imortall, level
[02/10/2015 22:10:08] /addskill Imortall, level
[02/10/2015 22:10:08] /addskill Imortall, level
[02/10/2015 22:10:08] /addskill Imortall, level
[02/10/2015 22:10:08] /addskill Imortall, level
[02/10/2015 22:10:08] /addskill Imortall, level
[02/10/2015 22:10:08] /addskill Imortall, level
[02/10/2015 22:10:08] /addskill Imortall, level
[02/10/2015 22:10:08] /addskill Imortall, level
[02/10/2015 22:10:08] /addskill Imortall, level
[02/10/2015 22:10:08] /addskill Imortall, level
[02/10/2015 22:10:08] /addskill Imortall, level
[02/10/2015 22:10:09] /addskill Imortall, level
[02/10/2015 22:10:09] /addskill Imortall, level
[02/10/2015 22:10:09] /addskill Imortall, level
[02/10/2015 22:10:09] /addskill Imortall, level
[02/10/2015 22:10:09] /addskill Imortall, level
[02/10/2015 22:10:09] /addskill Imortall, level
[02/10/2015 22:10:09] /addskill Imortall, level
[02/10/2015 22:10:09] /addskill Imortall, level
[02/10/2015 22:10:09] /addskill Imortall, level
[02/10/2015 22:10:09] /addskill Imortall, level
[02/10/2015 22:10:09] /addskill Imortall, level
[02/10/2015 22:10:09] /addskill Imortall, level
[02/10/2015 22:10:09] /addskill Imortall, level
[02/10/2015 22:10:09] /addskill Imortall, level
[02/10/2015 22:10:09] /addskill Imortall, level
[02/10/2015 22:10:09] /addskill Imortall, level
[02/10/2015 22:10:09] /addskill Imortall, level
[02/10/2015 22:10:09] /addskill Imortall, level
[02/10/2015 22:10:09] /addskill Imortall, level
[02/10/2015 22:10:09] /addskill Imortall, level
[02/10/2015 22:10:09] /addskill Imortall, level
[02/10/2015 22:10:09] /addskill Imortall, level
[02/10/2015 22:10:09] /addskill Imortall, level
[02/10/2015 22:10:09] /addskill Imortall, level
[02/10/2015 22:10:09] /addskill Imortall, level
[02/10/2015 22:10:09] /addskill Imortall, level
[02/10/2015 22:10:09] /addskill Imortall, level
[02/10/2015 22:10:10] /addskill Imortall, level
[02/10/2015 22:10:10] /addskill Imortall, level
[02/10/2015 22:10:10] /addskill Imortall, level
[02/10/2015 22:10:10] /addskill Imortall, level
[02/10/2015 22:10:10] /addskill Imortall, level
[02/10/2015 22:10:10] /addskill Imortall, level
[02/10/2015 22:10:10] /addskill Imortall, level
[02/10/2015 22:10:10] /addskill Imortall, level
[02/10/2015 22:10:10] /addskill Imortall, level
[02/10/2015 22:10:10] /addskill Imortall, level
[02/10/2015 22:10:10] /addskill Imortall, level
[02/10/2015 22:10:10] /addskill Imortall, level
[02/10/2015 22:10:10] /addskill Imortall, level
[02/10/2015 22:10:10] /addskill Imortall, level
[02/10/2015 22:10:10] /addskill Imortall, level
[02/10/2015 22:10:10] /addskill Imortall, level
[02/10/2015 22:10:10] /addskill Imortall, level
[02/10/2015 22:10:10] /addskill Imortall, level
[02/10/2015 22:10:10] /addskill Imortall, level
[02/10/2015 22:10:10] /addskill Imortall, level
[02/10/2015 22:10:10] /addskill Imortall, level
[02/10/2015 22:10:10] /addskill Imortall, level
[02/10/2015 22:10:10] /addskill Imortall, level
[02/10/2015 22:10:10] /addskill Imortall, level
[02/10/2015 22:10:10] /addskill Imortall, level
[02/10/2015 22:10:10] /addskill Imortall, level
[02/10/2015 22:10:10] /addskill Imortall, level
[02/10/2015 22:10:10] /addskill Imortall, level
[02/10/2015 22:10:10] /addskill Imortall, level
[02/10/2015 22:10:10] /addskill Imortall, level
[02/10/2015 22:10:11] /addskill Imortall, level
[02/10/2015 22:10:11] /addskill Imortall, level
[02/10/2015 22:10:11] /addskill Imortall, level
[02/10/2015 22:10:41] /addskill Imortall, level
[02/10/2015 22:10:41] /addskill Imortall, level
[02/10/2015 22:10:41] /addskill Imortall, level
[02/10/2015 22:10:41] /addskill Imortall, level
[02/10/2015 22:10:41] /addskill Imortall, level
[02/10/2015 22:10:41] /addskill Imortall, level
[02/10/2015 22:10:41] /addskill Imortall, level
[02/10/2015 22:10:41] /addskill Imortall, level
[02/10/2015 22:10:41] /addskill Imortall, level
[02/10/2015 22:10:41] /addskill Imortall, level
[02/10/2015 22:10:42] /addskill Imortall, level
[02/10/2015 22:10:42] /addskill Imortall, level
[02/10/2015 22:10:42] /addskill Imortall, level
[02/10/2015 22:10:42] /addskill Imortall, level
[02/10/2015 22:10:42] /addskill Imortall, level
[02/10/2015 22:10:42] /addskill Imortall, level
[02/10/2015 22:10:42] /addskill Imortall, level
[02/10/2015 22:10:42] /addskill Imortall, level
[02/10/2015 22:10:42] /addskill Imortall, level
[02/10/2015 22:10:42] /addskill Imortall, level
[02/10/2015 22:10:42] /addskill Imortall, level
[02/10/2015 22:10:42] /addskill Imortall, level
[02/10/2015 22:10:42] /addskill Imortall, level
[02/10/2015 22:10:42] /addskill Imortall, level
[02/10/2015 22:10:42] /addskill Imortall, level
[02/10/2015 22:10:42] /addskill Imortall, level
[02/10/2015 22:10:42] /addskill Imortall, level
[02/10/2015 22:10:42] /addskill Imortall, level
[02/10/2015 22:10:42] /addskill Imortall, level
[02/10/2015 22:10:42] /addskill Imortall, level
[02/10/2015 22:10:42] /addskill Imortall, level
[02/10/2015 22:10:42] /addskill Imortall, level
[02/10/2015 22:10:42] /addskill Imortall, level
[02/10/2015 22:10:42] /addskill Imortall, level
[02/10/2015 22:10:42] /addskill Imortall, level
[02/10/2015 22:10:42] /addskill Imortall, level
[02/10/2015 22:10:42] /addskill Imortall, level
[02/10/2015 22:10:42] /addskill Imortall, level
[02/10/2015 22:10:42] /addskill Imortall, level
[02/10/2015 22:10:43] /addskill Imortall, level
[02/10/2015 22:10:43] /addskill Imortall, level
[02/10/2015 22:10:43] /addskill Imortall, level
[02/10/2015 22:10:43] /addskill Imortall, level
[02/10/2015 22:10:43] /addskill Imortall, level
[02/10/2015 22:10:43] /addskill Imortall, level
[02/10/2015 22:10:43] /addskill Imortall, level
[02/10/2015 22:10:43] /addskill Imortall, level
[02/10/2015 22:10:43] /addskill Imortall, level
[02/10/2015 22:10:43] /addskill Imortall, level
[02/10/2015 22:10:43] /addskill Imortall, level
[02/10/2015 22:10:43] /addskill Imortall, level
[02/10/2015 22:10:43] /addskill Imortall, level
[02/10/2015 22:10:43] /addskill Imortall, level
[02/10/2015 22:10:43] /addskill Imortall, level
[02/10/2015 22:10:43] /addskill Imortall, level
[02/10/2015 22:10:43] /addskill Imortall, level
[02/10/2015 22:10:43] /addskill Imortall, level
[02/10/2015 22:10:43] /addskill Imortall, level
[02/10/2015 22:10:43] /addskill Imortall, level
[02/10/2015 22:10:43] /addskill Imortall, level
[02/10/2015 22:10:43] /addskill Imortall, level
[02/10/2015 22:10:43] /addskill Imortall, level
[02/10/2015 22:10:43] /addskill Imortall, level
[02/10/2015 22:10:43] /addskill Imortall, level
[02/10/2015 22:10:43] /addskill Imortall, level
[02/10/2015 22:10:43] /addskill Imortall, level
[02/10/2015 22:10:43] /addskill Imortall, level
[02/10/2015 22:10:44] /addskill Imortall, level
[02/10/2015 22:10:44] /addskill Imortall, level
[02/10/2015 22:10:44] /addskill Imortall, level
[02/10/2015 22:10:44] /addskill Imortall, level
[02/10/2015 22:10:44] /addskill Imortall, level
[02/10/2015 22:10:44] /addskill Imortall, level
[02/10/2015 22:10:44] /addskill Imortall, level
[02/10/2015 22:10:44] /addskill Imortall, level
[02/10/2015 22:10:44] /addskill Imortall, level
[02/10/2015 22:10:44] /addskill Imortall, level
[02/10/2015 22:10:44] /addskill Imortall, level
[02/10/2015 22:10:44] /addskill Imortall, level
[02/10/2015 22:10:44] /addskill Imortall, level
[02/10/2015 22:10:44] /addskill Imortall, level
[02/10/2015 22:10:44] /addskill Imortall, level
[02/10/2015 22:10:44] /addskill Imortall, level
[02/10/2015 22:10:44] /addskill Imortall, level
[02/10/2015 22:10:44] /addskill Imortall, level
[02/10/2015 22:10:44] /addskill Imortall, level
[02/10/2015 22:10:44] /addskill Imortall, level
[02/10/2015 22:10:44] /addskill Imortall, level
[02/10/2015 22:10:44] /addskill Imortall, level
[02/10/2015 22:10:44] /addskill Imortall, level
[02/10/2015 22:10:44] /addskill Imortall, level
[02/10/2015 22:10:44] /addskill Imortall, level
[02/10/2015 22:10:44] /addskill Imortall, level
[02/10/2015 22:10:44] /addskill Imortall, level
[02/10/2015 22:10:44] /addskill Imortall, level
[02/10/2015 22:10:44] /addskill Imortall, level
[02/10/2015 22:10:44] /addskill Imortall, level
[02/10/2015 22:10:45] /addskill Imortall, level
[02/10/2015 22:10:45] /addskill Imortall, level
[02/10/2015 22:10:45] /addskill Imortall, level
[02/10/2015 22:10:45] /addskill Imortall, level
[02/10/2015 22:10:45] /addskill Imortall, level
[02/10/2015 22:10:45] /addskill Imortall, level
[02/10/2015 22:10:45] /addskill Imortall, level
[02/10/2015 22:10:45] /addskill Imortall, level
[02/10/2015 22:10:45] /addskill Imortall, level
[02/10/2015 22:10:45] /addskill Imortall, level
[02/10/2015 22:10:45] /addskill Imortall, level
[02/10/2015 22:10:45] /addskill Imortall, level
[02/10/2015 22:10:45] /addskill Imortall, level
[02/10/2015 22:10:45] /addskill Imortall, level
[02/10/2015 22:10:45] /addskill Imortall, level
[02/10/2015 22:10:45] /addskill Imortall, level
[02/10/2015 22:10:45] /addskill Imortall, level
[02/10/2015 22:10:45] /addskill Imortall, level
[02/10/2015 22:10:45] /addskill Imortall, level
[02/10/2015 22:10:45] /addskill Imortall, level
[02/10/2015 22:10:45] /addskill Imortall, level
[02/10/2015 22:10:45] /addskill Imortall, level
[02/10/2015 22:10:45] /addskill Imortall, level
[02/10/2015 22:10:45] /addskill Imortall, level
[02/10/2015 22:10:45] /addskill Imortall, level
[02/10/2015 22:10:45] /addskill Imortall, level
[02/10/2015 22:10:46] /addskill Imortall, level
[02/10/2015 22:10:46] /addskill Imortall, level
[02/10/2015 22:10:46] /addskill Imortall, level
[02/10/2015 22:10:46] /addskill Imortall, level
[02/10/2015 22:10:46] /addskill Imortall, level
[02/10/2015 22:10:46] /addskill Imortall, level
[02/10/2015 22:10:46] /addskill Imortall, level
[02/10/2015 22:10:46] /addskill Imortall, level
[02/10/2015 22:10:46] /addskill Imortall, level
[02/10/2015 22:10:46] /addskill Imortall, level
[02/10/2015 22:10:46] /addskill Imortall, level
[02/10/2015 22:10:46] /addskill Imortall, level
[02/10/2015 22:10:46] /addskill Imortall, level
[02/10/2015 22:10:46] /addskill Imortall, level
[02/10/2015 22:10:46] /addskill Imortall, level
[02/10/2015 22:10:46] /addskill Imortall, level
[02/10/2015 22:10:46] /addskill Imortall, level
[02/10/2015 22:10:46] /addskill Imortall, level
[02/10/2015 22:10:46] /addskill Imortall, level
[02/10/2015 22:10:46] /addskill Imortall, level
[02/10/2015 22:10:46] /addskill Imortall, level
[02/10/2015 22:10:46] /addskill Imortall, level
[02/10/2015 22:10:46] /addskill Imortall, level
[02/10/2015 22:10:46] /addskill Imortall, level
[02/10/2015 22:10:46] /addskill Imortall, level
[02/10/2015 22:10:46] /addskill Imortall, level
[02/10/2015 22:10:46] /addskill Imortall, level
[02/10/2015 22:10:46] /addskill Imortall, level
[02/10/2015 22:10:46] /addskill Imortall, level
[02/10/2015 22:10:46] /addskill Imortall, level
[02/10/2015 22:10:46] /addskill Imortall, level
[02/10/2015 22:10:47] /addskill Imortall, level
[02/10/2015 22:10:47] /addskill Imortall, level
[02/10/2015 22:10:47] /addskill Imortall, level
[02/10/2015 22:10:47] /addskill Imortall, level
[02/10/2015 22:10:47] /addskill Imortall, level
[02/10/2015 22:10:47] /addskill Imortall, level
[02/10/2015 22:10:47] /addskill Imortall, level
[02/10/2015 22:10:47] /addskill Imortall, level
[02/10/2015 22:10:47] /addskill Imortall, level
[02/10/2015 22:10:47] /addskill Imortall, level
[02/10/2015 22:10:47] /addskill Imortall, level
[02/10/2015 22:10:47] /addskill Imortall, level
[02/10/2015 22:10:47] /addskill Imortall, level
[02/10/2015 22:10:47] /addskill Imortall, level
[02/10/2015 22:10:47] /addskill Imortall, level
[02/10/2015 22:10:47] /addskill Imortall, level
[02/10/2015 22:10:47] /addskill Imortall, level
[02/10/2015 22:10:47] /addskill Imortall, level
[02/10/2015 22:10:47] /addskill Imortall, level
[02/10/2015 22:10:47] /addskill Imortall, level
[02/10/2015 22:10:47] /addskill Imortall, level
[02/10/2015 22:10:47] /addskill Imortall, level
[02/10/2015 22:10:47] /addskill Imortall, level
[02/10/2015 22:10:47] /addskill Imortall, level
[02/10/2015 22:10:47] /addskill Imortall, level
[02/10/2015 22:10:47] /addskill Imortall, level
[02/10/2015 22:10:47] /addskill Imortall, level
[02/10/2015 22:10:47] /addskill Imortall, level
[02/10/2015 22:10:47] /addskill Imortall, level
[02/10/2015 22:10:47] /addskill Imortall, level
[02/10/2015 22:10:48] /addskill Imortall, level
[02/10/2015 22:10:48] /addskill Imortall, level
[02/10/2015 22:10:48] /addskill Imortall, level
[02/10/2015 22:10:48] /addskill Imortall, level
[02/10/2015 22:10:48] /addskill Imortall, level
[02/10/2015 22:10:48] /addskill Imortall, level
[02/10/2015 22:10:48] /addskill Imortall, level
[02/10/2015 22:10:48] /addskill Imortall, level
[02/10/2015 22:10:48] /addskill Imortall, level
[02/10/2015 22:10:48] /addskill Imortall, level
[02/10/2015 22:10:48] /addskill Imortall, level
[02/10/2015 22:10:48] /addskill Imortall, level
[02/10/2015 22:10:48] /addskill Imortall, level
[02/10/2015 22:10:48] /addskill Imortall, level
[02/10/2015 22:10:48] /addskill Imortall, level
[02/10/2015 22:10:48] /addskill Imortall, level
[02/10/2015 22:10:48] /addskill Imortall, level
[02/10/2015 22:10:48] /addskill Imortall, level
[02/10/2015 22:10:48] /addskill Imortall, level
[02/10/2015 22:10:48] /addskill Imortall, level
[02/10/2015 22:10:48] /addskill Imortall, level
[02/10/2015 22:10:48] /addskill Imortall, level
[02/10/2015 22:10:48] /addskill Imortall, level
[02/10/2015 22:10:48] /addskill Imortall, level
[02/10/2015 22:10:48] /addskill Imortall, level
[02/10/2015 22:10:48] /addskill Imortall, level
[02/10/2015 22:10:48] /addskill Imortall, level
[02/10/2015 22:10:49] /addskill Imortall, level
[02/10/2015 22:10:49] /addskill Imortall, level
[02/10/2015 22:10:49] /addskill Imortall, level
[02/10/2015 22:10:49] /addskill Imortall, level
[02/10/2015 22:10:49] /addskill Imortall, level
[02/10/2015 22:10:49] /addskill Imortall, level
[02/10/2015 22:10:49] /addskill Imortall, level
[02/10/2015 22:10:49] /addskill Imortall, level
[02/10/2015 22:10:49] /addskill Imortall, level
[02/10/2015 22:10:49] /addskill Imortall, level
[02/10/2015 22:10:49] /addskill Imortall, level
[02/10/2015 22:10:49] /addskill Imortall, level
[02/10/2015 22:10:49] /addskill Imortall, level
[02/10/2015 22:10:49] /addskill Imortall, level
[02/10/2015 22:10:49] /addskill Imortall, level
[02/10/2015 22:10:49] /addskill Imortall, level
[02/10/2015 22:10:49] /addskill Imortall, level
[02/10/2015 22:10:49] /addskill Imortall, level
[02/10/2015 22:10:49] /addskill Imortall, level
[02/10/2015 22:10:49] /addskill Imortall, level
[02/10/2015 22:10:49] /addskill Imortall, level
[02/10/2015 22:10:49] /addskill Imortall, level
[02/10/2015 22:10:49] /addskill Imortall, level
[02/10/2015 22:10:49] /addskill Imortall, level
[02/10/2015 22:10:49] /addskill Imortall, level
[02/10/2015 22:10:49] /addskill Imortall, level
[02/10/2015 22:10:50] /addskill Imortall, level
[02/10/2015 22:10:50] /addskill Imortall, level
[02/10/2015 22:10:50] /addskill Imortall, level
[02/10/2015 22:10:50] /addskill Imortall, level
[02/10/2015 22:10:50] /addskill Imortall, level
[02/10/2015 22:10:50] /addskill Imortall, level
[02/10/2015 22:10:50] /addskill Imortall, level
[02/10/2015 22:10:50] /addskill Imortall, level
[02/10/2015 22:10:50] /addskill Imortall, level
[02/10/2015 22:10:50] /addskill Imortall, level
[02/10/2015 22:10:50] /addskill Imortall, level
[02/10/2015 22:10:50] /addskill Imortall, level
[02/10/2015 22:10:50] /addskill Imortall, level
[02/10/2015 22:10:50] /addskill Imortall, level
[02/10/2015 22:10:50] /addskill Imortall, level
[02/10/2015 22:10:50] /addskill Imortall, level
[02/10/2015 22:10:50] /addskill Imortall, level
[02/10/2015 22:10:50] /addskill Imortall, level
[02/10/2015 22:10:50] /addskill Imortall, level
[02/10/2015 22:10:50] /addskill Imortall, level
[02/10/2015 22:10:50] /addskill Imortall, level
[02/10/2015 22:10:50] /addskill Imortall, level
[02/10/2015 22:10:50] /addskill Imortall, level
[02/10/2015 22:10:50] /addskill Imortall, level
[02/10/2015 22:10:50] /addskill Imortall, level
[02/10/2015 22:10:50] /addskill Imortall, level
[02/10/2015 22:10:50] /addskill Imortall, level
[02/10/2015 22:10:50] /addskill Imortall, level
[02/10/2015 22:10:51] /addskill Imortall, level
[02/10/2015 22:10:51] /addskill Imortall, level
[02/10/2015 22:10:51] /addskill Imortall, level
[02/10/2015 22:10:51] /addskill Imortall, level
[02/10/2015 22:10:51] /addskill Imortall, level
[02/10/2015 22:10:51] /addskill Imortall, level
[02/10/2015 22:10:51] /addskill Imortall, level
[02/10/2015 22:10:51] /addskill Imortall, level
[02/10/2015 22:10:51] /addskill Imortall, level
[02/10/2015 22:10:51] /addskill Imortall, level
[02/10/2015 22:10:51] /addskill Imortall, level
[02/10/2015 22:10:51] /addskill Imortall, level
[02/10/2015 22:10:51] /addskill Imortall, level
[02/10/2015 22:10:51] /addskill Imortall, level
[02/10/2015 22:10:51] /addskill Imortall, level
[02/10/2015 22:10:51] /addskill Imortall, level
[02/10/2015 22:10:51] /addskill Imortall, level
[02/10/2015 22:10:51] /addskill Imortall, level
[02/10/2015 22:10:51] /addskill Imortall, level
[02/10/2015 22:10:51] /addskill Imortall, level
[02/10/2015 22:10:51] /addskill Imortall, level
[02/10/2015 22:10:51] /addskill Imortall, level
[02/10/2015 22:10:51] /addskill Imortall, level
[02/10/2015 22:10:51] /addskill Imortall, level
[02/10/2015 22:10:51] /addskill Imortall, level
[02/10/2015 22:10:51] /addskill Imortall, level
[02/10/2015 22:10:51] /addskill Imortall, level
[02/10/2015 22:10:51] /addskill Imortall, level
[02/10/2015 22:10:51] /addskill Imortall, level
[02/10/2015 22:10:51] /addskill Imortall, level
[02/10/2015 22:10:51] /addskill Imortall, level
[02/10/2015 22:10:51] /addskill Imortall, level
[02/10/2015 22:10:52] /addskill Imortall, level
[02/10/2015 22:10:52] /addskill Imortall, level
[02/10/2015 22:10:52] /addskill Imortall, level
[02/10/2015 22:10:52] /addskill Imortall, level
[02/10/2015 22:10:52] /addskill Imortall, level
[02/10/2015 22:10:52] /addskill Imortall, level
[02/10/2015 22:10:52] /addskill Imortall, level
[02/10/2015 22:10:52] /addskill Imortall, level
[02/10/2015 22:10:52] /addskill Imortall, level
[02/10/2015 22:10:52] /addskill Imortall, level
[02/10/2015 22:10:52] /addskill Imortall, level
[02/10/2015 22:10:52] /addskill Imortall, level
[02/10/2015 22:10:52] /addskill Imortall, level
[02/10/2015 22:10:52] /addskill Imortall, level
[02/10/2015 22:10:52] /addskill Imortall, level
[02/10/2015 22:10:52] /addskill Imortall, level
[02/10/2015 22:10:52] /addskill Imortall, level
[02/10/2015 22:10:52] /addskill Imortall, level
[02/10/2015 22:10:52] /addskill Imortall, level
[02/10/2015 22:10:52] /addskill Imortall, level
[02/10/2015 22:10:52] /addskill Imortall, level
[02/10/2015 22:10:52] /addskill Imortall, level
[02/10/2015 22:10:52] /addskill Imortall, level
[02/10/2015 22:10:52] /addskill Imortall, level
[02/10/2015 22:10:52] /addskill Imortall, level
[02/10/2015 22:10:52] /addskill Imortall, level
[02/10/2015 22:10:52] /addskill Imortall, level
[02/10/2015 22:10:52] /addskill Imortall, level
[02/10/2015 22:10:52] /addskill Imortall, level
[02/10/2015 22:10:52] /addskill Imortall, level
[02/10/2015 22:10:53] /addskill Imortall, level
[02/10/2015 22:10:53] /addskill Imortall, level
[02/10/2015 22:10:53] /addskill Imortall, level
[02/10/2015 22:10:53] /addskill Imortall, level
[02/10/2015 22:10:53] /addskill Imortall, level
[02/10/2015 22:10:53] /addskill Imortall, level
[02/10/2015 22:10:53] /addskill Imortall, level
[02/10/2015 22:10:53] /addskill Imortall, level
[02/10/2015 22:10:53] /addskill Imortall, level
[02/10/2015 22:10:53] /addskill Imortall, level
[02/10/2015 22:10:53] /addskill Imortall, level
[02/10/2015 22:10:53] /addskill Imortall, level
[02/10/2015 22:10:53] /addskill Imortall, level
[02/10/2015 22:10:53] /addskill Imortall, level
[02/10/2015 22:10:53] /addskill Imortall, level
[02/10/2015 22:10:53] /addskill Imortall, level
[02/10/2015 22:10:53] /addskill Imortall, level
[02/10/2015 22:10:53] /addskill Imortall, level
[02/10/2015 22:10:53] /addskill Imortall, level
[02/10/2015 22:10:53] /addskill Imortall, level
[02/10/2015 22:10:53] /addskill Imortall, level
[02/10/2015 22:10:53] /addskill Imortall, level
[02/10/2015 22:10:53] /addskill Imortall, level
[02/10/2015 22:10:53] /addskill Imortall, level
[02/10/2015 22:10:53] /addskill Imortall, level
[02/10/2015 22:10:53] /addskill Imortall, level
[02/10/2015 22:10:53] /addskill Imortall, level
[02/10/2015 22:10:54] /addskill Imortall, level
[02/10/2015 22:10:54] /addskill Imortall, level
[02/10/2015 22:10:54] /addskill Imortall, level
[02/10/2015 22:10:54] /addskill Imortall, level
[02/10/2015 22:10:54] /addskill Imortall, level
[02/10/2015 22:10:54] /addskill Imortall, level
[02/10/2015 22:10:54] /addskill Imortall, level
[02/10/2015 22:10:54] /addskill Imortall, level
[02/10/2015 22:10:54] /addskill Imortall, level
[02/10/2015 22:10:54] /addskill Imortall, level
[02/10/2015 22:10:54] /addskill Imortall, level
[02/10/2015 22:10:54] /addskill Imortall, level
[02/10/2015 22:10:54] /addskill Imortall, level
[02/10/2015 22:10:54] /addskill Imortall, level
[02/10/2015 22:10:54] /addskill Imortall, level
[02/10/2015 22:10:54] /addskill Imortall, level
[02/10/2015 22:10:54] /addskill Imortall, level
[02/10/2015 22:10:54] /addskill Imortall, level
[02/10/2015 22:10:54] /addskill Imortall, level
[02/10/2015 22:10:54] /addskill Imortall, level
[02/10/2015 22:10:54] /addskill Imortall, level
[02/10/2015 22:10:54] /addskill Imortall, level
[02/10/2015 22:10:54] /addskill Imortall, level
[02/10/2015 22:10:55] /addskill Imortall, level
[02/10/2015 22:10:55] /addskill Imortall, level
[02/10/2015 22:10:55] /addskill Imortall, level
[02/10/2015 22:10:55] /addskill Imortall, level
[02/10/2015 22:10:55] /addskill Imortall, level
[02/10/2015 22:10:55] /addskill Imortall, level
[02/10/2015 22:10:55] /addskill Imortall, level
[02/10/2015 22:10:55] /addskill Imortall, level
[02/10/2015 22:10:55] /addskill Imortall, level
[02/10/2015 22:10:55] /addskill Imortall, level
[02/10/2015 22:10:55] /addskill Imortall, level
[02/10/2015 22:10:55] /addskill Imortall, level
[02/10/2015 22:10:55] /addskill Imortall, level
[02/10/2015 22:10:55] /addskill Imortall, level
[02/10/2015 22:10:55] /addskill Imortall, level
[02/10/2015 22:10:55] /addskill Imortall, level
[02/10/2015 22:10:55] /addskill Imortall, level
[02/10/2015 22:10:55] /addskill Imortall, level
[02/10/2015 22:10:55] /addskill Imortall, level
[02/10/2015 22:10:55] /addskill Imortall, level
[02/10/2015 22:10:55] /addskill Imortall, level
[02/10/2015 22:10:55] /addskill Imortall, level
[02/10/2015 22:10:55] /addskill Imortall, level
[02/10/2015 22:10:55] /addskill Imortall, level
[02/10/2015 22:10:55] /addskill Imortall, level
[02/10/2015 22:10:55] /addskill Imortall, level
[02/10/2015 22:10:55] /addskill Imortall, level
[02/10/2015 22:10:55] /addskill Imortall, level
[02/10/2015 22:10:55] /addskill Imortall, level
[02/10/2015 22:10:55] /addskill Imortall, level
[02/10/2015 22:10:55] /addskill Imortall, level
[02/10/2015 22:10:55] /addskill Imortall, level
[02/10/2015 22:10:55] /addskill Imortall, level
[02/10/2015 22:10:55] /addskill Imortall, level
[02/10/2015 22:10:56] /addskill Imortall, level
[02/10/2015 22:10:56] /addskill Imortall, level
[02/10/2015 22:10:56] /addskill Imortall, level
[02/10/2015 22:10:56] /addskill Imortall, level
[02/10/2015 22:10:56] /addskill Imortall, level
[02/10/2015 22:10:56] /addskill Imortall, level
[02/10/2015 22:10:56] /addskill Imortall, level
[02/10/2015 22:10:56] /addskill Imortall, level
[02/10/2015 22:10:56] /addskill Imortall, level
[02/10/2015 22:10:56] /addskill Imortall, level
[02/10/2015 22:10:56] /addskill Imortall, level
[02/10/2015 22:10:56] /addskill Imortall, level
[02/10/2015 22:10:56] /addskill Imortall, level
[02/10/2015 22:10:56] /addskill Imortall, level
[02/10/2015 22:10:56] /addskill Imortall, level
[02/10/2015 22:10:56] /addskill Imortall, level
[02/10/2015 22:10:56] /addskill Imortall, level
[02/10/2015 22:10:56] /addskill Imortall, level
[02/10/2015 22:10:56] /addskill Imortall, level
[02/10/2015 22:10:56] /addskill Imortall, level
[02/10/2015 22:10:56] /addskill Imortall, level
[02/10/2015 22:10:56] /addskill Imortall, level
[02/10/2015 22:10:56] /addskill Imortall, level
[02/10/2015 22:10:56] /addskill Imortall, level
[02/10/2015 22:10:56] /addskill Imortall, level
[02/10/2015 22:10:56] /addskill Imortall, level
[02/10/2015 22:10:56] /addskill Imortall, level
[02/10/2015 22:10:56] /addskill Imortall, level
[02/10/2015 22:10:56] /addskill Imortall, level
[02/10/2015 22:10:57] /addskill Imortall, level
[02/10/2015 22:10:57] /addskill Imortall, level
[02/10/2015 22:10:57] /addskill Imortall, level
[02/10/2015 22:10:57] /addskill Imortall, level
[02/10/2015 22:10:57] /addskill Imortall, level
[02/10/2015 22:10:57] /addskill Imortall, level
[02/10/2015 22:10:57] /addskill Imortall, level
[02/10/2015 22:10:57] /addskill Imortall, level
[02/10/2015 22:10:57] /addskill Imortall, level
[02/10/2015 22:10:57] /addskill Imortall, level
[02/10/2015 22:10:57] /addskill Imortall, level
[02/10/2015 22:10:57] /addskill Imortall, level
[02/10/2015 22:10:57] /addskill Imortall, level
[02/10/2015 22:10:57] /addskill Imortall, level
[02/10/2015 22:10:57] /addskill Imortall, level
[02/10/2015 22:10:57] /addskill Imortall, level
[02/10/2015 22:10:57] /addskill Imortall, level
[02/10/2015 22:10:57] /addskill Imortall, level
[02/10/2015 22:10:57] /addskill Imortall, level
[02/10/2015 22:10:57] /addskill Imortall, level
[02/10/2015 22:10:57] /addskill Imortall, level
[02/10/2015 22:10:57] /addskill Imortall, level
[02/10/2015 22:10:57] /addskill Imortall, level
[02/10/2015 22:10:57] /addskill Imortall, level
[02/10/2015 22:10:57] /addskill Imortall, level
[02/10/2015 22:10:57] /addskill Imortall, level
[02/10/2015 22:10:57] /addskill Imortall, level
[02/10/2015 22:10:57] /addskill Imortall, level
[02/10/2015 22:10:58] /addskill Imortall, level
[02/10/2015 22:10:58] /addskill Imortall, level
[02/10/2015 22:10:58] /addskill Imortall, level
[02/10/2015 22:10:58] /addskill Imortall, level
[02/10/2015 22:10:58] /addskill Imortall, level
[02/10/2015 22:10:58] /addskill Imortall, level
[02/10/2015 22:10:58] /addskill Imortall, level
[02/10/2015 22:10:58] /addskill Imortall, level
[02/10/2015 22:10:58] /addskill Imortall, level
[02/10/2015 22:10:58] /addskill Imortall, level
[02/10/2015 22:10:58] /addskill Imortall, level
[02/10/2015 22:10:58] /addskill Imortall, level
[02/10/2015 22:10:58] /addskill Imortall, level
[02/10/2015 22:10:58] /addskill Imortall, level
[02/10/2015 22:10:58] /addskill Imortall, level
[02/10/2015 22:10:58] /addskill Imortall, level
[02/10/2015 22:10:58] /addskill Imortall, level
[02/10/2015 22:10:58] /addskill Imortall, level
[02/10/2015 22:10:58] /addskill Imortall, level
[02/10/2015 22:10:58] /addskill Imortall, level
[02/10/2015 22:10:58] /addskill Imortall, level
[02/10/2015 22:10:58] /addskill Imortall, level
[02/10/2015 22:10:58] /addskill Imortall, level
[02/10/2015 22:10:58] /addskill Imortall, level
[02/10/2015 22:10:58] /addskill Imortall, level
[02/10/2015 22:10:58] /addskill Imortall, level
[02/10/2015 22:10:58] /addskill Imortall, level
[02/10/2015 22:10:58] /addskill Imortall, level
[02/10/2015 22:10:58] /addskill Imortall, level
[02/10/2015 22:10:58] /addskill Imortall, level
[02/10/2015 22:10:59] /addskill Imortall, level
[02/10/2015 22:10:59] /addskill Imortall, level
[02/10/2015 22:10:59] /addskill Imortall, level
[02/10/2015 22:10:59] /addskill Imortall, level
[02/10/2015 22:10:59] /addskill Imortall, level
[02/10/2015 22:10:59] /addskill Imortall, level
[02/10/2015 22:10:59] /addskill Imortall, level
[02/10/2015 22:10:59] /addskill Imortall, level
[02/10/2015 22:10:59] /addskill Imortall, level
[02/10/2015 22:10:59] /addskill Imortall, level
[02/10/2015 22:10:59] /addskill Imortall, level
[02/10/2015 22:10:59] /addskill Imortall, level
[02/10/2015 22:10:59] /addskill Imortall, level
[02/10/2015 22:10:59] /addskill Imortall, level
[02/10/2015 22:10:59] /addskill Imortall, level
[02/10/2015 22:10:59] /addskill Imortall, level
[02/10/2015 22:10:59] /addskill Imortall, level
[02/10/2015 22:10:59] /addskill Imortall, level
[02/10/2015 22:10:59] /addskill Imortall, level
[02/10/2015 22:10:59] /addskill Imortall, level
[02/10/2015 22:10:59] /addskill Imortall, level
[02/10/2015 22:10:59] /addskill Imortall, level
[02/10/2015 22:10:59] /addskill Imortall, level
[02/10/2015 22:10:59] /addskill Imortall, level
[02/10/2015 22:10:59] /addskill Imortall, level
[02/10/2015 22:10:59] /addskill Imortall, level
[02/10/2015 22:10:59] /addskill Imortall, level
[02/10/2015 22:10:59] /addskill Imortall, level
[02/10/2015 22:11:00] /addskill Imortall, level
[02/10/2015 22:11:00] /addskill Imortall, level
[02/10/2015 22:11:00] /addskill Imortall, level
[02/10/2015 22:11:00] /addskill Imortall, level
[02/10/2015 22:11:00] /addskill Imortall, level
[02/10/2015 22:11:00] /addskill Imortall, level
[02/10/2015 22:11:00] /addskill Imortall, level
[02/10/2015 22:11:00] /addskill Imortall, level
[02/10/2015 22:11:00] /addskill Imortall, level
[02/10/2015 22:11:00] /addskill Imortall, level
[02/10/2015 22:11:00] /addskill Imortall, level
[02/10/2015 22:11:00] /addskill Imortall, level
[02/10/2015 22:11:00] /addskill Imortall, level
[02/10/2015 22:11:00] /addskill Imortall, level
[02/10/2015 22:11:00] /addskill Imortall, level
[02/10/2015 22:11:00] /addskill Imortall, level
[02/10/2015 22:11:00] /addskill Imortall, level
[02/10/2015 22:11:00] /addskill Imortall, level
[02/10/2015 22:11:00] /addskill Imortall, level
[02/10/2015 22:11:00] /addskill Imortall, level
[02/10/2015 22:11:00] /addskill Imortall, level
[02/10/2015 22:11:00] /addskill Imortall, level
[02/10/2015 22:11:00] /addskill Imortall, level
[02/10/2015 22:11:00] /addskill Imortall, level
[02/10/2015 22:11:00] /addskill Imortall, level
[02/10/2015 22:11:00] /addskill Imortall, level
[02/10/2015 22:11:00] /addskill Imortall, level
[02/10/2015 22:11:01] /addskill Imortall, level
[02/10/2015 22:11:01] /addskill Imortall, level
[02/10/2015 22:11:01] /addskill Imortall, level
[02/10/2015 22:11:01] /addskill Imortall, level
[02/10/2015 22:11:01] /addskill Imortall, level
[02/10/2015 22:11:01] /addskill Imortall, level
[02/10/2015 22:11:01] /addskill Imortall, level
[02/10/2015 22:11:01] /addskill Imortall, level
[02/10/2015 22:11:01] /addskill Imortall, level
[02/10/2015 22:11:01] /addskill Imortall, level
[02/10/2015 22:11:01] /addskill Imortall, level
[02/10/2015 22:11:01] /addskill Imortall, level
[02/10/2015 22:11:01] /addskill Imortall, level
[02/10/2015 22:11:01] /addskill Imortall, level
[02/10/2015 22:11:01] /addskill Imortall, level
[02/10/2015 22:11:01] /addskill Imortall, level
[02/10/2015 22:11:01] /addskill Imortall, level
[02/10/2015 22:11:01] /addskill Imortall, level
[02/10/2015 22:11:01] /addskill Imortall, level
[02/10/2015 22:11:01] /addskill Imortall, level
[02/10/2015 22:11:01] /addskill Imortall, level
[02/10/2015 22:11:01] /addskill Imortall, level
[02/10/2015 22:11:01] /addskill Imortall, level
[02/10/2015 22:11:01] /addskill Imortall, level
[02/10/2015 22:11:01] /addskill Imortall, level
[02/10/2015 22:11:01] /addskill Imortall, level
[02/10/2015 22:11:01] /addskill Imortall, level
[02/10/2015 22:11:01] /addskill Imortall, level
[02/10/2015 22:11:01] /addskill Imortall, level
[02/10/2015 22:11:01] /addskill Imortall, level
[02/10/2015 22:11:01] /addskill Imortall, level
[02/10/2015 22:11:02] /addskill Imortall, level
[02/10/2015 22:11:02] /addskill Imortall, level
[02/10/2015 22:11:02] /addskill Imortall, level
[02/10/2015 22:11:02] /addskill Imortall, level
[02/10/2015 22:11:02] /addskill Imortall, level
[02/10/2015 22:11:02] /addskill Imortall, level
[02/10/2015 22:11:02] /addskill Imortall, level
[02/10/2015 22:11:02] /addskill Imortall, level
[02/10/2015 22:11:02] /addskill Imortall, level
[02/10/2015 22:11:02] /addskill Imortall, level
[02/10/2015 22:11:02] /addskill Imortall, level
[02/10/2015 22:11:02] /addskill Imortall, level
[02/10/2015 22:11:02] /addskill Imortall, level
[02/10/2015 22:11:02] /addskill Imortall, level
[02/10/2015 22:11:02] /addskill Imortall, level
[02/10/2015 22:11:02] /addskill Imortall, level
[02/10/2015 22:11:02] /addskill Imortall, level
[02/10/2015 22:11:02] /addskill Imortall, level
[02/10/2015 22:11:02] /addskill Imortall, level
[02/10/2015 22:11:02] /addskill Imortall, level
[02/10/2015 22:11:02] /addskill Imortall, level
[02/10/2015 22:11:02] /addskill Imortall, level
[02/10/2015 22:11:02] /addskill Imortall, level
[02/10/2015 22:11:02] /addskill Imortall, level
[02/10/2015 22:11:02] /addskill Imortall, level
[02/10/2015 22:11:02] /addskill Imortall, level
[02/10/2015 22:11:02] /addskill Imortall, level
[02/10/2015 22:11:03] /addskill Imortall, level
[02/10/2015 22:11:03] /addskill Imortall, level
[02/10/2015 22:11:03] /addskill Imortall, level
[02/10/2015 22:11:03] /addskill Imortall, level
[02/10/2015 22:11:03] /addskill Imortall, level
[02/10/2015 22:11:03] /addskill Imortall, level
[02/10/2015 22:11:03] /addskill Imortall, level
[02/10/2015 22:11:03] /addskill Imortall, level
[02/10/2015 22:11:03] /addskill Imortall, level
[02/10/2015 22:11:03] /addskill Imortall, level
[02/10/2015 22:11:03] /addskill Imortall, level
[02/10/2015 22:11:03] /addskill Imortall, level
[02/10/2015 22:11:03] /addskill Imortall, level
[02/10/2015 22:11:03] /addskill Imortall, level
[02/10/2015 22:11:03] /addskill Imortall, level
[02/10/2015 22:11:03] /addskill Imortall, level
[02/10/2015 22:11:03] /addskill Imortall, level
[02/10/2015 22:11:03] /addskill Imortall, level
[02/10/2015 22:11:03] /addskill Imortall, level
[02/10/2015 22:11:03] /addskill Imortall, level
[02/10/2015 22:11:03] /addskill Imortall, level
[02/10/2015 22:11:03] /addskill Imortall, level
[02/10/2015 22:11:03] /addskill Imortall, level
[02/10/2015 22:11:03] /addskill Imortall, level
[02/10/2015 22:11:03] /addskill Imortall, level
[02/10/2015 22:11:03] /addskill Imortall, level
[02/10/2015 22:11:03] /addskill Imortall, level
[02/10/2015 22:11:03] /addskill Imortall, level
[02/10/2015 22:11:03] /addskill Imortall, level
[02/10/2015 22:11:04] /addskill Imortall, level
[02/10/2015 22:11:04] /addskill Imortall, level
[02/10/2015 22:11:04] /addskill Imortall, level
[02/10/2015 22:11:04] /addskill Imortall, level
[02/10/2015 22:11:04] /addskill Imortall, level
[02/10/2015 22:11:04] /addskill Imortall, level
[02/10/2015 22:11:04] /addskill Imortall, level
[02/10/2015 22:11:04] /addskill Imortall, level
[02/10/2015 22:11:04] /addskill Imortall, level
[02/10/2015 22:11:04] /addskill Imortall, level
[02/10/2015 22:11:04] /addskill Imortall, level
[02/10/2015 22:11:04] /addskill Imortall, level
[02/10/2015 22:11:04] /addskill Imortall, level
[02/10/2015 22:11:04] /addskill Imortall, level
[02/10/2015 22:11:04] /addskill Imortall, level
[02/10/2015 22:11:04] /addskill Imortall, level
[02/10/2015 22:11:04] /addskill Imortall, level
[02/10/2015 22:11:04] /addskill Imortall, level
[02/10/2015 22:11:04] /addskill Imortall, level
[02/10/2015 22:11:04] /addskill Imortall, level
[02/10/2015 22:11:04] /addskill Imortall, level
[02/10/2015 22:11:04] /addskill Imortall, level
[02/10/2015 22:11:04] /addskill Imortall, level
[02/10/2015 22:11:04] /addskill Imortall, level
[02/10/2015 22:11:04] /addskill Imortall, level
[02/10/2015 22:11:04] /addskill Imortall, level
[02/10/2015 22:11:04] /addskill Imortall, level
[02/10/2015 22:11:04] /addskill Imortall, level
[02/10/2015 22:11:04] /addskill Imortall, level
[02/10/2015 22:11:05] /addskill Imortall, level
[02/10/2015 22:11:05] /addskill Imortall, level
[02/10/2015 22:11:05] /addskill Imortall, level
[02/10/2015 22:11:05] /addskill Imortall, level
[02/10/2015 22:11:05] /addskill Imortall, level
[02/10/2015 22:11:05] /addskill Imortall, level
[02/10/2015 22:11:05] /addskill Imortall, level
[02/10/2015 22:11:05] /addskill Imortall, level
[02/10/2015 22:11:05] /addskill Imortall, level
[02/10/2015 22:11:05] /addskill Imortall, level
[02/10/2015 22:11:05] /addskill Imortall, level
[02/10/2015 22:11:05] /addskill Imortall, level
[02/10/2015 22:11:05] /addskill Imortall, level
[02/10/2015 22:11:05] /addskill Imortall, level
[02/10/2015 22:11:05] /addskill Imortall, level
[02/10/2015 22:11:05] /addskill Imortall, level
[02/10/2015 22:11:05] /addskill Imortall, level
[02/10/2015 22:11:05] /addskill Imortall, level
[02/10/2015 22:11:05] /addskill Imortall, level
[02/10/2015 22:11:05] /addskill Imortall, level
[02/10/2015 22:11:05] /addskill Imortall, level
[02/10/2015 22:11:05] /addskill Imortall, level
[02/10/2015 22:11:05] /addskill Imortall, level
[02/10/2015 22:11:05] /addskill Imortall, level
[02/10/2015 22:11:05] /addskill Imortall, level
[02/10/2015 22:11:05] /addskill Imortall, level
[02/10/2015 22:11:05] /addskill Imortall, level
[02/10/2015 22:11:05] /addskill Imortall, level
[02/10/2015 22:11:05] /addskill Imortall, level
[02/10/2015 22:11:06] /addskill Imortall, level
[02/10/2015 22:11:06] /addskill Imortall, level
[02/10/2015 22:11:06] /addskill Imortall, level
[02/10/2015 22:11:06] /addskill Imortall, level
[02/10/2015 22:11:06] /addskill Imortall, level
[02/10/2015 22:11:06] /addskill Imortall, level
[02/10/2015 22:11:06] /addskill Imortall, level
[02/10/2015 22:11:06] /addskill Imortall, level
[02/10/2015 22:11:06] /addskill Imortall, level
[02/10/2015 22:11:06] /addskill Imortall, level
[02/10/2015 22:11:06] /addskill Imortall, level
[02/10/2015 22:11:06] /addskill Imortall, level
[02/10/2015 22:11:06] /addskill Imortall, level
[02/10/2015 22:11:06] /addskill Imortall, level
[02/10/2015 22:11:06] /addskill Imortall, level
[02/10/2015 22:11:06] /addskill Imortall, level
[02/10/2015 22:11:06] /addskill Imortall, level
[02/10/2015 22:11:06] /addskill Imortall, level
[02/10/2015 22:11:06] /addskill Imortall, level
[02/10/2015 22:11:06] /addskill Imortall, level
[02/10/2015 22:11:06] /addskill Imortall, level
[02/10/2015 22:11:06] /addskill Imortall, level
[02/10/2015 22:11:06] /addskill Imortall, level
[02/10/2015 22:11:06] /addskill Imortall, level
[02/10/2015 22:11:06] /addskill Imortall, level
[02/10/2015 22:11:06] /addskill Imortall, level
[02/10/2015 22:11:06] /addskill Imortall, level
[02/10/2015 22:11:06] /addskill Imortall, level
[02/10/2015 22:11:07] /addskill Imortall, level
[02/10/2015 22:11:07] /addskill Imortall, level
[02/10/2015 22:11:07] /addskill Imortall, level
[02/10/2015 22:11:07] /addskill Imortall, level
[02/10/2015 22:11:07] /addskill Imortall, level
[02/10/2015 22:11:07] /addskill Imortall, level
[02/10/2015 22:11:07] /addskill Imortall, level
[02/10/2015 22:11:07] /addskill Imortall, level
[02/10/2015 22:11:07] /addskill Imortall, level
[02/10/2015 22:11:07] /addskill Imortall, level
[02/10/2015 22:11:07] /addskill Imortall, level
[02/10/2015 22:11:07] /addskill Imortall, level
[02/10/2015 22:11:07] /addskill Imortall, level
[02/10/2015 22:11:07] /addskill Imortall, level
[02/10/2015 22:11:07] /addskill Imortall, level
[02/10/2015 22:11:07] /addskill Imortall, level
[02/10/2015 22:11:07] /addskill Imortall, level
[02/10/2015 22:11:07] /addskill Imortall, level
[02/10/2015 22:11:07] /addskill Imortall, level
[02/10/2015 22:11:07] /addskill Imortall, level
[02/10/2015 22:11:07] /addskill Imortall, level
[02/10/2015 22:11:07] /addskill Imortall, level
[02/10/2015 22:11:07] /addskill Imortall, level
[02/10/2015 22:11:07] /addskill Imortall, level
[02/10/2015 22:11:07] /addskill Imortall, level
[02/10/2015 22:11:07] /addskill Imortall, level
[02/10/2015 22:11:07] /addskill Imortall, level
[02/10/2015 22:11:07] /addskill Imortall, level
[02/10/2015 22:11:07] /addskill Imortall, level
[02/10/2015 22:11:08] /addskill Imortall, level
[02/10/2015 22:11:08] /addskill Imortall, level
[02/10/2015 22:11:08] /addskill Imortall, level
[02/10/2015 22:11:08] /addskill Imortall, level
[02/10/2015 22:11:08] /addskill Imortall, level
[02/10/2015 22:11:08] /addskill Imortall, level
[02/10/2015 22:11:08] /addskill Imortall, level
[02/10/2015 22:11:08] /addskill Imortall, level
[02/10/2015 22:11:08] /addskill Imortall, level
[02/10/2015 22:11:08] /addskill Imortall, level
[02/10/2015 22:11:08] /addskill Imortall, level
[02/10/2015 22:11:08] /addskill Imortall, level
[02/10/2015 22:11:08] /addskill Imortall, level
[02/10/2015 22:11:08] /addskill Imortall, level
[02/10/2015 22:11:08] /addskill Imortall, level
[02/10/2015 22:11:08] /addskill Imortall, level
[02/10/2015 22:11:08] /addskill Imortall, level
[02/10/2015 22:11:08] /addskill Imortall, level
[02/10/2015 22:11:08] /addskill Imortall, level
[02/10/2015 22:11:08] /addskill Imortall, level
[02/10/2015 22:11:08] /addskill Imortall, level
[02/10/2015 22:11:08] /addskill Imortall, level
[02/10/2015 22:11:08] /addskill Imortall, level
[02/10/2015 22:11:08] /addskill Imortall, level
[02/10/2015 22:11:08] /addskill Imortall, level
[02/10/2015 22:11:08] /addskill Imortall, level
[02/10/2015 22:11:08] /addskill Imortall, level
[02/10/2015 22:11:08] /addskill Imortall, level
[02/10/2015 22:11:09] /addskill Imortall, level
[02/10/2015 22:11:09] /addskill Imortall, level
[02/10/2015 22:11:09] /addskill Imortall, level
[02/10/2015 22:11:09] /addskill Imortall, level
[02/10/2015 22:11:09] /addskill Imortall, level
[02/10/2015 22:11:09] /addskill Imortall, level
[02/10/2015 22:11:09] /addskill Imortall, level
[02/10/2015 22:11:09] /addskill Imortall, level
[02/10/2015 22:11:09] /addskill Imortall, level
[02/10/2015 22:11:09] /addskill Imortall, level
[02/10/2015 22:11:09] /addskill Imortall, level
[02/10/2015 22:11:09] /addskill Imortall, level
[02/10/2015 22:11:09] /addskill Imortall, level
[02/10/2015 22:11:09] /addskill Imortall, level
[02/10/2015 22:11:09] /addskill Imortall, level
[02/10/2015 22:11:09] /addskill Imortall, level
[02/10/2015 22:11:09] /addskill Imortall, level
[02/10/2015 22:11:09] /addskill Imortall, level
[02/10/2015 22:11:09] /addskill Imortall, level
[02/10/2015 22:11:09] /addskill Imortall, level
[02/10/2015 22:11:09] /addskill Imortall, level
[02/10/2015 22:11:09] /addskill Imortall, level
[02/10/2015 22:11:09] /addskill Imortall, level
[02/10/2015 22:11:09] /addskill Imortall, level
[02/10/2015 22:11:09] /addskill Imortall, level
[02/10/2015 22:11:09] /addskill Imortall, level
[02/10/2015 22:11:09] /addskill Imortall, level
[02/10/2015 22:11:09] /addskill Imortall, level
[02/10/2015 22:11:09] /addskill Imortall, level
[02/10/2015 22:11:10] /addskill Imortall, level
[02/10/2015 22:11:10] /addskill Imortall, level
[02/10/2015 22:11:10] /addskill Imortall, level
[02/10/2015 22:11:10] /addskill Imortall, level
[02/10/2015 22:11:10] /addskill Imortall, level
[02/10/2015 22:11:10] /addskill Imortall, level
[02/10/2015 22:11:10] /addskill Imortall, level
[02/10/2015 22:11:10] /addskill Imortall, level
[02/10/2015 22:11:10] /addskill Imortall, level
[02/10/2015 22:11:10] /addskill Imortall, level
[02/10/2015 22:11:10] /addskill Imortall, level
[02/10/2015 22:11:10] /addskill Imortall, level
[02/10/2015 22:11:10] /addskill Imortall, level
[02/10/2015 22:11:10] /addskill Imortall, level
[02/10/2015 22:11:10] /addskill Imortall, level
[02/10/2015 22:11:10] /addskill Imortall, level
[02/10/2015 22:11:10] /addskill Imortall, level
[02/10/2015 22:11:10] /addskill Imortall, level
[02/10/2015 22:11:10] /addskill Imortall, level
[02/10/2015 22:11:10] /addskill Imortall, level
[02/10/2015 22:11:10] /addskill Imortall, level
[02/10/2015 22:11:10] /addskill Imortall, level
[02/10/2015 22:11:10] /addskill Imortall, level
[02/10/2015 22:11:10] /addskill Imortall, level
[02/10/2015 22:11:10] /addskill Imortall, level
[02/10/2015 22:11:10] /addskill Imortall, level
[02/10/2015 22:11:10] /addskill Imortall, level
[02/10/2015 22:11:11] /addskill Imortall, level
[02/10/2015 22:11:11] /addskill Imortall, level
[02/10/2015 22:11:11] /addskill Imortall, level
[02/10/2015 22:11:11] /addskill Imortall, level
[02/10/2015 22:11:11] /addskill Imortall, level
[02/10/2015 22:11:11] /addskill Imortall, level
[02/10/2015 22:11:11] /addskill Imortall, level
[02/10/2015 22:11:11] /addskill Imortall, level
[02/10/2015 22:11:11] /addskill Imortall, level
[02/10/2015 22:11:11] /addskill Imortall, level
[02/10/2015 22:11:11] /addskill Imortall, level
[02/10/2015 22:11:11] /addskill Imortall, level
[02/10/2015 22:11:11] /addskill Imortall, level
[02/10/2015 22:11:11] /addskill Imortall, level
[02/10/2015 22:11:11] /addskill Imortall, level
[02/10/2015 22:11:11] /addskill Imortall, level
[02/10/2015 22:11:11] /addskill Imortall, level
[02/10/2015 22:11:11] /addskill Imortall, level
[02/10/2015 22:11:11] /addskill Imortall, level
[02/10/2015 22:11:11] /addskill Imortall, level
[02/10/2015 22:11:11] /addskill Imortall, level
[02/10/2015 22:11:11] /addskill Imortall, level
[02/10/2015 22:11:11] /addskill Imortall, level
[02/10/2015 22:11:11] /addskill Imortall, level
[02/10/2015 22:11:11] /addskill Imortall, level
[02/10/2015 22:11:11] /addskill Imortall, level
[02/10/2015 22:11:11] /addskill Imortall, level
[02/10/2015 22:11:11] /addskill Imortall, level
[02/10/2015 22:11:11] /addskill Imortall, level
[02/10/2015 22:11:11] /addskill Imortall, level
[02/10/2015 22:11:12] /addskill Imortall, level
[02/10/2015 22:11:12] /addskill Imortall, level
[02/10/2015 22:11:12] /addskill Imortall, level
[02/10/2015 22:11:12] /addskill Imortall, level
[02/10/2015 22:11:12] /addskill Imortall, level
[02/10/2015 22:11:12] /addskill Imortall, level
[02/10/2015 22:11:12] /addskill Imortall, level
[02/10/2015 22:11:12] /addskill Imortall, level
[02/10/2015 22:11:12] /addskill Imortall, level
[02/10/2015 22:11:12] /addskill Imortall, level
[02/10/2015 22:11:12] /addskill Imortall, level
[02/10/2015 22:11:12] /addskill Imortall, level
[02/10/2015 22:11:12] /addskill Imortall, level
[02/10/2015 22:11:12] /addskill Imortall, level
[02/10/2015 22:11:12] /addskill Imortall, level
[02/10/2015 22:11:12] /addskill Imortall, level
[02/10/2015 22:11:12] /addskill Imortall, level
[02/10/2015 22:11:12] /addskill Imortall, level
[02/10/2015 22:11:12] /addskill Imortall, level
[02/10/2015 22:12:22] /m sasuke uchiha
[02/10/2015 22:12:37] /m sasuke uchiha
[02/10/2015 22:12:40] /m sasuke uchiha
[02/10/2015 22:12:54] /m sasuke uchiha
[02/10/2015 22:13:06] /addskill Imortall, level
[02/10/2015 22:13:06] /addskill Imortall, level
[02/10/2015 22:13:06] /addskill Imortall, level
[02/10/2015 22:13:06] /addskill Imortall, level
[02/10/2015 22:13:06] /addskill Imortall, level
[02/10/2015 22:13:06] /addskill Imortall, level
[02/10/2015 22:13:06] /addskill Imortall, level
[02/10/2015 22:13:06] /addskill Imortall, level
[02/10/2015 22:13:06] /addskill Imortall, level
[02/10/2015 22:13:07] /addskill Imortall, level
[02/10/2015 22:13:07] /addskill Imortall, level
[02/10/2015 22:13:07] /addskill Imortall, level
[02/10/2015 22:13:07] /addskill Imortall, level
[02/10/2015 22:13:07] /addskill Imortall, level
[02/10/2015 22:13:07] /addskill Imortall, level
[02/10/2015 22:13:07] /addskill Imortall, level
[02/10/2015 22:13:07] /addskill Imortall, level
[02/10/2015 22:13:07] /addskill Imortall, level
[02/10/2015 22:13:07] /addskill Imortall, level
[02/10/2015 22:13:07] /addskill Imortall, level
[02/10/2015 22:13:07] /addskill Imortall, level
[02/10/2015 22:13:07] /addskill Imortall, level
[02/10/2015 22:13:07] /addskill Imortall, level
[02/10/2015 22:13:07] /addskill Imortall, level
[02/10/2015 22:13:07] /addskill Imortall, level
[02/10/2015 22:13:07] /addskill Imortall, level
[02/10/2015 22:13:07] /addskill Imortall, level
[02/10/2015 22:13:07] /addskill Imortall, level
[02/10/2015 22:13:07] /addskill Imortall, level
[02/10/2015 22:13:07] /addskill Imortall, level
[02/10/2015 22:13:07] /addskill Imortall, level
[02/10/2015 22:13:07] /addskill Imortall, level
[02/10/2015 22:13:07] /addskill Imortall, level
[02/10/2015 22:13:07] /addskill Imortall, level
[02/10/2015 22:13:07] /addskill Imortall, level
[02/10/2015 22:13:07] /addskill Imortall, level
[02/10/2015 22:13:08] /addskill Imortall, level
[02/10/2015 22:13:08] /addskill Imortall, level
[02/10/2015 22:13:08] /addskill Imortall, level
[02/10/2015 22:13:08] /addskill Imortall, level
[02/10/2015 22:13:08] /addskill Imortall, level
[02/10/2015 22:13:08] /addskill Imortall, level
[02/10/2015 22:13:08] /addskill Imortall, level
[02/10/2015 22:13:08] /addskill Imortall, level
[02/10/2015 22:13:08] /addskill Imortall, level
[02/10/2015 22:13:08] /addskill Imortall, level
[02/10/2015 22:13:08] /addskill Imortall, level
[02/10/2015 22:13:08] /addskill Imortall, level
[02/10/2015 22:13:08] /addskill Imortall, level
[02/10/2015 22:13:08] /addskill Imortall, level
[02/10/2015 22:13:08] /addskill Imortall, level
[02/10/2015 22:13:08] /addskill Imortall, level
[02/10/2015 22:13:08] /addskill Imortall, level
[02/10/2015 22:13:08] /addskill Imortall, level
[02/10/2015 22:13:08] /addskill Imortall, level
[02/10/2015 22:13:08] /addskill Imortall, level
[02/10/2015 22:13:08] /addskill Imortall, level
[02/10/2015 22:13:08] /addskill Imortall, level
[02/10/2015 22:13:08] /addskill Imortall, level
[02/10/2015 22:13:08] /addskill Imortall, level
[02/10/2015 22:13:08] /addskill Imortall, level
[02/10/2015 22:13:08] /addskill Imortall, level
[02/10/2015 22:13:08] /addskill Imortall, level
[02/10/2015 22:13:08] /addskill Imortall, level
[02/10/2015 22:13:08] /addskill Imortall, level
[02/10/2015 22:13:09] /addskill Imortall, level
[02/10/2015 22:13:09] /addskill Imortall, level
[02/10/2015 22:13:09] /addskill Imortall, level
[02/10/2015 22:13:09] /addskill Imortall, level
[02/10/2015 22:13:09] /addskill Imortall, level
[02/10/2015 22:13:09] /addskill Imortall, level
[02/10/2015 22:13:09] /addskill Imortall, level
[02/10/2015 22:13:09] /addskill Imortall, level
[02/10/2015 22:13:09] /addskill Imortall, level
[02/10/2015 22:13:09] /addskill Imortall, level
[02/10/2015 22:13:09] /addskill Imortall, level
[02/10/2015 22:13:09] /addskill Imortall, level
[02/10/2015 22:13:09] /addskill Imortall, level
[02/10/2015 22:13:09] /addskill Imortall, level
[02/10/2015 22:13:09] /addskill Imortall, level
[02/10/2015 22:13:09] /addskill Imortall, level
[02/10/2015 22:13:09] /addskill Imortall, level
[02/10/2015 22:13:09] /addskill Imortall, level
[02/10/2015 22:13:09] /addskill Imortall, level
[02/10/2015 22:13:09] /addskill Imortall, level
[02/10/2015 22:13:09] /addskill Imortall, level
[02/10/2015 22:13:09] /addskill Imortall, level
[02/10/2015 22:13:09] /addskill Imortall, level
[02/10/2015 22:13:09] /addskill Imortall, level
[02/10/2015 22:13:09] /addskill Imortall, level
[02/10/2015 22:13:09] /addskill Imortall, level
[02/10/2015 22:13:09] /addskill Imortall, level
[02/10/2015 22:13:09] /addskill Imortall, level
[02/10/2015 22:13:10] /addskill Imortall, level
[02/10/2015 22:13:10] /addskill Imortall, level
[02/10/2015 22:13:10] /addskill Imortall, level
[02/10/2015 22:13:10] /addskill Imortall, level
[02/10/2015 22:13:10] /addskill Imortall, level
[02/10/2015 22:13:10] /addskill Imortall, level
[02/10/2015 22:13:10] /addskill Imortall, level
[02/10/2015 22:13:10] /addskill Imortall, level
[02/10/2015 22:13:10] /addskill Imortall, level
[02/10/2015 22:13:10] /addskill Imortall, level
[02/10/2015 22:13:10] /addskill Imortall, level
[02/10/2015 22:13:10] /addskill Imortall, level
[02/10/2015 22:13:10] /addskill Imortall, level
[02/10/2015 22:13:10] /addskill Imortall, level
[02/10/2015 22:13:10] /addskill Imortall, level
[02/10/2015 22:13:10] /addskill Imortall, level
[02/10/2015 22:13:10] /addskill Imortall, level
[02/10/2015 22:13:10] /addskill Imortall, level
[02/10/2015 22:13:10] /addskill Imortall, level
[02/10/2015 22:13:10] /addskill Imortall, level
[02/10/2015 22:13:10] /addskill Imortall, level
[02/10/2015 22:13:10] /addskill Imortall, level
[02/10/2015 22:13:10] /addskill Imortall, level
[02/10/2015 22:13:10] /addskill Imortall, level
[02/10/2015 22:13:10] /addskill Imortall, level
[02/10/2015 22:13:10] /addskill Imortall, level
[02/10/2015 22:13:10] /addskill Imortall, level
[02/10/2015 22:13:10] /addskill Imortall, level
[02/10/2015 22:13:11] /addskill Imortall, level
[02/10/2015 22:13:11] /addskill Imortall, level
[02/10/2015 22:13:11] /addskill Imortall, level
[02/10/2015 22:13:11] /addskill Imortall, level
[02/10/2015 22:13:11] /addskill Imortall, level
[02/10/2015 22:13:11] /addskill Imortall, level
[02/10/2015 22:13:11] /addskill Imortall, level
[02/10/2015 22:13:11] /addskill Imortall, level
[02/10/2015 22:13:11] /addskill Imortall, level
[02/10/2015 22:13:11] /addskill Imortall, level
[02/10/2015 22:13:11] /addskill Imortall, level
[02/10/2015 22:13:11] /addskill Imortall, level
[02/10/2015 22:13:11] /addskill Imortall, level
[02/10/2015 22:13:11] /addskill Imortall, level
[02/10/2015 22:13:11] /addskill Imortall, level
[02/10/2015 22:13:11] /addskill Imortall, level
[02/10/2015 22:13:11] /addskill Imortall, level
[02/10/2015 22:13:11] /addskill Imortall, level
[02/10/2015 22:13:11] /addskill Imortall, level
[02/10/2015 22:13:11] /addskill Imortall, level
[02/10/2015 22:13:11] /addskill Imortall, level
[02/10/2015 22:13:11] /addskill Imortall, level
[02/10/2015 22:13:11] /addskill Imortall, level
[02/10/2015 22:13:11] /addskill Imortall, level
[02/10/2015 22:13:11] /addskill Imortall, level
[02/10/2015 22:13:11] /addskill Imortall, level
[02/10/2015 22:13:11] /addskill Imortall, level
[02/10/2015 22:13:11] /addskill Imortall, level
[02/10/2015 22:13:11] /addskill Imortall, level
[02/10/2015 22:13:12] /addskill Imortall, level
[02/10/2015 22:13:12] /addskill Imortall, level
[02/10/2015 22:13:12] /addskill Imortall, level
[02/10/2015 22:13:12] /addskill Imortall, level
[02/10/2015 22:13:12] /addskill Imortall, level
[02/10/2015 22:13:12] /addskill Imortall, level
[02/10/2015 22:13:12] /addskill Imortall, level
[02/10/2015 22:13:12] /addskill Imortall, level
[02/10/2015 22:13:12] /addskill Imortall, level
[02/10/2015 22:13:12] /addskill Imortall, level
[02/10/2015 22:13:12] /addskill Imortall, level
[02/10/2015 22:13:12] /addskill Imortall, level
[02/10/2015 22:13:12] /addskill Imortall, level
[02/10/2015 22:13:12] /addskill Imortall, level
[02/10/2015 22:13:12] /addskill Imortall, level
[02/10/2015 22:13:12] /addskill Imortall, level
[02/10/2015 22:13:12] /addskill Imortall, level
[02/10/2015 22:13:12] /addskill Imortall, level
[02/10/2015 22:13:12] /addskill Imortall, level
[02/10/2015 22:13:12] /addskill Imortall, level
[02/10/2015 22:13:12] /addskill Imortall, level
[02/10/2015 22:13:12] /addskill Imortall, level
[02/10/2015 22:13:12] /addskill Imortall, level
[02/10/2015 22:13:12] /addskill Imortall, level
[02/10/2015 22:13:12] /addskill Imortall, level
[02/10/2015 22:13:12] /addskill Imortall, level
[02/10/2015 22:13:12] /addskill Imortall, level
[02/10/2015 22:13:12] /addskill Imortall, level
[02/10/2015 22:13:12] /addskill Imortall, level
[02/10/2015 22:13:13] /addskill Imortall, level
[02/10/2015 22:13:13] /addskill Imortall, level
[02/10/2015 22:13:13] /addskill Imortall, level
[02/10/2015 22:13:13] /addskill Imortall, level
[02/10/2015 22:13:13] /addskill Imortall, level
[02/10/2015 22:13:13] /addskill Imortall, level
[02/10/2015 22:13:13] /addskill Imortall, level
[02/10/2015 22:13:13] /addskill Imortall, level
[02/10/2015 22:13:13] /addskill Imortall, level
[02/10/2015 22:13:13] /addskill Imortall, level
[02/10/2015 22:13:13] /addskill Imortall, level
[02/10/2015 22:13:13] /addskill Imortall, level
[02/10/2015 22:13:13] /addskill Imortall, level
[02/10/2015 22:13:13] /addskill Imortall, level
[02/10/2015 22:13:13] /addskill Imortall, level
[02/10/2015 22:13:13] /addskill Imortall, level
[02/10/2015 22:13:13] /addskill Imortall, level
[02/10/2015 22:13:13] /addskill Imortall, level
[02/10/2015 22:13:14] /addskill Imortall, level
[02/10/2015 22:13:14] /addskill Imortall, level
[02/10/2015 22:13:14] /addskill Imortall, level
[02/10/2015 22:13:14] /addskill Imortall, level
[02/10/2015 22:13:14] /addskill Imortall, level
[02/10/2015 22:13:14] /addskill Imortall, level
[02/10/2015 22:13:14] /addskill Imortall, level
[02/10/2015 22:13:14] /addskill Imortall, level
[02/10/2015 22:13:14] /addskill Imortall, level
[02/10/2015 22:13:14] /addskill Imortall, level
[02/10/2015 22:13:14] /addskill Imortall, level
[02/10/2015 22:13:14] /addskill Imortall, level
[02/10/2015 22:13:14] /addskill Imortall, level
[02/10/2015 22:13:14] /addskill Imortall, level
[02/10/2015 22:13:14] /addskill Imortall, level
[02/10/2015 22:13:14] /addskill Imortall, level
[02/10/2015 22:13:14] /addskill Imortall, level
[02/10/2015 22:13:14] /addskill Imortall, level
[02/10/2015 22:13:14] /addskill Imortall, level
[02/10/2015 22:13:14] /addskill Imortall, level
[02/10/2015 22:13:14] /addskill Imortall, level
[02/10/2015 22:13:14] /addskill Imortall, level
[02/10/2015 22:13:14] /addskill Imortall, level
[02/10/2015 22:13:14] /addskill Imortall, level
[02/10/2015 22:13:14] /addskill Imortall, level
[02/10/2015 22:13:14] /addskill Imortall, level
[02/10/2015 22:13:14] /addskill Imortall, level
[02/10/2015 22:13:14] /addskill Imortall, level
[02/10/2015 22:13:14] /addskill Imortall, level
[02/10/2015 22:13:14] /addskill Imortall, level
[02/10/2015 22:13:14] /addskill Imortall, level
[02/10/2015 22:13:14] /addskill Imortall, level
[02/10/2015 22:13:14] /addskill Imortall, level
[02/10/2015 22:13:14] /addskill Imortall, level
[02/10/2015 22:13:14] /addskill Imortall, level
[02/10/2015 22:13:14] /addskill Imortall, level
[02/10/2015 22:13:14] /addskill Imortall, level
[02/10/2015 22:13:14] /addskill Imortall, level
[02/10/2015 22:13:14] /addskill Imortall, level
[02/10/2015 22:13:14] /addskill Imortall, level
[02/10/2015 22:13:15] /addskill Imortall, level
[02/10/2015 22:13:15] /addskill Imortall, level
[02/10/2015 22:13:15] /addskill Imortall, level
[02/10/2015 22:13:15] /addskill Imortall, level
[02/10/2015 22:13:15] /addskill Imortall, level
[02/10/2015 22:13:15] /addskill Imortall, level
[02/10/2015 22:13:15] /addskill Imortall, level
[02/10/2015 22:13:15] /addskill Imortall, level
[02/10/2015 22:13:15] /addskill Imortall, level
[02/10/2015 22:13:15] /addskill Imortall, level
[02/10/2015 22:13:15] /addskill Imortall, level
[02/10/2015 22:13:15] /addskill Imortall, level
[02/10/2015 22:13:15] /addskill Imortall, level
[02/10/2015 22:13:15] /addskill Imortall, level
[02/10/2015 22:13:15] /addskill Imortall, level
[02/10/2015 22:13:15] /addskill Imortall, level
[02/10/2015 22:13:15] /addskill Imortall, level
[02/10/2015 22:13:15] /addskill Imortall, level
[02/10/2015 22:13:15] /addskill Imortall, level
[02/10/2015 22:13:15] /addskill Imortall, level
[02/10/2015 22:13:15] /addskill Imortall, level
[02/10/2015 22:13:15] /addskill Imortall, level
[02/10/2015 22:13:15] /addskill Imortall, level
[02/10/2015 22:13:15] /addskill Imortall, level
[02/10/2015 22:13:15] /addskill Imortall, level
[02/10/2015 22:13:16] /addskill Imortall, level
[02/10/2015 22:13:16] /addskill Imortall, level
[02/10/2015 22:13:16] /addskill Imortall, level
[02/10/2015 22:13:16] /addskill Imortall, level
[02/10/2015 22:13:16] /addskill Imortall, level
[02/10/2015 22:13:16] /addskill Imortall, level
[02/10/2015 22:13:16] /addskill Imortall, level
[02/10/2015 22:13:16] /addskill Imortall, level
[02/10/2015 22:13:16] /addskill Imortall, level
[02/10/2015 22:13:16] /addskill Imortall, level
[02/10/2015 22:13:16] /addskill Imortall, level
[02/10/2015 22:13:16] /addskill Imortall, level
[02/10/2015 22:13:16] /addskill Imortall, level
[02/10/2015 22:13:16] /addskill Imortall, level
[02/10/2015 22:13:16] /addskill Imortall, level
[02/10/2015 22:13:16] /addskill Imortall, level
[02/10/2015 22:13:16] /addskill Imortall, level
[02/10/2015 22:13:16] /addskill Imortall, level
[02/10/2015 22:13:16] /addskill Imortall, level
[02/10/2015 22:13:16] /addskill Imortall, level
[02/10/2015 22:13:16] /addskill Imortall, level
[02/10/2015 22:13:16] /addskill Imortall, level
[02/10/2015 22:13:16] /addskill Imortall, level
[02/10/2015 22:13:16] /addskill Imortall, level
[02/10/2015 22:13:16] /addskill Imortall, level
[02/10/2015 22:13:16] /addskill Imortall, level
[02/10/2015 22:13:16] /addskill Imortall, level
[02/10/2015 22:13:16] /addskill Imortall, level
[02/10/2015 22:13:16] /addskill Imortall, level
[02/10/2015 22:13:16] /addskill Imortall, level
[02/10/2015 22:13:16] /addskill Imortall, level
[02/10/2015 22:13:17] /addskill Imortall, level
[02/10/2015 22:13:17] /addskill Imortall, level
[02/10/2015 22:13:17] /addskill Imortall, level
[02/10/2015 22:13:17] /addskill Imortall, level
[02/10/2015 22:13:17] /addskill Imortall, level
[02/10/2015 22:13:17] /addskill Imortall, level
[02/10/2015 22:13:17] /addskill Imortall, level
[02/10/2015 22:13:17] /addskill Imortall, level
[02/10/2015 22:13:17] /addskill Imortall, level
[02/10/2015 22:13:17] /addskill Imortall, level
[02/10/2015 22:13:17] /addskill Imortall, level
[02/10/2015 22:13:17] /addskill Imortall, level
[02/10/2015 22:13:17] /addskill Imortall, level
[02/10/2015 22:13:17] /addskill Imortall, level
[02/10/2015 22:13:17] /addskill Imortall, level
[02/10/2015 22:13:17] /addskill Imortall, level
[02/10/2015 22:13:17] /addskill Imortall, level
[02/10/2015 22:13:17] /addskill Imortall, level
[02/10/2015 22:13:17] /addskill Imortall, level
[02/10/2015 22:13:17] /addskill Imortall, level
[02/10/2015 22:13:17] /addskill Imortall, level
[02/10/2015 22:13:17] /addskill Imortall, level
[02/10/2015 22:13:17] /addskill Imortall, level
[02/10/2015 22:13:17] /addskill Imortall, level
[02/10/2015 22:13:17] /addskill Imortall, level
[02/10/2015 22:13:17] /addskill Imortall, level
[02/10/2015 22:13:17] /addskill Imortall, level
[02/10/2015 22:13:17] /addskill Imortall, level
[02/10/2015 22:13:17] /addskill Imortall, level
[02/10/2015 22:13:17] /addskill Imortall, level
[02/10/2015 22:13:18] /addskill Imortall, level
[02/10/2015 22:13:18] /addskill Imortall, level
[02/10/2015 22:13:18] /addskill Imortall, level
[02/10/2015 22:13:18] /addskill Imortall, level
[02/10/2015 22:13:18] /addskill Imortall, level
[02/10/2015 22:13:18] /addskill Imortall, level
[02/10/2015 22:13:18] /addskill Imortall, level
[02/10/2015 22:13:18] /addskill Imortall, level
[02/10/2015 22:13:18] /addskill Imortall, level
[02/10/2015 22:13:18] /addskill Imortall, level
[02/10/2015 22:13:18] /addskill Imortall, level
[02/10/2015 22:13:18] /addskill Imortall, level
[02/10/2015 22:13:18] /addskill Imortall, level
[02/10/2015 22:13:18] /addskill Imortall, level
[02/10/2015 22:13:18] /addskill Imortall, level
[02/10/2015 22:13:18] /addskill Imortall, level
[02/10/2015 22:13:18] /addskill Imortall, level
[02/10/2015 22:13:18] /addskill Imortall, level
[02/10/2015 22:13:18] /addskill Imortall, level
[02/10/2015 22:13:18] /addskill Imortall, level
[02/10/2015 22:13:18] /addskill Imortall, level
[02/10/2015 22:13:18] /addskill Imortall, level
[02/10/2015 22:13:18] /addskill Imortall, level
[02/10/2015 22:13:18] /addskill Imortall, level
[02/10/2015 22:13:18] /addskill Imortall, level
[02/10/2015 22:13:18] /addskill Imortall, level
[02/10/2015 22:13:18] /addskill Imortall, level
[02/10/2015 22:13:19] /addskill Imortall, level
[02/10/2015 22:13:19] /addskill Imortall, level
[02/10/2015 22:13:19] /addskill Imortall, level
[02/10/2015 22:13:19] /addskill Imortall, level
[02/10/2015 22:13:19] /addskill Imortall, level
[02/10/2015 22:13:19] /addskill Imortall, level
[02/10/2015 22:13:19] /addskill Imortall, level
[02/10/2015 22:13:19] /addskill Imortall, level
[02/10/2015 22:13:19] /addskill Imortall, level
[02/10/2015 22:13:19] /addskill Imortall, level
[02/10/2015 22:13:19] /addskill Imortall, level
[02/10/2015 22:13:19] /addskill Imortall, level
[02/10/2015 22:13:19] /addskill Imortall, level
[02/10/2015 22:13:19] /addskill Imortall, level
[02/10/2015 22:13:19] /addskill Imortall, level
[02/10/2015 22:13:19] /addskill Imortall, level
[02/10/2015 22:13:19] /addskill Imortall, level
[02/10/2015 22:13:19] /addskill Imortall, level
[02/10/2015 22:13:19] /addskill Imortall, level
[02/10/2015 22:13:19] /addskill Imortall, level
[02/10/2015 22:13:19] /addskill Imortall, level
[02/10/2015 22:13:19] /addskill Imortall, level
[02/10/2015 22:13:19] /addskill Imortall, level
[02/10/2015 22:13:19] /addskill Imortall, level
[02/10/2015 22:13:19] /addskill Imortall, level
[02/10/2015 22:13:19] /addskill Imortall, level
[02/10/2015 22:13:19] /addskill Imortall, level
[02/10/2015 22:13:19] /addskill Imortall, level
[02/10/2015 22:13:19] /addskill Imortall, level
[02/10/2015 22:13:19] /addskill Imortall, level
[02/10/2015 22:13:20] /addskill Imortall, level
[02/10/2015 22:13:20] /addskill Imortall, level
[02/10/2015 22:13:20] /addskill Imortall, level
[02/10/2015 22:13:20] /addskill Imortall, level
[02/10/2015 22:13:20] /addskill Imortall, level
[02/10/2015 22:13:20] /addskill Imortall, level
[02/10/2015 22:13:20] /addskill Imortall, level
[02/10/2015 22:13:20] /addskill Imortall, level
[02/10/2015 22:13:20] /addskill Imortall, level
[02/10/2015 22:13:20] /addskill Imortall, level
[02/10/2015 22:13:20] /addskill Imortall, level
[02/10/2015 22:13:20] /addskill Imortall, level
[02/10/2015 22:13:20] /addskill Imortall, level
[02/10/2015 22:13:20] /addskill Imortall, level
[02/10/2015 22:13:20] /addskill Imortall, level
[02/10/2015 22:13:20] /addskill Imortall, level
[02/10/2015 22:13:20] /addskill Imortall, level
[02/10/2015 22:13:20] /addskill Imortall, level
[02/10/2015 22:13:20] /addskill Imortall, level
[02/10/2015 22:13:20] /addskill Imortall, level
[02/10/2015 22:13:20] /addskill Imortall, level
[02/10/2015 22:13:20] /addskill Imortall, level
[02/10/2015 22:13:20] /addskill Imortall, level
[02/10/2015 22:13:20] /addskill Imortall, level
[02/10/2015 22:13:20] /addskill Imortall, level
[02/10/2015 22:13:20] /addskill Imortall, level
[02/10/2015 22:13:20] /addskill Imortall, level
[02/10/2015 22:13:20] /addskill Imortall, level
[02/10/2015 22:13:21] /addskill Imortall, level
[02/10/2015 22:13:21] /addskill Imortall, level
[02/10/2015 22:13:21] /addskill Imortall, level
[02/10/2015 22:13:21] /addskill Imortall, level
[02/10/2015 22:13:21] /addskill Imortall, level
[02/10/2015 22:13:21] /addskill Imortall, level
[02/10/2015 22:13:21] /addskill Imortall, level
[02/10/2015 22:13:21] /addskill Imortall, level
[02/10/2015 22:13:21] /addskill Imortall, level
[02/10/2015 22:13:21] /addskill Imortall, level
[02/10/2015 22:13:21] /addskill Imortall, level
[02/10/2015 22:13:21] /addskill Imortall, level
[02/10/2015 22:13:21] /addskill Imortall, level
[02/10/2015 22:13:21] /addskill Imortall, level
[02/10/2015 22:13:21] /addskill Imortall, level
[02/10/2015 22:13:21] /addskill Imortall, level
[02/10/2015 22:13:21] /addskill Imortall, level
[02/10/2015 22:13:21] /addskill Imortall, level
[02/10/2015 22:13:21] /addskill Imortall, level
[02/10/2015 22:13:21] /addskill Imortall, level
[02/10/2015 22:13:21] /addskill Imortall, level
[02/10/2015 22:13:21] /addskill Imortall, level
[02/10/2015 22:13:21] /addskill Imortall, level
[02/10/2015 22:13:21] /addskill Imortall, level
[02/10/2015 22:13:21] /addskill Imortall, level
[02/10/2015 22:13:22] /addskill Imortall, level
[02/10/2015 22:13:22] /addskill Imortall, level
[02/10/2015 22:13:22] /addskill Imortall, level
[02/10/2015 22:13:22] /addskill Imortall, level
[02/10/2015 22:13:22] /addskill Imortall, level
[02/10/2015 22:13:22] /addskill Imortall, level
[02/10/2015 22:13:22] /addskill Imortall, level
[02/10/2015 22:13:22] /addskill Imortall, level
[02/10/2015 22:13:22] /addskill Imortall, level
[02/10/2015 22:13:22] /addskill Imortall, level
[02/10/2015 22:13:22] /addskill Imortall, level
[02/10/2015 22:13:22] /addskill Imortall, level
[02/10/2015 22:13:22] /addskill Imortall, level
[02/10/2015 22:13:22] /addskill Imortall, level
[02/10/2015 22:13:22] /addskill Imortall, level
[02/10/2015 22:13:22] /addskill Imortall, level
[02/10/2015 22:13:22] /addskill Imortall, level
[02/10/2015 22:13:22] /addskill Imortall, level
[02/10/2015 22:13:22] /addskill Imortall, level
[02/10/2015 22:13:22] /addskill Imortall, level
[02/10/2015 22:13:22] /addskill Imortall, level
[02/10/2015 22:13:22] /addskill Imortall, level
[02/10/2015 22:13:22] /addskill Imortall, level
[02/10/2015 22:13:22] /addskill Imortall, level
[02/10/2015 22:13:22] /addskill Imortall, level
[02/10/2015 22:13:22] /addskill Imortall, level
[02/10/2015 22:13:22] /addskill Imortall, level
[02/10/2015 22:13:22] /addskill Imortall, level
[02/10/2015 22:13:22] /addskill Imortall, level
[02/10/2015 22:13:22] /addskill Imortall, level
[02/10/2015 22:13:22] /addskill Imortall, level
[02/10/2015 22:13:22] /addskill Imortall, level
[02/10/2015 22:13:23] /addskill Imortall, level
[02/10/2015 22:13:23] /addskill Imortall, level
[02/10/2015 22:13:23] /addskill Imortall, level
[02/10/2015 22:13:23] /addskill Imortall, level
[02/10/2015 22:13:23] /addskill Imortall, level
[02/10/2015 22:13:23] /addskill Imortall, level
[02/10/2015 22:13:23] /addskill Imortall, level
[02/10/2015 22:13:23] /addskill Imortall, level
[02/10/2015 22:13:23] /addskill Imortall, level
[02/10/2015 22:13:23] /addskill Imortall, level
[02/10/2015 22:13:23] /addskill Imortall, level
[02/10/2015 22:13:23] /addskill Imortall, level
[02/10/2015 22:13:23] /addskill Imortall, level
[02/10/2015 22:13:23] /addskill Imortall, level
[02/10/2015 22:13:23] /addskill Imortall, level
[02/10/2015 22:13:23] /addskill Imortall, level
[02/10/2015 22:13:23] /addskill Imortall, level
[02/10/2015 22:13:23] /addskill Imortall, level
[02/10/2015 22:13:23] /addskill Imortall, level
[02/10/2015 22:13:23] /addskill Imortall, level
[02/10/2015 22:13:23] /addskill Imortall, level
[02/10/2015 22:13:23] /addskill Imortall, level
[02/10/2015 22:13:23] /addskill Imortall, level
[02/10/2015 22:13:23] /addskill Imortall, level
[02/10/2015 22:13:23] /addskill Imortall, level
[02/10/2015 22:13:23] /addskill Imortall, level
[02/10/2015 22:13:23] /addskill Imortall, level
[02/10/2015 22:13:23] /addskill Imortall, level
[02/10/2015 22:13:23] /addskill Imortall, level
[02/10/2015 22:13:24] /addskill Imortall, level
[02/10/2015 22:13:24] /addskill Imortall, level
[02/10/2015 22:13:24] /addskill Imortall, level
[02/10/2015 22:13:24] /addskill Imortall, level
[02/10/2015 22:13:24] /addskill Imortall, level
[02/10/2015 22:13:24] /addskill Imortall, level
[02/10/2015 22:13:24] /addskill Imortall, level
[02/10/2015 22:13:24] /addskill Imortall, level
[02/10/2015 22:13:24] /addskill Imortall, level
[02/10/2015 22:13:24] /addskill Imortall, level
[02/10/2015 22:13:24] /addskill Imortall, level
[02/10/2015 22:13:24] /addskill Imortall, level
[02/10/2015 22:13:24] /addskill Imortall, level
[02/10/2015 22:13:24] /addskill Imortall, level
[02/10/2015 22:13:24] /addskill Imortall, level
[02/10/2015 22:13:24] /addskill Imortall, level
[02/10/2015 22:13:24] /addskill Imortall, level
[02/10/2015 22:13:24] /addskill Imortall, level
[02/10/2015 22:13:24] /addskill Imortall, level
[02/10/2015 22:13:24] /addskill Imortall, level
[02/10/2015 22:13:24] /addskill Imortall, level
[02/10/2015 22:13:24] /addskill Imortall, level
[02/10/2015 22:13:24] /addskill Imortall, level
[02/10/2015 22:13:24] /addskill Imortall, level
[02/10/2015 22:13:24] /addskill Imortall, level
[02/10/2015 22:13:24] /addskill Imortall, level
[02/10/2015 22:13:24] /addskill Imortall, level
[02/10/2015 22:13:24] /addskill Imortall, level
[02/10/2015 22:13:24] /addskill Imortall, level
[02/10/2015 22:13:24] /addskill Imortall, level
[02/10/2015 22:13:25] /addskill Imortall, level
[02/10/2015 22:13:25] /addskill Imortall, level
[02/10/2015 22:13:25] /addskill Imortall, level
[02/10/2015 22:13:25] /addskill Imortall, level
[02/10/2015 22:13:25] /addskill Imortall, level
[02/10/2015 22:13:25] /addskill Imortall, level
[02/10/2015 22:13:25] /addskill Imortall, level
[02/10/2015 22:13:25] /addskill Imortall, level
[02/10/2015 22:13:25] /addskill Imortall, level
[02/10/2015 22:13:25] /addskill Imortall, level
[02/10/2015 22:13:25] /addskill Imortall, level
[02/10/2015 22:13:25] /addskill Imortall, level
[02/10/2015 22:13:25] /addskill Imortall, level
[02/10/2015 22:13:25] /addskill Imortall, level
[02/10/2015 22:13:25] /addskill Imortall, level
[02/10/2015 22:13:25] /addskill Imortall, level
[02/10/2015 22:13:25] /addskill Imortall, level
[02/10/2015 22:13:25] /addskill Imortall, level
[02/10/2015 22:13:25] /addskill Imortall, level
[02/10/2015 22:13:25] /addskill Imortall, level
[02/10/2015 22:13:25] /addskill Imortall, level
[02/10/2015 22:13:25] /addskill Imortall, level
[02/10/2015 22:13:25] /addskill Imortall, level
[02/10/2015 22:13:25] /addskill Imortall, level
[02/10/2015 22:13:25] /addskill Imortall, level
[02/10/2015 22:13:25] /addskill Imortall, level
[02/10/2015 22:13:25] /addskill Imortall, level
[02/10/2015 22:13:26] /addskill Imortall, level
[02/10/2015 22:13:26] /addskill Imortall, level
[02/10/2015 22:13:26] /addskill Imortall, level
[02/10/2015 22:13:26] /addskill Imortall, level
[02/10/2015 22:13:26] /addskill Imortall, level
[02/10/2015 22:13:26] /addskill Imortall, level
[02/10/2015 22:13:26] /addskill Imortall, level
[02/10/2015 22:13:26] /addskill Imortall, level
[02/10/2015 22:13:26] /addskill Imortall, level
[02/10/2015 22:13:26] /addskill Imortall, level
[02/10/2015 22:13:26] /addskill Imortall, level
[02/10/2015 22:15:38] /a
[02/10/2015 22:15:38] /a
[02/10/2015 22:15:43] /c imortall
[02/10/2015 22:15:44] /a
[02/10/2015 22:15:45] /a
[02/10/2015 22:19:19] /goto imortall
[02/10/2015 22:19:21] /goto imortall
[02/10/2015 22:19:22] /goto imortall
[02/10/2015 22:19:23] /goto imortall
[02/10/2015 22:19:24] /goto imortall
[02/10/2015 22:19:32] /goto imortall
[02/10/2015 22:19:32] /goto imortall
[02/10/2015 22:19:32] /goto imortall
[02/10/2015 22:19:32] /goto imortall
[02/10/2015 22:19:32] /goto imortall
[02/10/2015 22:19:32] /goto imortall
[02/10/2015 22:19:32] /goto imortall
[02/10/2015 22:19:32] /goto imortall
[02/10/2015 22:19:32] /goto imortall
[02/10/2015 22:19:32] /goto imortall
[02/10/2015 22:19:32] /goto imortall
[02/10/2015 22:19:32] /goto imortall
[02/10/2015 22:19:33] /goto imortall
[02/10/2015 22:19:33] /goto imortall
[02/10/2015 22:19:33] /goto imortall
[02/10/2015 22:19:33] /goto imortall
[02/10/2015 22:19:33] /goto imortall
[02/10/2015 22:19:33] /goto imortall
[02/10/2015 22:19:33] /goto imortall
[02/10/2015 22:19:33] /goto imortall
[02/10/2015 22:19:33] /goto imortall
[02/10/2015 22:19:33] /goto imortall
[02/10/2015 22:19:33] /goto imortall
[02/10/2015 22:19:33] /goto imortall
[02/10/2015 22:19:33] /goto imortall
[02/10/2015 22:19:33] /goto imortall
[02/10/2015 22:19:33] /goto imortall
[02/10/2015 22:19:33] /goto imortall
[02/10/2015 22:19:33] /goto imortall
[02/10/2015 22:19:33] /goto imortall
[02/10/2015 22:19:33] /goto imortall
[02/10/2015 22:19:33] /goto imortall
[02/10/2015 22:19:33] /goto imortall
[02/10/2015 22:19:33] /goto imortall
[02/10/2015 22:19:33] /goto imortall
[02/10/2015 22:19:33] /goto imortall
[02/10/2015 22:19:33] /goto imortall
[02/10/2015 22:19:33] /goto imortall
[02/10/2015 22:19:33] /goto imortall
[02/10/2015 22:19:33] /goto imortall
[02/10/2015 22:19:37] /ghost
[02/10/2015 22:19:39] /goto imortall
[02/10/2015 22:19:40] /goto imortall
[02/10/2015 22:19:40] /goto imortall
[02/10/2015 22:19:40] /goto imortall
[02/10/2015 22:19:40] /goto imortall
[02/10/2015 22:19:40] /goto imortall
[02/10/2015 22:19:40] /goto imortall
[02/10/2015 22:19:40] /goto imortall
[02/10/2015 22:19:40] /goto imortall
[02/10/2015 22:19:40] /goto imortall
[02/10/2015 22:19:40] /goto imortall
[02/10/2015 22:19:40] /goto imortall
[02/10/2015 22:19:40] /goto imortall
[02/10/2015 22:19:40] /goto imortall
[02/10/2015 22:19:40] /goto imortall
[02/10/2015 22:19:40] /goto imortall
[02/10/2015 22:19:40] /goto imortall
[02/10/2015 22:19:40] /goto imortall
[02/10/2015 22:19:40] /goto imortall
[02/10/2015 22:19:40] /goto imortall
[02/10/2015 22:19:40] /goto imortall
[02/10/2015 22:19:40] /goto imortall
[02/10/2015 22:19:40] /goto imortall
[02/10/2015 22:19:40] /goto imortall
[02/10/2015 22:19:41] /goto imortall
[02/10/2015 22:19:41] /goto imortall
[02/10/2015 22:19:41] /goto imortall
[02/10/2015 22:19:41] /goto imortall
[02/10/2015 22:19:41] /goto imortall
[02/10/2015 22:19:41] /goto imortall
[02/10/2015 22:19:41] /goto imortall
[02/10/2015 22:19:41] /goto imortall
[02/10/2015 22:19:41] /goto imortall
[02/10/2015 22:19:41] /goto imortall
[02/10/2015 22:19:41] /goto imortall
[02/10/2015 22:19:41] /goto imortall
[02/10/2015 22:19:41] /goto imortall
[02/10/2015 22:19:41] /goto imortall
[02/10/2015 22:19:41] /goto imortall
[02/10/2015 22:19:41] /goto imortall
[02/10/2015 22:19:41] /goto imortall
[02/10/2015 22:19:41] /goto imortall
[02/10/2015 22:19:41] /goto imortall
[02/10/2015 22:19:41] /goto imortall
[02/10/2015 22:19:41] /goto imortall
[02/10/2015 22:19:41] /goto imortall
[02/10/2015 22:19:41] /goto imortall
[02/10/2015 22:19:41] /goto imortall
[02/10/2015 22:19:41] /goto imortall
[02/10/2015 22:19:41] /goto imortall
[02/10/2015 22:19:41] /goto imortall
[02/10/2015 22:19:42] /goto imortall
[02/10/2015 22:19:42] /goto imortall
[02/10/2015 22:19:42] /goto imortall
[02/10/2015 22:19:42] /goto imortall
[02/10/2015 22:19:42] /goto imortall
[02/10/2015 22:19:42] /goto imortall
[02/10/2015 22:19:42] /goto imortall
[02/10/2015 22:19:42] /goto imortall
[02/10/2015 22:19:42] /goto imortall
[02/10/2015 22:19:42] /goto imortall
[02/10/2015 22:19:42] /goto imortall
[02/10/2015 22:19:42] /goto imortall
[02/10/2015 22:19:42] /goto imortall
[02/10/2015 22:19:42] /goto imortall
[02/10/2015 22:19:42] /goto imortall
[02/10/2015 22:19:42] /goto imortall
[02/10/2015 22:19:42] /goto imortall
[02/10/2015 22:19:42] /goto imortall
[02/10/2015 22:19:42] /goto imortall
[02/10/2015 22:19:42] /goto imortall
[02/10/2015 22:19:42] /goto imortall
[02/10/2015 22:19:42] /goto imortall
[02/10/2015 22:19:42] /goto imortall
[02/10/2015 22:19:42] /goto imortall
[02/10/2015 22:19:42] /goto imortall
[02/10/2015 22:19:42] /goto imortall
[02/10/2015 22:19:42] /goto imortall
[02/10/2015 22:19:42] /goto imortall
[02/10/2015 22:19:42] /goto imortall
[02/10/2015 22:19:42] /goto imortall
[02/10/2015 22:19:42] /goto imortall
[02/10/2015 22:19:42] /goto imortall
[02/10/2015 22:19:42] /goto imortall
[02/10/2015 22:19:42] /goto imortall
[02/10/2015 22:19:43] /goto imortall
[02/10/2015 22:19:43] /goto imortall
[02/10/2015 22:19:43] /goto imortall
[02/10/2015 22:19:43] /goto imortall
[02/10/2015 22:19:43] /goto imortall
[02/10/2015 22:19:43] /goto imortall
[02/10/2015 22:19:43] /goto imortall
[02/10/2015 22:19:43] /goto imortall
[02/10/2015 22:19:43] /goto imortall
[02/10/2015 22:19:43] /goto imortall
[02/10/2015 22:19:43] /goto imortall
[02/10/2015 22:19:43] /goto imortall
[02/10/2015 22:19:43] /goto imortall
[02/10/2015 22:19:43] /goto imortall
[02/10/2015 22:19:43] /goto imortall
[02/10/2015 22:19:43] /goto imortall
[02/10/2015 22:19:43] /goto imortall
[02/10/2015 22:19:43] /goto imortall
[02/10/2015 22:19:43] /goto imortall
[02/10/2015 22:19:43] /goto imortall
[02/10/2015 22:19:43] /goto imortall
[02/10/2015 22:19:43] /goto imortall
[02/10/2015 22:19:43] /goto imortall
[02/10/2015 22:19:43] /goto imortall
[02/10/2015 22:19:43] /goto imortall
[02/10/2015 22:19:43] /goto imortall
[02/10/2015 22:19:44] /goto imortall
[02/10/2015 22:19:44] /goto imortall
[02/10/2015 22:19:44] /goto imortall
[02/10/2015 22:19:44] /goto imortall
[02/10/2015 22:19:44] /goto imortall
[02/10/2015 22:19:44] /goto imortall
[02/10/2015 22:19:44] /goto imortall
[02/10/2015 22:19:44] /goto imortall
[02/10/2015 22:19:44] /goto imortall
[02/10/2015 22:19:44] /goto imortall
[02/10/2015 22:19:44] /goto imortall
[02/10/2015 22:19:44] /goto imortall
[02/10/2015 22:19:44] /goto imortall
[02/10/2015 22:19:44] /goto imortall
[02/10/2015 22:19:44] /goto imortall
[02/10/2015 22:19:44] /goto imortall
[02/10/2015 22:19:44] /goto imortall
[02/10/2015 22:19:44] /goto imortall
[02/10/2015 22:19:44] /goto imortall
[02/10/2015 22:19:44] /goto imortall
[02/10/2015 22:19:44] /goto imortall
[02/10/2015 22:19:44] /goto imortall
[02/10/2015 22:19:44] /goto imortall
[02/10/2015 22:19:44] /goto imortall
[02/10/2015 22:19:44] /goto imortall
[02/10/2015 22:19:44] /goto imortall
[02/10/2015 22:19:44] /goto imortall
[02/10/2015 22:19:44] /goto imortall
[02/10/2015 22:19:44] /goto imortall
[02/10/2015 22:19:45] /goto imortall
[02/10/2015 22:19:45] /goto imortall
[02/10/2015 22:19:45] /goto imortall
[02/10/2015 22:19:45] /goto imortall
[02/10/2015 22:19:45] /goto imortall
[02/10/2015 22:19:45] /goto imortall
[02/10/2015 22:19:45] /goto imortall
[02/10/2015 22:19:45] /goto imortall
[02/10/2015 22:19:45] /goto imortall
[02/10/2015 22:19:45] /goto imortall
[02/10/2015 22:19:45] /goto imortall
[02/10/2015 22:19:45] /goto imortall
[02/10/2015 22:19:45] /goto imortall
[02/10/2015 22:19:45] /goto imortall
[02/10/2015 22:19:45] /goto imortall
[02/10/2015 22:19:45] /goto imortall
[02/10/2015 22:19:45] /goto imortall
[02/10/2015 22:19:45] /goto imortall
[02/10/2015 22:19:45] /goto imortall
[02/10/2015 22:19:45] /goto imortall
[02/10/2015 22:19:45] /goto imortall
[02/10/2015 22:19:45] /goto imortall
[02/10/2015 22:19:45] /goto imortall
[02/10/2015 22:19:45] /goto imortall
[02/10/2015 22:19:45] /goto imortall
[02/10/2015 22:19:45] /goto imortall
[02/10/2015 22:19:45] /goto imortall
[02/10/2015 22:19:45] /goto imortall
[02/10/2015 22:19:45] /goto imortall
[02/10/2015 22:19:45] /goto imortall
[02/10/2015 22:19:46] /goto imortall
[02/10/2015 22:19:46] /goto imortall
[02/10/2015 22:19:46] /goto imortall
[02/10/2015 22:19:46] /goto imortall
[02/10/2015 22:19:46] /goto imortall
[02/10/2015 22:19:46] /goto imortall
[02/10/2015 22:19:46] /goto imortall
[02/10/2015 22:19:46] /goto imortall
[02/10/2015 22:19:46] /goto imortall
[02/10/2015 22:19:46] /goto imortall
[02/10/2015 22:19:46] /goto imortall
[02/10/2015 22:19:46] /goto imortall
[02/10/2015 22:19:46] /goto imortall
[02/10/2015 22:19:46] /goto imortall
[02/10/2015 22:19:46] /goto imortall
[02/10/2015 22:19:46] /goto imortall
[02/10/2015 22:19:46] /goto imortall
[02/10/2015 22:19:46] /goto imortall
[02/10/2015 22:19:46] /goto imortall
[02/10/2015 22:19:46] /goto imortall
[02/10/2015 22:19:46] /goto imortall
[02/10/2015 22:19:46] /goto imortall
[02/10/2015 22:19:46] /goto imortall
[02/10/2015 22:19:46] /goto imortall
[02/10/2015 22:19:46] /goto imortall
[02/10/2015 22:19:46] /goto imortall
[02/10/2015 22:19:46] /goto imortall
[02/10/2015 22:19:46] /goto imortall
[02/10/2015 22:19:46] /goto imortall
[02/10/2015 22:19:47] /goto imortall
[02/10/2015 22:19:47] /goto imortall
[02/10/2015 22:19:47] /goto imortall
[02/10/2015 22:19:47] /goto imortall
[02/10/2015 22:19:47] /goto imortall
[02/10/2015 22:19:47] /goto imortall
[02/10/2015 22:19:47] /goto imortall
[02/10/2015 22:19:47] /goto imortall
[02/10/2015 22:19:47] /goto imortall
[02/10/2015 22:19:47] /goto imortall
[02/10/2015 22:19:47] /goto imortall
[02/10/2015 22:19:47] /goto imortall
[02/10/2015 22:19:47] /goto imortall
[02/10/2015 22:19:47] /goto imortall
[02/10/2015 22:19:47] /goto imortall
[02/10/2015 22:19:47] /goto imortall
[02/10/2015 22:19:47] /goto imortall
[02/10/2015 22:19:47] /goto imortall
[02/10/2015 22:19:47] /goto imortall
[02/10/2015 22:19:47] /goto imortall
[02/10/2015 22:19:47] /goto imortall
[02/10/2015 22:19:47] /goto imortall
[02/10/2015 22:19:47] /goto imortall
[02/10/2015 22:19:47] /goto imortall
[02/10/2015 22:19:47] /goto imortall
[02/10/2015 22:19:47] /goto imortall
[02/10/2015 22:19:47] /goto imortall
[02/10/2015 22:19:47] /goto imortall
[02/10/2015 22:19:47] /goto imortall
[02/10/2015 22:19:48] /goto imortall
[02/10/2015 22:19:48] /goto imortall
[02/10/2015 22:19:48] /goto imortall
[02/10/2015 22:19:48] /goto imortall
[02/10/2015 22:19:48] /goto imortall
[02/10/2015 22:19:48] /goto imortall
[02/10/2015 22:19:48] /goto imortall
[02/10/2015 22:19:48] /goto imortall
[02/10/2015 22:19:48] /goto imortall
[02/10/2015 22:19:48] /goto imortall
[02/10/2015 22:19:48] /goto imortall
[02/10/2015 22:19:48] /goto imortall
[02/10/2015 22:19:48] /goto imortall
[02/10/2015 22:19:48] /goto imortall
[02/10/2015 22:19:48] /goto imortall
[02/10/2015 22:19:48] /goto imortall
[02/10/2015 22:19:48] /goto imortall
[02/10/2015 22:19:48] /goto imortall
[02/10/2015 22:19:48] /goto imortall
[02/10/2015 22:19:48] /goto imortall
[02/10/2015 22:19:48] /goto imortall
[02/10/2015 22:19:48] /goto imortall
[02/10/2015 22:19:48] /goto imortall
[02/10/2015 22:19:48] /goto imortall
[02/10/2015 22:19:48] /goto imortall
[02/10/2015 22:19:48] /goto imortall
[02/10/2015 22:19:48] /goto imortall
[02/10/2015 22:19:49] /goto imortall
[02/10/2015 22:19:49] /goto imortall
[02/10/2015 22:19:49] /goto imortall
[02/10/2015 22:19:49] /goto imortall
[02/10/2015 22:19:49] /goto imortall
[02/10/2015 22:19:49] /goto imortall
[02/10/2015 22:19:49] /goto imortall
[02/10/2015 22:19:49] /goto imortall
[02/10/2015 22:19:49] /goto imortall
[02/10/2015 22:19:49] /goto imortall
[02/10/2015 22:19:49] /goto imortall
[02/10/2015 22:19:49] /goto imortall
[02/10/2015 22:19:49] /goto imortall
[02/10/2015 22:19:49] /goto imortall
[02/10/2015 22:19:49] /goto imortall
[02/10/2015 22:19:49] /goto imortall
[02/10/2015 22:19:49] /goto imortall
[02/10/2015 22:19:49] /goto imortall
[02/10/2015 22:19:49] /goto imortall
[02/10/2015 22:19:49] /goto imortall
[02/10/2015 22:19:49] /goto imortall
[02/10/2015 22:19:49] /goto imortall
[02/10/2015 22:19:49] /goto imortall
[02/10/2015 22:19:49] /goto imortall
[02/10/2015 22:19:49] /goto imortall
[02/10/2015 22:19:49] /goto imortall
[02/10/2015 22:19:49] /goto imortall
[02/10/2015 22:19:49] /goto imortall
[02/10/2015 22:19:50] /goto imortall
[02/10/2015 22:19:50] /goto imortall
[02/10/2015 22:19:50] /goto imortall
[02/10/2015 22:19:50] /goto imortall
[02/10/2015 22:19:50] /goto imortall
[02/10/2015 22:19:50] /goto imortall
[02/10/2015 22:19:50] /goto imortall
[02/10/2015 22:19:50] /goto imortall
[02/10/2015 22:19:50] /goto imortall
[02/10/2015 22:19:50] /goto imortall
[02/10/2015 22:19:50] /goto imortall
[02/10/2015 22:19:50] /goto imortall
[02/10/2015 22:19:50] /goto imortall
[02/10/2015 22:19:50] /goto imortall
[02/10/2015 22:19:50] /goto imortall
[02/10/2015 22:19:50] /goto imortall
[02/10/2015 22:19:50] /goto imortall
[02/10/2015 22:19:50] /goto imortall
[02/10/2015 22:19:50] /goto imortall
[02/10/2015 22:19:50] /goto imortall
[02/10/2015 22:19:50] /goto imortall
[02/10/2015 22:19:50] /goto imortall
[02/10/2015 22:19:50] /goto imortall
[02/10/2015 22:19:50] /goto imortall
[02/10/2015 22:19:50] /goto imortall
[02/10/2015 22:19:50] /goto imortall
[02/10/2015 22:19:50] /goto imortall
[02/10/2015 22:19:50] /goto imortall
[02/10/2015 22:19:50] /goto imortall
[02/10/2015 22:19:50] /goto imortall
[02/10/2015 22:19:51] /goto imortall
[02/10/2015 22:19:51] /goto imortall
[02/10/2015 22:19:51] /goto imortall
[02/10/2015 22:19:51] /goto imortall
[02/10/2015 22:19:51] /goto imortall
[02/10/2015 22:19:51] /goto imortall
[02/10/2015 22:19:51] /goto imortall
[02/10/2015 22:19:51] /goto imortall
[02/10/2015 22:19:51] /goto imortall
[02/10/2015 22:19:51] /goto imortall
[02/10/2015 22:19:51] /goto imortall
[02/10/2015 22:19:51] /goto imortall
[02/10/2015 22:19:51] /goto imortall
[02/10/2015 22:19:51] /goto imortall
[02/10/2015 22:19:51] /goto imortall
[02/10/2015 22:19:51] /goto imortall
[02/10/2015 22:19:51] /goto imortall
[02/10/2015 22:19:51] /goto imortall
[02/10/2015 22:19:51] /goto imortall
[02/10/2015 22:19:51] /goto imortall
[02/10/2015 22:19:51] /goto imortall
[02/10/2015 22:19:51] /goto imortall
[02/10/2015 22:19:51] /goto imortall
[02/10/2015 22:19:51] /goto imortall
[02/10/2015 22:19:51] /goto imortall
[02/10/2015 22:19:51] /goto imortall
[02/10/2015 22:19:51] /goto imortall
[02/10/2015 22:19:51] /goto imortall
[02/10/2015 22:19:52] /goto imortall
[02/10/2015 22:19:52] /goto imortall
[02/10/2015 22:19:52] /goto imortall
[02/10/2015 22:19:52] /goto imortall
[02/10/2015 22:19:52] /goto imortall
[02/10/2015 22:19:52] /goto imortall
[02/10/2015 22:19:52] /goto imortall
[02/10/2015 22:19:52] /goto imortall
[02/10/2015 22:19:52] /goto imortall
[02/10/2015 22:19:52] /goto imortall
[02/10/2015 22:19:52] /goto imortall
[02/10/2015 22:19:52] /goto imortall
[02/10/2015 22:19:52] /goto imortall
[02/10/2015 22:19:52] /goto imortall
[02/10/2015 22:19:52] /goto imortall
[02/10/2015 22:19:52] /goto imortall
[02/10/2015 22:19:52] /goto imortall
[02/10/2015 22:19:52] /goto imortall
[02/10/2015 22:19:52] /goto imortall
[02/10/2015 22:19:52] /goto imortall
[02/10/2015 22:19:52] /goto imortall
[02/10/2015 22:19:52] /goto imortall
[02/10/2015 22:19:52] /goto imortall
[02/10/2015 22:19:53] /goto imortall
[02/10/2015 22:19:53] /goto imortall
[02/10/2015 22:19:53] /goto imortall
[02/10/2015 22:19:53] /goto imortall
[02/10/2015 22:19:53] /goto imortall
[02/10/2015 22:19:53] /goto imortall
[02/10/2015 22:19:53] /goto imortall
[02/10/2015 22:19:53] /goto imortall
[02/10/2015 22:19:53] /goto imortall
[02/10/2015 22:19:53] /goto imortall
[02/10/2015 22:19:53] /goto imortall
[02/10/2015 22:19:53] /goto imortall
[02/10/2015 22:19:53] /goto imortall
[02/10/2015 22:19:53] /goto imortall
[02/10/2015 22:19:53] /goto imortall
[02/10/2015 22:19:53] /goto imortall
[02/10/2015 22:19:53] /goto imortall
[02/10/2015 22:19:53] /goto imortall
[02/10/2015 22:19:53] /goto imortall
[02/10/2015 22:19:53] /goto imortall
[02/10/2015 22:19:53] /goto imortall
[02/10/2015 22:19:53] /goto imortall
[02/10/2015 22:19:53] /goto imortall
[02/10/2015 22:19:53] /goto imortall
[02/10/2015 22:19:53] /goto imortall
[02/10/2015 22:19:53] /goto imortall
[02/10/2015 22:19:53] /goto imortall
[02/10/2015 22:19:53] /goto imortall
[02/10/2015 22:19:53] /goto imortall
[02/10/2015 22:19:53] /goto imortall
[02/10/2015 22:19:53] /goto imortall
[02/10/2015 22:19:53] /goto imortall
[02/10/2015 22:19:53] /goto imortall
[02/10/2015 22:19:53] /goto imortall
[02/10/2015 22:19:53] /goto imortall
[02/10/2015 22:19:54] /goto imortall
[02/10/2015 22:19:54] /goto imortall
[02/10/2015 22:19:54] /goto imortall
[02/10/2015 22:19:54] /goto imortall
[02/10/2015 22:19:54] /goto imortall
[02/10/2015 22:19:54] /goto imortall
[02/10/2015 22:19:54] /goto imortall
[02/10/2015 22:19:54] /goto imortall
[02/10/2015 22:19:54] /goto imortall
[02/10/2015 22:19:54] /goto imortall
[02/10/2015 22:19:54] /goto imortall
[02/10/2015 22:19:54] /goto imortall
[02/10/2015 22:19:54] /goto imortall
[02/10/2015 22:19:54] /goto imortall
[02/10/2015 22:19:54] /goto imortall
[02/10/2015 22:19:54] /goto imortall
[02/10/2015 22:19:54] /goto imortall
[02/10/2015 22:19:54] /goto imortall
[02/10/2015 22:19:54] /goto imortall
[02/10/2015 22:19:54] /goto imortall
[02/10/2015 22:19:54] /goto imortall
[02/10/2015 22:19:54] /goto imortall
[02/10/2015 22:19:54] /goto imortall
[02/10/2015 22:19:54] /goto imortall
[02/10/2015 22:19:54] /goto imortall
[02/10/2015 22:19:54] /goto imortall
[02/10/2015 22:19:54] /goto imortall
[02/10/2015 22:19:54] /goto imortall
[02/10/2015 22:19:54] /goto imortall
[02/10/2015 22:19:55] /goto imortall
[02/10/2015 22:19:55] /goto imortall
[02/10/2015 22:19:55] /goto imortall
[02/10/2015 22:19:55] /goto imortall
[02/10/2015 22:19:55] /goto imortall
[02/10/2015 22:19:55] /goto imortall
[02/10/2015 22:19:55] /goto imortall
[02/10/2015 22:19:55] /goto imortall
[02/10/2015 22:19:55] /goto imortall
[02/10/2015 22:19:55] /goto imortall
[02/10/2015 22:19:55] /goto imortall
[02/10/2015 22:19:55] /goto imortall
[02/10/2015 22:19:55] /goto imortall
[02/10/2015 22:19:55] /goto imortall
[02/10/2015 22:19:55] /goto imortall
[02/10/2015 22:19:55] /goto imortall
[02/10/2015 22:19:55] /goto imortall
[02/10/2015 22:19:55] /goto imortall
[02/10/2015 22:19:55] /goto imortall
[02/10/2015 22:19:55] /goto imortall
[02/10/2015 22:19:55] /goto imortall
[02/10/2015 22:19:55] /goto imortall
[02/10/2015 22:19:55] /goto imortall
[02/10/2015 22:19:55] /goto imortall
[02/10/2015 22:19:55] /goto imortall
[02/10/2015 22:19:55] /goto imortall
[02/10/2015 22:19:55] /goto imortall
[02/10/2015 22:19:55] /goto imortall
[02/10/2015 22:19:56] /goto imortall
[02/10/2015 22:19:56] /goto imortall
[02/10/2015 22:19:56] /goto imortall
[02/10/2015 22:19:56] /goto imortall
[02/10/2015 22:19:56] /goto imortall
[02/10/2015 22:19:56] /goto imortall
[02/10/2015 22:19:56] /goto imortall
[02/10/2015 22:19:56] /goto imortall
[02/10/2015 22:19:56] /goto imortall
[02/10/2015 22:19:56] /goto imortall
[02/10/2015 22:19:56] /goto imortall
[02/10/2015 22:19:56] /goto imortall
[02/10/2015 22:19:56] /goto imortall
[02/10/2015 22:19:56] /goto imortall
[02/10/2015 22:19:56] /goto imortall
[02/10/2015 22:19:56] /goto imortall
[02/10/2015 22:19:56] /goto imortall
[02/10/2015 22:19:56] /goto imortall
[02/10/2015 22:19:56] /goto imortall
[02/10/2015 22:19:56] /goto imortall
[02/10/2015 22:19:56] /goto imortall
[02/10/2015 22:19:56] /goto imortall
[02/10/2015 22:19:56] /goto imortall
[02/10/2015 22:19:56] /goto imortall
[02/10/2015 22:19:56] /goto imortall
[02/10/2015 22:19:56] /goto imortall
[02/10/2015 22:19:56] /goto imortall
[02/10/2015 22:19:56] /goto imortall
[02/10/2015 22:19:57] /goto imortall
[02/10/2015 22:19:57] /goto imortall
[02/10/2015 22:19:57] /goto imortall
[02/10/2015 22:19:57] /goto imortall
[02/10/2015 22:19:57] /goto imortall
[02/10/2015 22:19:57] /goto imortall
[02/10/2015 22:19:57] /goto imortall
[02/10/2015 22:19:57] /goto imortall
[02/10/2015 22:19:57] /goto imortall
[02/10/2015 22:19:57] /goto imortall
[02/10/2015 22:19:57] /goto imortall
[02/10/2015 22:19:57] /goto imortall
[02/10/2015 22:19:57] /goto imortall
[02/10/2015 22:19:57] /goto imortall
[02/10/2015 22:19:57] /goto imortall
[02/10/2015 22:19:57] /goto imortall
[02/10/2015 22:19:57] /goto imortall
[02/10/2015 22:19:57] /goto imortall
[02/10/2015 22:19:57] /goto imortall
[02/10/2015 22:19:57] /goto imortall
[02/10/2015 22:19:57] /goto imortall
[02/10/2015 22:19:57] /goto imortall
[02/10/2015 22:19:57] /goto imortall
[02/10/2015 22:19:57] /goto imortall
[02/10/2015 22:19:57] /goto imortall
[02/10/2015 22:19:57] /goto imortall
[02/10/2015 22:19:57] /goto imortall
[02/10/2015 22:19:57] /goto imortall
[02/10/2015 22:19:57] /goto imortall
[02/10/2015 22:19:58] /goto imortall
[02/10/2015 22:19:58] /goto imortall
[02/10/2015 22:19:58] /goto imortall
[02/10/2015 22:19:58] /goto imortall
[02/10/2015 22:19:58] /goto imortall
[02/10/2015 22:19:58] /goto imortall
[02/10/2015 22:19:58] /goto imortall
[02/10/2015 22:19:58] /goto imortall
[02/10/2015 22:19:58] /goto imortall
[02/10/2015 22:19:58] /goto imortall
[02/10/2015 22:19:58] /goto imortall
[02/10/2015 22:19:58] /goto imortall
[02/10/2015 22:19:58] /goto imortall
[02/10/2015 22:19:58] /goto imortall
[02/10/2015 22:19:58] /goto imortall
[02/10/2015 22:19:58] /goto imortall
[02/10/2015 22:19:58] /goto imortall
[02/10/2015 22:19:58] /goto imortall
[02/10/2015 22:19:58] /goto imortall
[02/10/2015 22:19:58] /goto imortall
[02/10/2015 22:19:58] /goto imortall
[02/10/2015 22:19:58] /goto imortall
[02/10/2015 22:19:58] /goto imortall
[02/10/2015 22:19:58] /goto imortall
[02/10/2015 22:19:58] /goto imortall
[02/10/2015 22:19:59] /goto imortall
[02/10/2015 22:19:59] /goto imortall
[02/10/2015 22:19:59] /goto imortall
[02/10/2015 22:19:59] /goto imortall
[02/10/2015 22:19:59] /goto imortall
[02/10/2015 22:19:59] /goto imortall
[02/10/2015 22:19:59] /goto imortall
[02/10/2015 22:19:59] /goto imortall
[02/10/2015 22:19:59] /goto imortall
[02/10/2015 22:19:59] /goto imortall
[02/10/2015 22:19:59] /goto imortall
[02/10/2015 22:19:59] /goto imortall
[02/10/2015 22:19:59] /goto imortall
[02/10/2015 22:19:59] /goto imortall
[02/10/2015 22:19:59] /goto imortall
[02/10/2015 22:19:59] /goto imortall
[02/10/2015 22:19:59] /goto imortall
[02/10/2015 22:19:59] /goto imortall
[02/10/2015 22:19:59] /goto imortall
[02/10/2015 22:19:59] /goto imortall
[02/10/2015 22:19:59] /goto imortall
[02/10/2015 22:19:59] /goto imortall
[02/10/2015 22:19:59] /goto imortall
[02/10/2015 22:19:59] /goto imortall
[02/10/2015 22:19:59] /goto imortall
[02/10/2015 22:19:59] /goto imortall
[02/10/2015 22:19:59] /goto imortall
[02/10/2015 22:19:59] /goto imortall
[02/10/2015 22:19:59] /goto imortall
[02/10/2015 22:19:59] /goto imortall
[02/10/2015 22:19:59] /goto imortall
[02/10/2015 22:19:59] /goto imortall
[02/10/2015 22:19:59] /goto imortall
[02/10/2015 22:20:00] /goto imortall
[02/10/2015 22:20:00] /goto imortall
[02/10/2015 22:20:00] /goto imortall
[02/10/2015 22:20:00] /goto imortall
[02/10/2015 22:20:00] /goto imortall
[02/10/2015 22:20:00] /goto imortall
[02/10/2015 22:20:00] /goto imortall
[02/10/2015 22:20:00] /goto imortall
[02/10/2015 22:20:00] /goto imortall
[02/10/2015 22:20:00] /goto imortall
[02/10/2015 22:20:00] /goto imortall
[02/10/2015 22:20:00] /goto imortall
[02/10/2015 22:20:00] /goto imortall
[02/10/2015 22:20:00] /goto imortall
[02/10/2015 22:20:00] /goto imortall
[02/10/2015 22:20:00] /goto imortall
[02/10/2015 22:20:00] /goto imortall
[02/10/2015 22:20:00] /goto imortall
[02/10/2015 22:20:00] /goto imortall
[02/10/2015 22:20:00] /goto imortall
[02/10/2015 22:20:00] /goto imortall
[02/10/2015 22:20:00] /goto imortall
[02/10/2015 22:20:00] /goto imortall
[02/10/2015 22:20:00] /goto imortall
[02/10/2015 22:20:00] /goto imortall
[02/10/2015 22:20:00] /goto imortall
[02/10/2015 22:20:00] /goto imortall
[02/10/2015 22:20:00] /goto imortall
[02/10/2015 22:20:01] /goto imortall
[02/10/2015 22:20:01] /goto imortall
[02/10/2015 22:20:01] /goto imortall
[02/10/2015 22:20:01] /goto imortall
[02/10/2015 22:20:01] /goto imortall
[02/10/2015 22:20:01] /goto imortall
[02/10/2015 22:20:01] /goto imortall
[02/10/2015 22:20:01] /goto imortall
[02/10/2015 22:20:01] /goto imortall
[02/10/2015 22:20:01] /goto imortall
[02/10/2015 22:20:01] /goto imortall
[02/10/2015 22:20:01] /goto imortall
[02/10/2015 22:20:01] /goto imortall
[02/10/2015 22:20:01] /goto imortall
[02/10/2015 22:20:01] /goto imortall
[02/10/2015 22:20:01] /goto imortall
[02/10/2015 22:20:01] /goto imortall
[02/10/2015 22:20:01] /goto imortall
[02/10/2015 22:20:01] /goto imortall
[02/10/2015 22:20:01] /goto imortall
[02/10/2015 22:20:01] /goto imortall
[02/10/2015 22:20:01] /goto imortall
[02/10/2015 22:20:01] /goto imortall
[02/10/2015 22:20:01] /goto imortall
[02/10/2015 22:20:01] /goto imortall
[02/10/2015 22:20:01] /goto imortall
[02/10/2015 22:20:01] /goto imortall
[02/10/2015 22:20:01] /goto imortall
[02/10/2015 22:20:01] /goto imortall
[02/10/2015 22:20:02] /goto imortall
[02/10/2015 22:20:02] /goto imortall
[02/10/2015 22:20:02] /goto imortall
[02/10/2015 22:20:02] /goto imortall
[02/10/2015 22:20:02] /goto imortall
[02/10/2015 22:20:02] /goto imortall
[02/10/2015 22:20:02] /goto imortall
[02/10/2015 22:20:02] /goto imortall
[02/10/2015 22:20:02] /goto imortall
[02/10/2015 22:20:02] /goto imortall
[02/10/2015 22:20:02] /goto imortall
[02/10/2015 22:20:02] /goto imortall
[02/10/2015 22:20:02] /goto imortall
[02/10/2015 22:20:02] /goto imortall
[02/10/2015 22:20:02] /goto imortall
[02/10/2015 22:20:02] /goto imortall
[02/10/2015 22:20:02] /goto imortall
[02/10/2015 22:20:02] /goto imortall
[02/10/2015 22:20:02] /goto imortall
[02/10/2015 22:20:02] /goto imortall
[02/10/2015 22:20:02] /goto imortall
[02/10/2015 22:20:02] /goto imortall
[02/10/2015 22:20:03] /goto imortall
[02/10/2015 22:20:03] /goto imortall
[02/10/2015 22:20:03] /goto imortall
[02/10/2015 22:20:03] /goto imortall
[02/10/2015 22:20:03] /goto imortall
[02/10/2015 22:20:03] /goto imortall
[02/10/2015 22:20:03] /goto imortall
[02/10/2015 22:20:03] /goto imortall
[02/10/2015 22:20:03] /goto imortall
[02/10/2015 22:20:03] /goto imortall
[02/10/2015 22:20:03] /goto imortall
[02/10/2015 22:20:03] /goto imortall
[02/10/2015 22:20:03] /goto imortall
[02/10/2015 22:20:03] /goto imortall
[02/10/2015 22:20:03] /goto imortall
[02/10/2015 22:20:03] /goto imortall
[02/10/2015 22:20:03] /goto imortall
[02/10/2015 22:20:03] /goto imortall
[02/10/2015 22:20:03] /goto imortall
[02/10/2015 22:20:03] /goto imortall
[02/10/2015 22:20:03] /goto imortall
[02/10/2015 22:20:03] /goto imortall
[02/10/2015 22:20:03] /goto imortall
[02/10/2015 22:20:03] /goto imortall
[02/10/2015 22:20:03] /goto imortall
[02/10/2015 22:20:03] /goto imortall
[02/10/2015 22:20:03] /goto imortall
[02/10/2015 22:20:03] /goto imortall
[02/10/2015 22:20:03] /goto imortall
[02/10/2015 22:20:03] /goto imortall
[02/10/2015 22:20:03] /goto imortall
[02/10/2015 22:20:03] /goto imortall
[02/10/2015 22:20:03] /goto imortall
[02/10/2015 22:20:03] /goto imortall
[02/10/2015 22:20:03] /goto imortall
[02/10/2015 22:20:03] /goto imortall
[02/10/2015 22:20:04] /goto imortall
[02/10/2015 22:20:04] /goto imortall
[02/10/2015 22:20:04] /goto imortall
[02/10/2015 22:20:04] /goto imortall
[02/10/2015 22:20:04] /goto imortall
[02/10/2015 22:20:04] /goto imortall
[02/10/2015 22:20:04] /goto imortall
[02/10/2015 22:20:04] /goto imortall
[02/10/2015 22:20:04] /goto imortall
[02/10/2015 22:20:04] /goto imortall
[02/10/2015 22:20:04] /goto imortall
[02/10/2015 22:20:04] /goto imortall
[02/10/2015 22:20:04] /goto imortall
[02/10/2015 22:20:04] /goto imortall
[02/10/2015 22:20:04] /goto imortall
[02/10/2015 22:20:04] /goto imortall
[02/10/2015 22:20:04] /goto imortall
[02/10/2015 22:20:04] /goto imortall
[02/10/2015 22:20:04] /goto imortall
[02/10/2015 22:20:04] /goto imortall
[02/10/2015 22:20:04] /goto imortall
[02/10/2015 22:20:04] /goto imortall
[02/10/2015 22:20:04] /goto imortall
[02/10/2015 22:20:04] /goto imortall
[02/10/2015 22:20:04] /goto imortall
[02/10/2015 22:20:04] /goto imortall
[02/10/2015 22:20:05] /goto imortall
[02/10/2015 22:20:05] /goto imortall
[02/10/2015 22:20:05] /goto imortall
[02/10/2015 22:20:05] /goto imortall
[02/10/2015 22:20:05] /goto imortall
[02/10/2015 22:20:05] /goto imortall
[02/10/2015 22:20:05] /goto imortall
[02/10/2015 22:20:05] /goto imortall
[02/10/2015 22:20:05] /goto imortall
[02/10/2015 22:20:05] /goto imortall
[02/10/2015 22:20:05] /goto imortall
[02/10/2015 22:20:05] /goto imortall
[02/10/2015 22:20:05] /goto imortall
[02/10/2015 22:20:05] /goto imortall
[02/10/2015 22:20:05] /goto imortall
[02/10/2015 22:20:05] /goto imortall
[02/10/2015 22:20:05] /goto imortall
[02/10/2015 22:20:05] /goto imortall
[02/10/2015 22:20:05] /goto imortall
[02/10/2015 22:20:05] /goto imortall
[02/10/2015 22:20:05] /goto imortall
[02/10/2015 22:20:05] /goto imortall
[02/10/2015 22:20:05] /goto imortall
[02/10/2015 22:20:05] /goto imortall
[02/10/2015 22:20:05] /goto imortall
[02/10/2015 22:20:05] /goto imortall
[02/10/2015 22:20:05] /goto imortall
[02/10/2015 22:20:05] /goto imortall
[02/10/2015 22:20:05] /goto imortall
[02/10/2015 22:20:05] /goto imortall
[02/10/2015 22:20:06] /goto imortall
[02/10/2015 22:20:06] /goto imortall
[02/10/2015 22:20:06] /goto imortall
[02/10/2015 22:20:06] /goto imortall
[02/10/2015 22:20:06] /goto imortall
[02/10/2015 22:20:06] /goto imortall
[02/10/2015 22:20:06] /goto imortall
[02/10/2015 22:20:06] /goto imortall
[02/10/2015 22:20:06] /goto imortall
[02/10/2015 22:20:06] /goto imortall
[02/10/2015 22:20:06] /goto imortall
[02/10/2015 22:20:06] /goto imortall
[02/10/2015 22:20:06] /goto imortall
[02/10/2015 22:20:06] /goto imortall
[02/10/2015 22:20:06] /goto imortall
[02/10/2015 22:20:06] /goto imortall
[02/10/2015 22:20:06] /goto imortall
[02/10/2015 22:20:06] /goto imortall
[02/10/2015 22:20:06] /goto imortall
[02/10/2015 22:20:06] /goto imortall
[02/10/2015 22:20:06] /goto imortall
[02/10/2015 22:20:06] /goto imortall
[02/10/2015 22:20:06] /goto imortall
[02/10/2015 22:20:06] /goto imortall
[02/10/2015 22:20:06] /goto imortall
[02/10/2015 22:20:06] /goto imortall
[02/10/2015 22:20:06] /goto imortall
[02/10/2015 22:20:06] /goto imortall
[02/10/2015 22:20:07] /goto imortall
[02/10/2015 22:20:07] /goto imortall
[02/10/2015 22:20:07] /goto imortall
[02/10/2015 22:20:07] /goto imortall
[02/10/2015 22:20:07] /goto imortall
[02/10/2015 22:20:07] /goto imortall
[02/10/2015 22:20:07] /goto imortall
[02/10/2015 22:20:07] /goto imortall
[02/10/2015 22:20:07] /goto imortall
[02/10/2015 22:20:07] /goto imortall
[02/10/2015 22:20:07] /goto imortall
[02/10/2015 22:20:07] /goto imortall
[02/10/2015 22:20:07] /goto imortall
[02/10/2015 22:20:07] /goto imortall
[02/10/2015 22:20:07] /goto imortall
[02/10/2015 22:20:07] /goto imortall
[02/10/2015 22:20:07] /goto imortall
[02/10/2015 22:20:07] /goto imortall
[02/10/2015 22:20:07] /goto imortall
[02/10/2015 22:20:07] /goto imortall
[02/10/2015 22:20:07] /goto imortall
[02/10/2015 22:20:07] /goto imortall
[02/10/2015 22:20:07] /goto imortall
[02/10/2015 22:20:07] /goto imortall
[02/10/2015 22:20:07] /goto imortall
[02/10/2015 22:20:07] /goto imortall
[02/10/2015 22:20:07] /goto imortall
[02/10/2015 22:20:07] /goto imortall
[02/10/2015 22:20:07] /goto imortall
[02/10/2015 22:20:08] /goto imortall
[02/10/2015 22:20:08] /goto imortall
[02/10/2015 22:20:08] /goto imortall
[02/10/2015 22:20:08] /goto imortall
[02/10/2015 22:20:08] /goto imortall
[02/10/2015 22:20:08] /goto imortall
[02/10/2015 22:20:08] /goto imortall
[02/10/2015 22:20:08] /goto imortall
[02/10/2015 22:20:08] /goto imortall
[02/10/2015 22:20:08] /goto imortall
[02/10/2015 22:20:08] /goto imortall
[02/10/2015 22:20:08] /goto imortall
[02/10/2015 22:20:08] /goto imortall
[02/10/2015 22:20:08] /goto imortall
[02/10/2015 22:20:08] /goto imortall
[02/10/2015 22:20:08] /goto imortall
[02/10/2015 22:20:08] /goto imortall
[02/10/2015 22:20:08] /goto imortall
[02/10/2015 22:20:08] /goto imortall
[02/10/2015 22:20:08] /goto imortall
[02/10/2015 22:20:08] /goto imortall
[02/10/2015 22:20:08] /goto imortall
[02/10/2015 22:20:08] /goto imortall
[02/10/2015 22:20:08] /goto imortall
[02/10/2015 22:20:08] /goto imortall
[02/10/2015 22:20:08] /goto imortall
[02/10/2015 22:20:08] /goto imortall
[02/10/2015 22:20:08] /goto imortall
[02/10/2015 22:20:09] /goto imortall
[02/10/2015 22:20:09] /goto imortall
[02/10/2015 22:20:09] /goto imortall
[02/10/2015 22:20:09] /goto imortall
[02/10/2015 22:20:09] /goto imortall
[02/10/2015 22:20:09] /goto imortall
[02/10/2015 22:20:09] /goto imortall
[02/10/2015 22:20:09] /goto imortall
[02/10/2015 22:20:09] /goto imortall
[02/10/2015 22:20:09] /goto imortall
[02/10/2015 22:20:09] /goto imortall
[02/10/2015 22:20:09] /goto imortall
[02/10/2015 22:20:09] /goto imortall
[02/10/2015 22:20:09] /goto imortall
[02/10/2015 22:20:09] /goto imortall
[02/10/2015 22:20:09] /goto imortall
[02/10/2015 22:20:09] /goto imortall
[02/10/2015 22:20:09] /goto imortall
[02/10/2015 22:20:09] /goto imortall
[02/10/2015 22:20:09] /goto imortall
[02/10/2015 22:20:09] /goto imortall
[02/10/2015 22:20:09] /goto imortall
[02/10/2015 22:20:09] /goto imortall
[02/10/2015 22:20:09] /goto imortall
[02/10/2015 22:20:09] /goto imortall
[02/10/2015 22:20:09] /goto imortall
[02/10/2015 22:20:09] /goto imortall
[02/10/2015 22:20:09] /goto imortall
[02/10/2015 22:20:09] /goto imortall
[02/10/2015 22:20:09] /goto imortall
[02/10/2015 22:20:10] /goto imortall
[02/10/2015 22:20:10] /goto imortall
[02/10/2015 22:20:10] /goto imortall
[02/10/2015 22:20:10] /goto imortall
[02/10/2015 22:20:10] /goto imortall
[02/10/2015 22:20:10] /goto imortall
[02/10/2015 22:20:10] /goto imortall
[02/10/2015 22:20:10] /goto imortall
[02/10/2015 22:20:10] /goto imortall
[02/10/2015 22:20:10] /goto imortall
[02/10/2015 22:20:10] /goto imortall
[02/10/2015 22:20:10] /goto imortall
[02/10/2015 22:20:10] /goto imortall
[02/10/2015 22:20:10] /goto imortall
[02/10/2015 22:20:10] /goto imortall
[02/10/2015 22:20:10] /goto imortall
[02/10/2015 22:20:10] /goto imortall
[02/10/2015 22:20:10] /goto imortall
[02/10/2015 22:20:10] /goto imortall
[02/10/2015 22:20:10] /goto imortall
[02/10/2015 22:20:10] /goto imortall
[02/10/2015 22:20:10] /goto imortall
[02/10/2015 22:20:10] /goto imortall
[02/10/2015 22:20:10] /goto imortall
[02/10/2015 22:20:10] /goto imortall
[02/10/2015 22:20:10] /goto imortall
[02/10/2015 22:20:10] /goto imortall
[02/10/2015 22:20:10] /goto imortall
[02/10/2015 22:20:11] /goto imortall
[02/10/2015 22:20:11] /goto imortall
[02/10/2015 22:20:11] /goto imortall
[02/10/2015 22:20:11] /goto imortall
[02/10/2015 22:20:11] /goto imortall
[02/10/2015 22:20:11] /goto imortall
[02/10/2015 22:20:11] /goto imortall
[02/10/2015 22:20:11] /goto imortall
[02/10/2015 22:20:11] /goto imortall
[02/10/2015 22:20:11] /goto imortall
[02/10/2015 22:20:11] /goto imortall
[02/10/2015 22:20:11] /goto imortall
[02/10/2015 22:20:11] /goto imortall
[02/10/2015 22:20:11] /goto imortall
[02/10/2015 22:20:11] /goto imortall
[02/10/2015 22:20:11] /goto imortall
[02/10/2015 22:20:11] /goto imortall
[02/10/2015 22:20:11] /goto imortall
[02/10/2015 22:20:11] /goto imortall
[02/10/2015 22:20:11] /goto imortall
[02/10/2015 22:20:11] /goto imortall
[02/10/2015 22:20:11] /goto imortall
[02/10/2015 22:20:11] /goto imortall
[02/10/2015 22:20:11] /goto imortall
[02/10/2015 22:20:11] /goto imortall
[02/10/2015 22:20:11] /goto imortall
[02/10/2015 22:20:11] /goto imortall
[02/10/2015 22:20:11] /goto imortall
[02/10/2015 22:20:12] /goto imortall
[02/10/2015 22:20:12] /goto imortall
[02/10/2015 22:20:12] /goto imortall
[02/10/2015 22:20:12] /goto imortall
[02/10/2015 22:20:12] /goto imortall
[02/10/2015 22:20:12] /goto imortall
[02/10/2015 22:20:12] /goto imortall
[02/10/2015 22:20:12] /goto imortall
[02/10/2015 22:20:12] /goto imortall
[02/10/2015 22:20:12] /goto imortall
[02/10/2015 22:20:12] /goto imortall
[02/10/2015 22:20:12] /goto imortall
[02/10/2015 22:20:12] /goto imortall
[02/10/2015 22:20:12] /goto imortall
[02/10/2015 22:20:12] /goto imortall
[02/10/2015 22:20:12] /goto imortall
[02/10/2015 22:20:12] /goto imortall
[02/10/2015 22:20:12] /goto imortall
[02/10/2015 22:20:12] /goto imortall
[02/10/2015 22:20:12] /goto imortall
[02/10/2015 22:20:12] /goto imortall
[02/10/2015 22:20:12] /goto imortall
[02/10/2015 22:20:12] /goto imortall
[02/10/2015 22:20:12] /goto imortall
[02/10/2015 22:20:12] /goto imortall
[02/10/2015 22:20:12] /goto imortall
[02/10/2015 22:20:13] /goto imortall
[02/10/2015 22:20:13] /goto imortall
[02/10/2015 22:20:13] /goto imortall
[02/10/2015 22:20:13] /goto imortall
[02/10/2015 22:20:13] /goto imortall
[02/10/2015 22:20:13] /goto imortall
[02/10/2015 22:20:13] /goto imortall
[02/10/2015 22:20:13] /goto imortall
[02/10/2015 22:20:13] /goto imortall
[02/10/2015 22:20:13] /goto imortall
[02/10/2015 22:20:13] /goto imortall
[02/10/2015 22:20:13] /goto imortall
[02/10/2015 22:20:13] /goto imortall
[02/10/2015 22:20:13] /goto imortall
[02/10/2015 22:20:13] /goto imortall
[02/10/2015 22:20:13] /goto imortall
[02/10/2015 22:20:13] /goto imortall
[02/10/2015 22:20:13] /goto imortall
[02/10/2015 22:20:13] /goto imortall
[02/10/2015 22:20:13] /goto imortall
[02/10/2015 22:20:13] /goto imortall
[02/10/2015 22:20:13] /goto imortall
[02/10/2015 22:20:13] /goto imortall
[02/10/2015 22:20:13] /goto imortall
[02/10/2015 22:20:13] /goto imortall
[02/10/2015 22:20:13] /goto imortall
[02/10/2015 22:20:13] /goto imortall
[02/10/2015 22:20:14] /goto imortall
[02/10/2015 22:20:14] /goto imortall
[02/10/2015 22:20:14] /goto imortall
[02/10/2015 22:20:14] /goto imortall
[02/10/2015 22:20:14] /goto imortall
[02/10/2015 22:20:14] /goto imortall
[02/10/2015 22:20:14] /goto imortall
[02/10/2015 22:20:14] /goto imortall
[02/10/2015 22:20:14] /goto imortall
[02/10/2015 22:20:14] /goto imortall
[02/10/2015 22:20:14] /goto imortall
[02/10/2015 22:20:14] /goto imortall
[02/10/2015 22:20:14] /goto imortall
[02/10/2015 22:20:14] /goto imortall
[02/10/2015 22:20:14] /goto imortall
[02/10/2015 22:20:14] /goto imortall
[02/10/2015 22:20:14] /goto imortall
[02/10/2015 22:20:14] /goto imortall
[02/10/2015 22:20:14] /goto imortall
[02/10/2015 22:20:15] /goto imortall
[02/10/2015 22:20:16] /goto imortall
[02/10/2015 22:20:17] /goto imortall
[02/10/2015 22:20:18] /goto imortall
[02/10/2015 22:20:20] /goto imortall
[02/10/2015 22:20:21] /goto imortall
[02/10/2015 22:20:22] /goto imortall
[02/10/2015 22:20:23] /goto imortall
[02/10/2015 22:20:23] /goto imortall
[02/10/2015 22:20:24] /goto imortall
[02/10/2015 22:20:25] /goto imortall
[02/10/2015 22:20:26] /goto imortall
[02/10/2015 22:20:29] /goto imortall
[02/10/2015 22:20:29] /goto imortall
[02/10/2015 22:20:29] /goto imortall
[02/10/2015 22:20:29] /goto imortall
[02/10/2015 22:20:30] /goto imortall
[02/10/2015 22:20:30] /goto imortall
[02/10/2015 22:20:30] /goto imortall
[02/10/2015 22:20:30] /goto imortall
[02/10/2015 22:20:30] /goto imortall
[02/10/2015 22:20:30] /goto imortall
[02/10/2015 22:20:30] /goto imortall
[02/10/2015 22:20:30] /goto imortall
[02/10/2015 22:20:30] /goto imortall
[02/10/2015 22:20:30] /goto imortall
[02/10/2015 22:20:30] /goto imortall
[02/10/2015 22:20:30] /goto imortall
[02/10/2015 22:20:30] /goto imortall
[02/10/2015 22:20:30] /goto imortall
[02/10/2015 22:20:30] /goto imortall
[02/10/2015 22:20:30] /goto imortall
[02/10/2015 22:20:30] /goto imortall
[02/10/2015 22:20:30] /goto imortall
[02/10/2015 22:20:30] /goto imortall
[02/10/2015 22:20:30] /goto imortall
[02/10/2015 22:20:30] /goto imortall
[02/10/2015 22:20:30] /goto imortall
[02/10/2015 22:20:30] /goto imortall
[02/10/2015 22:20:30] /goto imortall
[02/10/2015 22:20:30] /goto imortall
[02/10/2015 22:20:30] /goto imortall
[02/10/2015 22:20:30] /goto imortall
[02/10/2015 22:20:30] /goto imortall
[02/10/2015 22:20:30] /goto imortall
[02/10/2015 22:20:30] /goto imortall
[02/10/2015 22:20:31] /goto imortall
[02/10/2015 22:20:31] /goto imortall
[02/10/2015 22:20:31] /goto imortall
[02/10/2015 22:20:31] /goto imortall
[02/10/2015 22:20:31] /goto imortall
[02/10/2015 22:20:31] /goto imortall
[02/10/2015 22:20:31] /goto imortall
[02/10/2015 22:20:31] /goto imortall
[02/10/2015 22:20:31] /goto imortall
[02/10/2015 22:20:31] /goto imortall
[02/10/2015 22:20:31] /goto imortall
[02/10/2015 22:20:31] /goto imortall
[02/10/2015 22:20:31] /goto imortall
[02/10/2015 22:20:31] /goto imortall
[02/10/2015 22:20:31] /goto imortall
[02/10/2015 22:20:31] /goto imortall
[02/10/2015 22:20:31] /goto imortall
[02/10/2015 22:20:31] /goto imortall
[02/10/2015 22:20:31] /goto imortall
[02/10/2015 22:20:31] /goto imortall
[02/10/2015 22:20:31] /goto imortall
[02/10/2015 22:20:31] /goto imortall
[02/10/2015 22:20:31] /goto imortall
[02/10/2015 22:20:31] /goto imortall
[02/10/2015 22:20:31] /goto imortall
[02/10/2015 22:20:31] /goto imortall
[02/10/2015 22:20:31] /goto imortall
[02/10/2015 22:20:31] /goto imortall
[02/10/2015 22:20:31] /goto imortall
[02/10/2015 22:20:32] /goto imortall
[02/10/2015 22:20:32] /goto imortall
[02/10/2015 22:20:32] /goto imortall
[02/10/2015 22:20:32] /goto imortall
[02/10/2015 22:20:32] /goto imortall
[02/10/2015 22:20:32] /goto imortall
[02/10/2015 22:20:32] /goto imortall
[02/10/2015 22:20:32] /goto imortall
[02/10/2015 22:20:32] /goto imortall
[02/10/2015 22:20:32] /goto imortall
[02/10/2015 22:20:32] /goto imortall
[02/10/2015 22:20:32] /goto imortall
[02/10/2015 22:20:32] /goto imortall
[02/10/2015 22:20:32] /goto imortall
[02/10/2015 22:20:32] /goto imortall
[02/10/2015 22:20:32] /goto imortall
[02/10/2015 22:20:32] /goto imortall
[02/10/2015 22:20:32] /goto imortall
[02/10/2015 22:20:32] /goto imortall
[02/10/2015 22:20:32] /goto imortall
[02/10/2015 22:20:32] /goto imortall
[02/10/2015 22:20:32] /goto imortall
[02/10/2015 22:20:32] /goto imortall
[02/10/2015 22:20:33] /goto imortall
[02/10/2015 22:20:33] /goto imortall
[02/10/2015 22:20:33] /goto imortall
[02/10/2015 22:20:33] /goto imortall
[02/10/2015 22:20:33] /goto imortall
[02/10/2015 22:20:33] /goto imortall
[02/10/2015 22:20:33] /goto imortall
[02/10/2015 22:20:33] /goto imortall
[02/10/2015 22:20:33] /goto imortall
[02/10/2015 22:20:33] /goto imortall
[02/10/2015 22:20:33] /goto imortall
[02/10/2015 22:20:33] /goto imortall
[02/10/2015 22:20:33] /goto imortall
[02/10/2015 22:20:33] /goto imortall
[02/10/2015 22:20:33] /goto imortall
[02/10/2015 22:20:33] /goto imortall
[02/10/2015 22:20:33] /goto imortall
[02/10/2015 22:20:33] /goto imortall
[02/10/2015 22:20:33] /goto imortall
[02/10/2015 22:20:33] /goto imortall
[02/10/2015 22:20:33] /goto imortall
[02/10/2015 22:20:33] /goto imortall
[02/10/2015 22:20:33] /goto imortall
[02/10/2015 22:20:33] /goto imortall
[02/10/2015 22:20:33] /goto imortall
[02/10/2015 22:20:33] /goto imortall
[02/10/2015 22:20:33] /goto imortall
[02/10/2015 22:20:33] /goto imortall
[02/10/2015 22:20:33] /goto imortall
[02/10/2015 22:20:33] /goto imortall
[02/10/2015 22:20:33] /goto imortall
[02/10/2015 22:20:33] /goto imortall
[02/10/2015 22:20:33] /goto imortall
[02/10/2015 22:20:33] /goto imortall
[02/10/2015 22:20:34] /goto imortall
[02/10/2015 22:20:34] /goto imortall
[02/10/2015 22:20:34] /goto imortall
[02/10/2015 22:20:34] /goto imortall
[02/10/2015 22:20:34] /goto imortall
[02/10/2015 22:20:34] /goto imortall
[02/10/2015 22:20:34] /goto imortall
[02/10/2015 22:20:34] /goto imortall
[02/10/2015 22:20:34] /goto imortall
[02/10/2015 22:20:34] /goto imortall
[02/10/2015 22:20:34] /goto imortall
[02/10/2015 22:20:34] /goto imortall
[02/10/2015 22:20:34] /goto imortall
[02/10/2015 22:20:34] /goto imortall
[02/10/2015 22:20:34] /goto imortall
[02/10/2015 22:20:34] /goto imortall
[02/10/2015 22:20:36] /goto imortall
[02/10/2015 22:20:37] /goto imortall
[02/10/2015 22:20:38] /goto imortall
[02/10/2015 22:20:39] /goto imortall
[02/10/2015 22:20:41] /goto imortall
[02/10/2015 22:20:42] /goto imortall
[02/10/2015 22:20:43] /goto imortall
[02/10/2015 22:20:45] /goto imortall
[02/10/2015 22:20:46] /goto imortall
[02/10/2015 22:20:47] /goto imortall
[02/10/2015 22:20:48] /goto imortall
[02/10/2015 22:20:49] /goto imortall
[02/10/2015 22:20:50] /goto imortall
[02/10/2015 22:20:51] /goto imortall
[02/10/2015 22:20:52] /goto imortall
[02/10/2015 22:20:52] /goto imortall
[02/10/2015 22:20:52] /goto imortall
[02/10/2015 22:20:53] /goto imortall
[02/10/2015 22:20:53] /goto imortall
[02/10/2015 22:20:53] /goto imortall
[02/10/2015 22:20:53] /goto imortall
[02/10/2015 22:20:53] /goto imortall
[02/10/2015 22:20:53] /goto imortall
[02/10/2015 22:20:53] /goto imortall
[02/10/2015 22:20:53] /goto imortall
[02/10/2015 22:20:53] /goto imortall
[02/10/2015 22:20:53] /goto imortall
[02/10/2015 22:20:53] /goto imortall
[02/10/2015 22:20:53] /goto imortall
[02/10/2015 22:20:53] /goto imortall
[02/10/2015 22:20:53] /goto imortall
[02/10/2015 22:20:53] /goto imortall
[02/10/2015 22:20:53] /goto imortall
[02/10/2015 22:20:53] /goto imortall
[02/10/2015 22:20:53] /goto imortall
[02/10/2015 22:20:53] /goto imortall
[02/10/2015 22:20:53] /goto imortall
[02/10/2015 22:20:53] /goto imortall
[02/10/2015 22:20:54] /goto imortall
[02/10/2015 22:20:54] /goto imortall
[02/10/2015 22:20:54] /goto imortall
[02/10/2015 22:20:54] /goto imortall
[02/10/2015 22:20:54] /goto imortall
[02/10/2015 22:20:54] /goto imortall
[02/10/2015 22:20:54] /goto imortall
[02/10/2015 22:20:54] /goto imortall
[02/10/2015 22:20:54] /goto imortall
[02/10/2015 22:20:54] /goto imortall
[02/10/2015 22:20:54] /goto imortall
[02/10/2015 22:20:54] /goto imortall
[02/10/2015 22:20:54] /goto imortall
[02/10/2015 22:20:54] /goto imortall
[02/10/2015 22:20:54] /goto imortall
[02/10/2015 22:20:54] /goto imortall
[02/10/2015 22:20:54] /goto imortall
[02/10/2015 22:20:54] /goto imortall
[02/10/2015 22:20:54] /goto imortall
[02/10/2015 22:20:54] /goto imortall
[02/10/2015 22:20:54] /goto imortall
[02/10/2015 22:20:54] /goto imortall
[02/10/2015 22:20:54] /goto imortall
[02/10/2015 22:20:54] /goto imortall
[02/10/2015 22:20:54] /goto imortall
[02/10/2015 22:20:54] /goto imortall
[02/10/2015 22:20:54] /goto imortall
[02/10/2015 22:20:54] /goto imortall
[02/10/2015 22:20:54] /goto imortall
[02/10/2015 22:20:55] /goto imortall
[02/10/2015 22:20:55] /goto imortall
[02/10/2015 22:20:55] /goto imortall
[02/10/2015 22:20:55] /goto imortall
[02/10/2015 22:20:55] /goto imortall
[02/10/2015 22:20:55] /goto imortall
[02/10/2015 22:20:55] /goto imortall
[02/10/2015 22:20:56] /goto imortall
[02/10/2015 22:20:57] /goto imortall
[02/10/2015 22:20:57] /goto imortall
[02/10/2015 22:20:57] /goto imortall
[02/10/2015 22:20:57] /goto imortall
[02/10/2015 22:20:58] /goto imortall
[02/10/2015 22:20:58] /goto imortall
[02/10/2015 22:20:58] /goto imortall
[02/10/2015 22:20:58] /goto imortall
[02/10/2015 22:21:00] /goto imortall
[02/10/2015 22:21:02] /goto imortall
[02/10/2015 22:21:05] /goto imortall
[02/10/2015 22:21:25] /goto imortall
[02/10/2015 22:21:26] /goto imortall
[02/10/2015 22:21:27] /goto imortall
[02/10/2015 22:21:27] /goto imortall
[02/10/2015 22:21:27] /goto imortall
[02/10/2015 22:21:27] /goto imortall
[02/10/2015 22:21:27] /goto imortall
[02/10/2015 22:21:27] /goto imortall
[02/10/2015 22:21:27] /goto imortall
[02/10/2015 22:21:27] /goto imortall
[02/10/2015 22:21:27] /goto imortall
[02/10/2015 22:21:27] /goto imortall
[02/10/2015 22:21:27] /goto imortall
[02/10/2015 22:21:27] /goto imortall
[02/10/2015 22:21:27] /goto imortall
[02/10/2015 22:21:27] /goto imortall
[02/10/2015 22:21:27] /goto imortall
[02/10/2015 22:21:27] /goto imortall
[02/10/2015 22:21:27] /goto imortall
[02/10/2015 22:21:28] /goto imortall
[02/10/2015 22:21:28] /goto imortall
[02/10/2015 22:21:28] /goto imortall
[02/10/2015 22:21:28] /goto imortall
[02/10/2015 22:21:28] /goto imortall
[02/10/2015 22:21:28] /goto imortall
[02/10/2015 22:21:28] /goto imortall
[02/10/2015 22:21:28] /goto imortall
[02/10/2015 22:21:28] /goto imortall
[02/10/2015 22:21:28] /goto imortall
[02/10/2015 22:21:28] /goto imortall
[02/10/2015 22:21:28] /goto imortall
[02/10/2015 22:21:28] /goto imortall
[02/10/2015 22:21:28] /goto imortall
[02/10/2015 22:21:28] /goto imortall
[02/10/2015 22:21:28] /goto imortall
[02/10/2015 22:21:28] /goto imortall
[02/10/2015 22:21:28] /goto imortall
[02/10/2015 22:21:28] /goto imortall
[02/10/2015 22:21:28] /goto imortall
[02/10/2015 22:21:28] /goto imortall
[02/10/2015 22:21:28] /goto imortall
[02/10/2015 22:21:28] /goto imortall
[02/10/2015 22:21:28] /goto imortall
[02/10/2015 22:21:28] /goto imortall
[02/10/2015 22:22:29] /goto imortall
[02/10/2015 22:22:30] /goto imortall
[02/10/2015 22:22:32] /goto imortall
[02/10/2015 22:22:37] /goto imortall
[02/10/2015 22:22:39] /goto imortall
[02/10/2015 22:22:41] /goto imortall
[02/10/2015 22:22:41] /goto imortall
[02/10/2015 22:22:41] /goto imortall
[02/10/2015 22:22:41] /goto imortall
[02/10/2015 22:22:41] /goto imortall
[02/10/2015 22:22:41] /goto imortall
[02/10/2015 22:22:41] /goto imortall
[02/10/2015 22:22:41] /goto imortall
[02/10/2015 22:22:41] /goto imortall
[02/10/2015 22:22:41] /goto imortall
[02/10/2015 22:22:41] /goto imortall
[02/10/2015 22:22:41] /goto imortall
[02/10/2015 22:22:41] /goto imortall
[02/10/2015 22:22:42] /goto imortall
[02/10/2015 22:22:42] /goto imortall
[02/10/2015 22:22:42] /goto imortall
[02/10/2015 22:22:42] /goto imortall
[02/10/2015 22:22:42] /goto imortall
[02/10/2015 22:22:42] /goto imortall
[02/10/2015 22:22:42] /goto imortall
[02/10/2015 22:22:42] /goto imortall
[02/10/2015 22:22:42] /goto imortall
[02/10/2015 22:22:42] /goto imortall
[02/10/2015 22:22:42] /goto imortall
[02/10/2015 22:22:42] /goto imortall
[02/10/2015 22:22:42] /goto imortall
[02/10/2015 22:22:42] /goto imortall
[02/10/2015 22:22:42] /goto imortall
[02/10/2015 22:22:42] /goto imortall
[02/10/2015 22:22:42] /goto imortall
[02/10/2015 22:22:42] /goto imortall
[02/10/2015 22:22:42] /goto imortall
[02/10/2015 22:22:42] /goto imortall
[02/10/2015 22:22:42] /goto imortall
[02/10/2015 22:22:42] /goto imortall
[02/10/2015 22:22:42] /goto imortall
[02/10/2015 22:22:42] /goto imortall
[02/10/2015 22:22:42] /goto imortall
[02/10/2015 22:22:42] /goto imortall
[02/10/2015 22:22:42] /goto imortall
[02/10/2015 22:22:42] /goto imortall
[02/10/2015 22:22:42] /goto imortall
[02/10/2015 22:22:43] /goto imortall
[02/10/2015 22:22:43] /goto imortall
[02/10/2015 22:22:43] /goto imortall
[02/10/2015 22:22:43] /goto imortall
[02/10/2015 22:22:43] /goto imortall
[02/10/2015 22:22:43] /goto imortall
[02/10/2015 22:22:43] /goto imortall
[02/10/2015 22:22:43] /goto imortall
[02/10/2015 22:22:43] /goto imortall
[02/10/2015 22:22:43] /goto imortall
[02/10/2015 22:22:43] /goto imortall
[02/10/2015 22:22:43] /goto imortall
[02/10/2015 22:22:43] /goto imortall
[02/10/2015 22:22:43] /goto imortall
[02/10/2015 22:22:43] /goto imortall
[02/10/2015 22:22:43] /goto imortall
[02/10/2015 22:22:44] /goto imortall
[02/10/2015 22:22:45] /goto imortall
[02/10/2015 22:22:45] /goto imortall
[02/10/2015 22:22:46] /goto imortall
[02/10/2015 22:22:47] /goto imortall
[02/10/2015 22:22:48] /goto imortall
[02/10/2015 22:22:49] /goto imortall
[02/10/2015 22:22:50] /goto imortall
[02/10/2015 22:22:51] /goto imortall
[02/10/2015 22:22:52] /goto imortall
[02/10/2015 22:22:54] /goto imortall
[02/10/2015 22:23:35] /i magic wall
[02/10/2015 22:23:43] /i magic wall
[02/10/2015 22:23:44] /i magic wall
[02/10/2015 22:23:45] /i magic wall
[02/10/2015 22:23:46] /i magic wall
[02/10/2015 22:23:48] /i magic wall
[02/10/2015 22:23:50] /i magic wall
[02/10/2015 22:23:55] /goto imortall
[02/10/2015 22:24:05] /goto imortall
[02/10/2015 22:24:10] /goto imortall
[02/10/2015 22:24:12] /goto imortall
[02/10/2015 22:24:17] /goto imortall
[02/10/2015 22:24:19] /goto imortall
[02/10/2015 22:24:24] /goto imortall
[02/10/2015 22:24:26] /goto imortall
[02/10/2015 22:24:27] /goto imortall
[02/10/2015 22:24:27] /goto imortall
[02/10/2015 22:24:28] /goto imortall
[02/10/2015 22:24:28] /goto imortall
[02/10/2015 22:24:28] /goto imortall
[02/10/2015 22:24:28] /goto imortall
[02/10/2015 22:24:28] /goto imortall
[02/10/2015 22:24:28] /goto imortall
[02/10/2015 22:24:28] /goto imortall
[02/10/2015 22:24:28] /goto imortall
[02/10/2015 22:24:28] /goto imortall
[02/10/2015 22:24:28] /goto imortall
[02/10/2015 22:24:28] /goto imortall
[02/10/2015 22:24:28] /goto imortall
[02/10/2015 22:24:28] /goto imortall
[02/10/2015 22:24:28] /goto imortall
[02/10/2015 22:24:28] /goto imortall
[02/10/2015 22:24:28] /goto imortall
[02/10/2015 22:24:28] /goto imortall
[02/10/2015 22:24:28] /goto imortall
[02/10/2015 22:24:28] /goto imortall
[02/10/2015 22:24:28] /goto imortall
[02/10/2015 22:24:28] /goto imortall
[02/10/2015 22:24:28] /goto imortall
[02/10/2015 22:24:28] /goto imortall
[02/10/2015 22:24:28] /goto imortall
[02/10/2015 22:24:29] /goto imortall
[02/10/2015 22:24:29] /goto imortall
[02/10/2015 22:24:29] /goto imortall
[02/10/2015 22:24:29] /goto imortall
[02/10/2015 22:24:29] /goto imortall
[02/10/2015 22:24:29] /goto imortall
[02/10/2015 22:24:29] /goto imortall
[02/10/2015 22:24:29] /goto imortall
[02/10/2015 22:24:29] /goto imortall
[02/10/2015 22:24:29] /goto imortall
[02/10/2015 22:24:29] /goto imortall
[02/10/2015 22:24:29] /goto imortall
[02/10/2015 22:24:30] /goto imortall
[02/10/2015 22:24:31] /goto imortall
[02/10/2015 22:24:32] /goto imortall
[02/10/2015 22:24:32] /goto imortall
[02/10/2015 22:24:33] /goto imortall
[02/10/2015 22:24:34] /goto imortall
[02/10/2015 22:25:00] /goto imortall
[02/10/2015 22:25:42] /goto imortall
[02/10/2015 22:25:48] /goto imortall
[02/10/2015 22:25:51] /goto imortall
[02/10/2015 22:26:05] /goto imortall
[02/10/2015 22:26:06] /goto imortall
[02/10/2015 22:26:08] /goto imortall
[02/10/2015 22:26:11] /goto imortall
[02/10/2015 22:26:11] /goto imortall
[02/10/2015 22:26:12] /goto imortall
[02/10/2015 22:26:13] /goto imortall
[02/10/2015 22:26:14] /goto imortall
[02/10/2015 22:26:14] /goto imortall
[02/10/2015 22:26:14] /goto imortall
[02/10/2015 22:26:14] /goto imortall
[02/10/2015 22:26:14] /goto imortall
[02/10/2015 22:26:14] /goto imortall
[02/10/2015 22:26:14] /goto imortall
[02/10/2015 22:26:14] /goto imortall
[02/10/2015 22:26:14] /goto imortall
[02/10/2015 22:26:14] /goto imortall
[02/10/2015 22:26:14] /goto imortall
[02/10/2015 22:26:14] /goto imortall
[02/10/2015 22:26:14] /goto imortall
[02/10/2015 22:26:14] /goto imortall
[02/10/2015 22:26:14] /goto imortall
[02/10/2015 22:26:14] /goto imortall
[02/10/2015 22:26:14] /goto imortall
[02/10/2015 22:26:14] /goto imortall
[02/10/2015 22:26:14] /goto imortall
[02/10/2015 22:26:14] /goto imortall
[02/10/2015 22:26:14] /goto imortall
[02/10/2015 22:26:14] /goto imortall
[02/10/2015 22:26:14] /goto imortall
[02/10/2015 22:26:14] /goto imortall
[02/10/2015 22:26:14] /goto imortall
[02/10/2015 22:26:14] /goto imortall
[02/10/2015 22:26:14] /goto imortall
[02/10/2015 22:26:14] /goto imortall
[02/10/2015 22:26:15] /goto imortall
[02/10/2015 22:26:15] /goto imortall
[02/10/2015 22:26:15] /goto imortall
[02/10/2015 22:26:15] /goto imortall
[02/10/2015 22:26:15] /goto imortall
[02/10/2015 22:26:15] /goto imortall
[02/10/2015 22:26:15] /goto imortall
[02/10/2015 22:26:15] /goto imortall
[02/10/2015 22:26:15] /goto imortall
[02/10/2015 22:26:15] /goto imortall
[02/10/2015 22:26:15] /goto imortall
[02/10/2015 22:26:15] /goto imortall
[02/10/2015 22:26:15] /goto imortall
[02/10/2015 22:26:15] /goto imortall
[02/10/2015 22:26:15] /goto imortall
[02/10/2015 22:26:15] /goto imortall
[02/10/2015 22:26:15] /goto imortall
[02/10/2015 22:26:15] /goto imortall
[02/10/2015 22:26:15] /goto imortall
[02/10/2015 22:26:15] /goto imortall
[02/10/2015 22:26:15] /goto imortall
[02/10/2015 22:26:15] /goto imortall
[02/10/2015 22:26:15] /goto imortall
[02/10/2015 22:26:15] /goto imortall
[02/10/2015 22:26:15] /goto imortall
[02/10/2015 22:26:15] /goto imortall
[02/10/2015 22:26:15] /goto imortall
[02/10/2015 22:26:15] /goto imortall
[02/10/2015 22:26:15] /goto imortall
[02/10/2015 22:26:17] /goto imortall
[02/10/2015 22:26:17] /goto imortall
[02/10/2015 22:26:17] /goto imortall
[02/10/2015 22:26:18] /goto imortall
[02/10/2015 22:26:18] /goto imortall
[02/10/2015 22:26:18] /goto imortall
[02/10/2015 22:26:18] /goto imortall
[02/10/2015 22:26:18] /goto imortall
[02/10/2015 22:26:18] /goto imortall
[02/10/2015 22:26:18] /goto imortall
[02/10/2015 22:26:18] /goto imortall
[02/10/2015 22:26:19] /goto imortall
[02/10/2015 22:26:19] /goto imortall
[02/10/2015 22:26:20] /goto imortall
[02/10/2015 22:26:20] /goto imortall
[02/10/2015 22:26:20] /goto imortall
[02/10/2015 22:26:20] /goto imortall
[02/10/2015 22:26:20] /goto imortall
[02/10/2015 22:26:20] /goto imortall
[02/10/2015 22:26:20] /goto imortall
[02/10/2015 22:26:20] /goto imortall
[02/10/2015 22:26:20] /goto imortall
[02/10/2015 22:26:20] /goto imortall
[02/10/2015 22:26:20] /goto imortall
[02/10/2015 22:26:20] /goto imortall
[02/10/2015 22:26:20] /goto imortall
[02/10/2015 22:26:20] /goto imortall
[02/10/2015 22:26:20] /goto imortall
[02/10/2015 22:26:20] /goto imortall
[02/10/2015 22:26:20] /goto imortall
[02/10/2015 22:26:21] /goto imortall
[02/10/2015 22:26:21] /goto imortall
[02/10/2015 22:26:21] /goto imortall
[02/10/2015 22:26:21] /goto imortall
[02/10/2015 22:26:21] /goto imortall
[02/10/2015 22:26:21] /goto imortall
[02/10/2015 22:26:21] /goto imortall
[02/10/2015 22:26:21] /goto imortall
[02/10/2015 22:26:21] /goto imortall
[02/10/2015 22:26:21] /goto imortall
[02/10/2015 22:26:21] /goto imortall
[02/10/2015 22:26:21] /goto imortall
[02/10/2015 22:26:21] /goto imortall
[02/10/2015 22:26:21] /goto imortall
[02/10/2015 22:26:21] /goto imortall
[02/10/2015 22:26:21] /goto imortall
[02/10/2015 22:26:21] /goto imortall
[02/10/2015 22:26:21] /goto imortall
[02/10/2015 22:26:22] /goto imortall
[02/10/2015 22:26:23] /goto imortall
[02/10/2015 22:26:23] /goto imortall
[02/10/2015 22:26:24] /goto imortall
[02/10/2015 22:26:25] /goto imortall
[02/10/2015 22:26:26] /goto imortall
[02/10/2015 22:26:26] /goto imortall
[02/10/2015 22:26:40] /goto imortall
[02/10/2015 22:26:41] /goto imortall
[02/10/2015 22:26:44] /goto imortall
[02/10/2015 22:26:47] /goto imortall
[02/10/2015 22:26:48] /goto imortall
[02/10/2015 22:26:50] /goto imortall
[02/10/2015 22:26:51] /goto imortall
[02/10/2015 22:27:05] /goto imortall
[02/10/2015 22:27:41] /goto imortall
[02/10/2015 22:27:50] /goto imortall
[02/10/2015 22:28:07] /goto imortall
[02/10/2015 22:28:11] /goto imortall
[02/10/2015 22:28:18] /goto imortall
[02/10/2015 22:28:26] /goto imortall
[02/10/2015 22:28:41] /goto imortall
[02/10/2015 22:28:43] /goto imortall
[02/10/2015 22:28:45] /goto imortall
[02/10/2015 22:28:46] /goto imortall
[02/10/2015 22:28:47] /goto imortall
[02/10/2015 22:28:48] /goto imortall
[02/10/2015 22:28:49] /goto imortall
[02/10/2015 22:28:50] /goto imortall
[02/10/2015 22:28:51] /goto imortall
[02/10/2015 22:28:52] /goto imortall
[02/10/2015 22:28:52] /goto imortall
[02/10/2015 22:28:52] /goto imortall
[02/10/2015 22:28:52] /goto imortall
[02/10/2015 22:28:52] /goto imortall
[02/10/2015 22:28:52] /goto imortall
[02/10/2015 22:28:53] /goto imortall
[02/10/2015 22:28:54] /goto imortall
[02/10/2015 22:28:55] /goto imortall
[02/10/2015 22:28:56] /goto imortall
[02/10/2015 22:28:56] /goto imortall
[02/10/2015 22:28:58] /goto imortall
[02/10/2015 22:29:02] /goto imortall
[02/10/2015 22:29:04] /goto imortall
[02/10/2015 22:29:08] /goto imortall
[02/10/2015 22:29:09] /goto imortall
[02/10/2015 22:29:10] /goto imortall
[02/10/2015 22:29:11] /goto imortall
[02/10/2015 22:29:12] /goto imortall
[02/10/2015 22:29:13] /goto imortall
[02/10/2015 22:29:18] /goto imortall
[02/10/2015 22:29:21] /goto imortall
[02/10/2015 22:29:23] /goto imortall
[02/10/2015 22:29:35] /goto imortall
[02/10/2015 22:29:37] /goto imortall
[02/10/2015 22:29:45] /goto imortall
[02/10/2015 22:29:54] /goto imortall
[02/10/2015 22:30:23] /goto imortall
[02/10/2015 22:30:34] /goto imortall
[02/10/2015 22:30:36] /goto imortall
[02/10/2015 22:30:37] /goto imortall
[02/10/2015 22:30:39] /goto imortall
[02/10/2015 22:30:41] /goto imortall
[02/10/2015 22:30:43] /goto imortall
[02/10/2015 22:30:46] /goto imortall
[02/10/2015 22:31:29] /goto imortall
[02/10/2015 22:31:31] /goto imortall
[02/10/2015 22:31:34] /goto imortall
[02/10/2015 22:32:01] /goto sasuke uchiha
[02/10/2015 22:32:04] /goto imortall
[02/10/2015 22:32:05] /goto imortall
[02/10/2015 22:32:05] /goto imortall
[02/10/2015 22:32:08] /goto sasuke uchiha
[02/10/2015 22:33:28] /goto sasuke uchiha
[02/10/2015 22:33:39] /goto imortall
[02/10/2015 22:33:43] /goto imortall
[02/10/2015 22:33:49] /goto imortall
[02/10/2015 22:33:50] /goto imortall
[02/10/2015 22:34:30] /goto imortall
[02/10/2015 22:34:35] /goto imortall
[02/10/2015 22:34:39] /goto imortall
[02/10/2015 22:34:42] /goto imortall
[02/10/2015 22:35:09] /goto imortall
[02/10/2015 22:35:11] /goto imortall
[02/10/2015 22:35:14] /goto imortall
[02/10/2015 22:35:15] /goto imortall
[02/10/2015 22:35:17] /goto imortall
[02/10/2015 22:35:18] /goto imortall
[02/10/2015 22:35:21] /goto imortall
[02/10/2015 22:35:25] /goto imortall
[02/10/2015 22:35:26] /goto imortall
[02/10/2015 22:35:28] /goto imortall
[02/10/2015 22:35:32] /goto imortall
[02/10/2015 22:35:33] /goto imortall
[02/10/2015 22:35:37] /goto imortall
[02/10/2015 22:36:13] /goto imortall
[02/10/2015 22:36:20] /goto imortall
[02/10/2015 22:36:24] /goto imortall
[02/10/2015 22:36:26] /goto imortall
[02/10/2015 22:36:48] /goto imortall
[02/10/2015 22:36:50] /goto imortall
[02/10/2015 22:36:51] /goto imortall
[02/10/2015 22:36:53] /goto imortall
[02/10/2015 22:36:59] /goto imortall
[02/10/2015 22:37:19] /t
[02/10/2015 22:37:20] /c imortall
[02/10/2015 22:37:25] /goto imortall
[02/10/2015 22:37:26] /goto imortall
[02/10/2015 22:37:28] /goto imortall
[02/10/2015 22:37:30] /goto imortall
[02/10/2015 22:37:31] /goto imortall
[02/10/2015 22:37:32] /goto imortall
[02/10/2015 22:37:34] /goto imortall
[02/10/2015 22:37:35] /goto imortall
[02/10/2015 22:37:36] /goto imortall
[02/10/2015 22:37:37] /goto imortall
[02/10/2015 22:37:37] /goto imortall
[02/10/2015 22:37:38] /goto imortall
[02/10/2015 22:37:39] /goto imortall
[02/10/2015 22:37:40] /goto imortall
[02/10/2015 22:37:40] /goto imortall
[02/10/2015 22:37:41] /goto imortall
[02/10/2015 22:37:42] /goto imortall
[02/10/2015 22:37:43] /goto imortall
[02/10/2015 22:37:43] /goto imortall
[02/10/2015 22:37:44] /goto imortall
[02/10/2015 22:37:44] /goto imortall
[02/10/2015 22:37:45] /goto imortall
[02/10/2015 22:37:45] /goto imortall
[02/10/2015 22:37:45] /goto imortall
[02/10/2015 22:37:45] /goto imortall
[02/10/2015 22:37:45] /goto imortall
[02/10/2015 22:37:45] /goto imortall
[02/10/2015 22:37:45] /goto imortall
[02/10/2015 22:37:45] /goto imortall
[02/10/2015 22:37:45] /goto imortall
[02/10/2015 22:37:45] /goto imortall
[02/10/2015 22:37:51] /goto imortall
[02/10/2015 22:37:53] /goto imortall
[02/10/2015 22:37:54] /goto imortall
[02/10/2015 22:37:56] /goto imortall
[02/10/2015 22:37:57] /goto imortall
[02/10/2015 22:37:57] /goto imortall
[02/10/2015 22:37:58] /goto imortall
[02/10/2015 22:37:59] /goto imortall
[02/10/2015 22:38:33] /goto imortall
[02/10/2015 22:38:36] /goto imortall
[02/10/2015 22:38:39] /goto imortall
[02/10/2015 22:38:42] /goto imortall
[02/10/2015 22:38:44] /goto imortall
[02/10/2015 22:38:44] /goto imortall
[02/10/2015 22:38:46] /goto imortall
[02/10/2015 22:38:46] /goto imortall
[02/10/2015 22:38:46] /goto imortall
[02/10/2015 22:38:46] /goto imortall
[02/10/2015 22:38:47] /goto imortall
[02/10/2015 22:38:47] /goto imortall
[02/10/2015 22:38:47] /goto imortall
[02/10/2015 22:38:47] /goto imortall
[02/10/2015 22:38:47] /goto imortall
[02/10/2015 22:38:47] /goto imortall
[02/10/2015 22:38:48] /goto imortall
[02/10/2015 22:38:48] /goto imortall
[02/10/2015 22:38:48] /goto imortall
[02/10/2015 22:38:49] /goto imortall
[02/10/2015 22:39:08] /goto Jiraya
[02/10/2015 22:39:16] /goto Jiraya Saga 1
[02/10/2015 22:39:22] /goto Jiraya (saga
[02/10/2015 22:40:03] /c imortall
[02/10/2015 22:40:26] /c imortall
[02/10/2015 22:40:31] /goto imortall
[02/10/2015 22:40:31] /goto imortall
[02/10/2015 22:40:31] /goto imortall
[02/10/2015 22:40:31] /goto imortall
[02/10/2015 22:40:31] /goto imortall
[02/10/2015 22:40:31] /goto imortall
[02/10/2015 22:40:31] /goto imortall
[02/10/2015 22:40:31] /goto imortall
[02/10/2015 22:40:31] /goto imortall
[02/10/2015 22:40:31] /goto imortall
[02/10/2015 22:40:31] /goto imortall
[02/10/2015 22:40:31] /goto imortall
[02/10/2015 22:40:31] /goto imortall
[02/10/2015 22:40:31] /goto imortall
[02/10/2015 22:40:32] /goto imortall
[02/10/2015 22:40:32] /goto imortall
[02/10/2015 22:40:32] /goto imortall
[02/10/2015 22:40:32] /goto imortall
[02/10/2015 22:40:32] /goto imortall
[02/10/2015 22:40:32] /goto imortall
[02/10/2015 22:40:32] /goto imortall
[02/10/2015 22:40:32] /goto imortall
[02/10/2015 22:40:32] /goto imortall
[02/10/2015 22:40:32] /goto imortall
[02/10/2015 22:40:32] /goto imortall
[02/10/2015 22:40:32] /goto imortall
[02/10/2015 22:40:32] /goto imortall
[02/10/2015 22:40:32] /goto imortall
[02/10/2015 22:40:32] /goto imortall
[02/10/2015 22:40:32] /goto imortall
[02/10/2015 22:40:32] /goto imortall
[02/10/2015 22:40:32] /goto imortall
[02/10/2015 22:40:32] /goto imortall
[02/10/2015 22:40:32] /goto imortall
[02/10/2015 22:40:32] /goto imortall
[02/10/2015 22:40:32] /goto imortall
[02/10/2015 22:40:32] /goto imortall
[02/10/2015 22:40:32] /goto imortall
[02/10/2015 22:40:32] /goto imortall
[02/10/2015 22:40:32] /goto imortall
[02/10/2015 22:40:32] /goto imortall
[02/10/2015 22:40:32] /goto imortall
[02/10/2015 22:40:32] /goto imortall
[02/10/2015 22:40:32] /goto imortall
[02/10/2015 22:40:33] /goto imortall
[02/10/2015 22:40:33] /goto imortall
[02/10/2015 22:40:33] /goto imortall
[02/10/2015 22:40:33] /goto imortall
[02/10/2015 22:40:33] /goto imortall
[02/10/2015 22:40:33] /goto imortall
[02/10/2015 22:40:33] /goto imortall
[02/10/2015 22:40:33] /goto imortall
[02/10/2015 22:40:33] /goto imortall
[02/10/2015 22:40:33] /goto imortall
[02/10/2015 22:40:33] /goto imortall
[02/10/2015 22:40:33] /goto imortall
[02/10/2015 22:40:33] /goto imortall
[02/10/2015 22:40:33] /goto imortall
[02/10/2015 22:40:33] /goto imortall
[02/10/2015 22:40:33] /goto imortall
[02/10/2015 22:40:33] /goto imortall
[02/10/2015 22:40:33] /goto imortall
[02/10/2015 22:40:33] /goto imortall
[02/10/2015 22:40:33] /goto imortall
[02/10/2015 22:40:33] /goto imortall
[02/10/2015 22:40:33] /goto imortall
[02/10/2015 22:40:33] /goto imortall
[02/10/2015 22:40:33] /goto imortall
[02/10/2015 22:40:33] /goto imortall
[02/10/2015 22:40:33] /goto imortall
[02/10/2015 22:40:33] /goto imortall
[02/10/2015 22:40:33] /goto imortall
[02/10/2015 22:40:33] /goto imortall
[02/10/2015 22:40:34] /goto imortall
[02/10/2015 22:40:34] /goto imortall
[02/10/2015 22:40:34] /goto imortall
[02/10/2015 22:40:34] /goto imortall
[02/10/2015 22:40:34] /goto imortall
[02/10/2015 22:40:34] /goto imortall
[02/10/2015 22:40:34] /goto imortall
[02/10/2015 22:40:34] /goto imortall
[02/10/2015 22:40:34] /goto imortall
[02/10/2015 22:40:34] /goto imortall
[02/10/2015 22:40:34] /goto imortall
[02/10/2015 22:40:34] /goto imortall
[02/10/2015 22:40:34] /goto imortall
[02/10/2015 22:40:34] /goto imortall
[02/10/2015 22:40:34] /goto imortall
[02/10/2015 22:40:34] /goto imortall
[02/10/2015 22:40:34] /goto imortall
[02/10/2015 22:40:34] /goto imortall
[02/10/2015 22:40:34] /goto imortall
[02/10/2015 22:40:34] /goto imortall
[02/10/2015 22:40:36] /goto imortall
[02/10/2015 22:40:37] /goto imortall
[02/10/2015 22:40:39] /goto imortall
[02/10/2015 22:40:40] /goto imortall
[02/10/2015 22:40:41] /goto imortall
[02/10/2015 22:40:42] /goto imortall
[02/10/2015 22:40:43] /goto imortall
[02/10/2015 22:40:43] /goto imortall
[02/10/2015 22:40:43] /goto imortall
[02/10/2015 22:40:43] /goto imortall
[02/10/2015 22:40:44] /goto imortall
[02/10/2015 22:40:44] /goto imortall
[02/10/2015 22:40:44] /goto imortall
[02/10/2015 22:40:44] /goto imortall
[02/10/2015 22:40:44] /goto imortall
[02/10/2015 22:40:44] /goto imortall
[02/10/2015 22:40:44] /goto imortall
[02/10/2015 22:40:44] /goto imortall
[02/10/2015 22:40:44] /goto imortall
[02/10/2015 22:40:44] /goto imortall
[02/10/2015 22:40:44] /goto imortall
[02/10/2015 22:40:44] /goto imortall
[02/10/2015 22:40:44] /goto imortall
[02/10/2015 22:40:44] /goto imortall
[02/10/2015 22:40:44] /goto imortall
[02/10/2015 22:40:44] /goto imortall
[02/10/2015 22:40:44] /goto imortall
[02/10/2015 22:40:44] /goto imortall
[02/10/2015 22:40:44] /goto imortall
[02/10/2015 22:40:44] /goto imortall
[02/10/2015 22:40:44] /goto imortall
[02/10/2015 22:40:44] /goto imortall
[02/10/2015 22:40:44] /goto imortall
[02/10/2015 22:40:44] /goto imortall
[02/10/2015 22:40:44] /goto imortall
[02/10/2015 22:40:44] /goto imortall
[02/10/2015 22:40:44] /goto imortall
[02/10/2015 22:40:44] /goto imortall
[02/10/2015 22:40:44] /goto imortall
[02/10/2015 22:40:44] /goto imortall
[02/10/2015 22:40:45] /goto imortall
[02/10/2015 22:40:45] /goto imortall
[02/10/2015 22:40:45] /goto imortall
[02/10/2015 22:40:45] /goto imortall
[02/10/2015 22:40:45] /goto imortall
[02/10/2015 22:40:45] /goto imortall
[02/10/2015 22:40:45] /goto imortall
[02/10/2015 22:40:45] /goto imortall
[02/10/2015 22:40:45] /goto imortall
[02/10/2015 22:40:45] /goto imortall
[02/10/2015 22:40:45] /goto imortall
[02/10/2015 22:40:45] /goto imortall
[02/10/2015 22:40:45] /goto imortall
[02/10/2015 22:40:45] /goto imortall
[02/10/2015 22:40:45] /goto imortall
[02/10/2015 22:40:45] /goto imortall
[02/10/2015 22:40:45] /goto imortall
[02/10/2015 22:40:45] /goto imortall
[02/10/2015 22:40:45] /goto imortall
[02/10/2015 22:40:45] /goto imortall
[02/10/2015 22:40:45] /goto imortall
[02/10/2015 22:40:45] /goto imortall
[02/10/2015 22:40:45] /goto imortall
[02/10/2015 22:40:45] /goto imortall
[02/10/2015 22:40:45] /goto imortall
[02/10/2015 22:40:45] /goto imortall
[02/10/2015 22:40:45] /goto imortall
[02/10/2015 22:40:45] /goto imortall
[02/10/2015 22:40:46] /goto imortall
[02/10/2015 22:40:46] /goto imortall
[02/10/2015 22:40:46] /goto imortall
[02/10/2015 22:40:46] /goto imortall
[02/10/2015 22:40:46] /goto imortall
[02/10/2015 22:40:46] /goto imortall
[02/10/2015 22:40:46] /goto imortall
[02/10/2015 22:40:46] /goto imortall
[02/10/2015 22:40:46] /goto imortall
[02/10/2015 22:40:46] /goto imortall
[02/10/2015 22:40:46] /goto imortall
[02/10/2015 22:40:46] /goto imortall
[02/10/2015 22:40:46] /goto imortall
[02/10/2015 22:40:46] /goto imortall
[02/10/2015 22:40:46] /goto imortall
[02/10/2015 22:40:46] /goto imortall
[02/10/2015 22:40:46] /goto imortall
[02/10/2015 22:40:46] /goto imortall
[02/10/2015 22:40:46] /goto imortall
[02/10/2015 22:40:46] /goto imortall
[02/10/2015 22:40:46] /goto imortall
[02/10/2015 22:40:46] /goto imortall
[02/10/2015 22:40:46] /goto imortall
[02/10/2015 22:40:46] /goto imortall
[02/10/2015 22:40:46] /goto imortall
[02/10/2015 22:40:46] /goto imortall
[02/10/2015 22:40:46] /goto imortall
[02/10/2015 22:40:46] /goto imortall
[02/10/2015 22:40:46] /goto imortall
[02/10/2015 22:40:47] /goto imortall
[02/10/2015 22:40:47] /goto imortall
[02/10/2015 22:40:47] /goto imortall
[02/10/2015 22:40:47] /goto imortall
[02/10/2015 22:40:47] /goto imortall
[02/10/2015 22:40:47] /goto imortall
[02/10/2015 22:40:47] /goto imortall
[02/10/2015 22:40:47] /goto imortall
[02/10/2015 22:40:47] /goto imortall
[02/10/2015 22:40:47] /goto imortall
[02/10/2015 22:40:47] /goto imortall
[02/10/2015 22:40:47] /goto imortall
[02/10/2015 22:40:47] /goto imortall
[02/10/2015 22:40:47] /goto imortall
[02/10/2015 22:40:47] /goto imortall
[02/10/2015 22:40:47] /goto imortall
[02/10/2015 22:40:47] /goto imortall
[02/10/2015 22:40:47] /goto imortall
[02/10/2015 22:40:47] /goto imortall
[02/10/2015 22:40:47] /goto imortall
[02/10/2015 22:40:47] /goto imortall
[02/10/2015 22:40:47] /goto imortall
[02/10/2015 22:40:47] /goto imortall
[02/10/2015 22:40:47] /goto imortall
[02/10/2015 22:40:47] /goto imortall
[02/10/2015 22:40:47] /goto imortall
[02/10/2015 22:40:47] /goto imortall
[02/10/2015 22:40:47] /goto imortall
[02/10/2015 22:40:48] /goto imortall
[02/10/2015 22:40:48] /goto imortall
[02/10/2015 22:40:48] /goto imortall
[02/10/2015 22:40:48] /goto imortall
[02/10/2015 22:40:48] /goto imortall
[02/10/2015 22:40:48] /goto imortall
[02/10/2015 22:40:48] /goto imortall
[02/10/2015 22:40:48] /goto imortall
[02/10/2015 22:40:48] /goto imortall
[02/10/2015 22:40:48] /goto imortall
[02/10/2015 22:40:48] /goto imortall
[02/10/2015 22:40:48] /goto imortall
[02/10/2015 22:40:48] /goto imortall
[02/10/2015 22:40:48] /goto imortall
[02/10/2015 22:40:48] /goto imortall
[02/10/2015 22:40:48] /goto imortall
[02/10/2015 22:40:48] /goto imortall
[02/10/2015 22:40:48] /goto imortall
[02/10/2015 22:40:48] /goto imortall
[02/10/2015 22:40:48] /goto imortall
[02/10/2015 22:40:48] /goto imortall
[02/10/2015 22:40:48] /goto imortall
[02/10/2015 22:40:48] /goto imortall
[02/10/2015 22:40:48] /goto imortall
[02/10/2015 22:40:48] /goto imortall
[02/10/2015 22:40:49] /goto imortall
[02/10/2015 22:40:49] /goto imortall
[02/10/2015 22:40:49] /goto imortall
[02/10/2015 22:40:49] /goto imortall
[02/10/2015 22:40:49] /goto imortall
[02/10/2015 22:41:13] /goto imortall
[02/10/2015 22:41:32] /goto imortall
[02/10/2015 22:41:35] /goto imortall
[02/10/2015 22:41:39] /goto imortall
[02/10/2015 22:41:40] /goto imortall
[02/10/2015 22:41:40] /goto imortall
[02/10/2015 22:41:40] /goto imortall
[02/10/2015 22:41:41] /goto imortall
[02/10/2015 22:41:41] /goto imortall
[02/10/2015 22:41:41] /goto imortall
[02/10/2015 22:41:41] /goto imortall
[02/10/2015 22:41:42] /goto imortall
[02/10/2015 22:41:42] /goto imortall
[02/10/2015 22:41:42] /goto imortall
[02/10/2015 22:41:42] /goto imortall
[02/10/2015 22:41:42] /goto imortall
[02/10/2015 22:41:43] /goto imortall
[02/10/2015 22:41:43] /goto imortall
[02/10/2015 22:41:43] /goto imortall
[02/10/2015 22:41:43] /goto imortall
[02/10/2015 22:41:44] /goto imortall
[02/10/2015 22:41:44] /goto imortall
[02/10/2015 22:41:44] /goto imortall
[02/10/2015 22:41:44] /goto imortall
[02/10/2015 22:41:44] /goto imortall
[02/10/2015 22:41:44] /goto imortall
[02/10/2015 22:41:44] /goto imortall
[02/10/2015 22:41:44] /goto imortall
[02/10/2015 22:41:44] /goto imortall
[02/10/2015 22:41:44] /goto imortall
[02/10/2015 22:41:44] /goto imortall
[02/10/2015 22:41:44] /goto imortall
[02/10/2015 22:41:45] /goto imortall
[02/10/2015 22:41:45] /goto imortall
[02/10/2015 22:41:45] /goto imortall
[02/10/2015 22:41:45] /goto imortall
[02/10/2015 22:41:45] /goto imortall
[02/10/2015 22:41:45] /goto imortall
[02/10/2015 22:41:45] /goto imortall
[02/10/2015 22:41:45] /goto imortall
[02/10/2015 22:41:45] /goto imortall
[02/10/2015 22:41:45] /goto imortall
[02/10/2015 22:41:45] /goto imortall
[02/10/2015 22:41:45] /goto imortall
[02/10/2015 22:41:45] /goto imortall
[02/10/2015 22:41:45] /goto imortall
[02/10/2015 22:41:45] /goto imortall
[02/10/2015 22:41:45] /goto imortall
[02/10/2015 22:41:45] /goto imortall
[02/10/2015 22:41:45] /goto imortall
[02/10/2015 22:41:45] /goto imortall
[02/10/2015 22:41:45] /goto imortall
[02/10/2015 22:41:45] /goto imortall
[02/10/2015 22:41:45] /goto imortall
[02/10/2015 22:41:45] /goto imortall
[02/10/2015 22:41:45] /goto imortall
[02/10/2015 22:41:45] /goto imortall
[02/10/2015 22:41:45] /goto imortall
[02/10/2015 22:41:45] /goto imortall
[02/10/2015 22:41:45] /goto imortall
[02/10/2015 22:41:46] /goto imortall
[02/10/2015 22:41:46] /goto imortall
[02/10/2015 22:41:46] /goto imortall
[02/10/2015 22:41:46] /goto imortall
[02/10/2015 22:41:46] /goto imortall
[02/10/2015 22:41:46] /goto imortall
[02/10/2015 22:41:46] /goto imortall
[02/10/2015 22:41:46] /goto imortall
[02/10/2015 22:41:46] /goto imortall
[02/10/2015 22:41:46] /goto imortall
[02/10/2015 22:41:46] /goto imortall
[02/10/2015 22:41:46] /goto imortall
[02/10/2015 22:41:46] /goto imortall
[02/10/2015 22:41:46] /goto imortall
[02/10/2015 22:41:46] /goto imortall
[02/10/2015 22:41:46] /goto imortall
[02/10/2015 22:41:46] /goto imortall
[02/10/2015 22:41:46] /goto imortall
[02/10/2015 22:41:46] /goto imortall
[02/10/2015 22:41:46] /goto imortall
[02/10/2015 22:41:46] /goto imortall
[02/10/2015 22:41:46] /goto imortall
[02/10/2015 22:41:46] /goto imortall
[02/10/2015 22:41:46] /goto imortall
[02/10/2015 22:41:46] /goto imortall
[02/10/2015 22:41:46] /goto imortall
[02/10/2015 22:41:46] /goto imortall
[02/10/2015 22:41:46] /goto imortall
[02/10/2015 22:41:46] /goto imortall
[02/10/2015 22:41:47] /goto imortall
[02/10/2015 22:41:47] /goto imortall
[02/10/2015 22:41:47] /goto imortall
[02/10/2015 22:41:47] /goto imortall
[02/10/2015 22:41:47] /goto imortall
[02/10/2015 22:41:47] /goto imortall
[02/10/2015 22:41:47] /goto imortall
[02/10/2015 22:41:47] /goto imortall
[02/10/2015 22:41:47] /goto imortall
[02/10/2015 22:41:47] /goto imortall
[02/10/2015 22:41:47] /goto imortall
[02/10/2015 22:41:47] /goto imortall
[02/10/2015 22:41:47] /goto imortall
[02/10/2015 22:41:47] /goto imortall
[02/10/2015 22:41:47] /goto imortall
[02/10/2015 22:41:47] /goto imortall
[02/10/2015 22:41:47] /goto imortall
[02/10/2015 22:41:47] /goto imortall
[02/10/2015 22:41:47] /goto imortall
[02/10/2015 22:41:47] /goto imortall
[02/10/2015 22:41:47] /goto imortall
[02/10/2015 22:41:47] /goto imortall
[02/10/2015 22:41:47] /goto imortall
[02/10/2015 22:41:47] /goto imortall
[02/10/2015 22:41:47] /goto imortall
[02/10/2015 22:41:47] /goto imortall
[02/10/2015 22:41:47] /goto imortall
[02/10/2015 22:41:47] /goto imortall
[02/10/2015 22:41:47] /goto imortall
[02/10/2015 22:41:48] /goto imortall
[02/10/2015 22:41:48] /goto imortall
[02/10/2015 22:41:48] /goto imortall
[02/10/2015 22:41:48] /goto imortall
[02/10/2015 22:41:48] /goto imortall
[02/10/2015 22:41:48] /goto imortall
[02/10/2015 22:41:48] /goto imortall
[02/10/2015 22:41:48] /goto imortall
[02/10/2015 22:41:48] /goto imortall
[02/10/2015 22:41:48] /goto imortall
[02/10/2015 22:41:48] /goto imortall
[02/10/2015 22:41:48] /goto imortall
[02/10/2015 22:41:48] /goto imortall
[02/10/2015 22:41:48] /goto imortall
[02/10/2015 22:41:48] /goto imortall
[02/10/2015 22:41:48] /goto imortall
[02/10/2015 22:41:48] /goto imortall
[02/10/2015 22:41:48] /goto imortall
[02/10/2015 22:41:48] /goto imortall
[02/10/2015 22:41:48] /goto imortall
[02/10/2015 22:41:48] /goto imortall
[02/10/2015 22:41:48] /goto imortall
[02/10/2015 22:41:48] /goto imortall
[02/10/2015 22:41:48] /goto imortall
[02/10/2015 22:41:48] /goto imortall
[02/10/2015 22:41:48] /goto imortall
[02/10/2015 22:41:48] /goto imortall
[02/10/2015 22:41:48] /goto imortall
[02/10/2015 22:41:49] /goto imortall
[02/10/2015 22:41:49] /goto imortall
[02/10/2015 22:41:49] /goto imortall
[02/10/2015 22:41:49] /goto imortall
[02/10/2015 22:41:49] /goto imortall
[02/10/2015 22:41:49] /goto imortall
[02/10/2015 22:41:49] /goto imortall
[02/10/2015 22:41:49] /goto imortall
[02/10/2015 22:41:49] /goto imortall
[02/10/2015 22:41:49] /goto imortall
[02/10/2015 22:41:49] /goto imortall
[02/10/2015 22:41:49] /goto imortall
[02/10/2015 22:41:49] /goto imortall
[02/10/2015 22:41:49] /goto imortall
[02/10/2015 22:41:49] /goto imortall
[02/10/2015 22:41:49] /goto imortall
[02/10/2015 22:41:49] /goto imortall
[02/10/2015 22:41:49] /goto imortall
[02/10/2015 22:41:49] /goto imortall
[02/10/2015 22:41:49] /goto imortall
[02/10/2015 22:41:49] /goto imortall
[02/10/2015 22:41:49] /goto imortall
[02/10/2015 22:41:49] /goto imortall
[02/10/2015 22:41:49] /goto imortall
[02/10/2015 22:41:49] /goto imortall
[02/10/2015 22:41:49] /goto imortall
[02/10/2015 22:41:49] /goto imortall
[02/10/2015 22:41:50] /goto imortall
[02/10/2015 22:41:50] /goto imortall
[02/10/2015 22:41:50] /goto imortall
[02/10/2015 22:41:50] /goto imortall
[02/10/2015 22:41:50] /goto imortall
[02/10/2015 22:41:50] /goto imortall
[02/10/2015 22:41:50] /goto imortall
[02/10/2015 22:41:50] /goto imortall
[02/10/2015 22:41:50] /goto imortall
[02/10/2015 22:41:50] /goto imortall
[02/10/2015 22:41:50] /goto imortall
[02/10/2015 22:41:50] /goto imortall
[02/10/2015 22:41:50] /goto imortall
[02/10/2015 22:41:50] /goto imortall
[02/10/2015 22:41:50] /goto imortall
[02/10/2015 22:41:50] /goto imortall
[02/10/2015 22:41:50] /goto imortall
[02/10/2015 22:41:50] /goto imortall
[02/10/2015 22:41:50] /goto imortall
[02/10/2015 22:41:50] /goto imortall
[02/10/2015 22:41:50] /goto imortall
[02/10/2015 22:41:50] /goto imortall
[02/10/2015 22:41:50] /goto imortall
[02/10/2015 22:41:50] /goto imortall
[02/10/2015 22:41:50] /goto imortall
[02/10/2015 22:41:50] /goto imortall
[02/10/2015 22:41:50] /goto imortall
[02/10/2015 22:41:50] /goto imortall
[02/10/2015 22:41:50] /goto imortall
[02/10/2015 22:41:50] /goto imortall
[02/10/2015 22:41:50] /goto imortall
[02/10/2015 22:41:50] /goto imortall
[02/10/2015 22:41:51] /goto imortall
[02/10/2015 22:41:51] /goto imortall
[02/10/2015 22:41:51] /goto imortall
[02/10/2015 22:41:51] /goto imortall
[02/10/2015 22:41:51] /goto imortall
[02/10/2015 22:41:51] /goto imortall
[02/10/2015 22:41:51] /goto imortall
[02/10/2015 22:41:51] /goto imortall
[02/10/2015 22:41:51] /goto imortall
[02/10/2015 22:41:51] /goto imortall
[02/10/2015 22:41:51] /goto imortall
[02/10/2015 22:41:51] /goto imortall
[02/10/2015 22:41:51] /goto imortall
[02/10/2015 22:41:51] /goto imortall
[02/10/2015 22:41:51] /goto imortall
[02/10/2015 22:41:51] /goto imortall
[02/10/2015 22:41:51] /goto imortall
[02/10/2015 22:41:51] /goto imortall
[02/10/2015 22:41:51] /goto imortall
[02/10/2015 22:41:51] /goto imortall
[02/10/2015 22:41:51] /goto imortall
[02/10/2015 22:41:51] /goto imortall
[02/10/2015 22:41:51] /goto imortall
[02/10/2015 22:41:51] /goto imortall
[02/10/2015 22:41:51] /goto imortall
[02/10/2015 22:41:51] /goto imortall
[02/10/2015 22:41:51] /goto imortall
[02/10/2015 22:41:52] /goto imortall
[02/10/2015 22:41:52] /goto imortall
[02/10/2015 22:41:52] /goto imortall
[02/10/2015 22:41:52] /goto imortall
[02/10/2015 22:41:52] /goto imortall
[02/10/2015 22:41:52] /goto imortall
[02/10/2015 22:41:52] /goto imortall
[02/10/2015 22:41:52] /goto imortall
[02/10/2015 22:41:52] /goto imortall
[02/10/2015 22:41:52] /goto imortall
[02/10/2015 22:41:52] /goto imortall
[02/10/2015 22:41:52] /goto imortall
[02/10/2015 22:41:52] /goto imortall
[02/10/2015 22:41:52] /goto imortall
[02/10/2015 22:41:52] /goto imortall
[02/10/2015 22:41:52] /goto imortall
[02/10/2015 22:41:52] /goto imortall
[02/10/2015 22:41:52] /goto imortall
[02/10/2015 22:41:52] /goto imortall
[02/10/2015 22:41:52] /goto imortall
[02/10/2015 22:41:52] /goto imortall
[02/10/2015 22:41:52] /goto imortall
[02/10/2015 22:41:52] /goto imortall
[02/10/2015 22:41:52] /goto imortall
[02/10/2015 22:41:52] /goto imortall
[02/10/2015 22:41:52] /goto imortall
[02/10/2015 22:41:52] /goto imortall
[02/10/2015 22:41:52] /goto imortall
[02/10/2015 22:41:52] /goto imortall
[02/10/2015 22:41:53] /goto imortall
[02/10/2015 22:41:53] /goto imortall
[02/10/2015 22:41:53] /goto imortall
[02/10/2015 22:41:53] /goto imortall
[02/10/2015 22:41:53] /goto imortall
[02/10/2015 22:41:53] /goto imortall
[02/10/2015 22:41:53] /goto imortall
[02/10/2015 22:41:53] /goto imortall
[02/10/2015 22:41:53] /goto imortall
[02/10/2015 22:41:53] /goto imortall
[02/10/2015 22:41:53] /goto imortall
[02/10/2015 22:41:53] /goto imortall
[02/10/2015 22:41:53] /goto imortall
[02/10/2015 22:41:53] /goto imortall
[02/10/2015 22:41:53] /goto imortall
[02/10/2015 22:41:53] /goto imortall
[02/10/2015 22:41:53] /goto imortall
[02/10/2015 22:41:53] /goto imortall
[02/10/2015 22:41:53] /goto imortall
[02/10/2015 22:41:53] /goto imortall
[02/10/2015 22:41:53] /goto imortall
[02/10/2015 22:41:53] /goto imortall
[02/10/2015 22:41:53] /goto imortall
[02/10/2015 22:41:53] /goto imortall
[02/10/2015 22:41:53] /goto imortall
[02/10/2015 22:41:53] /goto imortall
[02/10/2015 22:41:53] /goto imortall
[02/10/2015 22:41:53] /goto imortall
[02/10/2015 22:41:53] /goto imortall
[02/10/2015 22:41:54] /goto imortall
[02/10/2015 22:41:54] /goto imortall
[02/10/2015 22:41:54] /goto imortall
[02/10/2015 22:41:54] /goto imortall
[02/10/2015 22:41:54] /goto imortall
[02/10/2015 22:41:54] /goto imortall
[02/10/2015 22:41:54] /goto imortall
[02/10/2015 22:41:54] /goto imortall
[02/10/2015 22:41:54] /goto imortall
[02/10/2015 22:41:54] /goto imortall
[02/10/2015 22:41:54] /goto imortall
[02/10/2015 22:41:54] /goto imortall
[02/10/2015 22:41:54] /goto imortall
[02/10/2015 22:41:54] /goto imortall
[02/10/2015 22:41:54] /goto imortall
[02/10/2015 22:41:54] /goto imortall
[02/10/2015 22:41:54] /goto imortall
[02/10/2015 22:41:54] /goto imortall
[02/10/2015 22:41:54] /goto imortall
[02/10/2015 22:41:54] /goto imortall
[02/10/2015 22:41:54] /goto imortall
[02/10/2015 22:41:54] /goto imortall
[02/10/2015 22:41:54] /goto imortall
[02/10/2015 22:41:54] /goto imortall
[02/10/2015 22:41:54] /goto imortall
[02/10/2015 22:41:54] /goto imortall
[02/10/2015 22:41:54] /goto imortall
[02/10/2015 22:41:54] /goto imortall
[02/10/2015 22:41:55] /goto imortall
[02/10/2015 22:41:55] /goto imortall
[02/10/2015 22:41:55] /goto imortall
[02/10/2015 22:41:55] /goto imortall
[02/10/2015 22:41:55] /goto imortall
[02/10/2015 22:41:55] /goto imortall
[02/10/2015 22:41:55] /goto imortall
[02/10/2015 22:41:55] /goto imortall
[02/10/2015 22:41:55] /goto imortall
[02/10/2015 22:41:55] /goto imortall
[02/10/2015 22:41:55] /goto imortall
[02/10/2015 22:41:55] /goto imortall
[02/10/2015 22:41:55] /goto imortall
[02/10/2015 22:41:55] /goto imortall
[02/10/2015 22:41:55] /goto imortall
[02/10/2015 22:41:55] /goto imortall
[02/10/2015 22:41:55] /goto imortall
[02/10/2015 22:41:55] /goto imortall
[02/10/2015 22:41:55] /goto imortall
[02/10/2015 22:41:55] /goto imortall
[02/10/2015 22:41:55] /goto imortall
[02/10/2015 22:41:55] /goto imortall
[02/10/2015 22:41:55] /goto imortall
[02/10/2015 22:41:55] /goto imortall
[02/10/2015 22:41:55] /goto imortall
[02/10/2015 22:41:55] /goto imortall
[02/10/2015 22:41:55] /goto imortall
[02/10/2015 22:41:55] /goto imortall
[02/10/2015 22:41:55] /goto imortall
[02/10/2015 22:41:56] /goto imortall
[02/10/2015 22:41:56] /goto imortall
[02/10/2015 22:41:56] /goto imortall
[02/10/2015 22:41:56] /goto imortall
[02/10/2015 22:41:56] /goto imortall
[02/10/2015 22:41:56] /goto imortall
[02/10/2015 22:41:56] /goto imortall
[02/10/2015 22:41:56] /goto imortall
[02/10/2015 22:41:56] /goto imortall
[02/10/2015 22:41:56] /goto imortall
[02/10/2015 22:41:56] /goto imortall
[02/10/2015 22:41:56] /goto imortall
[02/10/2015 22:41:56] /goto imortall
[02/10/2015 22:41:58] /goto imortall
[02/10/2015 22:41:59] /goto imortall
[02/10/2015 22:42:00] /goto imortall
[02/10/2015 22:42:01] /goto imortall
[02/10/2015 22:42:06] /goto imortall
[02/10/2015 22:42:07] /goto imortall
[02/10/2015 22:42:09] /goto imortall
[02/10/2015 22:42:10] /goto imortall
[02/10/2015 22:42:11] /goto imortall
[02/10/2015 22:42:11] /goto imortall
[02/10/2015 22:42:12] /goto imortall
[02/10/2015 22:42:12] /goto imortall
[02/10/2015 22:42:18] /goto imortall
[02/10/2015 22:42:37] /goto imortall
[02/10/2015 22:42:38] /goto imortall
[02/10/2015 22:42:39] /goto imortall
[02/10/2015 22:42:41] /goto imortall
[02/10/2015 22:42:41] /goto imortall
[02/10/2015 22:42:42] /goto imortall
[02/10/2015 22:42:43] /goto imortall
[02/10/2015 22:42:43] /goto imortall
[02/10/2015 22:42:45] /goto imortall
[02/10/2015 22:42:46] /goto imortall
[02/10/2015 22:42:47] /goto imortall
[02/10/2015 22:42:48] /goto imortall
[02/10/2015 22:43:12] /goto sasuke uchiha
[02/10/2015 22:46:07] /a
[02/10/2015 22:46:09] /a
[03/10/2015 08:51:49] /goto imortall
[03/10/2015 08:52:09] /goto imortall
[03/10/2015 08:52:10] /goto imortall
[03/10/2015 08:52:18] /goto imortall
[03/10/2015 08:52:18] /goto imortall
[03/10/2015 08:52:18] /goto imortall
[03/10/2015 08:52:18] /goto imortall
[03/10/2015 08:52:18] /goto imortall
[03/10/2015 08:52:18] /goto imortall
[03/10/2015 08:52:18] /goto imortall
[03/10/2015 08:52:18] /goto imortall
[03/10/2015 08:52:18] /goto imortall
[03/10/2015 08:52:18] /goto imortall
[03/10/2015 08:52:18] /goto imortall
[03/10/2015 08:52:18] /goto imortall
[03/10/2015 08:52:18] /goto imortall
[03/10/2015 08:52:18] /goto imortall
[03/10/2015 08:52:19] /goto imortall
[03/10/2015 08:52:19] /goto imortall
[03/10/2015 08:52:19] /goto imortall
[03/10/2015 08:52:19] /goto imortall
[03/10/2015 08:52:19] /goto imortall
[03/10/2015 08:52:19] /goto imortall
[03/10/2015 08:56:52] /goto sasuke uchiha
[03/10/2015 08:56:56] /m monk
[03/10/2015 08:56:57] /m monk
[03/10/2015 08:56:58] /m monk
[03/10/2015 08:56:58] /m monk
[03/10/2015 08:56:59] /m monk
[03/10/2015 08:56:59] /m monk
[03/10/2015 08:57:00] /m monk
[03/10/2015 08:57:01] /m monk
[03/10/2015 08:57:01] /m monk
[03/10/2015 08:57:02] /m monk
[03/10/2015 08:57:02] /m monk
[03/10/2015 08:57:03] /m monk
[03/10/2015 08:57:04] /m monk
[03/10/2015 08:57:04] /m monk
[03/10/2015 08:57:05] /m monk
[03/10/2015 08:57:23] /m monk
[03/10/2015 08:57:24] /m monk
[03/10/2015 08:57:25] /m monk
[03/10/2015 08:57:25] /m monk
[03/10/2015 08:57:25] /m monk
[03/10/2015 08:57:25] /m monk
[03/10/2015 08:57:25] /m monk
[03/10/2015 08:57:25] /m monk
[03/10/2015 08:57:26] /m monk
[03/10/2015 08:57:26] /m monk
[03/10/2015 08:57:26] /m monk
[03/10/2015 08:57:26] /m monk
[03/10/2015 08:57:26] /m monk
[03/10/2015 08:57:26] /m monk
[03/10/2015 08:57:27] /m monk
[03/10/2015 08:57:27] /m monk
[03/10/2015 08:57:27] /m monk
[03/10/2015 08:57:27] /m monk
[03/10/2015 08:57:27] /m monk
[03/10/2015 08:57:28] /m monk
[03/10/2015 08:57:28] /m monk
[03/10/2015 08:57:28] /m monk
[03/10/2015 08:57:28] /m monk
[03/10/2015 08:57:28] /m monk
[03/10/2015 08:57:28] /m monk
[03/10/2015 08:57:29] /m monk
[03/10/2015 08:57:29] /m monk
[03/10/2015 08:57:29] /m monk
[03/10/2015 08:57:29] /m monk
[03/10/2015 08:57:29] /m monk
[03/10/2015 08:57:30] /m monk
[03/10/2015 08:57:30] /m monk
[03/10/2015 08:57:30] /m monk
[03/10/2015 08:57:30] /m monk
[03/10/2015 08:57:30] /m monk
[03/10/2015 08:57:31] /m monk
[03/10/2015 08:57:31] /m monk
[03/10/2015 08:57:31] /m monk
[03/10/2015 08:57:31] /m monk
[03/10/2015 08:57:31] /m monk
[03/10/2015 08:57:31] /m monk
[03/10/2015 08:57:32] /m monk
[03/10/2015 08:57:32] /m monk
[03/10/2015 08:57:32] /m monk
[03/10/2015 08:57:32] /m monk
[03/10/2015 08:57:32] /m monk
[03/10/2015 08:57:33] /m monk
[03/10/2015 08:57:33] /m monk
[03/10/2015 08:57:33] /m monk
[03/10/2015 08:57:33] /m monk
[03/10/2015 08:57:33] /m monk
[03/10/2015 08:57:33] /m monk
[03/10/2015 08:57:34] /m monk
[03/10/2015 08:57:34] /m monk
[03/10/2015 08:57:34] /m monk
[03/10/2015 08:57:34] /m monk
[03/10/2015 08:57:34] /m monk
[03/10/2015 08:57:35] /m monk
[03/10/2015 08:57:35] /m monk
[03/10/2015 08:57:35] /m monk
[03/10/2015 08:57:35] /m monk
[03/10/2015 08:57:35] /m monk
[03/10/2015 08:57:36] /m monk
[03/10/2015 08:57:36] /m monk
[03/10/2015 08:57:36] /m monk
[03/10/2015 08:57:36] /m monk
[03/10/2015 08:57:37] /m monk
[03/10/2015 08:57:37] /m monk
[03/10/2015 08:57:37] /m monk
[03/10/2015 08:57:37] /m monk
[03/10/2015 08:57:37] /m monk
[03/10/2015 08:57:38] /m monk
[03/10/2015 08:57:38] /m monk
[03/10/2015 08:57:38] /m monk
[03/10/2015 08:57:38] /m monk
[03/10/2015 08:57:38] /m monk
[03/10/2015 08:57:39] /m monk
[03/10/2015 08:57:39] /m monk
[03/10/2015 08:57:39] /m monk
[03/10/2015 08:57:39] /m monk
[03/10/2015 08:57:40] /m monk
[03/10/2015 08:57:40] /m monk
[03/10/2015 08:57:40] /m monk
[03/10/2015 08:57:40] /m monk
[03/10/2015 08:57:40] /m monk
[03/10/2015 08:57:41] /m monk
[03/10/2015 08:57:41] /m monk
[03/10/2015 08:57:41] /m monk
[03/10/2015 08:57:41] /m monk
[03/10/2015 08:57:42] /m monk
[03/10/2015 08:57:42] /m monk
[03/10/2015 08:57:42] /m monk
[03/10/2015 08:57:42] /m monk
[03/10/2015 08:57:43] /m monk
[03/10/2015 08:57:43] /m monk
[03/10/2015 08:57:43] /m monk
[03/10/2015 08:57:43] /m monk
[03/10/2015 08:57:43] /m monk
[03/10/2015 08:57:44] /m monk
[03/10/2015 08:57:44] /m monk
[03/10/2015 08:57:44] /m monk
[03/10/2015 08:57:44] /m monk
[03/10/2015 08:57:45] /m monk
[03/10/2015 08:57:45] /m monk
[03/10/2015 08:57:45] /m monk
[03/10/2015 08:57:45] /m monk
[03/10/2015 08:57:45] /m monk
[03/10/2015 08:57:46] /m monk
[03/10/2015 08:57:46] /m monk
[03/10/2015 08:57:46] /m monk
[03/10/2015 08:57:46] /m monk
[03/10/2015 08:57:47] /m monk
[03/10/2015 08:57:47] /m monk
[03/10/2015 08:57:47] /m monk
[03/10/2015 08:57:47] /m monk
[03/10/2015 08:57:47] /m monk
[03/10/2015 08:57:48] /m monk
[03/10/2015 08:57:48] /m monk
[03/10/2015 08:57:48] /m monk
[03/10/2015 08:57:48] /m monk
[03/10/2015 08:57:49] /m monk
[03/10/2015 08:57:49] /m monk
[03/10/2015 08:57:49] /m monk
[03/10/2015 08:57:49] /m monk
[03/10/2015 08:57:49] /m monk
[03/10/2015 08:57:50] /m monk
[03/10/2015 08:57:50] /m monk
[03/10/2015 08:57:50] /m monk
[03/10/2015 08:57:54] /ghost
[03/10/2015 08:57:59] /goto imortall
[03/10/2015 08:58:02] /m monk
[03/10/2015 08:58:03] /m monk
[03/10/2015 08:58:03] /m monk
[03/10/2015 08:58:03] /m monk
[03/10/2015 08:58:03] /m monk
[03/10/2015 08:58:03] /m monk
[03/10/2015 08:58:03] /m monk
[03/10/2015 08:58:03] /m monk
[03/10/2015 08:58:03] /m monk
[03/10/2015 08:58:03] /m monk
[03/10/2015 08:58:03] /m monk
[03/10/2015 08:58:03] /m monk
[03/10/2015 08:58:03] /m monk
[03/10/2015 08:58:04] /m monk
[03/10/2015 08:58:04] /m monk
[03/10/2015 08:58:04] /m monk
[03/10/2015 08:58:04] /m monk
[03/10/2015 08:58:04] /m monk
[03/10/2015 08:58:04] /m monk
[03/10/2015 08:58:04] /m monk
[03/10/2015 08:58:04] /m monk
[03/10/2015 08:58:04] /m monk
[03/10/2015 08:58:04] /m monk
[03/10/2015 08:58:04] /m monk
[03/10/2015 08:58:04] /m monk
[03/10/2015 08:58:04] /m monk
[03/10/2015 08:58:04] /m monk
[03/10/2015 08:58:04] /m monk
[03/10/2015 08:58:04] /m monk
[03/10/2015 08:58:04] /m monk
[03/10/2015 08:58:04] /m monk
[03/10/2015 08:58:04] /m monk
[03/10/2015 08:58:04] /m monk
[03/10/2015 08:58:04] /m monk
[03/10/2015 08:58:04] /m monk
[03/10/2015 08:58:04] /m monk
[03/10/2015 08:58:04] /m monk
[03/10/2015 08:58:04] /m monk
[03/10/2015 08:58:04] /m monk
[03/10/2015 08:58:04] /m monk
[03/10/2015 08:58:04] /m monk
[03/10/2015 08:58:04] /m monk
[03/10/2015 08:58:04] /m monk
[03/10/2015 08:58:04] /m monk
[03/10/2015 08:58:04] /m monk
[03/10/2015 08:58:04] /m monk
[03/10/2015 08:58:05] /m monk
[03/10/2015 08:58:05] /m monk
[03/10/2015 08:58:05] /m monk
[03/10/2015 08:58:05] /m monk
[03/10/2015 08:58:05] /m monk
[03/10/2015 08:58:05] /m monk
[03/10/2015 08:58:05] /m monk
[03/10/2015 08:58:05] /m monk
[03/10/2015 08:58:05] /m monk
[03/10/2015 08:58:05] /m monk
[03/10/2015 08:58:05] /m monk
[03/10/2015 08:58:05] /m monk
[03/10/2015 08:58:05] /m monk
[03/10/2015 08:58:05] /m monk
[03/10/2015 08:58:05] /m monk
[03/10/2015 08:58:05] /m monk
[03/10/2015 08:58:05] /m monk
[03/10/2015 08:58:05] /m monk
[03/10/2015 08:58:05] /m monk
[03/10/2015 08:58:05] /m monk
[03/10/2015 08:58:05] /m monk
[03/10/2015 08:58:05] /m monk
[03/10/2015 08:58:05] /m monk
[03/10/2015 08:58:05] /m monk
[03/10/2015 08:58:05] /m monk
[03/10/2015 08:58:05] /m monk
[03/10/2015 08:58:06] /m monk
[03/10/2015 08:58:06] /m monk
[03/10/2015 08:58:06] /m monk
[03/10/2015 08:58:06] /m monk
[03/10/2015 08:58:06] /m monk
[03/10/2015 08:58:06] /m monk
[03/10/2015 08:58:06] /m monk
[03/10/2015 08:58:06] /m monk
[03/10/2015 08:58:06] /m monk
[03/10/2015 08:58:06] /m monk
[03/10/2015 08:58:06] /m monk
[03/10/2015 08:58:06] /m monk
[03/10/2015 08:58:06] /m monk
[03/10/2015 08:58:06] /m monk
[03/10/2015 08:58:06] /m monk
[03/10/2015 08:58:06] /m monk
[03/10/2015 08:58:06] /m monk
[03/10/2015 08:58:06] /m monk
[03/10/2015 08:58:06] /m monk
[03/10/2015 08:58:06] /m monk
[03/10/2015 08:58:06] /m monk
[03/10/2015 08:58:06] /m monk
[03/10/2015 08:58:06] /m monk
[03/10/2015 08:58:06] /m monk
[03/10/2015 08:58:06] /m monk
[03/10/2015 08:58:06] /m monk
[03/10/2015 08:58:06] /m monk
[03/10/2015 08:58:06] /m monk
[03/10/2015 08:58:06] /m monk
[03/10/2015 08:58:07] /m monk
[03/10/2015 08:58:07] /m monk
[03/10/2015 08:58:07] /m monk
[03/10/2015 08:58:07] /m monk
[03/10/2015 08:58:07] /m monk
[03/10/2015 08:58:07] /m monk
[03/10/2015 08:58:07] /m monk
[03/10/2015 08:58:07] /m monk
[03/10/2015 08:58:07] /m monk
[03/10/2015 08:58:07] /m monk
[03/10/2015 08:58:07] /m monk
[03/10/2015 08:58:07] /m monk
[03/10/2015 08:58:07] /m monk
[03/10/2015 08:58:07] /m monk
[03/10/2015 08:58:07] /m monk
[03/10/2015 08:58:07] /m monk
[03/10/2015 08:58:07] /m monk
[03/10/2015 08:58:07] /m monk
[03/10/2015 08:58:07] /m monk
[03/10/2015 08:58:07] /m monk
[03/10/2015 08:58:07] /m monk
[03/10/2015 08:58:07] /m monk
[03/10/2015 08:58:07] /m monk
[03/10/2015 08:58:07] /m monk
[03/10/2015 08:58:07] /m monk
[03/10/2015 08:58:07] /m monk
[03/10/2015 08:58:07] /m monk
[03/10/2015 08:58:07] /m monk
[03/10/2015 08:58:07] /m monk
[03/10/2015 08:58:07] /m monk
[03/10/2015 08:58:08] /m monk
[03/10/2015 08:58:08] /m monk
[03/10/2015 08:58:08] /m monk
[03/10/2015 08:58:08] /m monk
[03/10/2015 08:58:08] /m monk
[03/10/2015 08:58:08] /m monk
[03/10/2015 08:58:08] /m monk
[03/10/2015 08:58:08] /m monk
[03/10/2015 08:58:08] /m monk
[03/10/2015 08:58:08] /m monk
[03/10/2015 08:58:08] /m monk
[03/10/2015 08:58:08] /m monk
[03/10/2015 08:58:08] /m monk
[03/10/2015 08:58:08] /m monk
[03/10/2015 08:58:08] /m monk
[03/10/2015 08:58:08] /m monk
[03/10/2015 08:58:08] /m monk
[03/10/2015 08:58:08] /m monk
[03/10/2015 08:58:08] /m monk
[03/10/2015 08:58:08] /m monk
[03/10/2015 08:58:08] /m monk
[03/10/2015 08:58:08] /m monk
[03/10/2015 08:58:08] /m monk
[03/10/2015 08:58:08] /m monk
[03/10/2015 08:58:08] /m monk
[03/10/2015 08:58:08] /m monk
[03/10/2015 08:58:08] /m monk
[03/10/2015 08:58:08] /m monk
[03/10/2015 08:58:09] /m monk
[03/10/2015 08:58:09] /m monk
[03/10/2015 08:58:09] /m monk
[03/10/2015 08:58:09] /m monk
[03/10/2015 08:58:09] /m monk
[03/10/2015 08:58:09] /m monk
[03/10/2015 08:58:09] /m monk
[03/10/2015 08:58:09] /m monk
[03/10/2015 08:58:09] /m monk
[03/10/2015 08:58:09] /m monk
[03/10/2015 08:58:09] /m monk
[03/10/2015 08:58:09] /m monk
[03/10/2015 08:58:09] /m monk
[03/10/2015 08:58:09] /m monk
[03/10/2015 08:58:09] /m monk
[03/10/2015 08:58:09] /m monk
[03/10/2015 08:58:09] /m monk
[03/10/2015 08:58:09] /m monk
[03/10/2015 08:58:09] /m monk
[03/10/2015 08:58:09] /m monk
[03/10/2015 08:58:09] /m monk
[03/10/2015 08:58:09] /m monk
[03/10/2015 08:58:09] /m monk
[03/10/2015 08:58:09] /m monk
[03/10/2015 08:58:09] /m monk
[03/10/2015 08:58:10] /m monk
[03/10/2015 08:58:10] /m monk
[03/10/2015 08:58:10] /m monk
[03/10/2015 08:58:10] /m monk
[03/10/2015 08:58:10] /m monk
[03/10/2015 08:58:10] /m monk
[03/10/2015 08:58:10] /m monk
[03/10/2015 08:58:10] /m monk
[03/10/2015 08:58:10] /m monk
[03/10/2015 08:58:10] /m monk
[03/10/2015 08:58:10] /m monk
[03/10/2015 08:58:10] /m monk
[03/10/2015 08:58:10] /m monk
[03/10/2015 08:58:10] /m monk
[03/10/2015 08:58:10] /m monk
[03/10/2015 08:58:10] /m monk
[03/10/2015 08:58:10] /m monk
[03/10/2015 08:58:10] /m monk
[03/10/2015 08:58:10] /m monk
[03/10/2015 08:58:10] /m monk
[03/10/2015 08:58:10] /m monk
[03/10/2015 08:58:10] /m monk
[03/10/2015 08:58:10] /m monk
[03/10/2015 08:58:10] /m monk
[03/10/2015 08:58:10] /m monk
[03/10/2015 08:58:10] /m monk
[03/10/2015 08:58:10] /m monk
[03/10/2015 08:58:10] /m monk
[03/10/2015 08:58:10] /m monk
[03/10/2015 08:58:10] /m monk
[03/10/2015 08:58:10] /m monk
[03/10/2015 08:58:10] /m monk
[03/10/2015 08:58:11] /m monk
[03/10/2015 08:58:11] /m monk
[03/10/2015 08:58:11] /m monk
[03/10/2015 08:58:11] /m monk
[03/10/2015 08:58:11] /m monk
[03/10/2015 08:58:11] /m monk
[03/10/2015 08:58:11] /m monk
[03/10/2015 08:58:11] /m monk
[03/10/2015 08:58:11] /m monk
[03/10/2015 08:58:11] /m monk
[03/10/2015 08:58:11] /m monk
[03/10/2015 08:58:11] /m monk
[03/10/2015 08:58:11] /m monk
[03/10/2015 08:58:11] /m monk
[03/10/2015 08:58:11] /m monk
[03/10/2015 08:58:11] /m monk
[03/10/2015 08:58:11] /m monk
[03/10/2015 08:58:11] /m monk
[03/10/2015 08:58:11] /m monk
[03/10/2015 08:58:11] /m monk
[03/10/2015 08:58:11] /m monk
[03/10/2015 08:58:11] /m monk
[03/10/2015 08:58:11] /m monk
[03/10/2015 08:58:11] /m monk
[03/10/2015 08:58:11] /m monk
[03/10/2015 08:58:11] /m monk
[03/10/2015 08:58:11] /m monk
[03/10/2015 08:58:11] /m monk
[03/10/2015 08:58:11] /m monk
[03/10/2015 08:58:12] /m monk
[03/10/2015 08:58:13] /goto imortall
[03/10/2015 08:58:13] /m monk
[03/10/2015 08:58:14] /m monk
[03/10/2015 08:58:14] /m monk
[03/10/2015 08:58:14] /m monk
[03/10/2015 08:58:14] /m monk
[03/10/2015 08:58:14] /m monk
[03/10/2015 08:58:14] /m monk
[03/10/2015 08:58:14] /m monk
[03/10/2015 08:58:14] /m monk
[03/10/2015 08:58:14] /m monk
[03/10/2015 08:58:14] /m monk
[03/10/2015 08:58:14] /m monk
[03/10/2015 08:58:14] /m monk
[03/10/2015 08:58:14] /m monk
[03/10/2015 08:58:14] /m monk
[03/10/2015 08:58:14] /m monk
[03/10/2015 08:58:14] /m monk
[03/10/2015 08:58:14] /m monk
[03/10/2015 08:58:14] /m monk
[03/10/2015 08:58:14] /m monk
[03/10/2015 08:58:14] /m monk
[03/10/2015 08:58:14] /m monk
[03/10/2015 08:58:14] /m monk
[03/10/2015 08:58:14] /m monk
[03/10/2015 08:58:14] /m monk
[03/10/2015 08:58:15] /m monk
[03/10/2015 08:58:15] /m monk
[03/10/2015 08:58:15] /m monk
[03/10/2015 08:58:15] /m monk
[03/10/2015 08:58:15] /m monk
[03/10/2015 08:58:15] /m monk
[03/10/2015 08:58:15] /m monk
[03/10/2015 08:58:15] /m monk
[03/10/2015 08:58:15] /m monk
[03/10/2015 08:58:15] /m monk
[03/10/2015 08:58:15] /m monk
[03/10/2015 08:58:15] /m monk
[03/10/2015 08:58:15] /m monk
[03/10/2015 08:58:17] /m monk
[03/10/2015 08:58:17] /m monk
[03/10/2015 08:58:17] /m monk
[03/10/2015 08:58:17] /m monk
[03/10/2015 08:58:17] /m monk
[03/10/2015 08:58:17] /m monk
[03/10/2015 08:58:17] /m monk
[03/10/2015 08:58:17] /m monk
[03/10/2015 08:58:17] /m monk
[03/10/2015 08:58:17] /m monk
[03/10/2015 08:58:17] /m monk
[03/10/2015 08:58:17] /m monk
[03/10/2015 08:58:17] /m monk
[03/10/2015 08:58:17] /m monk
[03/10/2015 08:58:17] /m monk
[03/10/2015 08:58:17] /m monk
[03/10/2015 08:58:17] /m monk
[03/10/2015 08:58:17] /m monk
[03/10/2015 08:58:17] /m monk
[03/10/2015 08:58:17] /m monk
[03/10/2015 08:58:17] /m monk
[03/10/2015 08:58:17] /m monk
[03/10/2015 08:58:17] /m monk
[03/10/2015 08:58:17] /m monk
[03/10/2015 08:58:17] /m monk
[03/10/2015 08:58:17] /m monk
[03/10/2015 08:58:17] /m monk
[03/10/2015 08:58:17] /m monk
[03/10/2015 08:58:17] /m monk
[03/10/2015 08:58:17] /goto imortall
[03/10/2015 08:58:17] /m monk
[03/10/2015 08:58:17] /goto imortall
[03/10/2015 08:58:18] /goto imortall
[03/10/2015 08:58:18] /goto imortall
[03/10/2015 08:58:18] /goto imortall
[03/10/2015 08:58:18] /goto imortall
[03/10/2015 08:58:19] /goto imortall
[03/10/2015 08:58:19] /goto imortall
[03/10/2015 08:58:22] /goto imortall
[03/10/2015 08:58:22] /m monk
[03/10/2015 08:58:23] /m monk
[03/10/2015 08:58:23] /m monk
[03/10/2015 08:58:23] /m monk
[03/10/2015 08:58:23] /m monk
[03/10/2015 08:58:23] /m monk
[03/10/2015 08:58:23] /m monk
[03/10/2015 08:58:23] /m monk
[03/10/2015 08:58:23] /m monk
[03/10/2015 08:58:23] /m monk
[03/10/2015 08:58:23] /m monk
[03/10/2015 08:58:23] /m monk
[03/10/2015 08:58:23] /m monk
[03/10/2015 08:58:23] /m monk
[03/10/2015 08:58:23] /m monk
[03/10/2015 08:58:23] /m monk
[03/10/2015 08:58:24] /m monk
[03/10/2015 08:58:24] /m monk
[03/10/2015 08:58:24] /m monk
[03/10/2015 08:58:24] /m monk
[03/10/2015 08:58:24] /m monk
[03/10/2015 08:58:24] /m monk
[03/10/2015 08:58:24] /m monk
[03/10/2015 08:58:24] /m monk
[03/10/2015 08:58:24] /m monk
[03/10/2015 08:58:24] /m monk
[03/10/2015 08:58:24] /m monk
[03/10/2015 08:58:24] /m monk
[03/10/2015 08:58:24] /m monk
[03/10/2015 08:58:24] /m monk
[03/10/2015 08:58:24] /m monk
[03/10/2015 08:58:24] /m monk
[03/10/2015 08:58:24] /m monk
[03/10/2015 08:58:24] /m monk
[03/10/2015 08:58:24] /m monk
[03/10/2015 08:58:24] /m monk
[03/10/2015 08:58:24] /m monk
[03/10/2015 08:58:24] /m monk
[03/10/2015 08:58:24] /m monk
[03/10/2015 08:58:24] /m monk
[03/10/2015 08:58:24] /m monk
[03/10/2015 08:58:24] /m monk
[03/10/2015 08:58:24] /m monk
[03/10/2015 08:58:24] /m monk
[03/10/2015 08:58:24] /m monk
[03/10/2015 08:58:25] /m monk
[03/10/2015 08:58:25] /m monk
[03/10/2015 08:58:25] /m monk
[03/10/2015 08:58:25] /m monk
[03/10/2015 08:58:25] /m monk
[03/10/2015 08:58:25] /m monk
[03/10/2015 08:58:25] /m monk
[03/10/2015 08:58:25] /m monk
[03/10/2015 08:58:25] /m monk
[03/10/2015 08:58:25] /m monk
[03/10/2015 08:58:25] /m monk
[03/10/2015 08:58:25] /m monk
[03/10/2015 08:58:25] /m monk
[03/10/2015 08:58:25] /m monk
[03/10/2015 08:58:25] /m monk
[03/10/2015 08:58:25] /m monk
[03/10/2015 08:58:25] /m monk
[03/10/2015 08:58:25] /m monk
[03/10/2015 08:58:25] /m monk
[03/10/2015 08:58:25] /m monk
[03/10/2015 08:58:25] /m monk
[03/10/2015 08:58:25] /m monk
[03/10/2015 08:58:25] /m monk
[03/10/2015 08:58:25] /m monk
[03/10/2015 08:58:25] /m monk
[03/10/2015 08:58:25] /m monk
[03/10/2015 08:58:25] /m monk
[03/10/2015 08:58:25] /m monk
[03/10/2015 08:58:25] /m monk
[03/10/2015 08:58:25] /m monk
[03/10/2015 08:58:26] /m monk
[03/10/2015 08:58:26] /m monk
[03/10/2015 08:58:26] /m monk
[03/10/2015 08:58:26] /m monk
[03/10/2015 08:58:26] /m monk
[03/10/2015 08:58:26] /m monk
[03/10/2015 08:58:26] /m monk
[03/10/2015 08:58:26] /m monk
[03/10/2015 08:58:26] /m monk
[03/10/2015 08:58:26] /m monk
[03/10/2015 08:58:26] /m monk
[03/10/2015 08:58:26] /m monk
[03/10/2015 08:58:26] /m monk
[03/10/2015 08:58:26] /m monk
[03/10/2015 08:58:26] /m monk
[03/10/2015 08:58:26] /m monk
[03/10/2015 08:58:26] /m monk
[03/10/2015 08:58:26] /m monk
[03/10/2015 08:58:26] /m monk
[03/10/2015 08:58:26] /m monk
[03/10/2015 08:58:26] /m monk
[03/10/2015 08:58:26] /m monk
[03/10/2015 08:58:26] /m monk
[03/10/2015 08:58:26] /m monk
[03/10/2015 08:58:26] /m monk
[03/10/2015 08:58:26] /m monk
[03/10/2015 08:58:26] /m monk
[03/10/2015 08:58:27] /m monk
[03/10/2015 08:58:27] /m monk
[03/10/2015 08:58:27] /m monk
[03/10/2015 08:58:27] /m monk
[03/10/2015 08:58:27] /m monk
[03/10/2015 08:58:27] /m monk
[03/10/2015 08:58:27] /m monk
[03/10/2015 08:58:27] /m monk
[03/10/2015 08:58:27] /m monk
[03/10/2015 08:58:27] /m monk
[03/10/2015 08:58:27] /m monk
[03/10/2015 08:58:27] /m monk
[03/10/2015 08:58:27] /m monk
[03/10/2015 08:58:27] /m monk
[03/10/2015 08:58:27] /m monk
[03/10/2015 08:58:27] /m monk
[03/10/2015 08:58:27] /m monk
[03/10/2015 08:58:27] /m monk
[03/10/2015 08:58:27] /m monk
[03/10/2015 08:58:27] /m monk
[03/10/2015 08:58:27] /m monk
[03/10/2015 08:58:27] /m monk
[03/10/2015 08:58:27] /m monk
[03/10/2015 08:58:27] /m monk
[03/10/2015 08:58:27] /m monk
[03/10/2015 08:58:27] /m monk
[03/10/2015 08:58:27] /m monk
[03/10/2015 08:58:27] /m monk
[03/10/2015 08:58:27] /m monk
[03/10/2015 08:58:28] /m monk
[03/10/2015 08:58:28] /m monk
[03/10/2015 08:58:28] /m monk
[03/10/2015 08:58:28] /m monk
[03/10/2015 08:58:28] /m monk
[03/10/2015 08:58:28] /m monk
[03/10/2015 08:58:28] /m monk
[03/10/2015 08:58:28] /m monk
[03/10/2015 08:58:28] /m monk
[03/10/2015 08:58:28] /m monk
[03/10/2015 08:58:28] /m monk
[03/10/2015 08:58:28] /m monk
[03/10/2015 08:58:28] /m monk
[03/10/2015 08:58:28] /m monk
[03/10/2015 08:58:28] /m monk
[03/10/2015 08:58:28] /m monk
[03/10/2015 08:58:28] /m monk
[03/10/2015 08:58:28] /m monk
[03/10/2015 08:58:28] /m monk
[03/10/2015 08:58:28] /m monk
[03/10/2015 08:58:28] /m monk
[03/10/2015 08:58:28] /m monk
[03/10/2015 08:58:28] /m monk
[03/10/2015 08:58:28] /m monk
[03/10/2015 08:58:28] /m monk
[03/10/2015 08:58:28] /m monk
[03/10/2015 08:58:28] /m monk
[03/10/2015 08:58:29] /m monk
[03/10/2015 08:58:29] /m monk
[03/10/2015 08:58:29] /m monk
[03/10/2015 08:58:29] /m monk
[03/10/2015 08:58:29] /m monk
[03/10/2015 08:58:29] /m monk
[03/10/2015 08:58:29] /m monk
[03/10/2015 08:58:29] /m monk
[03/10/2015 08:58:29] /m monk
[03/10/2015 08:58:29] /m monk
[03/10/2015 08:58:29] /m monk
[03/10/2015 08:58:29] /m monk
[03/10/2015 08:58:29] /m monk
[03/10/2015 08:58:29] /m monk
[03/10/2015 08:58:29] /m monk
[03/10/2015 08:58:29] /m monk
[03/10/2015 08:58:29] /m monk
[03/10/2015 08:58:29] /m monk
[03/10/2015 08:58:29] /m monk
[03/10/2015 08:58:29] /m monk
[03/10/2015 08:58:29] /m monk
[03/10/2015 08:58:29] /m monk
[03/10/2015 08:58:29] /m monk
[03/10/2015 08:58:29] /m monk
[03/10/2015 08:58:29] /m monk
[03/10/2015 08:58:29] /m monk
[03/10/2015 08:58:30] /m monk
[03/10/2015 08:58:30] /m monk
[03/10/2015 08:58:30] /m monk
[03/10/2015 08:58:30] /m monk
[03/10/2015 08:58:30] /m monk
[03/10/2015 08:58:30] /m monk
[03/10/2015 08:58:30] /m monk
[03/10/2015 08:58:30] /m monk
[03/10/2015 08:58:30] /m monk
[03/10/2015 08:58:30] /m monk
[03/10/2015 08:58:30] /m monk
[03/10/2015 08:58:30] /m monk
[03/10/2015 08:58:30] /m monk
[03/10/2015 08:58:30] /m monk
[03/10/2015 08:58:30] /m monk
[03/10/2015 08:58:30] /m monk
[03/10/2015 08:58:30] /m monk
[03/10/2015 08:58:30] /m monk
[03/10/2015 08:58:30] /m monk
[03/10/2015 08:58:30] /m monk
[03/10/2015 08:58:30] /m monk
[03/10/2015 08:58:30] /m monk
[03/10/2015 08:58:30] /m monk
[03/10/2015 08:58:30] /m monk
[03/10/2015 08:58:30] /m monk
[03/10/2015 08:58:30] /m monk
[03/10/2015 08:58:30] /m monk
[03/10/2015 08:58:30] /m monk
[03/10/2015 08:58:30] /m monk
[03/10/2015 08:58:31] /m monk
[03/10/2015 08:58:31] /m monk
[03/10/2015 08:58:31] /m monk
[03/10/2015 08:58:31] /m monk
[03/10/2015 08:58:31] /m monk
[03/10/2015 08:58:31] /m monk
[03/10/2015 08:58:31] /m monk
[03/10/2015 08:58:31] /m monk
[03/10/2015 08:58:31] /m monk
[03/10/2015 08:58:31] /m monk
[03/10/2015 08:58:31] /m monk
[03/10/2015 08:58:31] /m monk
[03/10/2015 08:58:31] /m monk
[03/10/2015 08:58:31] /m monk
[03/10/2015 08:58:31] /m monk
[03/10/2015 08:58:31] /m monk
[03/10/2015 08:58:31] /m monk
[03/10/2015 08:58:31] /m monk
[03/10/2015 08:58:31] /m monk
[03/10/2015 08:58:31] /m monk
[03/10/2015 08:58:31] /m monk
[03/10/2015 08:58:31] /m monk
[03/10/2015 08:58:31] /m monk
[03/10/2015 08:58:31] /m monk
[03/10/2015 08:58:31] /m monk
[03/10/2015 08:58:31] /m monk
[03/10/2015 08:58:31] /m monk
[03/10/2015 08:58:31] /m monk
[03/10/2015 08:58:31] /m monk
[03/10/2015 08:58:31] /m monk
[03/10/2015 08:58:31] /m monk
[03/10/2015 08:58:32] /m monk
[03/10/2015 08:58:32] /m monk
[03/10/2015 08:58:32] /m monk
[03/10/2015 08:58:32] /m monk
[03/10/2015 08:58:32] /m monk
[03/10/2015 08:58:32] /m monk
[03/10/2015 08:58:32] /m monk
[03/10/2015 08:58:32] /m monk
[03/10/2015 08:58:32] /m monk
[03/10/2015 08:58:32] /m monk
[03/10/2015 08:58:32] /m monk
[03/10/2015 08:58:32] /m monk
[03/10/2015 08:58:32] /m monk
[03/10/2015 08:58:32] /m monk
[03/10/2015 08:58:32] /m monk
[03/10/2015 08:58:32] /m monk
[03/10/2015 08:58:32] /m monk
[03/10/2015 08:58:32] /m monk
[03/10/2015 08:58:32] /m monk
[03/10/2015 08:58:32] /m monk
[03/10/2015 08:58:32] /m monk
[03/10/2015 08:58:32] /m monk
[03/10/2015 08:58:32] /m monk
[03/10/2015 08:58:32] /m monk
[03/10/2015 08:58:32] /m monk
[03/10/2015 08:58:32] /m monk
[03/10/2015 08:58:32] /m monk
[03/10/2015 08:58:32] /m monk
[03/10/2015 08:58:33] /m monk
[03/10/2015 08:58:33] /m monk
[03/10/2015 08:58:33] /m monk
[03/10/2015 08:58:33] /m monk
[03/10/2015 08:58:33] /m monk
[03/10/2015 08:58:33] /m monk
[03/10/2015 08:58:33] /m monk
[03/10/2015 08:58:33] /m monk
[03/10/2015 08:58:33] /m monk
[03/10/2015 08:58:33] /m monk
[03/10/2015 08:58:33] /m monk
[03/10/2015 08:58:33] /m monk
[03/10/2015 08:58:33] /m monk
[03/10/2015 08:58:33] /m monk
[03/10/2015 08:58:33] /m monk
[03/10/2015 08:58:33] /m monk
[03/10/2015 08:58:33] /m monk
[03/10/2015 08:58:33] /m monk
[03/10/2015 08:58:33] /m monk
[03/10/2015 08:58:33] /m monk
[03/10/2015 08:58:33] /m monk
[03/10/2015 08:58:33] /m monk
[03/10/2015 08:58:33] /m monk
[03/10/2015 08:58:33] /m monk
[03/10/2015 08:58:33] /m monk
[03/10/2015 08:58:33] /m monk
[03/10/2015 08:58:33] /m monk
[03/10/2015 08:58:33] /m monk
[03/10/2015 08:58:34] /m monk
[03/10/2015 08:58:34] /m monk
[03/10/2015 08:58:34] /m monk
[03/10/2015 08:58:34] /m monk
[03/10/2015 08:58:34] /m monk
[03/10/2015 08:58:34] /m monk
[03/10/2015 08:58:34] /m monk
[03/10/2015 08:58:34] /m monk
[03/10/2015 08:58:34] /m monk
[03/10/2015 08:58:34] /m monk
[03/10/2015 08:58:34] /m monk
[03/10/2015 08:58:34] /m monk
[03/10/2015 08:58:34] /m monk
[03/10/2015 08:58:34] /m monk
[03/10/2015 08:58:34] /m monk
[03/10/2015 08:58:34] /m monk
[03/10/2015 08:59:09] /m monk
[03/10/2015 08:59:09] /m monk
[03/10/2015 08:59:09] /m monk
[03/10/2015 08:59:09] /m monk
[03/10/2015 08:59:09] /m monk
[03/10/2015 08:59:09] /m monk
[03/10/2015 08:59:09] /m monk
[03/10/2015 08:59:09] /m monk
[03/10/2015 08:59:09] /m monk
[03/10/2015 08:59:09] /m monk
[03/10/2015 08:59:09] /m monk
[03/10/2015 08:59:09] /m monk
[03/10/2015 08:59:10] /m monk
[03/10/2015 08:59:10] /m monk
[03/10/2015 08:59:10] /m monk
[03/10/2015 08:59:10] /m monk
[03/10/2015 08:59:10] /m monk
[03/10/2015 08:59:10] /m monk
[03/10/2015 08:59:10] /m monk
[03/10/2015 08:59:10] /m monk
[03/10/2015 08:59:10] /m monk
[03/10/2015 08:59:10] /m monk
[03/10/2015 08:59:10] /m monk
[03/10/2015 08:59:10] /m monk
[03/10/2015 08:59:10] /m monk
[03/10/2015 08:59:10] /m monk
[03/10/2015 08:59:10] /m monk
[03/10/2015 08:59:10] /m monk
[03/10/2015 08:59:10] /m monk
[03/10/2015 08:59:10] /m monk
[03/10/2015 08:59:10] /m monk
[03/10/2015 08:59:10] /m monk
[03/10/2015 08:59:10] /m monk
[03/10/2015 08:59:10] /m monk
[03/10/2015 08:59:10] /m monk
[03/10/2015 08:59:10] /m monk
[03/10/2015 08:59:11] /m monk
[03/10/2015 08:59:11] /m monk
[03/10/2015 08:59:11] /m monk
[03/10/2015 08:59:11] /m monk
[03/10/2015 08:59:11] /m monk
[03/10/2015 08:59:11] /m monk
[03/10/2015 08:59:12] /m monk
[03/10/2015 08:59:12] /m monk
[03/10/2015 08:59:12] /m monk
[03/10/2015 08:59:12] /m monk
[03/10/2015 08:59:12] /m monk
[03/10/2015 08:59:12] /m monk
[03/10/2015 08:59:12] /m monk
[03/10/2015 08:59:12] /m monk
[03/10/2015 08:59:12] /m monk
[03/10/2015 08:59:12] /m monk
[03/10/2015 08:59:12] /m monk
[03/10/2015 08:59:12] /m monk
[03/10/2015 08:59:12] /m monk
[03/10/2015 08:59:12] /m monk
[03/10/2015 08:59:12] /m monk
[03/10/2015 08:59:12] /m monk
[03/10/2015 08:59:12] /m monk
[03/10/2015 08:59:12] /m monk
[03/10/2015 08:59:12] /m monk
[03/10/2015 08:59:12] /m monk
[03/10/2015 08:59:12] /m monk
[03/10/2015 08:59:12] /m monk
[03/10/2015 08:59:12] /m monk
[03/10/2015 08:59:12] /m monk
[03/10/2015 08:59:12] /m monk
[03/10/2015 08:59:12] /m monk
[03/10/2015 08:59:12] /m monk
[03/10/2015 08:59:13] /m monk
[03/10/2015 08:59:13] /m monk
[03/10/2015 08:59:13] /m monk
[03/10/2015 08:59:13] /m monk
[03/10/2015 08:59:13] /m monk
[03/10/2015 08:59:13] /m monk
[03/10/2015 08:59:13] /m monk
[03/10/2015 08:59:13] /m monk
[03/10/2015 08:59:14] /m monk
[03/10/2015 08:59:14] /m monk
[03/10/2015 08:59:18] /goto imortall
[03/10/2015 08:59:20] /addskill Imortall, level
[03/10/2015 08:59:20] /addskill Imortall, level
[03/10/2015 08:59:20] /addskill Imortall, level
[03/10/2015 08:59:20] /addskill Imortall, level
[03/10/2015 08:59:20] /goto imortall
[03/10/2015 08:59:21] /m monk
[03/10/2015 08:59:21] /m monk
[03/10/2015 08:59:21] /m monk
[03/10/2015 08:59:22] /m monk
[03/10/2015 08:59:22] /m monk
[03/10/2015 08:59:22] /m monk
[03/10/2015 08:59:22] /m monk
[03/10/2015 08:59:22] /m monk
[03/10/2015 08:59:22] /m monk
[03/10/2015 08:59:22] /m monk
[03/10/2015 08:59:22] /m monk
[03/10/2015 08:59:22] /m monk
[03/10/2015 08:59:22] /m monk
[03/10/2015 08:59:22] /m monk
[03/10/2015 08:59:22] /m monk
[03/10/2015 08:59:22] /m monk
[03/10/2015 08:59:22] /m monk
[03/10/2015 08:59:22] /m monk
[03/10/2015 08:59:22] /m monk
[03/10/2015 08:59:22] /m monk
[03/10/2015 08:59:22] /m monk
[03/10/2015 08:59:22] /m monk
[03/10/2015 08:59:22] /m monk
[03/10/2015 08:59:22] /m monk
[03/10/2015 08:59:22] /m monk
[03/10/2015 08:59:22] /m monk
[03/10/2015 08:59:22] /m monk
[03/10/2015 08:59:22] /m monk
[03/10/2015 08:59:22] /m monk
[03/10/2015 08:59:22] /m monk
[03/10/2015 08:59:22] /m monk
[03/10/2015 08:59:22] /m monk
[03/10/2015 08:59:23] /m monk
[03/10/2015 08:59:23] /m monk
[03/10/2015 08:59:23] /m monk
[03/10/2015 08:59:23] /m monk
[03/10/2015 08:59:23] /m monk
[03/10/2015 08:59:23] /m monk
[03/10/2015 08:59:23] /m monk
[03/10/2015 08:59:23] /m monk
[03/10/2015 08:59:23] /m monk
[03/10/2015 08:59:23] /m monk
[03/10/2015 08:59:23] /m monk
[03/10/2015 08:59:23] /m monk
[03/10/2015 08:59:23] /m monk
[03/10/2015 08:59:23] /m monk
[03/10/2015 08:59:23] /m monk
[03/10/2015 08:59:23] /m monk
[03/10/2015 08:59:23] /m monk
[03/10/2015 08:59:23] /m monk
[03/10/2015 08:59:23] /m monk
[03/10/2015 08:59:23] /m monk
[03/10/2015 08:59:23] /m monk
[03/10/2015 08:59:23] /m monk
[03/10/2015 08:59:23] /m monk
[03/10/2015 08:59:24] /m monk
[03/10/2015 08:59:24] /m monk
[03/10/2015 08:59:24] /m monk
[03/10/2015 08:59:24] /m monk
[03/10/2015 08:59:24] /m monk
[03/10/2015 08:59:24] /m monk
[03/10/2015 08:59:24] /m monk
[03/10/2015 08:59:24] /m monk
[03/10/2015 08:59:24] /m monk
[03/10/2015 08:59:24] /m monk
[03/10/2015 08:59:24] /m monk
[03/10/2015 08:59:24] /m monk
[03/10/2015 08:59:24] /m monk
[03/10/2015 08:59:24] /m monk
[03/10/2015 08:59:24] /m monk
[03/10/2015 08:59:24] /m monk
[03/10/2015 08:59:24] /m monk
[03/10/2015 08:59:24] /m monk
[03/10/2015 08:59:24] /m monk
[03/10/2015 08:59:24] /m monk
[03/10/2015 08:59:24] /m monk
[03/10/2015 08:59:24] /m monk
[03/10/2015 08:59:24] /m monk
[03/10/2015 08:59:24] /m monk
[03/10/2015 08:59:24] /m monk
[03/10/2015 08:59:24] /m monk
[03/10/2015 08:59:24] /m monk
[03/10/2015 08:59:24] /m monk
[03/10/2015 08:59:24] /m monk
[03/10/2015 08:59:24] /m monk
[03/10/2015 08:59:24] /m monk
[03/10/2015 08:59:24] /m monk
[03/10/2015 08:59:24] /m monk
[03/10/2015 08:59:24] /m monk
[03/10/2015 08:59:25] /m monk
[03/10/2015 08:59:25] /m monk
[03/10/2015 08:59:25] /m monk
[03/10/2015 08:59:25] /m monk
[03/10/2015 08:59:25] /m monk
[03/10/2015 08:59:25] /m monk
[03/10/2015 08:59:25] /m monk
[03/10/2015 08:59:25] /m monk
[03/10/2015 08:59:25] /m monk
[03/10/2015 08:59:25] /m monk
[03/10/2015 08:59:25] /m monk
[03/10/2015 08:59:25] /m monk
[03/10/2015 08:59:25] /m monk
[03/10/2015 08:59:25] /m monk
[03/10/2015 08:59:25] /m monk
[03/10/2015 08:59:25] /m monk
[03/10/2015 08:59:25] /m monk
[03/10/2015 08:59:25] /m monk
[03/10/2015 08:59:25] /m monk
[03/10/2015 08:59:25] /m monk
[03/10/2015 08:59:25] /m monk
[03/10/2015 08:59:25] /m monk
[03/10/2015 08:59:25] /m monk
[03/10/2015 08:59:25] /m monk
[03/10/2015 08:59:25] /m monk
[03/10/2015 08:59:25] /m monk
[03/10/2015 08:59:25] /m monk
[03/10/2015 08:59:25] /m monk
[03/10/2015 08:59:25] /m monk
[03/10/2015 08:59:26] /m monk
[03/10/2015 08:59:26] /m monk
[03/10/2015 08:59:26] /m monk
[03/10/2015 08:59:26] /m monk
[03/10/2015 08:59:26] /m monk
[03/10/2015 08:59:26] /m monk
[03/10/2015 08:59:26] /m monk
[03/10/2015 08:59:26] /m monk
[03/10/2015 08:59:26] /m monk
[03/10/2015 08:59:26] /m monk
[03/10/2015 08:59:26] /m monk
[03/10/2015 08:59:26] /m monk
[03/10/2015 08:59:26] /m monk
[03/10/2015 08:59:26] /m monk
[03/10/2015 08:59:26] /m monk
[03/10/2015 08:59:26] /m monk
[03/10/2015 08:59:26] /m monk
[03/10/2015 08:59:26] /m monk
[03/10/2015 08:59:26] /m monk
[03/10/2015 08:59:26] /m monk
[03/10/2015 08:59:26] /m monk
[03/10/2015 08:59:26] /m monk
[03/10/2015 08:59:26] /m monk
[03/10/2015 08:59:26] /m monk
[03/10/2015 08:59:26] /m monk
[03/10/2015 08:59:26] /m monk
[03/10/2015 08:59:26] /m monk
[03/10/2015 08:59:26] /m monk
[03/10/2015 08:59:26] /m monk
[03/10/2015 08:59:26] /m monk
[03/10/2015 08:59:27] /m monk
[03/10/2015 08:59:27] /m monk
[03/10/2015 08:59:27] /m monk
[03/10/2015 08:59:27] /m monk
[03/10/2015 08:59:27] /m monk
[03/10/2015 08:59:27] /m monk
[03/10/2015 08:59:27] /m monk
[03/10/2015 08:59:27] /m monk
[03/10/2015 08:59:27] /m monk
[03/10/2015 08:59:27] /m monk
[03/10/2015 08:59:27] /m monk
[03/10/2015 08:59:27] /m monk
[03/10/2015 08:59:27] /m monk
[03/10/2015 08:59:27] /m monk
[03/10/2015 08:59:27] /m monk
[03/10/2015 08:59:27] /m monk
[03/10/2015 08:59:27] /m monk
[03/10/2015 08:59:27] /m monk
[03/10/2015 08:59:27] /m monk
[03/10/2015 08:59:27] /m monk
[03/10/2015 08:59:27] /m monk
[03/10/2015 08:59:27] /m monk
[03/10/2015 08:59:28] /m monk
[03/10/2015 08:59:28] /m monk
[03/10/2015 08:59:28] /m monk
[03/10/2015 08:59:28] /m monk
[03/10/2015 08:59:28] /m monk
[03/10/2015 08:59:28] /m monk
[03/10/2015 08:59:28] /m monk
[03/10/2015 08:59:28] /m monk
[03/10/2015 08:59:28] /m monk
[03/10/2015 08:59:28] /m monk
[03/10/2015 08:59:28] /m monk
[03/10/2015 08:59:28] /m monk
[03/10/2015 08:59:28] /m monk
[03/10/2015 08:59:28] /m monk
[03/10/2015 08:59:28] /m monk
[03/10/2015 08:59:28] /m monk
[03/10/2015 08:59:28] /m monk
[03/10/2015 08:59:28] /m monk
[03/10/2015 08:59:28] /m monk
[03/10/2015 08:59:28] /m monk
[03/10/2015 08:59:28] /m monk
[03/10/2015 08:59:28] /m monk
[03/10/2015 08:59:28] /m monk
[03/10/2015 08:59:28] /m monk
[03/10/2015 08:59:28] /m monk
[03/10/2015 08:59:28] /m monk
[03/10/2015 08:59:28] /m monk
[03/10/2015 08:59:28] /m monk
[03/10/2015 08:59:28] /m monk
[03/10/2015 08:59:28] /m monk
[03/10/2015 08:59:28] /m monk
[03/10/2015 08:59:28] /m monk
[03/10/2015 08:59:28] /m monk
[03/10/2015 08:59:28] /m monk
[03/10/2015 08:59:29] /m monk
[03/10/2015 08:59:29] /m monk
[03/10/2015 08:59:29] /m monk
[03/10/2015 08:59:29] /m monk
[03/10/2015 08:59:29] /m monk
[03/10/2015 08:59:29] /m monk
[03/10/2015 08:59:29] /m monk
[03/10/2015 08:59:29] /m monk
[03/10/2015 08:59:29] /m monk
[03/10/2015 08:59:29] /m monk
[03/10/2015 08:59:29] /m monk
[03/10/2015 08:59:29] /m monk
[03/10/2015 08:59:29] /m monk
[03/10/2015 08:59:29] /m monk
[03/10/2015 08:59:29] /m monk
[03/10/2015 08:59:29] /m monk
[03/10/2015 08:59:29] /m monk
[03/10/2015 08:59:29] /m monk
[03/10/2015 08:59:29] /m monk
[03/10/2015 08:59:29] /m monk
[03/10/2015 08:59:29] /m monk
[03/10/2015 08:59:29] /m monk
[03/10/2015 08:59:29] /m monk
[03/10/2015 08:59:29] /m monk
[03/10/2015 08:59:29] /m monk
[03/10/2015 08:59:29] /m monk
[03/10/2015 08:59:29] /m monk
[03/10/2015 08:59:29] /m monk
[03/10/2015 08:59:29] /m monk
[03/10/2015 08:59:30] /m monk
[03/10/2015 08:59:30] /m monk
[03/10/2015 08:59:30] /m monk
[03/10/2015 08:59:30] /m monk
[03/10/2015 08:59:30] /m monk
[03/10/2015 08:59:30] /m monk
[03/10/2015 08:59:30] /m monk
[03/10/2015 08:59:30] /m monk
[03/10/2015 08:59:30] /m monk
[03/10/2015 08:59:30] /m monk
[03/10/2015 08:59:30] /m monk
[03/10/2015 08:59:30] /m monk
[03/10/2015 08:59:30] /m monk
[03/10/2015 08:59:30] /m monk
[03/10/2015 08:59:30] /m monk
[03/10/2015 08:59:30] /m monk
[03/10/2015 08:59:30] /m monk
[03/10/2015 08:59:30] /m monk
[03/10/2015 08:59:30] /m monk
[03/10/2015 08:59:30] /m monk
[03/10/2015 08:59:30] /m monk
[03/10/2015 08:59:30] /m monk
[03/10/2015 08:59:30] /m monk
[03/10/2015 08:59:30] /m monk
[03/10/2015 08:59:30] /m monk
[03/10/2015 08:59:30] /m monk
[03/10/2015 08:59:30] /m monk
[03/10/2015 08:59:30] /m monk
[03/10/2015 08:59:31] /m monk
[03/10/2015 08:59:31] /m monk
[03/10/2015 08:59:31] /m monk
[03/10/2015 08:59:31] /m monk
[03/10/2015 08:59:31] /m monk
[03/10/2015 08:59:31] /m monk
[03/10/2015 08:59:31] /m monk
[03/10/2015 08:59:31] /m monk
[03/10/2015 08:59:31] /m monk
[03/10/2015 08:59:31] /m monk
[03/10/2015 08:59:31] /m monk
[03/10/2015 08:59:31] /m monk
[03/10/2015 08:59:31] /m monk
[03/10/2015 08:59:31] /m monk
[03/10/2015 08:59:31] /m monk
[03/10/2015 08:59:31] /m monk
[03/10/2015 08:59:31] /m monk
[03/10/2015 08:59:31] /m monk
[03/10/2015 08:59:31] /m monk
[03/10/2015 08:59:31] /m monk
[03/10/2015 08:59:31] /m monk
[03/10/2015 08:59:31] /m monk
[03/10/2015 08:59:31] /m monk
[03/10/2015 08:59:31] /m monk
[03/10/2015 08:59:31] /m monk
[03/10/2015 08:59:31] /m monk
[03/10/2015 08:59:31] /m monk
[03/10/2015 08:59:31] /m monk
[03/10/2015 08:59:31] /m monk
[03/10/2015 08:59:32] /m monk
[03/10/2015 08:59:32] /m monk
[03/10/2015 08:59:32] /m monk
[03/10/2015 08:59:32] /m monk
[03/10/2015 08:59:32] /m monk
[03/10/2015 08:59:32] /m monk
[03/10/2015 08:59:32] /m monk
[03/10/2015 08:59:32] /m monk
[03/10/2015 08:59:32] /m monk
[03/10/2015 08:59:32] /m monk
[03/10/2015 08:59:32] /m monk
[03/10/2015 08:59:32] /m monk
[03/10/2015 08:59:32] /m monk
[03/10/2015 08:59:32] /m monk
[03/10/2015 08:59:32] /m monk
[03/10/2015 08:59:32] /m monk
[03/10/2015 08:59:32] /m monk
[03/10/2015 08:59:32] /m monk
[03/10/2015 08:59:32] /m monk
[03/10/2015 08:59:32] /m monk
[03/10/2015 08:59:32] /m monk
[03/10/2015 08:59:32] /m monk
[03/10/2015 08:59:32] /m monk
[03/10/2015 08:59:32] /m monk
[03/10/2015 08:59:32] /m monk
[03/10/2015 08:59:32] /m monk
[03/10/2015 08:59:32] /m monk
[03/10/2015 08:59:33] /m monk
[03/10/2015 08:59:33] /m monk
[03/10/2015 08:59:33] /m monk
[03/10/2015 08:59:33] /m monk
[03/10/2015 08:59:33] /m monk
[03/10/2015 08:59:33] /m monk
[03/10/2015 08:59:33] /m monk
[03/10/2015 08:59:33] /m monk
[03/10/2015 08:59:33] /m monk
[03/10/2015 08:59:33] /m monk
[03/10/2015 08:59:33] /m monk
[03/10/2015 08:59:33] /m monk
[03/10/2015 08:59:33] /m monk
[03/10/2015 08:59:33] /m monk
[03/10/2015 08:59:33] /m monk
[03/10/2015 08:59:33] /m monk
[03/10/2015 08:59:33] /m monk
[03/10/2015 08:59:33] /m monk
[03/10/2015 08:59:33] /m monk
[03/10/2015 08:59:33] /m monk
[03/10/2015 08:59:33] /m monk
[03/10/2015 08:59:33] /m monk
[03/10/2015 08:59:33] /m monk
[03/10/2015 08:59:33] /m monk
[03/10/2015 08:59:33] /m monk
[03/10/2015 08:59:33] /m monk
[03/10/2015 08:59:33] /m monk
[03/10/2015 08:59:33] /m monk
[03/10/2015 08:59:33] /m monk
[03/10/2015 08:59:33] /m monk
[03/10/2015 08:59:33] /m monk
[03/10/2015 08:59:34] /m monk
[03/10/2015 08:59:34] /m monk
[03/10/2015 08:59:34] /m monk
[03/10/2015 08:59:34] /m monk
[03/10/2015 08:59:34] /m monk
[03/10/2015 08:59:34] /m monk
[03/10/2015 08:59:34] /m monk
[03/10/2015 08:59:34] /m monk
[03/10/2015 08:59:34] /m monk
[03/10/2015 08:59:34] /m monk
[03/10/2015 08:59:34] /m monk
[03/10/2015 08:59:34] /m monk
[03/10/2015 08:59:34] /m monk
[03/10/2015 08:59:34] /m monk
[03/10/2015 08:59:34] /m monk
[03/10/2015 08:59:34] /m monk
[03/10/2015 08:59:34] /m monk
[03/10/2015 08:59:34] /m monk
[03/10/2015 08:59:34] /m monk
[03/10/2015 08:59:34] /m monk
[03/10/2015 08:59:34] /m monk
[03/10/2015 08:59:34] /m monk
[03/10/2015 08:59:34] /m monk
[03/10/2015 08:59:34] /m monk
[03/10/2015 08:59:34] /m monk
[03/10/2015 08:59:34] /m monk
[03/10/2015 08:59:34] /m monk
[03/10/2015 08:59:34] /m monk
[03/10/2015 08:59:35] /m monk
[03/10/2015 08:59:35] /m monk
[03/10/2015 08:59:35] /m monk
[03/10/2015 08:59:35] /m monk
[03/10/2015 08:59:35] /m monk
[03/10/2015 08:59:35] /m monk
[03/10/2015 08:59:35] /m monk
[03/10/2015 08:59:35] /m monk
[03/10/2015 08:59:35] /m monk
[03/10/2015 08:59:35] /m monk
[03/10/2015 08:59:35] /m monk
[03/10/2015 08:59:35] /m monk
[03/10/2015 08:59:35] /m monk
[03/10/2015 08:59:35] /m monk
[03/10/2015 08:59:35] /m monk
[03/10/2015 08:59:35] /m monk
[03/10/2015 08:59:35] /m monk
[03/10/2015 08:59:35] /m monk
[03/10/2015 08:59:35] /m monk
[03/10/2015 08:59:35] /m monk
[03/10/2015 08:59:35] /m monk
[03/10/2015 08:59:35] /m monk
[03/10/2015 08:59:35] /m monk
[03/10/2015 08:59:35] /m monk
[03/10/2015 08:59:35] /m monk
[03/10/2015 08:59:36] /m monk
[03/10/2015 08:59:36] /m monk
[03/10/2015 08:59:36] /m monk
[03/10/2015 08:59:36] /m monk
[03/10/2015 08:59:36] /m monk
[03/10/2015 08:59:36] /m monk
[03/10/2015 08:59:36] /m monk
[03/10/2015 08:59:36] /m monk
[03/10/2015 08:59:36] /m monk
[03/10/2015 08:59:36] /goto imortall
[03/10/2015 08:59:36] /m monk
[03/10/2015 08:59:37] /m monk
[03/10/2015 08:59:37] /m monk
[03/10/2015 08:59:37] /m monk
[03/10/2015 08:59:37] /m monk
[03/10/2015 08:59:37] /m monk
[03/10/2015 08:59:37] /m monk
[03/10/2015 08:59:37] /m monk
[03/10/2015 08:59:37] /m monk
[03/10/2015 08:59:37] /m monk
[03/10/2015 08:59:37] /m monk
[03/10/2015 08:59:37] /m monk
[03/10/2015 08:59:37] /m monk
[03/10/2015 08:59:37] /m monk
[03/10/2015 08:59:37] /m monk
[03/10/2015 08:59:37] /m monk
[03/10/2015 08:59:37] /m monk
[03/10/2015 08:59:38] /m monk
[03/10/2015 08:59:38] /m monk
[03/10/2015 08:59:38] /m monk
[03/10/2015 08:59:38] /m monk
[03/10/2015 08:59:38] /m monk
[03/10/2015 08:59:38] /m monk
[03/10/2015 08:59:38] /m monk
[03/10/2015 08:59:38] /m monk
[03/10/2015 08:59:38] /m monk
[03/10/2015 08:59:38] /m monk
[03/10/2015 08:59:38] /m monk
[03/10/2015 08:59:38] /m monk
[03/10/2015 08:59:38] /m monk
[03/10/2015 08:59:38] /m monk
[03/10/2015 08:59:38] /m monk
[03/10/2015 08:59:38] /m monk
[03/10/2015 08:59:38] /m monk
[03/10/2015 08:59:38] /m monk
[03/10/2015 08:59:38] /m monk
[03/10/2015 08:59:38] /m monk
[03/10/2015 08:59:38] /m monk
[03/10/2015 08:59:38] /m monk
[03/10/2015 08:59:38] /m monk
[03/10/2015 08:59:38] /m monk
[03/10/2015 08:59:38] /m monk
[03/10/2015 08:59:38] /m monk
[03/10/2015 08:59:38] /m monk
[03/10/2015 08:59:39] /m monk
[03/10/2015 08:59:39] /m monk
[03/10/2015 08:59:39] /m monk
[03/10/2015 08:59:39] /m monk
[03/10/2015 08:59:39] /m monk
[03/10/2015 08:59:39] /m monk
[03/10/2015 08:59:51] /m samurai
[03/10/2015 08:59:52] /m samurai
[03/10/2015 08:59:52] /m samurai
[03/10/2015 08:59:52] /m samurai
[03/10/2015 08:59:52] /m samurai
[03/10/2015 08:59:52] /m samurai
[03/10/2015 08:59:52] /m samurai
[03/10/2015 08:59:52] /m samurai
[03/10/2015 08:59:52] /m samurai
[03/10/2015 08:59:52] /m samurai
[03/10/2015 08:59:52] /m samurai
[03/10/2015 08:59:52] /m samurai
[03/10/2015 08:59:52] /m samurai
[03/10/2015 08:59:52] /m samurai
[03/10/2015 08:59:52] /m samurai
[03/10/2015 08:59:52] /m samurai
[03/10/2015 08:59:52] /m samurai
[03/10/2015 08:59:52] /m samurai
[03/10/2015 08:59:52] /m samurai
[03/10/2015 08:59:52] /m samurai
[03/10/2015 08:59:52] /m samurai
[03/10/2015 08:59:52] /m samurai
[03/10/2015 08:59:53] /m samurai
[03/10/2015 08:59:53] /m samurai
[03/10/2015 08:59:53] /m samurai
[03/10/2015 08:59:53] /m samurai
[03/10/2015 08:59:53] /m samurai
[03/10/2015 08:59:53] /m samurai
[03/10/2015 08:59:53] /m samurai
[03/10/2015 08:59:53] /m samurai
[03/10/2015 08:59:53] /m samurai
[03/10/2015 08:59:53] /m samurai
[03/10/2015 08:59:53] /m samurai
[03/10/2015 08:59:53] /m samurai
[03/10/2015 08:59:53] /m samurai
[03/10/2015 08:59:53] /m samurai
[03/10/2015 08:59:53] /m samurai
[03/10/2015 08:59:53] /m samurai
[03/10/2015 08:59:53] /m samurai
[03/10/2015 08:59:53] /m samurai
[03/10/2015 08:59:53] /m samurai
[03/10/2015 08:59:53] /m samurai
[03/10/2015 08:59:53] /m samurai
[03/10/2015 08:59:53] /m samurai
[03/10/2015 08:59:53] /m samurai
[03/10/2015 08:59:53] /m samurai
[03/10/2015 08:59:53] /m samurai
[03/10/2015 08:59:53] /m samurai
[03/10/2015 08:59:53] /m samurai
[03/10/2015 08:59:53] /m samurai
[03/10/2015 08:59:54] /m samurai
[03/10/2015 08:59:54] /m samurai
[03/10/2015 08:59:54] /m samurai
[03/10/2015 08:59:54] /m samurai
[03/10/2015 08:59:54] /m samurai
[03/10/2015 08:59:54] /m samurai
[03/10/2015 08:59:54] /m samurai
[03/10/2015 08:59:54] /m samurai
[03/10/2015 08:59:54] /m samurai
[03/10/2015 08:59:54] /m samurai
[03/10/2015 08:59:54] /m samurai
[03/10/2015 08:59:54] /m samurai
[03/10/2015 08:59:54] /m samurai
[03/10/2015 08:59:54] /m samurai
[03/10/2015 08:59:54] /m samurai
[03/10/2015 08:59:54] /m samurai
[03/10/2015 08:59:54] /m samurai
[03/10/2015 08:59:54] /m samurai
[03/10/2015 08:59:54] /m samurai
[03/10/2015 08:59:54] /m samurai
[03/10/2015 08:59:54] /m samurai
[03/10/2015 08:59:54] /m samurai
[03/10/2015 08:59:54] /m samurai
[03/10/2015 08:59:55] /m samurai
[03/10/2015 08:59:55] /m samurai
[03/10/2015 08:59:55] /m samurai
[03/10/2015 08:59:55] /m samurai
[03/10/2015 08:59:55] /m samurai
[03/10/2015 08:59:55] /m samurai
[03/10/2015 08:59:55] /m samurai
[03/10/2015 08:59:55] /m samurai
[03/10/2015 08:59:55] /m samurai
[03/10/2015 08:59:55] /m samurai
[03/10/2015 08:59:55] /m samurai
[03/10/2015 08:59:55] /m samurai
[03/10/2015 08:59:55] /m samurai
[03/10/2015 08:59:55] /m samurai
[03/10/2015 08:59:55] /m samurai
[03/10/2015 08:59:55] /m samurai
[03/10/2015 08:59:55] /m samurai
[03/10/2015 08:59:55] /m samurai
[03/10/2015 08:59:55] /m samurai
[03/10/2015 08:59:55] /m samurai
[03/10/2015 08:59:55] /m samurai
[03/10/2015 08:59:55] /m samurai
[03/10/2015 08:59:55] /m samurai
[03/10/2015 08:59:55] /m samurai
[03/10/2015 08:59:55] /m samurai
[03/10/2015 08:59:55] /m samurai
[03/10/2015 08:59:55] /m samurai
[03/10/2015 08:59:55] /m samurai
[03/10/2015 08:59:55] /m samurai
[03/10/2015 08:59:55] /m samurai
[03/10/2015 08:59:55] /m samurai
[03/10/2015 08:59:55] /m samurai
[03/10/2015 08:59:55] /m samurai
[03/10/2015 08:59:55] /m samurai
[03/10/2015 08:59:56] /m samurai
[03/10/2015 08:59:56] /m samurai
[03/10/2015 08:59:56] /m samurai
[03/10/2015 08:59:56] /m samurai
[03/10/2015 08:59:56] /m samurai
[03/10/2015 08:59:56] /m samurai
[03/10/2015 08:59:56] /m samurai
[03/10/2015 08:59:56] /m samurai
[03/10/2015 08:59:56] /m samurai
[03/10/2015 08:59:56] /m samurai
[03/10/2015 08:59:56] /m samurai
[03/10/2015 08:59:56] /m samurai
[03/10/2015 08:59:56] /m samurai
[03/10/2015 08:59:56] /m samurai
[03/10/2015 08:59:56] /m samurai
[03/10/2015 08:59:56] /m samurai
[03/10/2015 08:59:56] /m samurai
[03/10/2015 08:59:56] /m samurai
[03/10/2015 08:59:56] /m samurai
[03/10/2015 08:59:56] /m samurai
[03/10/2015 08:59:56] /m samurai
[03/10/2015 08:59:56] /m samurai
[03/10/2015 08:59:56] /m samurai
[03/10/2015 08:59:56] /m samurai
[03/10/2015 08:59:56] /m samurai
[03/10/2015 08:59:57] /m samurai
[03/10/2015 08:59:57] /m samurai
[03/10/2015 08:59:57] /m samurai
[03/10/2015 08:59:57] /m samurai
[03/10/2015 08:59:57] /m samurai
[03/10/2015 08:59:57] /m samurai
[03/10/2015 08:59:57] /m samurai
[03/10/2015 08:59:57] /m samurai
[03/10/2015 08:59:57] /m samurai
[03/10/2015 08:59:57] /m samurai
[03/10/2015 08:59:57] /m samurai
[03/10/2015 08:59:57] /m samurai
[03/10/2015 08:59:57] /m samurai
[03/10/2015 08:59:57] /m samurai
[03/10/2015 08:59:57] /m samurai
[03/10/2015 08:59:57] /m samurai
[03/10/2015 08:59:57] /m samurai
[03/10/2015 08:59:57] /m samurai
[03/10/2015 08:59:57] /m samurai
[03/10/2015 08:59:57] /m samurai
[03/10/2015 08:59:57] /m samurai
[03/10/2015 08:59:57] /m samurai
[03/10/2015 08:59:57] /m samurai
[03/10/2015 08:59:57] /m samurai
[03/10/2015 08:59:57] /goto imortall
[03/10/2015 08:59:58] /m samurai
[03/10/2015 08:59:58] /m samurai
[03/10/2015 08:59:58] /m samurai
[03/10/2015 08:59:58] /m samurai
[03/10/2015 08:59:58] /m samurai
[03/10/2015 08:59:58] /m samurai
[03/10/2015 08:59:58] /m samurai
[03/10/2015 08:59:58] /m samurai
[03/10/2015 08:59:58] /m samurai
[03/10/2015 08:59:58] /m samurai
[03/10/2015 08:59:58] /m samurai
[03/10/2015 08:59:58] /m samurai
[03/10/2015 08:59:58] /m samurai
[03/10/2015 08:59:58] /m samurai
[03/10/2015 08:59:59] /m samurai
[03/10/2015 08:59:59] /m samurai
[03/10/2015 08:59:59] /m samurai
[03/10/2015 08:59:59] /m samurai
[03/10/2015 08:59:59] /m samurai
[03/10/2015 08:59:59] /m samurai
[03/10/2015 08:59:59] /m samurai
[03/10/2015 08:59:59] /m samurai
[03/10/2015 08:59:59] /m samurai
[03/10/2015 08:59:59] /m samurai
[03/10/2015 08:59:59] /m samurai
[03/10/2015 08:59:59] /m samurai
[03/10/2015 08:59:59] /m samurai
[03/10/2015 08:59:59] /m samurai
[03/10/2015 08:59:59] /m samurai
[03/10/2015 08:59:59] /m samurai
[03/10/2015 08:59:59] /m samurai
[03/10/2015 08:59:59] /m samurai
[03/10/2015 08:59:59] /m samurai
[03/10/2015 08:59:59] /m samurai
[03/10/2015 08:59:59] /m samurai
[03/10/2015 08:59:59] /m samurai
[03/10/2015 08:59:59] /m samurai
[03/10/2015 08:59:59] /goto imortall
[03/10/2015 09:00:00] /m samurai
[03/10/2015 09:00:00] /m samurai
[03/10/2015 09:00:00] /m samurai
[03/10/2015 09:00:00] /m samurai
[03/10/2015 09:00:00] /m samurai
[03/10/2015 09:00:00] /m samurai
[03/10/2015 09:00:00] /m samurai
[03/10/2015 09:00:00] /m samurai
[03/10/2015 09:00:00] /m samurai
[03/10/2015 09:00:01] /m samurai
[03/10/2015 09:00:01] /m samurai
[03/10/2015 09:00:01] /m samurai
[03/10/2015 09:00:01] /m samurai
[03/10/2015 09:00:01] /m samurai
[03/10/2015 09:00:01] /m samurai
[03/10/2015 09:00:01] /m samurai
[03/10/2015 09:00:01] /m samurai
[03/10/2015 09:00:01] /m samurai
[03/10/2015 09:00:01] /m samurai
[03/10/2015 09:00:01] /m samurai
[03/10/2015 09:00:01] /m samurai
[03/10/2015 09:00:01] /m samurai
[03/10/2015 09:00:01] /m samurai
[03/10/2015 09:00:01] /m samurai
[03/10/2015 09:00:01] /m samurai
[03/10/2015 09:00:01] /m samurai
[03/10/2015 09:00:01] /goto imortall
[03/10/2015 09:00:02] /m samurai
[03/10/2015 09:00:02] /m samurai
[03/10/2015 09:00:02] /m samurai
[03/10/2015 09:00:02] /m samurai
[03/10/2015 09:00:02] /m samurai
[03/10/2015 09:00:02] /m samurai
[03/10/2015 09:00:02] /m samurai
[03/10/2015 09:00:02] /m samurai
[03/10/2015 09:00:02] /m samurai
[03/10/2015 09:00:02] /m samurai
[03/10/2015 09:00:02] /m samurai
[03/10/2015 09:00:03] /m samurai
[03/10/2015 09:00:03] /m samurai
[03/10/2015 09:00:03] /m samurai
[03/10/2015 09:00:03] /m samurai
[03/10/2015 09:00:03] /m samurai
[03/10/2015 09:00:03] /m samurai
[03/10/2015 09:00:03] /goto imortall
[03/10/2015 09:00:04] /m samurai
[03/10/2015 09:00:04] /m samurai
[03/10/2015 09:00:04] /m samurai
[03/10/2015 09:00:04] /m samurai
[03/10/2015 09:00:04] /m samurai
[03/10/2015 09:00:04] /m samurai
[03/10/2015 09:00:04] /m samurai
[03/10/2015 09:00:04] /m samurai
[03/10/2015 09:00:05] /m samurai
[03/10/2015 09:00:05] /goto imortall
[03/10/2015 09:00:07] /goto imortall
[03/10/2015 09:00:07] /m samurai
[03/10/2015 09:00:07] /m samurai
[03/10/2015 09:00:08] /m samurai
[03/10/2015 09:00:08] /m samurai
[03/10/2015 09:00:08] /m samurai
[03/10/2015 09:00:08] /m samurai
[03/10/2015 09:00:08] /m samurai
[03/10/2015 09:00:08] /m samurai
[03/10/2015 09:00:08] /m samurai
[03/10/2015 09:00:08] /m samurai
[03/10/2015 09:00:08] /m samurai
[03/10/2015 09:00:08] /m samurai
[03/10/2015 09:00:08] /m samurai
[03/10/2015 09:00:08] /m samurai
[03/10/2015 09:00:08] /m samurai
[03/10/2015 09:00:08] /m samurai
[03/10/2015 09:00:08] /m samurai
[03/10/2015 09:00:08] /m samurai
[03/10/2015 09:00:08] /m samurai
[03/10/2015 09:00:08] /m samurai
[03/10/2015 09:00:08] /m samurai
[03/10/2015 09:00:08] /m samurai
[03/10/2015 09:00:08] /m samurai
[03/10/2015 09:00:08] /m samurai
[03/10/2015 09:00:08] /m samurai
[03/10/2015 09:00:08] /m samurai
[03/10/2015 09:00:08] /m samurai
[03/10/2015 09:00:08] /m samurai
[03/10/2015 09:00:08] /m samurai
[03/10/2015 09:00:09] /m samurai
[03/10/2015 09:00:09] /m samurai
[03/10/2015 09:00:09] /m samurai
[03/10/2015 09:00:09] /goto imortall
[03/10/2015 09:00:10] /m samurai
[03/10/2015 09:00:10] /m samurai
[03/10/2015 09:00:10] /m samurai
[03/10/2015 09:00:10] /m samurai
[03/10/2015 09:00:10] /m samurai
[03/10/2015 09:00:10] /m samurai
[03/10/2015 09:00:10] /m samurai
[03/10/2015 09:00:10] /m samurai
[03/10/2015 09:00:10] /m samurai
[03/10/2015 09:00:10] /m samurai
[03/10/2015 09:00:11] /m samurai
[03/10/2015 09:00:11] /m samurai
[03/10/2015 09:00:11] /m samurai
[03/10/2015 09:00:11] /m samurai
[03/10/2015 09:00:11] /m samurai
[03/10/2015 09:00:11] /m samurai
[03/10/2015 09:00:11] /m samurai
[03/10/2015 09:00:11] /m samurai
[03/10/2015 09:00:11] /m samurai
[03/10/2015 09:00:11] /m samurai
[03/10/2015 09:00:11] /m samurai
[03/10/2015 09:00:11] /m samurai
[03/10/2015 09:00:11] /m samurai
[03/10/2015 09:00:11] /m samurai
[03/10/2015 09:00:11] /m samurai
[03/10/2015 09:00:11] /m samurai
[03/10/2015 09:00:11] /m samurai
[03/10/2015 09:00:11] /m samurai
[03/10/2015 09:00:11] /m samurai
[03/10/2015 09:00:11] /m samurai
[03/10/2015 09:00:11] /m samurai
[03/10/2015 09:00:11] /m samurai
[03/10/2015 09:00:11] /m samurai
[03/10/2015 09:00:11] /m samurai
[03/10/2015 09:00:11] /m samurai
[03/10/2015 09:00:11] /m samurai
[03/10/2015 09:00:11] /m samurai
[03/10/2015 09:00:11] /m samurai
[03/10/2015 09:00:11] /m samurai
[03/10/2015 09:00:12] /m samurai
[03/10/2015 09:00:12] /m samurai
[03/10/2015 09:00:12] /m samurai
[03/10/2015 09:00:12] /m samurai
[03/10/2015 09:00:12] /m samurai
[03/10/2015 09:00:12] /m samurai
[03/10/2015 09:00:12] /m samurai
[03/10/2015 09:00:12] /m samurai
[03/10/2015 09:00:12] /m samurai
[03/10/2015 09:00:12] /m samurai
[03/10/2015 09:00:12] /m samurai
[03/10/2015 09:00:12] /m samurai
[03/10/2015 09:00:12] /m samurai
[03/10/2015 09:00:12] /m samurai
[03/10/2015 09:00:12] /m samurai
[03/10/2015 09:00:12] /m samurai
[03/10/2015 09:00:12] /m samurai
[03/10/2015 09:00:12] /m samurai
[03/10/2015 09:00:12] /m samurai
[03/10/2015 09:00:12] /m samurai
[03/10/2015 09:00:12] /m samurai
[03/10/2015 09:00:12] /m samurai
[03/10/2015 09:00:12] /m samurai
[03/10/2015 09:00:12] /m samurai
[03/10/2015 09:00:12] /m samurai
[03/10/2015 09:00:12] /m samurai
[03/10/2015 09:00:12] /m samurai
[03/10/2015 09:00:12] /m samurai
[03/10/2015 09:00:13] /m samurai
[03/10/2015 09:00:13] /m samurai
[03/10/2015 09:00:13] /m samurai
[03/10/2015 09:00:13] /m samurai
[03/10/2015 09:00:13] /m samurai
[03/10/2015 09:00:13] /m samurai
[03/10/2015 09:00:13] /m samurai
[03/10/2015 09:00:13] /m samurai
[03/10/2015 09:00:13] /m samurai
[03/10/2015 09:00:13] /m samurai
[03/10/2015 09:00:13] /m samurai
[03/10/2015 09:00:13] /m samurai
[03/10/2015 09:00:13] /m samurai
[03/10/2015 09:00:13] /m samurai
[03/10/2015 09:00:13] /m samurai
[03/10/2015 09:00:13] /m samurai
[03/10/2015 09:00:13] /m samurai
[03/10/2015 09:00:13] /m samurai
[03/10/2015 09:00:13] /m samurai
[03/10/2015 09:00:13] /m samurai
[03/10/2015 09:00:13] /m samurai
[03/10/2015 09:00:13] /m samurai
[03/10/2015 09:00:13] /m samurai
[03/10/2015 09:00:14] /m samurai
[03/10/2015 09:00:14] /m samurai
[03/10/2015 09:00:14] /m samurai
[03/10/2015 09:00:14] /m samurai
[03/10/2015 09:00:14] /m samurai
[03/10/2015 09:00:14] /m samurai
[03/10/2015 09:00:14] /m samurai
[03/10/2015 09:00:14] /m samurai
[03/10/2015 09:00:14] /m samurai
[03/10/2015 09:00:14] /m samurai
[03/10/2015 09:00:14] /m samurai
[03/10/2015 09:00:14] /m samurai
[03/10/2015 09:00:14] /m samurai
[03/10/2015 09:00:14] /m samurai
[03/10/2015 09:00:14] /m samurai
[03/10/2015 09:00:14] /m samurai
[03/10/2015 09:00:14] /m samurai
[03/10/2015 09:00:14] /m samurai
[03/10/2015 09:00:14] /m samurai
[03/10/2015 09:00:14] /m samurai
[03/10/2015 09:00:14] /m samurai
[03/10/2015 09:00:14] /m samurai
[03/10/2015 09:00:14] /m samurai
[03/10/2015 09:00:14] /m samurai
[03/10/2015 09:00:14] /m samurai
[03/10/2015 09:00:14] /m samurai
[03/10/2015 09:00:14] /m samurai
[03/10/2015 09:00:14] /m samurai
[03/10/2015 09:00:14] /m samurai
[03/10/2015 09:00:14] /m samurai
[03/10/2015 09:00:14] /m samurai
[03/10/2015 09:00:14] /m samurai
[03/10/2015 09:00:14] /m samurai
[03/10/2015 09:00:14] /m samurai
[03/10/2015 09:00:15] /m samurai
[03/10/2015 09:00:15] /m samurai
[03/10/2015 09:00:15] /m samurai
[03/10/2015 09:00:15] /m samurai
[03/10/2015 09:00:15] /m samurai
[03/10/2015 09:00:15] /m samurai
[03/10/2015 09:00:15] /m samurai
[03/10/2015 09:00:15] /m samurai
[03/10/2015 09:00:15] /m samurai
[03/10/2015 09:00:15] /m samurai
[03/10/2015 09:00:15] /m samurai
[03/10/2015 09:00:15] /m samurai
[03/10/2015 09:00:15] /m samurai
[03/10/2015 09:00:15] /m samurai
[03/10/2015 09:00:15] /m samurai
[03/10/2015 09:00:15] /m samurai
[03/10/2015 09:00:15] /m samurai
[03/10/2015 09:00:15] /m samurai
[03/10/2015 09:00:15] /m samurai
[03/10/2015 09:00:15] /m samurai
[03/10/2015 09:00:15] /m samurai
[03/10/2015 09:00:15] /m samurai
[03/10/2015 09:00:15] /m samurai
[03/10/2015 09:00:15] /m samurai
[03/10/2015 09:00:15] /m samurai
[03/10/2015 09:00:15] /m samurai
[03/10/2015 09:00:15] /m samurai
[03/10/2015 09:00:15] /m samurai
[03/10/2015 09:00:15] /m samurai
[03/10/2015 09:00:16] /m samurai
[03/10/2015 09:00:16] /m samurai
[03/10/2015 09:00:16] /m samurai
[03/10/2015 09:00:16] /m samurai
[03/10/2015 09:00:16] /m samurai
[03/10/2015 09:00:16] /m samurai
[03/10/2015 09:00:16] /m samurai
[03/10/2015 09:00:16] /m samurai
[03/10/2015 09:00:16] /m samurai
[03/10/2015 09:00:16] /m samurai
[03/10/2015 09:00:16] /m samurai
[03/10/2015 09:00:16] /m samurai
[03/10/2015 09:00:16] /m samurai
[03/10/2015 09:00:16] /m samurai
[03/10/2015 09:00:16] /m samurai
[03/10/2015 09:00:16] /m samurai
[03/10/2015 09:00:16] /m samurai
[03/10/2015 09:00:16] /m samurai
[03/10/2015 09:00:16] /m samurai
[03/10/2015 09:00:16] /m samurai
[03/10/2015 09:00:16] /m samurai
[03/10/2015 09:00:16] /m samurai
[03/10/2015 09:00:16] /m samurai
[03/10/2015 09:00:16] /m samurai
[03/10/2015 09:00:16] /m samurai
[03/10/2015 09:00:16] /m samurai
[03/10/2015 09:00:16] /m samurai
[03/10/2015 09:00:17] /m samurai
[03/10/2015 09:00:17] /m samurai
[03/10/2015 09:00:17] /m samurai
[03/10/2015 09:00:17] /m samurai
[03/10/2015 09:00:17] /m samurai
[03/10/2015 09:00:17] /m samurai
[03/10/2015 09:00:17] /m samurai
[03/10/2015 09:00:17] /m samurai
[03/10/2015 09:00:17] /m samurai
[03/10/2015 09:00:17] /m samurai
[03/10/2015 09:00:17] /m samurai
[03/10/2015 09:00:17] /m samurai
[03/10/2015 09:00:17] /m samurai
[03/10/2015 09:00:17] /m samurai
[03/10/2015 09:00:17] /m samurai
[03/10/2015 09:00:17] /m samurai
[03/10/2015 09:00:17] /m samurai
[03/10/2015 09:00:17] /m samurai
[03/10/2015 09:00:17] /m samurai
[03/10/2015 09:00:17] /m samurai
[03/10/2015 09:00:17] /m samurai
[03/10/2015 09:00:17] /m samurai
[03/10/2015 09:00:17] /m samurai
[03/10/2015 09:00:17] /m samurai
[03/10/2015 09:00:17] /m samurai
[03/10/2015 09:00:18] /m samurai
[03/10/2015 09:00:18] /m samurai
[03/10/2015 09:00:18] /m samurai
[03/10/2015 09:00:18] /m samurai
[03/10/2015 09:00:18] /m samurai
[03/10/2015 09:00:18] /m samurai
[03/10/2015 09:00:18] /m samurai
[03/10/2015 09:00:18] /m samurai
[03/10/2015 09:00:18] /m samurai
[03/10/2015 09:00:18] /m samurai
[03/10/2015 09:00:18] /m samurai
[03/10/2015 09:00:18] /m samurai
[03/10/2015 09:00:18] /m samurai
[03/10/2015 09:00:18] /m samurai
[03/10/2015 09:00:18] /m samurai
[03/10/2015 09:00:18] /m samurai
[03/10/2015 09:00:18] /m samurai
[03/10/2015 09:00:18] /m samurai
[03/10/2015 09:00:18] /m samurai
[03/10/2015 09:00:18] /m samurai
[03/10/2015 09:00:18] /m samurai
[03/10/2015 09:00:18] /m samurai
[03/10/2015 09:00:18] /m samurai
[03/10/2015 09:00:18] /m samurai
[03/10/2015 09:00:18] /m samurai
[03/10/2015 09:00:18] /m samurai
[03/10/2015 09:00:18] /m samurai
[03/10/2015 09:00:18] /m samurai
[03/10/2015 09:00:18] /m samurai
[03/10/2015 09:00:18] /m samurai
[03/10/2015 09:00:19] /m samurai
[03/10/2015 09:00:19] /m samurai
[03/10/2015 09:00:19] /m samurai
[03/10/2015 09:00:19] /m samurai
[03/10/2015 09:00:19] /m samurai
[03/10/2015 09:00:19] /m samurai
[03/10/2015 09:00:19] /m samurai
[03/10/2015 09:00:19] /m samurai
[03/10/2015 09:00:19] /m samurai
[03/10/2015 09:00:19] /m samurai
[03/10/2015 09:00:19] /m samurai
[03/10/2015 09:00:19] /m samurai
[03/10/2015 09:00:19] /m samurai
[03/10/2015 09:00:19] /m samurai
[03/10/2015 09:00:19] /m samurai
[03/10/2015 09:00:19] /m samurai
[03/10/2015 09:00:19] /m samurai
[03/10/2015 09:00:19] /m samurai
[03/10/2015 09:00:19] /m samurai
[03/10/2015 09:00:19] /m samurai
[03/10/2015 09:00:19] /m samurai
[03/10/2015 09:00:19] /m samurai
[03/10/2015 09:00:19] /m samurai
[03/10/2015 09:00:19] /m samurai
[03/10/2015 09:00:19] /m samurai
[03/10/2015 09:00:19] /m samurai
[03/10/2015 09:00:19] /m samurai
[03/10/2015 09:00:19] /m samurai
[03/10/2015 09:00:19] /m samurai
[03/10/2015 09:00:19] /m samurai
[03/10/2015 09:00:19] /m samurai
[03/10/2015 09:00:19] /m samurai
[03/10/2015 09:00:19] /m samurai
[03/10/2015 09:00:20] /m samurai
[03/10/2015 09:00:20] /m samurai
[03/10/2015 09:00:20] /m samurai
[03/10/2015 09:00:20] /m samurai
[03/10/2015 09:00:20] /m samurai
[03/10/2015 09:00:20] /m samurai
[03/10/2015 09:00:20] /m samurai
[03/10/2015 09:00:20] /m samurai
[03/10/2015 09:00:20] /m samurai
[03/10/2015 09:00:20] /m samurai
[03/10/2015 09:00:20] /m samurai
[03/10/2015 09:00:20] /m samurai
[03/10/2015 09:00:20] /m samurai
[03/10/2015 09:00:20] /m samurai
[03/10/2015 09:00:20] /m samurai
[03/10/2015 09:00:20] /m samurai
[03/10/2015 09:00:20] /m samurai
[03/10/2015 09:00:20] /m samurai
[03/10/2015 09:00:20] /m samurai
[03/10/2015 09:00:20] /m samurai
[03/10/2015 09:00:20] /m samurai
[03/10/2015 09:00:20] /m samurai
[03/10/2015 09:00:20] /m samurai
[03/10/2015 09:00:20] /m samurai
[03/10/2015 09:00:20] /m samurai
[03/10/2015 09:00:20] /m samurai
[03/10/2015 09:00:20] /m samurai
[03/10/2015 09:00:20] /m samurai
[03/10/2015 09:00:21] /m samurai
[03/10/2015 09:00:21] /m samurai
[03/10/2015 09:00:21] /m samurai
[03/10/2015 09:00:21] /m samurai
[03/10/2015 09:00:21] /m samurai
[03/10/2015 09:00:21] /m samurai
[03/10/2015 09:00:21] /m samurai
[03/10/2015 09:00:21] /m samurai
[03/10/2015 09:00:21] /m samurai
[03/10/2015 09:00:21] /m samurai
[03/10/2015 09:00:21] /m samurai
[03/10/2015 09:00:21] /m samurai
[03/10/2015 09:00:21] /m samurai
[03/10/2015 09:00:21] /m samurai
[03/10/2015 09:00:21] /m samurai
[03/10/2015 09:00:21] /goto imortall
[03/10/2015 09:00:22] /m samurai
[03/10/2015 09:00:23] /m samurai
[03/10/2015 09:00:23] /m samurai
[03/10/2015 09:00:23] /m samurai
[03/10/2015 09:00:23] /m samurai
[03/10/2015 09:00:23] /m samurai
[03/10/2015 09:00:23] /m samurai
[03/10/2015 09:00:23] /m samurai
[03/10/2015 09:00:23] /m samurai
[03/10/2015 09:00:23] /m samurai
[03/10/2015 09:00:23] /m samurai
[03/10/2015 09:00:23] /m samurai
[03/10/2015 09:00:23] /m samurai
[03/10/2015 09:00:23] /m samurai
[03/10/2015 09:00:23] /m samurai
[03/10/2015 09:00:23] /m samurai
[03/10/2015 09:00:23] /m samurai
[03/10/2015 09:00:23] /m samurai
[03/10/2015 09:00:23] /m samurai
[03/10/2015 09:00:23] /m samurai
[03/10/2015 09:00:23] /m samurai
[03/10/2015 09:00:23] /m samurai
[03/10/2015 09:00:23] /m samurai
[03/10/2015 09:00:23] /m samurai
[03/10/2015 09:00:23] /m samurai
[03/10/2015 09:00:23] /m samurai
[03/10/2015 09:00:23] /m samurai
[03/10/2015 09:00:23] /m samurai
[03/10/2015 09:00:24] /m samurai
[03/10/2015 09:00:24] /m samurai
[03/10/2015 09:00:24] /m samurai
[03/10/2015 09:00:24] /m samurai
[03/10/2015 09:00:24] /m samurai
[03/10/2015 09:00:24] /m samurai
[03/10/2015 09:00:24] /m samurai
[03/10/2015 09:00:24] /m samurai
[03/10/2015 09:00:24] /m samurai
[03/10/2015 09:00:24] /m samurai
[03/10/2015 09:00:24] /m samurai
[03/10/2015 09:00:24] /m samurai
[03/10/2015 09:00:24] /m samurai
[03/10/2015 09:00:24] /m samurai
[03/10/2015 09:00:24] /m samurai
[03/10/2015 09:00:24] /m samurai
[03/10/2015 09:00:24] /m samurai
[03/10/2015 09:00:24] /m samurai
[03/10/2015 09:00:24] /m samurai
[03/10/2015 09:00:24] /m samurai
[03/10/2015 09:00:24] /m samurai
[03/10/2015 09:00:24] /m samurai
[03/10/2015 09:00:24] /m samurai
[03/10/2015 09:00:24] /m samurai
[03/10/2015 09:00:24] /m samurai
[03/10/2015 09:00:24] /m samurai
[03/10/2015 09:00:24] /m samurai
[03/10/2015 09:00:24] /m samurai
[03/10/2015 09:00:24] /m samurai
[03/10/2015 09:00:25] /m samurai
[03/10/2015 09:00:25] /m samurai
[03/10/2015 09:00:25] /m samurai
[03/10/2015 09:00:25] /m samurai
[03/10/2015 09:00:25] /m samurai
[03/10/2015 09:00:25] /m samurai
[03/10/2015 09:00:25] /m samurai
[03/10/2015 09:00:25] /m samurai
[03/10/2015 09:00:25] /m samurai
[03/10/2015 09:00:25] /m samurai
[03/10/2015 09:00:25] /m samurai
[03/10/2015 09:00:25] /m samurai
[03/10/2015 09:00:25] /m samurai
[03/10/2015 09:00:25] /m samurai
[03/10/2015 09:00:25] /m samurai
[03/10/2015 09:00:25] /m samurai
[03/10/2015 09:00:25] /m samurai
[03/10/2015 09:00:25] /m samurai
[03/10/2015 09:00:25] /m samurai
[03/10/2015 09:00:25] /m samurai
[03/10/2015 09:00:25] /m samurai
[03/10/2015 09:00:25] /m samurai
[03/10/2015 09:00:25] /m samurai
[03/10/2015 09:00:25] /m samurai
[03/10/2015 09:00:25] /m samurai
[03/10/2015 09:00:25] /m samurai
[03/10/2015 09:00:25] /m samurai
[03/10/2015 09:00:25] /m samurai
[03/10/2015 09:00:26] /m samurai
[03/10/2015 09:00:26] /m samurai
[03/10/2015 09:00:26] /m samurai
[03/10/2015 09:00:26] /m samurai
[03/10/2015 09:00:26] /m samurai
[03/10/2015 09:00:26] /m samurai
[03/10/2015 09:00:26] /m samurai
[03/10/2015 09:00:26] /m samurai
[03/10/2015 09:00:26] /m samurai
[03/10/2015 09:00:26] /m samurai
[03/10/2015 09:00:26] /m samurai
[03/10/2015 09:00:26] /m samurai
[03/10/2015 09:00:26] /m samurai
[03/10/2015 09:00:26] /m samurai
[03/10/2015 09:00:26] /m samurai
[03/10/2015 09:00:26] /m samurai
[03/10/2015 09:00:26] /m samurai
[03/10/2015 09:00:26] /m samurai
[03/10/2015 09:00:26] /m samurai
[03/10/2015 09:00:26] /m samurai
[03/10/2015 09:00:26] /m samurai
[03/10/2015 09:00:26] /m samurai
[03/10/2015 09:00:26] /m samurai
[03/10/2015 09:00:27] /m samurai
[03/10/2015 09:00:27] /m samurai
[03/10/2015 09:00:27] /m samurai
[03/10/2015 09:00:27] /m samurai
[03/10/2015 09:00:27] /m samurai
[03/10/2015 09:00:27] /m samurai
[03/10/2015 09:00:27] /m samurai
[03/10/2015 09:00:27] /m samurai
[03/10/2015 09:00:27] /m samurai
[03/10/2015 09:00:27] /m samurai
[03/10/2015 09:00:27] /m samurai
[03/10/2015 09:00:27] /m samurai
[03/10/2015 09:00:27] /m samurai
[03/10/2015 09:00:27] /m samurai
[03/10/2015 09:00:27] /m samurai
[03/10/2015 09:00:27] /m samurai
[03/10/2015 09:00:27] /m samurai
[03/10/2015 09:00:27] /m samurai
[03/10/2015 09:00:27] /m samurai
[03/10/2015 09:00:27] /m samurai
[03/10/2015 09:00:27] /m samurai
[03/10/2015 09:00:27] /m samurai
[03/10/2015 09:00:27] /m samurai
[03/10/2015 09:00:27] /m samurai
[03/10/2015 09:00:27] /m samurai
[03/10/2015 09:00:27] /m samurai
[03/10/2015 09:00:27] /m samurai
[03/10/2015 09:00:27] /m samurai
[03/10/2015 09:00:28] /m samurai
[03/10/2015 09:00:28] /m samurai
[03/10/2015 09:00:28] /m samurai
[03/10/2015 09:00:28] /m samurai
[03/10/2015 09:00:28] /m samurai
[03/10/2015 09:00:28] /m samurai
[03/10/2015 09:00:28] /m samurai
[03/10/2015 09:00:28] /m samurai
[03/10/2015 09:00:28] /m samurai
[03/10/2015 09:00:28] /m samurai
[03/10/2015 09:00:28] /m samurai
[03/10/2015 09:00:28] /m samurai
[03/10/2015 09:00:28] /m samurai
[03/10/2015 09:00:28] /m samurai
[03/10/2015 09:00:28] /m samurai
[03/10/2015 09:00:28] /m samurai
[03/10/2015 09:00:28] /m samurai
[03/10/2015 09:00:28] /m samurai
[03/10/2015 09:00:28] /m samurai
[03/10/2015 09:00:28] /m samurai
[03/10/2015 09:00:28] /m samurai
[03/10/2015 09:00:28] /m samurai
[03/10/2015 09:00:28] /m samurai
[03/10/2015 09:00:28] /m samurai
[03/10/2015 09:00:28] /m samurai
[03/10/2015 09:00:28] /m samurai
[03/10/2015 09:00:28] /m samurai
[03/10/2015 09:00:28] /m samurai
[03/10/2015 09:00:28] /m samurai
[03/10/2015 09:00:28] /m samurai
[03/10/2015 09:00:28] /m samurai
[03/10/2015 09:00:28] /m samurai
[03/10/2015 09:00:28] /m samurai
[03/10/2015 09:00:28] /m samurai
[03/10/2015 09:00:28] /m samurai
[03/10/2015 09:00:29] /m samurai
[03/10/2015 09:00:29] /m samurai
[03/10/2015 09:00:29] /m samurai
[03/10/2015 09:00:29] /m samurai
[03/10/2015 09:00:29] /m samurai
[03/10/2015 09:00:29] /m samurai
[03/10/2015 09:00:29] /m samurai
[03/10/2015 09:00:29] /m samurai
[03/10/2015 09:00:29] /m samurai
[03/10/2015 09:00:29] /m samurai
[03/10/2015 09:00:29] /m samurai
[03/10/2015 09:00:29] /m samurai
[03/10/2015 09:00:29] /m samurai
[03/10/2015 09:00:29] /m samurai
[03/10/2015 09:00:29] /m samurai
[03/10/2015 09:00:29] /m samurai
[03/10/2015 09:00:29] /m samurai
[03/10/2015 09:00:29] /m samurai
[03/10/2015 09:00:29] /m samurai
[03/10/2015 09:00:29] /m samurai
[03/10/2015 09:00:29] /m samurai
[03/10/2015 09:00:29] /m samurai
[03/10/2015 09:00:29] /m samurai
[03/10/2015 09:00:29] /m samurai
[03/10/2015 09:00:29] /m samurai
[03/10/2015 09:00:29] /m samurai
[03/10/2015 09:00:29] /m samurai
[03/10/2015 09:00:30] /m samurai
[03/10/2015 09:00:30] /m samurai
[03/10/2015 09:00:30] /m samurai
[03/10/2015 09:00:30] /m samurai
[03/10/2015 09:00:30] /m samurai
[03/10/2015 09:00:30] /m samurai
[03/10/2015 09:00:30] /m samurai
[03/10/2015 09:00:30] /m samurai
[03/10/2015 09:00:30] /m samurai
[03/10/2015 09:00:30] /m samurai
[03/10/2015 09:00:30] /m samurai
[03/10/2015 09:00:30] /m samurai
[03/10/2015 09:00:30] /m samurai
[03/10/2015 09:00:30] /m samurai
[03/10/2015 09:00:30] /m samurai
[03/10/2015 09:00:30] /m samurai
[03/10/2015 09:00:30] /m samurai
[03/10/2015 09:00:30] /m samurai
[03/10/2015 09:00:30] /m samurai
[03/10/2015 09:00:30] /m samurai
[03/10/2015 09:00:30] /m samurai
[03/10/2015 09:00:30] /m samurai
[03/10/2015 09:00:30] /m samurai
[03/10/2015 09:00:30] /m samurai
[03/10/2015 09:00:30] /m samurai
[03/10/2015 09:00:31] /m samurai
[03/10/2015 09:00:31] /m samurai
[03/10/2015 09:00:31] /m samurai
[03/10/2015 09:00:31] /m samurai
[03/10/2015 09:00:31] /m samurai
[03/10/2015 09:00:31] /m samurai
[03/10/2015 09:00:31] /m samurai
[03/10/2015 09:00:31] /m samurai
[03/10/2015 09:00:31] /m samurai
[03/10/2015 09:00:31] /m samurai
[03/10/2015 09:00:31] /m samurai
[03/10/2015 09:00:31] /m samurai
[03/10/2015 09:00:31] /m samurai
[03/10/2015 09:00:31] /m samurai
[03/10/2015 09:00:31] /m samurai
[03/10/2015 09:00:31] /m samurai
[03/10/2015 09:00:31] /m samurai
[03/10/2015 09:00:31] /m samurai
[03/10/2015 09:00:31] /m samurai
[03/10/2015 09:00:31] /m samurai
[03/10/2015 09:00:31] /m samurai
[03/10/2015 09:00:31] /m samurai
[03/10/2015 09:00:31] /m samurai
[03/10/2015 09:00:31] /m samurai
[03/10/2015 09:00:31] /m samurai
[03/10/2015 09:00:31] /m samurai
[03/10/2015 09:00:31] /m samurai
[03/10/2015 09:00:31] /m samurai
[03/10/2015 09:00:31] /m samurai
[03/10/2015 09:00:31] /m samurai
[03/10/2015 09:00:31] /m samurai
[03/10/2015 09:00:31] /m samurai
[03/10/2015 09:00:31] /m samurai
[03/10/2015 09:00:31] /m samurai
[03/10/2015 09:00:32] /m samurai
[03/10/2015 09:00:32] /m samurai
[03/10/2015 09:00:32] /m samurai
[03/10/2015 09:00:32] /m samurai
[03/10/2015 09:00:32] /m samurai
[03/10/2015 09:00:32] /m samurai
[03/10/2015 09:00:32] /m samurai
[03/10/2015 09:00:32] /m samurai
[03/10/2015 09:00:32] /m samurai
[03/10/2015 09:00:32] /m samurai
[03/10/2015 09:00:32] /m samurai
[03/10/2015 09:00:32] /m samurai
[03/10/2015 09:00:32] /m samurai
[03/10/2015 09:00:32] /m samurai
[03/10/2015 09:00:32] /m samurai
[03/10/2015 09:00:32] /m samurai
[03/10/2015 09:00:32] /m samurai
[03/10/2015 09:00:32] /m samurai
[03/10/2015 09:00:32] /m samurai
[03/10/2015 09:00:32] /m samurai
[03/10/2015 09:00:32] /m samurai
[03/10/2015 09:00:33] /m samurai
[03/10/2015 09:00:47] /goto imortall
[03/10/2015 09:00:48] /goto imortall
[03/10/2015 09:00:48] /goto imortall
[03/10/2015 09:00:49] /goto imortall
[03/10/2015 09:00:49] /goto imortall
[03/10/2015 09:00:49] /goto imortall
[03/10/2015 09:00:49] /goto imortall
[03/10/2015 09:00:49] /goto imortall
[03/10/2015 09:00:50] /goto imortall
[03/10/2015 09:00:51] /goto imortall
[03/10/2015 09:00:53] /goto imortall
[03/10/2015 09:00:54] /goto imortall
[03/10/2015 09:00:54] /goto imortall
[03/10/2015 09:01:02] /m sasuke uchiha
[03/10/2015 09:01:04] /goto imortall
[03/10/2015 09:01:05] /goto imortall
[03/10/2015 09:01:05] /goto imortall
[03/10/2015 09:01:06] /goto imortall
[03/10/2015 09:01:07] /goto imortall
[03/10/2015 09:01:08] /goto imortall
[03/10/2015 09:01:09] /goto imortall
[03/10/2015 09:01:12] /m monk
[03/10/2015 09:01:12] /m monk
[03/10/2015 09:01:12] /m monk
[03/10/2015 09:01:12] /m monk
[03/10/2015 09:01:12] /m monk
[03/10/2015 09:01:12] /m monk
[03/10/2015 09:01:12] /m monk
[03/10/2015 09:01:12] /m monk
[03/10/2015 09:01:12] /m monk
[03/10/2015 09:01:12] /m monk
[03/10/2015 09:01:12] /m monk
[03/10/2015 09:01:13] /m monk
[03/10/2015 09:01:13] /m monk
[03/10/2015 09:01:13] /m monk
[03/10/2015 09:01:13] /m monk
[03/10/2015 09:01:13] /m monk
[03/10/2015 09:01:13] /m monk
[03/10/2015 09:01:13] /m monk
[03/10/2015 09:01:13] /m monk
[03/10/2015 09:01:13] /m monk
[03/10/2015 09:01:13] /m monk
[03/10/2015 09:01:13] /m monk
[03/10/2015 09:01:13] /m monk
[03/10/2015 09:01:13] /m monk
[03/10/2015 09:01:13] /m monk
[03/10/2015 09:01:13] /m monk
[03/10/2015 09:01:13] /m monk
[03/10/2015 09:01:13] /m monk
[03/10/2015 09:01:13] /m monk
[03/10/2015 09:01:13] /m monk
[03/10/2015 09:01:13] /m monk
[03/10/2015 09:01:13] /m monk
[03/10/2015 09:01:13] /m monk
[03/10/2015 09:01:13] /m monk
[03/10/2015 09:01:13] /m monk
[03/10/2015 09:01:13] /m monk
[03/10/2015 09:01:13] /m monk
[03/10/2015 09:01:13] /m monk
[03/10/2015 09:01:13] /m monk
[03/10/2015 09:01:13] /m monk
[03/10/2015 09:01:14] /m monk
[03/10/2015 09:01:14] /m monk
[03/10/2015 09:01:14] /m monk
[03/10/2015 09:01:14] /m monk
[03/10/2015 09:01:14] /m monk
[03/10/2015 09:01:14] /m monk
[03/10/2015 09:01:14] /m monk
[03/10/2015 09:01:14] /m monk
[03/10/2015 09:01:14] /m monk
[03/10/2015 09:01:14] /m monk
[03/10/2015 09:01:14] /m monk
[03/10/2015 09:01:14] /m monk
[03/10/2015 09:01:14] /m monk
[03/10/2015 09:01:14] /m monk
[03/10/2015 09:01:14] /m monk
[03/10/2015 09:01:14] /m monk
[03/10/2015 09:01:14] /m monk
[03/10/2015 09:01:14] /m monk
[03/10/2015 09:01:14] /m monk
[03/10/2015 09:01:14] /m monk
[03/10/2015 09:01:14] /m monk
[03/10/2015 09:01:14] /m monk
[03/10/2015 09:01:14] /m monk
[03/10/2015 09:01:14] /m monk
[03/10/2015 09:01:14] /m monk
[03/10/2015 09:01:14] /m monk
[03/10/2015 09:01:14] /m monk
[03/10/2015 09:01:14] /m monk
[03/10/2015 09:01:15] /m monk
[03/10/2015 09:01:15] /m monk
[03/10/2015 09:01:15] /m monk
[03/10/2015 09:01:15] /m monk
[03/10/2015 09:01:15] /m monk
[03/10/2015 09:01:15] /m monk
[03/10/2015 09:01:15] /m monk
[03/10/2015 09:01:15] /m monk
[03/10/2015 09:01:15] /m monk
[03/10/2015 09:01:15] /m monk
[03/10/2015 09:01:15] /m monk
[03/10/2015 09:01:15] /m monk
[03/10/2015 09:01:15] /m monk
[03/10/2015 09:01:15] /m monk
[03/10/2015 09:01:15] /m monk
[03/10/2015 09:01:15] /m monk
[03/10/2015 09:01:15] /m monk
[03/10/2015 09:01:15] /m monk
[03/10/2015 09:01:15] /m monk
[03/10/2015 09:01:15] /m monk
[03/10/2015 09:01:15] /m monk
[03/10/2015 09:01:15] /m monk
[03/10/2015 09:01:15] /m monk
[03/10/2015 09:01:15] /m monk
[03/10/2015 09:01:15] /m monk
[03/10/2015 09:01:16] /m monk
[03/10/2015 09:01:16] /m monk
[03/10/2015 09:01:16] /m monk
[03/10/2015 09:01:16] /m monk
[03/10/2015 09:01:16] /m monk
[03/10/2015 09:01:16] /m monk
[03/10/2015 09:01:16] /m monk
[03/10/2015 09:01:16] /m monk
[03/10/2015 09:01:16] /m monk
[03/10/2015 09:01:16] /m monk
[03/10/2015 09:01:16] /m monk
[03/10/2015 09:01:16] /m monk
[03/10/2015 09:01:16] /m monk
[03/10/2015 09:01:16] /m monk
[03/10/2015 09:01:16] /m monk
[03/10/2015 09:01:16] /m monk
[03/10/2015 09:01:16] /m monk
[03/10/2015 09:01:16] /m monk
[03/10/2015 09:01:16] /m monk
[03/10/2015 09:01:16] /m monk
[03/10/2015 09:01:16] /m monk
[03/10/2015 09:01:16] /m monk
[03/10/2015 09:01:16] /m monk
[03/10/2015 09:01:16] /m monk
[03/10/2015 09:01:16] /m monk
[03/10/2015 09:01:16] /m monk
[03/10/2015 09:01:16] /m monk
[03/10/2015 09:01:16] /m monk
[03/10/2015 09:01:16] /m monk
[03/10/2015 09:01:16] /m monk
[03/10/2015 09:01:16] /m monk
[03/10/2015 09:01:16] /m monk
[03/10/2015 09:01:16] /m monk
[03/10/2015 09:01:17] /m monk
[03/10/2015 09:01:17] /m monk
[03/10/2015 09:01:17] /m monk
[03/10/2015 09:01:17] /m monk
[03/10/2015 09:01:17] /m monk
[03/10/2015 09:01:17] /m monk
[03/10/2015 09:01:17] /m monk
[03/10/2015 09:01:17] /m monk
[03/10/2015 09:01:17] /m monk
[03/10/2015 09:01:17] /m monk
[03/10/2015 09:01:17] /m monk
[03/10/2015 09:01:17] /m monk
[03/10/2015 09:01:17] /m monk
[03/10/2015 09:01:17] /m monk
[03/10/2015 09:01:17] /m monk
[03/10/2015 09:01:17] /m monk
[03/10/2015 09:01:17] /m monk
[03/10/2015 09:01:17] /m monk
[03/10/2015 09:01:17] /m monk
[03/10/2015 09:01:17] /m monk
[03/10/2015 09:01:17] /m monk
[03/10/2015 09:01:17] /m monk
[03/10/2015 09:01:17] /m monk
[03/10/2015 09:01:17] /m monk
[03/10/2015 09:01:17] /m monk
[03/10/2015 09:01:17] /m monk
[03/10/2015 09:01:17] /m monk
[03/10/2015 09:01:17] /m monk
[03/10/2015 09:01:17] /m monk
[03/10/2015 09:01:18] /m monk
[03/10/2015 09:01:18] /m monk
[03/10/2015 09:01:18] /m monk
[03/10/2015 09:01:18] /m monk
[03/10/2015 09:01:18] /m monk
[03/10/2015 09:01:18] /m monk
[03/10/2015 09:01:18] /m monk
[03/10/2015 09:01:18] /m monk
[03/10/2015 09:01:18] /m monk
[03/10/2015 09:01:18] /m monk
[03/10/2015 09:01:18] /m monk
[03/10/2015 09:01:18] /m monk
[03/10/2015 09:01:18] /m monk
[03/10/2015 09:01:18] /m monk
[03/10/2015 09:01:18] /m monk
[03/10/2015 09:01:18] /m monk
[03/10/2015 09:01:18] /m monk
[03/10/2015 09:01:18] /m monk
[03/10/2015 09:01:18] /m monk
[03/10/2015 09:01:18] /m monk
[03/10/2015 09:01:18] /m monk
[03/10/2015 09:01:18] /m monk
[03/10/2015 09:01:18] /m monk
[03/10/2015 09:01:18] /m monk
[03/10/2015 09:01:18] /m monk
[03/10/2015 09:01:18] /m monk
[03/10/2015 09:01:18] /m monk
[03/10/2015 09:01:18] /m monk
[03/10/2015 09:01:19] /m monk
[03/10/2015 09:01:19] /m monk
[03/10/2015 09:01:19] /m monk
[03/10/2015 09:01:19] /m monk
[03/10/2015 09:01:19] /m monk
[03/10/2015 09:01:19] /m monk
[03/10/2015 09:01:19] /m monk
[03/10/2015 09:01:19] /m monk
[03/10/2015 09:01:19] /m monk
[03/10/2015 09:01:19] /m monk
[03/10/2015 09:01:19] /m monk
[03/10/2015 09:01:19] /m monk
[03/10/2015 09:01:19] /m monk
[03/10/2015 09:01:19] /m monk
[03/10/2015 09:01:19] /m monk
[03/10/2015 09:01:19] /m monk
[03/10/2015 09:01:19] /m monk
[03/10/2015 09:01:19] /m monk
[03/10/2015 09:01:19] /m monk
[03/10/2015 09:01:19] /m monk
[03/10/2015 09:01:19] /m monk
[03/10/2015 09:01:19] /m monk
[03/10/2015 09:01:19] /m monk
[03/10/2015 09:01:19] /m monk
[03/10/2015 09:01:19] /m monk
[03/10/2015 09:01:19] /m monk
[03/10/2015 09:01:19] /m monk
[03/10/2015 09:01:19] /m monk
[03/10/2015 09:01:20] /m monk
[03/10/2015 09:01:20] /m monk
[03/10/2015 09:01:20] /m monk
[03/10/2015 09:01:20] /m monk
[03/10/2015 09:01:20] /m monk
[03/10/2015 09:01:20] /m monk
[03/10/2015 09:01:20] /m monk
[03/10/2015 09:01:20] /m monk
[03/10/2015 09:01:20] /m monk
[03/10/2015 09:01:20] /m monk
[03/10/2015 09:01:20] /m monk
[03/10/2015 09:01:20] /m monk
[03/10/2015 09:01:20] /m monk
[03/10/2015 09:01:20] /m monk
[03/10/2015 09:01:20] /m monk
[03/10/2015 09:01:20] /m monk
[03/10/2015 09:01:20] /m monk
[03/10/2015 09:01:20] /m monk
[03/10/2015 09:01:20] /m monk
[03/10/2015 09:01:20] /m monk
[03/10/2015 09:01:20] /m monk
[03/10/2015 09:01:20] /m monk
[03/10/2015 09:01:20] /m monk
[03/10/2015 09:01:20] /m monk
[03/10/2015 09:01:20] /m monk
[03/10/2015 09:01:20] /m monk
[03/10/2015 09:01:20] /m monk
[03/10/2015 09:01:20] /m monk
[03/10/2015 09:01:20] /m monk
[03/10/2015 09:01:21] /m monk
[03/10/2015 09:01:21] /m monk
[03/10/2015 09:01:21] /m monk
[03/10/2015 09:01:21] /m monk
[03/10/2015 09:01:21] /m monk
[03/10/2015 09:01:21] /m monk
[03/10/2015 09:01:21] /m monk
[03/10/2015 09:01:21] /m monk
[03/10/2015 09:01:21] /m monk
[03/10/2015 09:01:21] /m monk
[03/10/2015 09:01:21] /m monk
[03/10/2015 09:01:21] /m monk
[03/10/2015 09:01:21] /m monk
[03/10/2015 09:01:21] /m monk
[03/10/2015 09:01:21] /m monk
[03/10/2015 09:01:21] /m monk
[03/10/2015 09:01:21] /m monk
[03/10/2015 09:01:21] /m monk
[03/10/2015 09:01:21] /m monk
[03/10/2015 09:01:21] /m monk
[03/10/2015 09:01:21] /m monk
[03/10/2015 09:01:21] /m monk
[03/10/2015 09:01:21] /m monk
[03/10/2015 09:01:21] /m monk
[03/10/2015 09:01:21] /m monk
[03/10/2015 09:01:21] /m monk
[03/10/2015 09:01:21] /m monk
[03/10/2015 09:01:22] /m monk
[03/10/2015 09:01:22] /m monk
[03/10/2015 09:01:22] /m monk
[03/10/2015 09:01:22] /m monk
[03/10/2015 09:01:22] /m monk
[03/10/2015 09:01:22] /m monk
[03/10/2015 09:01:22] /m monk
[03/10/2015 09:01:22] /m monk
[03/10/2015 09:01:22] /m monk
[03/10/2015 09:01:22] /m monk
[03/10/2015 09:01:22] /m monk
[03/10/2015 09:01:22] /m monk
[03/10/2015 09:01:22] /m monk
[03/10/2015 09:01:22] /m monk
[03/10/2015 09:01:22] /m monk
[03/10/2015 09:01:22] /m monk
[03/10/2015 09:01:22] /m monk
[03/10/2015 09:01:22] /m monk
[03/10/2015 09:01:22] /m monk
[03/10/2015 09:01:22] /m monk
[03/10/2015 09:01:22] /m monk
[03/10/2015 09:01:22] /m monk
[03/10/2015 09:01:22] /m monk
[03/10/2015 09:01:22] /m monk
[03/10/2015 09:01:22] /m monk
[03/10/2015 09:01:22] /m monk
[03/10/2015 09:01:23] /m monk
[03/10/2015 09:01:23] /m monk
[03/10/2015 09:01:23] /m monk
[03/10/2015 09:01:23] /m monk
[03/10/2015 09:01:23] /m monk
[03/10/2015 09:01:23] /m monk
[03/10/2015 09:01:23] /m monk
[03/10/2015 09:01:23] /m monk
[03/10/2015 09:01:23] /m monk
[03/10/2015 09:01:23] /m monk
[03/10/2015 09:01:23] /m monk
[03/10/2015 09:01:23] /m monk
[03/10/2015 09:01:23] /m monk
[03/10/2015 09:01:23] /m monk
[03/10/2015 09:01:23] /m monk
[03/10/2015 09:01:23] /m monk
[03/10/2015 09:01:23] /m monk
[03/10/2015 09:01:23] /m monk
[03/10/2015 09:01:23] /m monk
[03/10/2015 09:01:23] /m monk
[03/10/2015 09:01:23] /m monk
[03/10/2015 09:01:23] /m monk
[03/10/2015 09:01:23] /m monk
[03/10/2015 09:01:23] /m monk
[03/10/2015 09:01:23] /m monk
[03/10/2015 09:01:23] /m monk
[03/10/2015 09:01:23] /m monk
[03/10/2015 09:01:23] /m monk
[03/10/2015 09:01:23] /m monk
[03/10/2015 09:01:23] /m monk
[03/10/2015 09:01:23] /m monk
[03/10/2015 09:01:23] /m monk
[03/10/2015 09:01:24] /m monk
[03/10/2015 09:01:24] /m monk
[03/10/2015 09:01:24] /m monk
[03/10/2015 09:01:24] /m monk
[03/10/2015 09:01:24] /m monk
[03/10/2015 09:01:24] /m monk
[03/10/2015 09:01:24] /m monk
[03/10/2015 09:01:24] /m monk
[03/10/2015 09:01:24] /m monk
[03/10/2015 09:01:24] /m monk
[03/10/2015 09:01:24] /m monk
[03/10/2015 09:01:24] /m monk
[03/10/2015 09:01:24] /m monk
[03/10/2015 09:01:24] /m monk
[03/10/2015 09:01:24] /m monk
[03/10/2015 09:01:24] /m monk
[03/10/2015 09:01:24] /m monk
[03/10/2015 09:01:24] /m monk
[03/10/2015 09:01:24] /m monk
[03/10/2015 09:01:24] /m monk
[03/10/2015 09:01:24] /m monk
[03/10/2015 09:01:24] /m monk
[03/10/2015 09:01:24] /m monk
[03/10/2015 09:01:24] /m monk
[03/10/2015 09:01:24] /m monk
[03/10/2015 09:01:24] /m monk
[03/10/2015 09:01:24] /m monk
[03/10/2015 09:01:24] /m monk
[03/10/2015 09:01:24] /m monk
[03/10/2015 09:01:24] /m monk
[03/10/2015 09:01:25] /m monk
[03/10/2015 09:01:25] /m monk
[03/10/2015 09:01:25] /m monk
[03/10/2015 09:01:25] /m monk
[03/10/2015 09:01:25] /m monk
[03/10/2015 09:01:25] /m monk
[03/10/2015 09:01:25] /m monk
[03/10/2015 09:01:25] /m monk
[03/10/2015 09:01:25] /m monk
[03/10/2015 09:01:25] /m monk
[03/10/2015 09:01:25] /m monk
[03/10/2015 09:01:25] /m monk
[03/10/2015 09:01:25] /m monk
[03/10/2015 09:01:25] /m monk
[03/10/2015 09:01:25] /m monk
[03/10/2015 09:01:25] /m monk
[03/10/2015 09:01:25] /m monk
[03/10/2015 09:01:25] /m monk
[03/10/2015 09:01:25] /m monk
[03/10/2015 09:01:25] /m monk
[03/10/2015 09:01:25] /m monk
[03/10/2015 09:01:25] /m monk
[03/10/2015 09:01:25] /m monk
[03/10/2015 09:01:25] /m monk
[03/10/2015 09:01:25] /m monk
[03/10/2015 09:01:25] /m monk
[03/10/2015 09:01:25] /m monk
[03/10/2015 09:01:25] /m monk
[03/10/2015 09:01:26] /m monk
[03/10/2015 09:01:26] /m monk
[03/10/2015 09:01:26] /m monk
[03/10/2015 09:01:26] /m monk
[03/10/2015 09:01:26] /m monk
[03/10/2015 09:01:26] /m monk
[03/10/2015 09:01:26] /m monk
[03/10/2015 09:01:26] /m monk
[03/10/2015 09:01:26] /m monk
[03/10/2015 09:01:26] /m monk
[03/10/2015 09:01:26] /m monk
[03/10/2015 09:01:26] /m monk
[03/10/2015 09:01:26] /m monk
[03/10/2015 09:01:26] /m monk
[03/10/2015 09:01:26] /m monk
[03/10/2015 09:01:26] /m monk
[03/10/2015 09:01:26] /m monk
[03/10/2015 09:01:26] /m monk
[03/10/2015 09:01:26] /m monk
[03/10/2015 09:01:26] /m monk
[03/10/2015 09:01:26] /m monk
[03/10/2015 09:01:26] /m monk
[03/10/2015 09:01:26] /m monk
[03/10/2015 09:01:26] /m monk
[03/10/2015 09:01:26] /m monk
[03/10/2015 09:01:26] /m monk
[03/10/2015 09:01:26] /m monk
[03/10/2015 09:01:26] /m monk
[03/10/2015 09:01:26] /m monk
[03/10/2015 09:01:27] /m monk
[03/10/2015 09:01:27] /m monk
[03/10/2015 09:01:27] /m monk
[03/10/2015 09:01:27] /m monk
[03/10/2015 09:01:27] /m monk
[03/10/2015 09:01:27] /m monk
[03/10/2015 09:01:27] /m monk
[03/10/2015 09:01:27] /m monk
[03/10/2015 09:01:27] /m monk
[03/10/2015 09:01:27] /m monk
[03/10/2015 09:01:27] /m monk
[03/10/2015 09:01:27] /m monk
[03/10/2015 09:01:27] /m monk
[03/10/2015 09:01:27] /m monk
[03/10/2015 09:01:27] /m monk
[03/10/2015 09:01:27] /m monk
[03/10/2015 09:01:27] /m monk
[03/10/2015 09:01:27] /m monk
[03/10/2015 09:01:27] /m monk
[03/10/2015 09:01:27] /m monk
[03/10/2015 09:01:27] /m monk
[03/10/2015 09:01:27] /m monk
[03/10/2015 09:01:27] /m monk
[03/10/2015 09:01:27] /m monk
[03/10/2015 09:01:27] /m monk
[03/10/2015 09:01:27] /m monk
[03/10/2015 09:01:27] /m monk
[03/10/2015 09:01:27] /m monk
[03/10/2015 09:01:27] /m monk
[03/10/2015 09:01:28] /m monk
[03/10/2015 09:01:28] /m monk
[03/10/2015 09:01:28] /m monk
[03/10/2015 09:01:28] /m monk
[03/10/2015 09:01:28] /m monk
[03/10/2015 09:01:28] /m monk
[03/10/2015 09:01:28] /m monk
[03/10/2015 09:01:28] /m monk
[03/10/2015 09:01:28] /m monk
[03/10/2015 09:01:28] /m monk
[03/10/2015 09:01:28] /m monk
[03/10/2015 09:01:28] /m monk
[03/10/2015 09:01:28] /m monk
[03/10/2015 09:01:28] /m monk
[03/10/2015 09:01:28] /m monk
[03/10/2015 09:01:28] /m monk
[03/10/2015 09:01:28] /m monk
[03/10/2015 09:01:28] /m monk
[03/10/2015 09:01:28] /m monk
[03/10/2015 09:01:28] /m monk
[03/10/2015 09:01:28] /m monk
[03/10/2015 09:01:28] /m monk
[03/10/2015 09:01:28] /m monk
[03/10/2015 09:01:28] /m monk
[03/10/2015 09:01:28] /m monk
[03/10/2015 09:01:28] /m monk
[03/10/2015 09:01:28] /m monk
[03/10/2015 09:01:28] /m monk
[03/10/2015 09:01:29] /m monk
[03/10/2015 09:01:29] /m monk
[03/10/2015 09:01:29] /m monk
[03/10/2015 09:01:29] /m monk
[03/10/2015 09:01:29] /m monk
[03/10/2015 09:01:29] /m monk
[03/10/2015 09:01:29] /m monk
[03/10/2015 09:01:29] /m monk
[03/10/2015 09:01:29] /m monk
[03/10/2015 09:01:29] /m monk
[03/10/2015 09:01:29] /m monk
[03/10/2015 09:01:29] /m monk
[03/10/2015 09:01:29] /m monk
[03/10/2015 09:01:29] /m monk
[03/10/2015 09:01:29] /m monk
[03/10/2015 09:01:29] /m monk
[03/10/2015 09:01:29] /m monk
[03/10/2015 09:01:29] /m monk
[03/10/2015 09:01:29] /m monk
[03/10/2015 09:01:29] /m monk
[03/10/2015 09:01:29] /m monk
[03/10/2015 09:01:29] /m monk
[03/10/2015 09:01:29] /m monk
[03/10/2015 09:01:29] /m monk
[03/10/2015 09:01:29] /m monk
[03/10/2015 09:01:29] /m monk
[03/10/2015 09:01:29] /m monk
[03/10/2015 09:01:29] /m monk
[03/10/2015 09:01:29] /m monk
[03/10/2015 09:01:30] /m monk
[03/10/2015 09:01:30] /m monk
[03/10/2015 09:01:30] /m monk
[03/10/2015 09:01:30] /m monk
[03/10/2015 09:01:30] /m monk
[03/10/2015 09:01:30] /m monk
[03/10/2015 09:01:30] /m monk
[03/10/2015 09:01:30] /m monk
[03/10/2015 09:01:30] /m monk
[03/10/2015 09:01:30] /m monk
[03/10/2015 09:01:30] /m monk
[03/10/2015 09:01:30] /m monk
[03/10/2015 09:01:30] /m monk
[03/10/2015 09:01:30] /m monk
[03/10/2015 09:01:30] /m monk
[03/10/2015 09:01:30] /m monk
[03/10/2015 09:01:30] /m monk
[03/10/2015 09:01:30] /m monk
[03/10/2015 09:01:30] /m monk
[03/10/2015 09:01:30] /m monk
[03/10/2015 09:01:30] /m monk
[03/10/2015 09:01:30] /m monk
[03/10/2015 09:01:30] /m monk
[03/10/2015 09:01:30] /m monk
[03/10/2015 09:01:30] /m monk
[03/10/2015 09:01:30] /m monk
[03/10/2015 09:01:30] /m monk
[03/10/2015 09:01:30] /m monk
[03/10/2015 09:01:31] /m monk
[03/10/2015 09:01:31] /m monk
[03/10/2015 09:01:31] /m monk
[03/10/2015 09:01:31] /m monk
[03/10/2015 09:01:31] /m monk
[03/10/2015 09:01:31] /m monk
[03/10/2015 09:01:31] /m monk
[03/10/2015 09:01:31] /m monk
[03/10/2015 09:01:31] /m monk
[03/10/2015 09:01:31] /m monk
[03/10/2015 09:01:31] /m monk
[03/10/2015 09:01:31] /m monk
[03/10/2015 09:01:31] /m monk
[03/10/2015 09:01:31] /m monk
[03/10/2015 09:01:31] /m monk
[03/10/2015 09:01:31] /m monk
[03/10/2015 09:01:31] /m monk
[03/10/2015 09:01:31] /m monk
[03/10/2015 09:01:31] /m monk
[03/10/2015 09:01:31] /m monk
[03/10/2015 09:01:31] /m monk
[03/10/2015 09:01:31] /m monk
[03/10/2015 09:01:31] /m monk
[03/10/2015 09:01:31] /m monk
[03/10/2015 09:01:31] /m monk
[03/10/2015 09:01:31] /m monk
[03/10/2015 09:01:32] /m monk
[03/10/2015 09:01:32] /m monk
[03/10/2015 09:01:32] /m monk
[03/10/2015 09:01:32] /m monk
[03/10/2015 09:01:32] /m monk
[03/10/2015 09:01:32] /m monk
[03/10/2015 09:01:32] /m monk
[03/10/2015 09:01:32] /m monk
[03/10/2015 09:01:32] /m monk
[03/10/2015 09:01:32] /m monk
[03/10/2015 09:01:32] /m monk
[03/10/2015 09:01:32] /m monk
[03/10/2015 09:01:32] /m monk
[03/10/2015 09:01:32] /m monk
[03/10/2015 09:01:32] /m monk
[03/10/2015 09:01:32] /m monk
[03/10/2015 09:01:32] /m monk
[03/10/2015 09:01:32] /m monk
[03/10/2015 09:01:32] /m monk
[03/10/2015 09:01:32] /m monk
[03/10/2015 09:01:32] /m monk
[03/10/2015 09:01:32] /m monk
[03/10/2015 09:01:32] /m monk
[03/10/2015 09:01:32] /m monk
[03/10/2015 09:01:32] /m monk
[03/10/2015 09:01:32] /m monk
[03/10/2015 09:01:32] /m monk
[03/10/2015 09:01:32] /m monk
[03/10/2015 09:01:32] /m monk
[03/10/2015 09:01:32] /m monk
[03/10/2015 09:01:32] /m monk
[03/10/2015 09:01:33] /m monk
[03/10/2015 09:01:33] /m monk
[03/10/2015 09:01:33] /m monk
[03/10/2015 09:01:33] /m monk
[03/10/2015 09:01:33] /m monk
[03/10/2015 09:01:33] /m monk
[03/10/2015 09:01:33] /m monk
[03/10/2015 09:01:33] /m monk
[03/10/2015 09:01:33] /m monk
[03/10/2015 09:01:33] /m monk
[03/10/2015 09:01:33] /m monk
[03/10/2015 09:01:33] /m monk
[03/10/2015 09:01:33] /m monk
[03/10/2015 09:01:33] /m monk
[03/10/2015 09:01:33] /m monk
[03/10/2015 09:01:33] /m monk
[03/10/2015 09:01:33] /m monk
[03/10/2015 09:01:33] /m monk
[03/10/2015 09:01:33] /m monk
[03/10/2015 09:01:33] /m monk
[03/10/2015 09:01:33] /m monk
[03/10/2015 09:01:33] /m monk
[03/10/2015 09:01:33] /m monk
[03/10/2015 09:01:33] /m monk
[03/10/2015 09:01:33] /m monk
[03/10/2015 09:01:33] /m monk
[03/10/2015 09:01:33] /m monk
[03/10/2015 09:01:33] /m monk
[03/10/2015 09:01:33] /m monk
[03/10/2015 09:01:34] /m monk
[03/10/2015 09:01:34] /m monk
[03/10/2015 09:01:34] /m monk
[03/10/2015 09:01:34] /m monk
[03/10/2015 09:01:34] /m monk
[03/10/2015 09:01:34] /m monk
[03/10/2015 09:01:34] /m monk
[03/10/2015 09:01:34] /m monk
[03/10/2015 09:01:34] /m monk
[03/10/2015 09:01:34] /m monk
[03/10/2015 09:01:34] /m monk
[03/10/2015 09:01:34] /m monk
[03/10/2015 09:01:34] /m monk
[03/10/2015 09:01:34] /m monk
[03/10/2015 09:01:34] /m monk
[03/10/2015 09:01:34] /m monk
[03/10/2015 09:01:34] /m monk
[03/10/2015 09:01:34] /m monk
[03/10/2015 09:01:34] /m monk
[03/10/2015 09:01:34] /m monk
[03/10/2015 09:01:34] /m monk
[03/10/2015 09:01:34] /m monk
[03/10/2015 09:01:34] /m monk
[03/10/2015 09:01:34] /m monk
[03/10/2015 09:01:34] /m monk
[03/10/2015 09:01:34] /m monk
[03/10/2015 09:01:34] /m monk
[03/10/2015 09:01:34] /m monk
[03/10/2015 09:01:35] /m monk
[03/10/2015 09:01:35] /m monk
[03/10/2015 09:01:35] /m monk
[03/10/2015 09:01:35] /m monk
[03/10/2015 09:01:35] /m monk
[03/10/2015 09:01:35] /m monk
[03/10/2015 09:01:35] /m monk
[03/10/2015 09:01:35] /m monk
[03/10/2015 09:01:35] /m monk
[03/10/2015 09:01:35] /m monk
[03/10/2015 09:01:35] /m monk
[03/10/2015 09:01:35] /m monk
[03/10/2015 09:01:35] /m monk
[03/10/2015 09:01:35] /m monk
[03/10/2015 09:01:35] /m monk
[03/10/2015 09:01:35] /m monk
[03/10/2015 09:01:35] /m monk
[03/10/2015 09:01:35] /m monk
[03/10/2015 09:01:35] /m monk
[03/10/2015 09:01:35] /m monk
[03/10/2015 09:01:35] /m monk
[03/10/2015 09:01:35] /m monk
[03/10/2015 09:01:35] /m monk
[03/10/2015 09:01:35] /m monk
[03/10/2015 09:01:35] /m monk
[03/10/2015 09:01:35] /m monk
[03/10/2015 09:01:35] /m monk
[03/10/2015 09:01:36] /m monk
[03/10/2015 09:01:36] /m monk
[03/10/2015 09:01:36] /m monk
[03/10/2015 09:01:36] /m monk
[03/10/2015 09:01:36] /m monk
[03/10/2015 09:01:36] /m monk
[03/10/2015 09:01:36] /m monk
[03/10/2015 09:01:36] /m monk
[03/10/2015 09:01:36] /m monk
[03/10/2015 09:01:36] /m monk
[03/10/2015 09:01:36] /m monk
[03/10/2015 09:01:36] /m monk
[03/10/2015 09:01:36] /m monk
[03/10/2015 09:01:36] /m monk
[03/10/2015 09:01:36] /m monk
[03/10/2015 09:01:36] /m monk
[03/10/2015 09:01:36] /m monk
[03/10/2015 09:01:36] /m monk
[03/10/2015 09:01:36] /m monk
[03/10/2015 09:01:36] /m monk
[03/10/2015 09:01:36] /m monk
[03/10/2015 09:01:36] /m monk
[03/10/2015 09:01:36] /m monk
[03/10/2015 09:01:36] /m monk
[03/10/2015 09:01:36] /m monk
[03/10/2015 09:01:36] /m monk
[03/10/2015 09:01:36] /m monk
[03/10/2015 09:01:36] /m monk
[03/10/2015 09:01:36] /m monk
[03/10/2015 09:01:36] /m monk
[03/10/2015 09:01:36] /m monk
[03/10/2015 09:01:36] /m monk
[03/10/2015 09:01:37] /m monk
[03/10/2015 09:01:37] /m monk
[03/10/2015 09:01:37] /m monk
[03/10/2015 09:01:37] /m monk
[03/10/2015 09:01:37] /m monk
[03/10/2015 09:01:37] /m monk
[03/10/2015 09:01:37] /m monk
[03/10/2015 09:01:37] /m monk
[03/10/2015 09:01:37] /m monk
[03/10/2015 09:01:37] /m monk
[03/10/2015 09:01:37] /m monk
[03/10/2015 09:01:37] /m monk
[03/10/2015 09:01:37] /m monk
[03/10/2015 09:01:37] /m monk
[03/10/2015 09:01:37] /m monk
[03/10/2015 09:01:37] /m monk
[03/10/2015 09:01:37] /m monk
[03/10/2015 09:01:37] /m monk
[03/10/2015 09:01:37] /m monk
[03/10/2015 09:01:37] /m monk
[03/10/2015 09:01:37] /m monk
[03/10/2015 09:01:37] /m monk
[03/10/2015 09:01:37] /m monk
[03/10/2015 09:01:37] /m monk
[03/10/2015 09:01:37] /m monk
[03/10/2015 09:01:37] /m monk
[03/10/2015 09:01:38] /m monk
[03/10/2015 09:01:38] /m monk
[03/10/2015 09:01:38] /m monk
[03/10/2015 09:01:38] /m monk
[03/10/2015 09:01:38] /m monk
[03/10/2015 09:01:38] /m monk
[03/10/2015 09:01:38] /m monk
[03/10/2015 09:01:38] /m monk
[03/10/2015 09:01:38] /m monk
[03/10/2015 09:01:38] /m monk
[03/10/2015 09:01:38] /m monk
[03/10/2015 09:01:38] /m monk
[03/10/2015 09:01:38] /m monk
[03/10/2015 09:01:38] /m monk
[03/10/2015 09:01:38] /m monk
[03/10/2015 09:01:38] /m monk
[03/10/2015 09:01:38] /m monk
[03/10/2015 09:01:38] /m monk
[03/10/2015 09:01:38] /m monk
[03/10/2015 09:01:38] /m monk
[03/10/2015 09:01:38] /m monk
[03/10/2015 09:01:38] /m monk
[03/10/2015 09:01:38] /m monk
[03/10/2015 09:01:38] /m monk
[03/10/2015 09:01:38] /m monk
[03/10/2015 09:01:38] /m monk
[03/10/2015 09:01:38] /m monk
[03/10/2015 09:01:38] /m monk
[03/10/2015 09:01:38] /m monk
[03/10/2015 09:01:39] /m monk
[03/10/2015 09:01:39] /m monk
[03/10/2015 09:01:39] /m monk
[03/10/2015 09:01:39] /m monk
[03/10/2015 09:01:39] /m monk
[03/10/2015 09:01:39] /m monk
[03/10/2015 09:01:39] /m monk
[03/10/2015 09:01:39] /m monk
[03/10/2015 09:01:39] /m monk
[03/10/2015 09:01:39] /m monk
[03/10/2015 09:01:39] /m monk
[03/10/2015 09:01:39] /m monk
[03/10/2015 09:01:39] /m monk
[03/10/2015 09:01:39] /m monk
[03/10/2015 09:01:39] /m monk
[03/10/2015 09:01:39] /m monk
[03/10/2015 09:01:39] /m monk
[03/10/2015 09:01:39] /m monk
[03/10/2015 09:01:39] /m monk
[03/10/2015 09:01:39] /m monk
[03/10/2015 09:01:39] /m monk
[03/10/2015 09:01:39] /m monk
[03/10/2015 09:01:39] /m monk
[03/10/2015 09:01:39] /m monk
[03/10/2015 09:01:39] /m monk
[03/10/2015 09:01:39] /m monk
[03/10/2015 09:01:40] /m monk
[03/10/2015 09:01:40] /m monk
[03/10/2015 09:01:40] /m monk
[03/10/2015 09:01:40] /m monk
[03/10/2015 09:01:40] /m monk
[03/10/2015 09:01:40] /m monk
[03/10/2015 09:01:40] /m monk
[03/10/2015 09:01:40] /m monk
[03/10/2015 09:01:40] /m monk
[03/10/2015 09:01:40] /m monk
[03/10/2015 09:01:40] /m monk
[03/10/2015 09:01:40] /m monk
[03/10/2015 09:01:40] /m monk
[03/10/2015 09:01:40] /m monk
[03/10/2015 09:01:40] /m monk
[03/10/2015 09:01:40] /m monk
[03/10/2015 09:01:40] /m monk
[03/10/2015 09:01:40] /m monk
[03/10/2015 09:01:40] /m monk
[03/10/2015 09:01:40] /m monk
[03/10/2015 09:01:40] /m monk
[03/10/2015 09:01:40] /m monk
[03/10/2015 09:01:40] /m monk
[03/10/2015 09:01:40] /m monk
[03/10/2015 09:01:40] /m monk
[03/10/2015 09:01:40] /m monk
[03/10/2015 09:01:40] /m monk
[03/10/2015 09:01:40] /m monk
[03/10/2015 09:01:40] /m monk
[03/10/2015 09:01:40] /m monk
[03/10/2015 09:01:40] /m monk
[03/10/2015 09:01:41] /m monk
[03/10/2015 09:01:41] /m monk
[03/10/2015 09:01:41] /m monk
[03/10/2015 09:01:41] /m monk
[03/10/2015 09:01:41] /m monk
[03/10/2015 09:01:41] /m monk
[03/10/2015 09:01:41] /m monk
[03/10/2015 09:01:41] /m monk
[03/10/2015 09:01:41] /m monk
[03/10/2015 09:01:41] /m monk
[03/10/2015 09:01:41] /m monk
[03/10/2015 09:01:41] /m monk
[03/10/2015 09:01:41] /m monk
[03/10/2015 09:01:41] /m monk
[03/10/2015 09:01:41] /m monk
[03/10/2015 09:01:41] /m monk
[03/10/2015 09:01:41] /m monk
[03/10/2015 09:01:41] /m monk
[03/10/2015 09:01:41] /m monk
[03/10/2015 09:01:41] /m monk
[03/10/2015 09:01:41] /m monk
[03/10/2015 09:01:41] /m monk
[03/10/2015 09:01:41] /m monk
[03/10/2015 09:01:41] /m monk
[03/10/2015 09:01:41] /m monk
[03/10/2015 09:01:41] /m monk
[03/10/2015 09:01:41] /m monk
[03/10/2015 09:01:41] /m monk
[03/10/2015 09:01:41] /m monk
[03/10/2015 09:01:42] /m monk
[03/10/2015 09:01:42] /m monk
[03/10/2015 09:01:42] /m monk
[03/10/2015 09:01:42] /m monk
[03/10/2015 09:01:42] /m monk
[03/10/2015 09:01:42] /m monk
[03/10/2015 09:01:42] /m monk
[03/10/2015 09:01:42] /m monk
[03/10/2015 09:01:42] /m monk
[03/10/2015 09:01:42] /m monk
[03/10/2015 09:01:42] /m monk
[03/10/2015 09:01:42] /m monk
[03/10/2015 09:01:42] /m monk
[03/10/2015 09:01:42] /m monk
[03/10/2015 09:01:42] /m monk
[03/10/2015 09:01:42] /m monk
[03/10/2015 09:01:42] /m monk
[03/10/2015 09:01:42] /m monk
[03/10/2015 09:01:42] /m monk
[03/10/2015 09:01:42] /m monk
[03/10/2015 09:01:42] /m monk
[03/10/2015 09:01:42] /m monk
[03/10/2015 09:01:42] /m monk
[03/10/2015 09:01:42] /m monk
[03/10/2015 09:01:42] /m monk
[03/10/2015 09:01:42] /m monk
[03/10/2015 09:01:42] /m monk
[03/10/2015 09:01:42] /m monk
[03/10/2015 09:01:42] /m monk
[03/10/2015 09:01:43] /m monk
[03/10/2015 09:01:43] /m monk
[03/10/2015 09:01:43] /m monk
[03/10/2015 09:01:43] /m monk
[03/10/2015 09:01:43] /m monk
[03/10/2015 09:01:43] /m monk
[03/10/2015 09:01:43] /m monk
[03/10/2015 09:01:43] /m monk
[03/10/2015 09:01:43] /m monk
[03/10/2015 09:01:43] /m monk
[03/10/2015 09:01:43] /m monk
[03/10/2015 09:01:43] /m monk
[03/10/2015 09:01:43] /m monk
[03/10/2015 09:01:43] /m monk
[03/10/2015 09:01:43] /m monk
[03/10/2015 09:01:43] /m monk
[03/10/2015 09:01:43] /m monk
[03/10/2015 09:01:43] /m monk
[03/10/2015 09:01:43] /m monk
[03/10/2015 09:01:43] /m monk
[03/10/2015 09:01:43] /m monk
[03/10/2015 09:01:43] /m monk
[03/10/2015 09:01:43] /m monk
[03/10/2015 09:01:43] /m monk
[03/10/2015 09:01:43] /m monk
[03/10/2015 09:01:43] /m monk
[03/10/2015 09:01:43] /m monk
[03/10/2015 09:01:43] /m monk
[03/10/2015 09:01:44] /m monk
[03/10/2015 09:01:44] /m monk
[03/10/2015 09:01:44] /m monk
[03/10/2015 09:01:44] /m monk
[03/10/2015 09:01:44] /m monk
[03/10/2015 09:01:44] /m monk
[03/10/2015 09:01:44] /m monk
[03/10/2015 09:01:44] /m monk
[03/10/2015 09:01:44] /m monk
[03/10/2015 09:01:44] /m monk
[03/10/2015 09:01:44] /m monk
[03/10/2015 09:01:44] /m monk
[03/10/2015 09:01:44] /m monk
[03/10/2015 09:01:44] /m monk
[03/10/2015 09:01:44] /m monk
[03/10/2015 09:01:44] /m monk
[03/10/2015 09:01:44] /m monk
[03/10/2015 09:01:44] /m monk
[03/10/2015 09:01:44] /m monk
[03/10/2015 09:01:44] /m monk
[03/10/2015 09:01:44] /m monk
[03/10/2015 09:01:44] /m monk
[03/10/2015 09:01:44] /m monk
[03/10/2015 09:01:44] /m monk
[03/10/2015 09:01:44] /m monk
[03/10/2015 09:01:44] /m monk
[03/10/2015 09:01:44] /m monk
[03/10/2015 09:01:44] /m monk
[03/10/2015 09:01:44] /m monk
[03/10/2015 09:01:45] /m monk
[03/10/2015 09:01:45] /m monk
[03/10/2015 09:01:45] /m monk
[03/10/2015 09:01:45] /m monk
[03/10/2015 09:01:45] /m monk
[03/10/2015 09:01:45] /m monk
[03/10/2015 09:01:45] /m monk
[03/10/2015 09:01:45] /m monk
[03/10/2015 09:01:45] /m monk
[03/10/2015 09:01:45] /m monk
[03/10/2015 09:01:45] /m monk
[03/10/2015 09:01:45] /m monk
[03/10/2015 09:01:45] /m monk
[03/10/2015 09:01:45] /m monk
[03/10/2015 09:01:45] /m monk
[03/10/2015 09:01:45] /m monk
[03/10/2015 09:01:45] /m monk
[03/10/2015 09:01:45] /m monk
[03/10/2015 09:01:45] /m monk
[03/10/2015 09:01:45] /m monk
[03/10/2015 09:01:45] /m monk
[03/10/2015 09:01:45] /m monk
[03/10/2015 09:01:45] /m monk
[03/10/2015 09:01:45] /m monk
[03/10/2015 09:01:45] /m monk
[03/10/2015 09:01:45] /m monk
[03/10/2015 09:01:45] /m monk
[03/10/2015 09:01:45] /m monk
[03/10/2015 09:01:45] /m monk
[03/10/2015 09:01:46] /m monk
[03/10/2015 09:01:46] /m monk
[03/10/2015 09:01:46] /m monk
[03/10/2015 09:01:46] /m monk
[03/10/2015 09:01:46] /m monk
[03/10/2015 09:01:46] /m monk
[03/10/2015 09:01:46] /m monk
[03/10/2015 09:01:46] /m monk
[03/10/2015 09:01:46] /m monk
[03/10/2015 09:02:17] /m sasuke uchiha
[03/10/2015 09:02:18] /m sasuke uchiha
[03/10/2015 09:02:18] /m sasuke uchiha
[03/10/2015 09:02:19] /m sasuke uchiha
[03/10/2015 09:02:19] /m sasuke uchiha
[03/10/2015 09:02:20] /m sasuke uchiha
[03/10/2015 09:02:21] /m sasuke uchiha
[03/10/2015 09:02:21] /m sasuke uchiha
[03/10/2015 09:02:22] /m sasuke uchiha
[03/10/2015 09:02:22] /m sasuke uchiha
[03/10/2015 09:02:23] /m sasuke uchiha
[03/10/2015 09:02:23] /m sasuke uchiha
[03/10/2015 09:02:31] /goto imortall
[03/10/2015 09:02:32] /goto imortall
[03/10/2015 09:02:33] /goto imortall
[03/10/2015 09:02:34] /goto imortall
[03/10/2015 09:02:35] /goto imortall
[03/10/2015 09:02:37] /m sasuke uchiha
[03/10/2015 09:02:37] /m sasuke uchiha
[03/10/2015 09:02:38] /m sasuke uchiha
[03/10/2015 09:02:39] /goto imortall
[03/10/2015 09:02:40] /goto imortall
[03/10/2015 09:02:41] /goto imortall
[03/10/2015 09:02:41] /goto imortall
[03/10/2015 09:02:42] /goto imortall
[03/10/2015 09:02:43] /goto imortall
[03/10/2015 09:02:44] /goto imortall
[03/10/2015 09:02:45] /goto imortall
[03/10/2015 09:02:45] /goto imortall
[03/10/2015 09:02:46] /goto imortall
[03/10/2015 09:02:47] /goto imortall
[03/10/2015 09:02:50] /goto imortall
[03/10/2015 09:02:51] /goto imortall
[03/10/2015 09:02:52] /goto imortall
[03/10/2015 09:02:53] /goto imortall
[03/10/2015 09:02:54] /goto imortall
[03/10/2015 09:02:55] /goto imortall
[03/10/2015 09:02:56] /goto imortall
[03/10/2015 09:02:57] /goto imortall
[03/10/2015 09:02:58] /goto imortall
[03/10/2015 09:02:59] /goto imortall
[03/10/2015 09:03:00] /goto imortall
[03/10/2015 09:03:00] /goto imortall
[03/10/2015 09:03:01] /goto imortall
[03/10/2015 09:03:02] /goto imortall
[03/10/2015 09:03:03] /goto imortall
[03/10/2015 09:03:04] /goto imortall
[03/10/2015 09:03:05] /goto imortall
[03/10/2015 09:03:06] /goto imortall
[03/10/2015 09:03:06] /goto imortall
[03/10/2015 09:03:07] /goto imortall
[03/10/2015 09:03:08] /goto imortall
[03/10/2015 09:03:08] /goto imortall
[03/10/2015 09:03:09] /goto imortall
[03/10/2015 09:03:10] /goto imortall
[03/10/2015 09:03:11] /goto imortall
[03/10/2015 09:03:11] /goto imortall
[03/10/2015 09:03:11] /goto imortall
[03/10/2015 09:03:12] /goto imortall
[03/10/2015 09:03:12] /goto imortall
[03/10/2015 09:03:12] /goto imortall
[03/10/2015 09:03:12] /goto imortall
[03/10/2015 09:03:12] /goto imortall
[03/10/2015 09:03:12] /goto imortall
[03/10/2015 09:03:12] /goto imortall
[03/10/2015 09:03:12] /goto imortall
[03/10/2015 09:03:12] /goto imortall
[03/10/2015 09:03:12] /goto imortall
[03/10/2015 09:03:12] /goto imortall
[03/10/2015 09:03:12] /goto imortall
[03/10/2015 09:03:12] /goto imortall
[03/10/2015 09:03:12] /goto imortall
[03/10/2015 09:03:12] /goto imortall
[03/10/2015 09:03:12] /goto imortall
[03/10/2015 09:03:12] /goto imortall
[03/10/2015 09:03:12] /goto imortall
[03/10/2015 09:03:12] /goto imortall
[03/10/2015 09:03:12] /goto imortall
[03/10/2015 09:03:12] /goto imortall
[03/10/2015 09:03:12] /goto imortall
[03/10/2015 09:03:12] /goto imortall
[03/10/2015 09:03:12] /goto imortall
[03/10/2015 09:03:12] /goto imortall
[03/10/2015 09:03:12] /goto imortall
[03/10/2015 09:03:12] /goto imortall
[03/10/2015 09:03:12] /goto imortall
[03/10/2015 09:03:12] /goto imortall
[03/10/2015 09:03:12] /goto imortall
[03/10/2015 09:03:12] /goto imortall
[03/10/2015 09:03:12] /goto imortall
[03/10/2015 09:03:13] /goto imortall
[03/10/2015 09:03:14] /goto imortall
[03/10/2015 09:03:15] /goto imortall
[03/10/2015 09:03:15] /goto imortall
[03/10/2015 09:03:16] /goto imortall
[03/10/2015 09:03:16] /goto imortall
[03/10/2015 09:03:16] /goto imortall
[03/10/2015 09:03:16] /goto imortall
[03/10/2015 09:03:16] /goto imortall
[03/10/2015 09:03:16] /goto imortall
[03/10/2015 09:03:16] /goto imortall
[03/10/2015 09:03:16] /goto imortall
[03/10/2015 09:03:16] /goto imortall
[03/10/2015 09:03:16] /goto imortall
[03/10/2015 09:03:16] /goto imortall
[03/10/2015 09:03:16] /goto imortall
[03/10/2015 09:03:16] /goto imortall
[03/10/2015 09:03:16] /goto imortall
[03/10/2015 09:03:16] /goto imortall
[03/10/2015 09:03:16] /goto imortall
[03/10/2015 09:03:17] /goto imortall
[03/10/2015 09:03:17] /goto imortall
[03/10/2015 09:03:17] /goto imortall
[03/10/2015 09:03:17] /goto imortall
[03/10/2015 09:03:17] /goto imortall
[03/10/2015 09:03:17] /goto imortall
[03/10/2015 09:03:17] /goto imortall
[03/10/2015 09:03:17] /goto imortall
[03/10/2015 09:03:18] /goto imortall
[03/10/2015 09:03:19] /goto imortall
[03/10/2015 09:03:20] /goto imortall
[03/10/2015 09:03:21] /goto imortall
[03/10/2015 09:03:21] /goto imortall
[03/10/2015 09:03:22] /goto imortall
[03/10/2015 09:03:22] /goto imortall
[03/10/2015 09:03:22] /goto imortall
[03/10/2015 09:03:22] /goto imortall
[03/10/2015 09:03:23] /goto imortall
[03/10/2015 09:03:23] /goto imortall
[03/10/2015 09:03:23] /goto imortall
[03/10/2015 09:03:23] /goto imortall
[03/10/2015 09:03:24] /goto imortall
[03/10/2015 09:03:27] /goto imortall
[03/10/2015 09:03:28] /goto imortall
[03/10/2015 09:03:29] /goto imortall
[03/10/2015 09:03:30] /goto imortall
[03/10/2015 09:03:31] /goto imortall
[03/10/2015 09:03:32] /goto imortall
[03/10/2015 09:03:33] /goto imortall
[03/10/2015 09:03:34] /goto imortall
[03/10/2015 09:03:34] /goto imortall
[03/10/2015 09:03:35] /goto imortall
[03/10/2015 09:03:36] /goto imortall
[03/10/2015 09:03:38] /goto imortall
[03/10/2015 09:03:40] /goto imortall
[03/10/2015 09:03:41] /goto imortall
[03/10/2015 09:03:42] /goto imortall
[03/10/2015 09:03:44] /goto imortall
[03/10/2015 09:03:45] /goto imortall
[03/10/2015 09:03:47] /goto imortall
[03/10/2015 09:03:48] /goto imortall
[03/10/2015 09:03:49] /goto imortall
[03/10/2015 09:03:50] /goto imortall
[03/10/2015 09:04:55] /b mata os Sasuke Uchiha!!
[03/10/2015 09:04:57] /b mata os Sasuke Uchiha!!
[03/10/2015 09:05:01] /goto imortall
[03/10/2015 09:05:03] /goto imortall
[03/10/2015 09:05:05] /b mata os Sasuke Uchiha!!
[03/10/2015 09:05:10] /goto imortall
[03/10/2015 09:05:11] /goto imortall
[03/10/2015 09:05:16] /goto imortall
[03/10/2015 09:05:22] /b guenta n?
[03/10/2015 09:05:33] /b 
[03/10/2015 09:05:39] /b kkkkkkk
[03/10/2015 09:05:41] /goto imortall
[03/10/2015 09:06:02] /goto imortall
[03/10/2015 09:06:03] /m sasuke uchiha
[03/10/2015 09:06:03] /m sasuke uchiha
[03/10/2015 09:06:03] /m sasuke uchiha
[03/10/2015 09:06:03] /m sasuke uchiha
[03/10/2015 09:06:03] /m sasuke uchiha
[03/10/2015 09:06:03] /m sasuke uchiha
[03/10/2015 09:06:04] /m sasuke uchiha
[03/10/2015 09:06:04] /m sasuke uchiha
[03/10/2015 09:06:04] /m sasuke uchiha
[03/10/2015 09:06:04] /m sasuke uchiha
[03/10/2015 09:06:04] /m sasuke uchiha
[03/10/2015 09:06:04] /m sasuke uchiha
[03/10/2015 09:06:04] /m sasuke uchiha
[03/10/2015 09:06:04] /m sasuke uchiha
[03/10/2015 09:06:04] /m sasuke uchiha
[03/10/2015 09:06:04] /m sasuke uchiha
[03/10/2015 09:06:04] /m sasuke uchiha
[03/10/2015 09:06:04] /m sasuke uchiha
[03/10/2015 09:06:04] /m sasuke uchiha
[03/10/2015 09:06:04] /m sasuke uchiha
[03/10/2015 09:06:04] /m sasuke uchiha
[03/10/2015 09:06:04] /m sasuke uchiha
[03/10/2015 09:06:04] /m sasuke uchiha
[03/10/2015 09:06:04] /m sasuke uchiha
[03/10/2015 09:06:04] /m sasuke uchiha
[03/10/2015 09:06:04] /m sasuke uchiha
[03/10/2015 09:06:04] /m sasuke uchiha
[03/10/2015 09:06:04] /m sasuke uchiha
[03/10/2015 09:06:04] /m sasuke uchiha
[03/10/2015 09:06:05] /m sasuke uchiha
[03/10/2015 09:06:05] /m sasuke uchiha
[03/10/2015 09:06:05] /m sasuke uchiha
[03/10/2015 09:06:05] /m sasuke uchiha
[03/10/2015 09:06:05] /m sasuke uchiha
[03/10/2015 09:06:05] /m sasuke uchiha
[03/10/2015 09:06:05] /m sasuke uchiha
[03/10/2015 09:06:05] /m sasuke uchiha
[03/10/2015 09:06:05] /m sasuke uchiha
[03/10/2015 09:06:05] /m sasuke uchiha
[03/10/2015 09:06:05] /m sasuke uchiha
[03/10/2015 09:06:05] /m sasuke uchiha
[03/10/2015 09:06:05] /m sasuke uchiha
[03/10/2015 09:06:05] /m sasuke uchiha
[03/10/2015 09:06:05] /m sasuke uchiha
[03/10/2015 09:06:05] /m sasuke uchiha
[03/10/2015 09:06:05] /m sasuke uchiha
[03/10/2015 09:06:05] /m sasuke uchiha
[03/10/2015 09:06:05] /m sasuke uchiha
[03/10/2015 09:06:05] /m sasuke uchiha
[03/10/2015 09:06:05] /m sasuke uchiha
[03/10/2015 09:06:05] /m sasuke uchiha
[03/10/2015 09:06:05] /m sasuke uchiha
[03/10/2015 09:06:05] /m sasuke uchiha
[03/10/2015 09:06:05] /m sasuke uchiha
[03/10/2015 09:06:05] /m sasuke uchiha
[03/10/2015 09:06:05] /m sasuke uchiha
[03/10/2015 09:06:05] /m sasuke uchiha
[03/10/2015 09:06:05] /m sasuke uchiha
[03/10/2015 09:06:05] /m sasuke uchiha
[03/10/2015 09:06:05] /m sasuke uchiha
[03/10/2015 09:06:05] /m sasuke uchiha
[03/10/2015 09:06:05] /m sasuke uchiha
[03/10/2015 09:06:05] /m sasuke uchiha
[03/10/2015 09:06:06] /m sasuke uchiha
[03/10/2015 09:06:06] /m sasuke uchiha
[03/10/2015 09:06:06] /m sasuke uchiha
[03/10/2015 09:06:06] /m sasuke uchiha
[03/10/2015 09:06:06] /m sasuke uchiha
[03/10/2015 09:06:06] /m sasuke uchiha
[03/10/2015 09:06:06] /m sasuke uchiha
[03/10/2015 09:06:06] /m sasuke uchiha
[03/10/2015 09:06:06] /m sasuke uchiha
[03/10/2015 09:06:06] /m sasuke uchiha
[03/10/2015 09:06:06] /m sasuke uchiha
[03/10/2015 09:06:06] /m sasuke uchiha
[03/10/2015 09:06:06] /m sasuke uchiha
[03/10/2015 09:06:06] /m sasuke uchiha
[03/10/2015 09:06:06] /m sasuke uchiha
[03/10/2015 09:06:06] /m sasuke uchiha
[03/10/2015 09:06:06] /m sasuke uchiha
[03/10/2015 09:06:06] /m sasuke uchiha
[03/10/2015 09:06:06] /m sasuke uchiha
[03/10/2015 09:06:06] /m sasuke uchiha
[03/10/2015 09:06:06] /m sasuke uchiha
[03/10/2015 09:06:06] /m sasuke uchiha
[03/10/2015 09:06:06] /m sasuke uchiha
[03/10/2015 09:06:06] /m sasuke uchiha
[03/10/2015 09:06:06] /m sasuke uchiha
[03/10/2015 09:06:06] /m sasuke uchiha
[03/10/2015 09:06:06] /m sasuke uchiha
[03/10/2015 09:06:07] /m sasuke uchiha
[03/10/2015 09:06:07] /m sasuke uchiha
[03/10/2015 09:06:07] /m sasuke uchiha
[03/10/2015 09:06:07] /m sasuke uchiha
[03/10/2015 09:06:07] /m sasuke uchiha
[03/10/2015 09:06:07] /m sasuke uchiha
[03/10/2015 09:06:07] /m sasuke uchiha
[03/10/2015 09:06:07] /m sasuke uchiha
[03/10/2015 09:06:07] /m sasuke uchiha
[03/10/2015 09:06:07] /m sasuke uchiha
[03/10/2015 09:06:07] /m sasuke uchiha
[03/10/2015 09:06:07] /m sasuke uchiha
[03/10/2015 09:06:07] /m sasuke uchiha
[03/10/2015 09:06:07] /m sasuke uchiha
[03/10/2015 09:06:07] /m sasuke uchiha
[03/10/2015 09:06:07] /m sasuke uchiha
[03/10/2015 09:06:07] /m sasuke uchiha
[03/10/2015 09:06:07] /m sasuke uchiha
[03/10/2015 09:06:07] /m sasuke uchiha
[03/10/2015 09:06:07] /m sasuke uchiha
[03/10/2015 09:06:07] /m sasuke uchiha
[03/10/2015 09:06:07] /m sasuke uchiha
[03/10/2015 09:06:07] /m sasuke uchiha
[03/10/2015 09:06:07] /m sasuke uchiha
[03/10/2015 09:06:07] /m sasuke uchiha
[03/10/2015 09:06:07] /m sasuke uchiha
[03/10/2015 09:06:07] /m sasuke uchiha
[03/10/2015 09:06:07] /m sasuke uchiha
[03/10/2015 09:06:07] /m sasuke uchiha
[03/10/2015 09:06:08] /m sasuke uchiha
[03/10/2015 09:06:08] /m sasuke uchiha
[03/10/2015 09:06:08] /m sasuke uchiha
[03/10/2015 09:06:08] /goto imortall
[03/10/2015 09:06:17] /goto imortall
[03/10/2015 09:06:18] /goto imortall
[03/10/2015 09:06:21] /goto imortall
[03/10/2015 09:06:23] /c imortall
[03/10/2015 09:06:25] /t
[03/10/2015 09:06:27] /c imortall
[03/10/2015 09:07:27] /m samurai
[03/10/2015 09:07:51] /goto imortall
[03/10/2015 09:08:07] /goto kill bill
[03/10/2015 09:08:21] /goto kill bill
[03/10/2015 09:08:53] /goto imortal
[03/10/2015 09:08:54] /goto imortall
[03/10/2015 09:09:58] /goto imortall
[03/10/2015 09:26:25] /b galera estou criando um ot com ip fixo, no caso não irá precisar de ip change mais, assim que eu terminar coloco pra download..
[03/10/2015 09:52:58] /b Galera vou mandar o link do client atualizado para vocês testarem
[03/10/2015 09:54:13] /up
[03/10/2015 10:07:11] /c imortal
[03/10/2015 10:08:25] /addskill level, Herman Li
[03/10/2015 10:08:30] /addskill level, Herman Li
[03/10/2015 10:08:32] /addskill level, Herman Li
[03/10/2015 10:08:41] /addskill level, Herman Li
[03/10/2015 10:08:56] /addskill level, Herman Li....
[03/10/2015 10:09:17] /addskill Herman Li, Level
[03/10/2015 10:09:24] /addskill Herman Li, level
[03/10/2015 10:09:32] /addskill Herman Li, level
[03/10/2015 10:09:33] /addskill Herman Li, level
[03/10/2015 10:09:33] /addskill Herman Li, level
[03/10/2015 10:09:33] /addskill Herman Li, level
[03/10/2015 10:09:33] /addskill Herman Li, level
[03/10/2015 10:09:34] /addskill Herman Li, level
[03/10/2015 10:09:34] /addskill Herman Li, level
[03/10/2015 10:09:34] /addskill Herman Li, level
[03/10/2015 10:09:34] /addskill Herman Li, level
[03/10/2015 10:09:34] /addskill Herman Li, level
[03/10/2015 10:09:35] /addskill Herman Li, level
[03/10/2015 10:09:36] /addskill Herman Li, level
[03/10/2015 10:09:37] /addskill Herman Li, level
[03/10/2015 10:09:37] /addskill Herman Li, level
[03/10/2015 10:09:37] /addskill Herman Li, level
[03/10/2015 10:09:37] /addskill Herman Li, level
[03/10/2015 10:09:38] /addskill Herman Li, level
[03/10/2015 10:09:39] /addskill Herman Li, level
[03/10/2015 10:09:39] /addskill Herman Li, level
[03/10/2015 10:09:39] /addskill Herman Li, level
[03/10/2015 10:09:39] /addskill Herman Li, level
[03/10/2015 10:09:39] /addskill Herman Li, level
[03/10/2015 10:09:40] /addskill Herman Li, level
[03/10/2015 10:09:41] /addskill Herman Li, level
[03/10/2015 10:09:43] /addskill Herman Li, level
[03/10/2015 10:09:43] /addskill Herman Li, level
[03/10/2015 10:09:45] /addskill Herman Li, level
[03/10/2015 10:09:45] /addskill Herman Li, level
[03/10/2015 10:10:00] /i assassin armor
[03/10/2015 10:10:05] /i assassin mask
[03/10/2015 10:10:08] /i assassin mask
[03/10/2015 10:10:10] /i assassin armor
[03/10/2015 10:10:21] /i fat ninja legs
[03/10/2015 10:10:25] /i fat ninja trousers
[03/10/2015 10:10:30] /i katana
[03/10/2015 10:10:49] /i ultra katanas
[03/10/2015 10:10:56] /i katanas
[03/10/2015 10:11:34] /i yellow attack glove
[03/10/2015 10:11:39] /i yellow glove attack
[03/10/2015 10:13:25] /addskill Acakkk, level
[03/10/2015 10:13:25] /addskill Acakkk, level
[03/10/2015 10:13:25] /addskill Acakkk, level
[03/10/2015 10:13:26] /addskill Acakkk, level
[03/10/2015 10:13:26] /addskill Acakkk, level
[03/10/2015 10:13:26] /addskill Acakkk, level
[03/10/2015 10:13:26] /addskill Acakkk, level
[03/10/2015 10:13:26] /addskill Acakkk, level
[03/10/2015 10:13:26] /addskill Acakkk, level
[03/10/2015 10:13:28] /addskill Acakkk, level
[03/10/2015 10:13:28] /addskill Acakkk, level
[03/10/2015 10:13:28] /addskill Acakkk, level
[03/10/2015 10:13:29] /addskill Acakkk, level
[03/10/2015 10:13:29] /addskill Acakkk, level
[03/10/2015 10:13:29] /addskill Acakkk, level
[03/10/2015 10:13:30] /addskill Acakkk, level
[03/10/2015 10:13:30] /addskill Acakkk, level
[03/10/2015 10:13:30] /addskill Acakkk, level
[03/10/2015 10:13:30] /addskill Acakkk, level
[03/10/2015 10:13:31] /addskill Acakkk, level
[03/10/2015 10:13:31] /addskill Acakkk, level
[03/10/2015 10:13:31] /addskill Acakkk, level
[03/10/2015 10:13:31] /addskill Acakkk, level
[03/10/2015 10:13:33] /addskill Acakkk, level
[03/10/2015 10:13:33] /addskill Acakkk, level
[03/10/2015 10:13:33] /addskill Acakkk, level
[03/10/2015 10:13:34] /addskill Acakkk, level
[03/10/2015 10:13:35] /addskill Acakkk, level
[03/10/2015 10:13:35] /addskill Acakkk, level
[03/10/2015 10:13:44] /addskill Acakkk, level
[03/10/2015 10:13:46] /addskill Acakkk, level
[03/10/2015 10:13:46] /addskill Acakkk, level
[03/10/2015 10:13:48] /addskill Herman Li, level
[03/10/2015 10:13:48] /addskill Herman Li, level
[03/10/2015 10:13:49] /addskill Herman Li, level
[03/10/2015 10:13:52] /addskill Acakkk, level
[03/10/2015 10:13:52] /addskill Acakkk, level
[03/10/2015 10:13:53] /addskill Herman Li, level
[03/10/2015 10:13:53] /addskill Herman Li, level
[03/10/2015 10:14:19] /i bandit trousers
[03/10/2015 10:14:20] /i bandit trousers
[03/10/2015 10:14:27] /r
[03/10/2015 10:14:29] /r
[03/10/2015 10:14:30] /r
[03/10/2015 10:14:30] /r
[03/10/2015 10:14:31] /r
[03/10/2015 10:14:35] /r
[03/10/2015 10:14:37] /r
[03/10/2015 10:14:41] /r
[03/10/2015 10:15:35] /addskill Herman Li, sword
[03/10/2015 10:15:35] /addskill Herman Li, sword
[03/10/2015 10:15:36] /addskill Herman Li, sword
[03/10/2015 10:15:37] /addskill Herman Li, sword
[03/10/2015 10:15:37] /addskill Herman Li, sword
[03/10/2015 10:15:37] /addskill Herman Li, sword
[03/10/2015 10:15:42] /addskill Herman Li, sword
[03/10/2015 10:15:44] /addskill Herman Li, sword
[03/10/2015 10:15:44] /addskill Herman Li, sword
[03/10/2015 10:15:45] /addskill Herman Li, sword
[03/10/2015 10:15:45] /addskill Herman Li, sword
[03/10/2015 10:15:46] /addskill Herman Li, sword
[03/10/2015 10:15:46] /addskill Herman Li, sword
[03/10/2015 10:15:46] /addskill Herman Li, sword
[03/10/2015 10:15:47] /addskill Herman Li, sword
[03/10/2015 10:15:47] /addskill Herman Li, sword
[03/10/2015 10:15:47] /addskill Herman Li, sword
[03/10/2015 10:15:48] /addskill Herman Li, sword
[03/10/2015 10:15:48] /addskill Herman Li, sword
[03/10/2015 10:15:48] /addskill Herman Li, sword
[03/10/2015 10:15:49] /addskill Herman Li, sword
[03/10/2015 10:15:49] /addskill Herman Li, sword
[03/10/2015 10:15:49] /addskill Herman Li, sword
[03/10/2015 10:15:49] /addskill Herman Li, sword
[03/10/2015 10:15:49] /addskill Herman Li, sword
[03/10/2015 10:15:49] /addskill Herman Li, sword
[03/10/2015 10:15:50] /addskill Herman Li, sword
[03/10/2015 10:15:50] /addskill Herman Li, sword
[03/10/2015 10:15:50] /addskill Herman Li, sword
[03/10/2015 10:15:50] /addskill Herman Li, sword
[03/10/2015 10:15:50] /addskill Herman Li, sword
[03/10/2015 10:15:51] /addskill Herman Li, sword
[03/10/2015 10:15:51] /addskill Herman Li, sword
[03/10/2015 10:15:51] /addskill Herman Li, sword
[03/10/2015 10:15:51] /addskill Herman Li, sword
[03/10/2015 10:15:51] /addskill Herman Li, sword
[03/10/2015 10:15:51] /addskill Herman Li, sword
[03/10/2015 10:15:51] /addskill Herman Li, sword
[03/10/2015 10:15:52] /addskill Herman Li, sword
[03/10/2015 10:15:52] /addskill Herman Li, sword
[03/10/2015 10:15:52] /addskill Herman Li, sword
[03/10/2015 10:15:52] /addskill Herman Li, sword
[03/10/2015 10:15:52] /addskill Herman Li, sword
[03/10/2015 10:15:52] /addskill Herman Li, sword
[03/10/2015 10:15:53] /addskill Herman Li, sword
[03/10/2015 10:15:53] /addskill Herman Li, sword
[03/10/2015 10:15:53] /addskill Herman Li, sword
[03/10/2015 10:15:53] /addskill Herman Li, sword
[03/10/2015 10:15:55] /addskill Herman Li, sword
[03/10/2015 10:15:55] /addskill Herman Li, sword
[03/10/2015 10:16:04] /addskill Herman Li, sword
[03/10/2015 10:16:05] /addskill Herman Li, sword
[03/10/2015 10:16:05] /addskill Herman Li, sword
[03/10/2015 10:16:05] /addskill Herman Li, sword
[03/10/2015 10:16:06] /addskill Herman Li, sword
[03/10/2015 10:16:06] /addskill Herman Li, sword
[03/10/2015 10:16:06] /addskill Herman Li, sword
[03/10/2015 10:16:07] /addskill Herman Li, sword
[03/10/2015 10:16:07] /addskill Herman Li, sword
[03/10/2015 10:16:07] /addskill Herman Li, sword
[03/10/2015 10:16:08] /addskill Herman Li, sword
[03/10/2015 10:16:08] /addskill Herman Li, sword
[03/10/2015 10:16:08] /addskill Herman Li, sword
[03/10/2015 10:16:08] /addskill Herman Li, sword
[03/10/2015 10:16:09] /addskill Herman Li, sword
[03/10/2015 10:16:12] /addskill Herman Li, sword
[03/10/2015 10:16:27] /addskill Herman Li, sword
[03/10/2015 10:17:08] /addskill Herman Li, sword
[03/10/2015 10:17:08] /addskill Herman Li, sword
[03/10/2015 10:17:09] /addskill Herman Li, sword
[03/10/2015 10:17:11] /addskill Acakkk, fist
[03/10/2015 10:17:11] /addskill Acakkk, fist
[03/10/2015 10:17:11] /addskill Acakkk, fist
[03/10/2015 10:17:12] /addskill Acakkk, fist
[03/10/2015 10:17:12] /addskill Acakkk, fist
[03/10/2015 10:17:12] /addskill Acakkk, fist
[03/10/2015 10:17:13] /addskill Acakkk, fist
[03/10/2015 10:17:13] /addskill Acakkk, fist
[03/10/2015 10:17:13] /addskill Acakkk, fist
[03/10/2015 10:17:13] /addskill Acakkk, fist
[03/10/2015 10:17:14] /addskill Acakkk, fist
[03/10/2015 10:17:14] /addskill Acakkk, fist
[03/10/2015 10:17:14] /addskill Acakkk, fist
[03/10/2015 10:17:15] /addskill Acakkk, fist
[03/10/2015 10:17:15] /addskill Acakkk, fist
[03/10/2015 10:17:15] /addskill Acakkk, fist
[03/10/2015 10:17:16] /addskill Acakkk, fist
[03/10/2015 10:17:16] /addskill Acakkk, fist
[03/10/2015 10:17:16] /addskill Acakkk, fist
[03/10/2015 10:17:16] /addskill Acakkk, fist
[03/10/2015 10:17:17] /addskill Acakkk, fist
[03/10/2015 10:17:17] /addskill Acakkk, fist
[03/10/2015 10:17:18] /addskill Acakkk, fist
[03/10/2015 10:17:18] /addskill Acakkk, fist
[03/10/2015 10:17:18] /addskill Acakkk, fist
[03/10/2015 10:17:18] /addskill Acakkk, fist
[03/10/2015 10:17:19] /addskill Acakkk, fist
[03/10/2015 10:17:19] /addskill Acakkk, fist
[03/10/2015 10:17:19] /addskill Acakkk, fist
[03/10/2015 10:17:20] /addskill Acakkk, fist
[03/10/2015 10:17:20] /addskill Acakkk, fist
[03/10/2015 10:17:21] /addskill Acakkk, fist
[03/10/2015 10:17:21] /addskill Acakkk, fist
[03/10/2015 10:17:21] /addskill Acakkk, fist
[03/10/2015 10:17:22] /addskill Acakkk, fist
[03/10/2015 10:17:22] /addskill Acakkk, fist
[03/10/2015 10:17:22] /addskill Acakkk, fist
[03/10/2015 10:17:23] /addskill Acakkk, fist
[03/10/2015 10:17:23] /addskill Acakkk, fist
[03/10/2015 10:17:23] /addskill Acakkk, fist
[03/10/2015 10:17:24] /addskill Acakkk, fist
[03/10/2015 10:17:24] /addskill Acakkk, fist
[03/10/2015 10:17:25] /addskill Acakkk, fist
[03/10/2015 10:17:25] /addskill Acakkk, fist
[03/10/2015 10:17:25] /addskill Acakkk, fist
[03/10/2015 10:17:26] /addskill Acakkk, fist
[03/10/2015 10:17:26] /addskill Acakkk, fist
[03/10/2015 10:17:26] /addskill Acakkk, fist
[03/10/2015 10:17:27] /addskill Acakkk, fist
[03/10/2015 10:17:27] /addskill Acakkk, fist
[03/10/2015 10:17:28] /addskill Acakkk, fist
[03/10/2015 10:17:28] /addskill Acakkk, fist
[03/10/2015 10:17:28] /addskill Acakkk, fist
[03/10/2015 10:17:29] /addskill Acakkk, fist
[03/10/2015 10:17:29] /addskill Acakkk, fist
[03/10/2015 10:17:30] /addskill Acakkk, fist
[03/10/2015 10:17:30] /addskill Acakkk, fist
[03/10/2015 10:17:31] /addskill Acakkk, fist
[03/10/2015 10:17:31] /addskill Acakkk, fist
[03/10/2015 10:17:33] /addskill Acakkk, fist
[03/10/2015 10:17:33] /addskill Acakkk, fist
[03/10/2015 10:17:34] /addskill Acakkk, fist
[03/10/2015 10:17:35] /addskill Acakkk, fist
[03/10/2015 10:17:35] /addskill Acakkk, fist
[03/10/2015 10:17:36] /addskill Acakkk, fist
[03/10/2015 10:17:37] /addskill Acakkk, fist
[03/10/2015 10:17:37] /addskill Acakkk, fist
[03/10/2015 10:17:48] /addskill Acakkk, fist
[03/10/2015 10:17:48] /addskill Acakkk, fist
[03/10/2015 10:17:49] /addskill Acakkk, fist
[03/10/2015 10:18:06] /addskill Herman Li, magic level
[03/10/2015 10:18:07] /addskill Herman Li, magic level
[03/10/2015 10:18:07] /addskill Herman Li, magic level
[03/10/2015 10:18:08] /addskill Herman Li, magic level
[03/10/2015 10:18:08] /addskill Herman Li, magic level
[03/10/2015 10:18:09] /addskill Herman Li, magic level
[03/10/2015 10:18:09] /addskill Herman Li, magic level
[03/10/2015 10:18:10] /addskill Herman Li, magic level
[03/10/2015 10:18:10] /addskill Herman Li, magic level
[03/10/2015 10:18:11] /addskill Herman Li, magic level
[03/10/2015 10:18:13] /addskill Acakkk, magic level
[03/10/2015 10:18:13] /addskill Acakkk, magic level
[03/10/2015 10:18:14] /addskill Acakkk, magic level
[03/10/2015 10:18:14] /addskill Acakkk, magic level
[03/10/2015 10:18:15] /addskill Acakkk, magic level
[03/10/2015 10:18:17] /addskill Herman Li, magic level
[03/10/2015 10:18:17] /addskill Herman Li, magic level
[03/10/2015 10:18:19] /addskill Acakkk, magic level
[03/10/2015 10:18:20] /addskill Acakkk, magic level
[03/10/2015 10:18:44] /a 40
[03/10/2015 10:18:46] /a
[03/10/2015 10:18:47] /a
[03/10/2015 10:19:01] /c acakkk
[03/10/2015 10:19:23] /c acakkk
[03/10/2015 10:19:28] /c acakkk
[03/10/2015 10:19:34] /c acakkk
[03/10/2015 10:20:16] /c herman li
[03/10/2015 10:20:33] /i meat
[03/10/2015 10:20:43] /i akatsuki ring
[03/10/2015 10:20:44] /i akatsuki ring
[03/10/2015 10:20:51] /i akatsuki ring
[03/10/2015 10:20:53] /i akatsuki ring
[03/10/2015 10:22:53] /r
[03/10/2015 10:22:54] /r
[03/10/2015 10:26:41] /c acakkk
[03/10/2015 10:28:07] /addskill Acakkk, level
[03/10/2015 10:28:54] /i akatsuki ring
[03/10/2015 10:28:59] /r
[03/10/2015 10:29:18] /ghost
[03/10/2015 10:29:28] /ghost
[03/10/2015 10:32:23] /addskill Acakkk, level
[03/10/2015 10:32:25] /addskill Acakkk, level
[03/10/2015 10:32:26] /addskill Acakkk, level
[03/10/2015 10:32:27] /addskill Acakkk, level
[03/10/2015 10:32:30] /addskill Acakkk, level
[03/10/2015 10:32:40] /addskill Herman Li, level
[03/10/2015 10:32:45] /addskill Herman Li, level
[03/10/2015 10:32:46] /addskill Herman Li, level
[03/10/2015 10:32:47] /addskill Herman Li, level
[03/10/2015 10:32:49] /addskill Herman Li, level
[03/10/2015 10:34:05] /addskill Acakkk, fist
[03/10/2015 10:55:54] /i pill
[03/10/2015 10:56:10] /addskill Herman Li, level
[03/10/2015 10:56:11] /addskill Herman Li, level
[03/10/2015 10:56:11] /addskill Herman Li, level
[03/10/2015 10:56:12] /addskill Herman Li, level
[03/10/2015 10:56:13] /addskill Herman Li, level
[03/10/2015 10:56:14] /addskill Herman Li, level
[03/10/2015 10:56:14] /addskill Herman Li, level
[03/10/2015 10:56:15] /addskill Herman Li, level
[03/10/2015 10:56:16] /addskill Herman Li, level
[03/10/2015 10:56:16] /addskill Herman Li, level
[03/10/2015 10:56:28] /addskill Acakkk, level
[03/10/2015 10:56:29] /addskill Acakkk, level
[03/10/2015 10:56:29] /addskill Acakkk, level
[03/10/2015 10:56:30] /addskill Acakkk, level
[03/10/2015 10:56:30] /addskill Acakkk, level
[03/10/2015 10:56:31] /addskill Acakkk, level
[03/10/2015 10:56:32] /addskill Acakkk, level
[03/10/2015 10:56:32] /addskill Acakkk, level
[03/10/2015 10:56:33] /addskill Acakkk, level
[03/10/2015 10:56:34] /addskill Acakkk, level
[03/10/2015 10:57:56] /m trainer
[03/10/2015 10:58:18] /r
[03/10/2015 10:58:30] /i vampire glove attack
[03/10/2015 10:58:45] /i samurai sword
[03/10/2015 10:58:52] /r
[03/10/2015 10:58:54] /r
[03/10/2015 10:59:08] /i cyborg legs
[03/10/2015 10:59:14] /i cyborg trousers
[03/10/2015 10:59:19] /i cyborg trousers
[03/10/2015 11:09:28] /addskill Acakkk, Level
[03/10/2015 11:09:29] /addskill Acakkk, Level
[03/10/2015 11:09:32] /addskill Acakkk, Level
[03/10/2015 11:09:32] /addskill Acakkk, Level
[03/10/2015 11:09:40] /addskill Acakkk, level
[03/10/2015 11:09:43] /addskill Acakkk, level
[03/10/2015 11:09:44] /addskill Acakkk, level
[03/10/2015 11:09:44] /addskill Acakkk, level
[03/10/2015 11:09:47] /addskill Acakkk, level
[03/10/2015 11:10:50] /i samurai armor
[03/10/2015 11:10:52] /i samurai armor
[03/10/2015 11:10:59] /r
[03/10/2015 11:11:00] /r
[03/10/2015 11:11:13] /i cyborg helmet
[03/10/2015 11:11:18] /r
[03/10/2015 11:11:19] /i cyborg helmet
[03/10/2015 11:11:33] /r
[03/10/2015 11:11:34] /r
[03/10/2015 11:11:48] /i geta shoes
[03/10/2015 11:11:51] /i geta shoes
[03/10/2015 11:12:00] /addskill Herman Li, level
[03/10/2015 11:12:02] /addskill Herman Li, level
[03/10/2015 11:12:03] /addskill Herman Li, level
[03/10/2015 11:12:04] /addskill Herman Li, level
[03/10/2015 11:12:05] /addskill Herman Li, level
[03/10/2015 11:13:20] /ghost
[03/10/2015 11:13:22] /ghost
[03/10/2015 11:23:31] /m trainer
[03/10/2015 11:25:36] /r
[03/10/2015 11:27:39] /ghost
[03/10/2015 11:28:27] /ghost
[03/10/2015 11:38:43] /c acakkk
[03/10/2015 11:39:02] /addskill acakkk, level
[03/10/2015 11:39:02] /addskill acakkk, level
[03/10/2015 11:39:07] /r
[03/10/2015 11:39:10] /r
[03/10/2015 11:39:11] /r
[03/10/2015 11:39:14] /r
[03/10/2015 11:39:22] /addskill Acakkk, fist
[03/10/2015 11:51:58] /c herman li
[03/10/2015 11:52:30] /i akatsuki ring
[03/10/2015 11:52:33] /i akatsuki ring
[03/10/2015 11:53:07] /addskill herman li, level
[03/10/2015 11:53:11] /addskill herman li, level
[03/10/2015 11:53:21] /addskill Herman Li, sword
[03/10/2015 11:58:38] /c herman li
[03/10/2015 11:59:06] /c acakkk
[03/10/2015 12:01:12] /a
[03/10/2015 12:01:15] /up
[03/10/2015 12:02:12] /a 6
[03/10/2015 12:02:14] /up
[03/10/2015 12:02:15] /up
[03/10/2015 12:05:08] /r
[03/10/2015 12:05:10] /r
[03/10/2015 12:05:13] /a 40
[03/10/2015 12:05:16] /a 30
[03/10/2015 12:05:17] /a 34
[03/10/2015 12:05:18] /a 35
[03/10/2015 12:05:19] /a 37
[03/10/2015 12:05:22] /a 46
[03/10/2015 12:05:23] /a 47
[03/10/2015 12:05:25] /a 25
[03/10/2015 12:05:26] /a 26
[03/10/2015 12:05:27] /a 27
[03/10/2015 12:05:28] /a 29
[03/10/2015 12:05:29] /a 31
[03/10/2015 12:05:39] /down
[03/10/2015 12:05:42] /a 17
[03/10/2015 12:05:44] /a 14
[03/10/2015 12:05:45] /a 13
[03/10/2015 12:05:47] /a 20
[03/10/2015 12:05:50] /a 20
[03/10/2015 12:05:52] /a 20
[03/10/2015 12:05:54] /a 27
[03/10/2015 12:05:55] /a 26
[03/10/2015 12:05:56] /a 24
[03/10/2015 12:05:58] /a 23
[03/10/2015 12:06:00] /a 21
[03/10/2015 12:06:03] /a 10
[03/10/2015 12:06:13] /goto imortal
[03/10/2015 12:06:49] /ghost
[03/10/2015 12:07:04] /up
[03/10/2015 12:07:12] /down
[03/10/2015 12:07:52] /i glod
[03/10/2015 13:27:32] /t
[03/10/2015 13:44:26] /goto herman li
[03/10/2015 16:54:13] /t
[03/10/2015 16:54:28] /i sword
[03/10/2015 16:55:02] /i blue range
[03/10/2015 17:10:16] /goto imortal
[03/10/2015 17:10:33] /i club
[03/10/2015 18:15:11] /c namek
[03/10/2015 18:15:19] /c namek
[03/10/2015 18:15:30] /c imortal
[03/10/2015 18:15:36] /c imortal
[03/10/2015 18:17:00] /a 5
[03/10/2015 18:17:05] /c imortal
[03/10/2015 18:17:09] /a 5
[03/10/2015 18:17:35] /c imortall
[03/10/2015 18:17:37] /c imortall
[03/10/2015 18:17:40] /c imortall
[03/10/2015 18:19:16] /c imortalopa
[03/10/2015 18:19:36] /r
[03/10/2015 18:19:43] /r
[03/10/2015 19:28:04] /i giant smithhammer
[03/10/2015 19:28:05] /i giant smithhammer
[03/10/2015 19:44:40] /addskill Namek, club
[03/10/2015 19:44:44] /addskill Namek, club
[03/10/2015 19:44:47] /addskill Namek, club
[03/10/2015 19:44:48] /addskill Namek, club
[03/10/2015 19:44:53] /addskill Namek, club
[03/10/2015 19:44:58] /addskill Namek, club
[03/10/2015 19:45:06] /addskill Namek, club
[03/10/2015 19:45:06] /addskill Namek, club
[03/10/2015 19:45:09] /addskill Namek, club
[03/10/2015 19:45:17] /addskill tem tem nada, club
[03/10/2015 19:45:21] /addskill tem tem nada, club
[03/10/2015 19:45:22] /addskill tem tem nada, club
[03/10/2015 19:45:22] /addskill tem tem nada, club
[03/10/2015 19:45:24] /addskill tem tem nada, club
[03/10/2015 19:45:26] /addskill tem tem nada, club
[03/10/2015 19:45:26] /addskill tem tem nada, club
[03/10/2015 19:45:37] /addskill tem tem nada, club
[03/10/2015 19:45:38] /addskill tem tem nada, club
[03/10/2015 19:45:40] /addskill tem tem nada, club
[03/10/2015 19:45:41] /addskill Namek, club
[03/10/2015 19:57:18] /goto tem tem nada
[03/10/2015 19:57:26] /goto namek
[03/10/2015 19:57:40] /m shinobazu
[03/10/2015 20:45:46] /goto mute
[03/10/2015 20:45:52] /goto tem tem nada
[03/10/2015 20:46:09] /i straw glove
[03/10/2015 20:46:12] /i straw glove atack
[03/10/2015 20:46:16] /i straw glove attack
[03/10/2015 21:01:13] /addskill obama, level
[03/10/2015 21:01:14] /addskill obama, level
[03/10/2015 21:01:15] /addskill obama, level
[03/10/2015 21:01:15] /addskill obama, level
[03/10/2015 21:01:17] /addskill obama, level
[03/10/2015 21:01:42] /addskill obama, level
[03/10/2015 21:01:43] /addskill obama, level
[03/10/2015 21:01:43] /addskill obama, level
[03/10/2015 21:01:43] /addskill obama, level
[03/10/2015 21:01:43] /addskill obama, level
[03/10/2015 21:01:43] /addskill obama, level
[03/10/2015 21:01:43] /addskill obama, level
[03/10/2015 21:01:43] /addskill obama, level
[03/10/2015 21:01:43] /addskill obama, level
[03/10/2015 21:01:43] /addskill obama, level
[03/10/2015 21:01:43] /addskill obama, level
[03/10/2015 21:01:43] /addskill obama, level
[03/10/2015 21:01:43] /addskill obama, level
[03/10/2015 21:01:43] /addskill obama, level
[03/10/2015 21:01:43] /addskill obama, level
[03/10/2015 21:01:43] /addskill obama, level
[03/10/2015 21:01:43] /addskill obama, level
[03/10/2015 21:01:43] /addskill obama, level
[03/10/2015 21:01:43] /addskill obama, level
[03/10/2015 21:01:43] /addskill obama, level
[03/10/2015 21:01:43] /addskill obama, level
[03/10/2015 21:01:43] /addskill obama, level
[03/10/2015 21:01:43] /addskill obama, level
[03/10/2015 21:01:43] /addskill obama, level
[03/10/2015 21:01:43] /addskill obama, level
[03/10/2015 21:01:43] /addskill obama, level
[03/10/2015 21:01:43] /addskill obama, level
[03/10/2015 21:01:44] /addskill obama, level
[03/10/2015 21:01:44] /addskill obama, level
[03/10/2015 21:01:44] /addskill obama, level
[03/10/2015 21:01:44] /addskill obama, level
[03/10/2015 21:01:44] /addskill obama, level
[03/10/2015 21:01:44] /addskill obama, level
[03/10/2015 21:01:44] /addskill obama, level
[03/10/2015 21:01:44] /addskill obama, level
[03/10/2015 21:01:44] /addskill obama, level
[03/10/2015 21:01:44] /addskill obama, level
[03/10/2015 21:01:44] /addskill obama, level
[03/10/2015 21:01:44] /addskill obama, level
[03/10/2015 21:01:44] /addskill obama, level
[03/10/2015 21:01:44] /addskill obama, level
[03/10/2015 21:01:44] /addskill obama, level
[03/10/2015 21:01:44] /addskill obama, level
[03/10/2015 21:01:44] /addskill obama, level
[03/10/2015 21:01:44] /addskill obama, level
[03/10/2015 21:01:44] /addskill obama, level
[03/10/2015 21:01:44] /addskill obama, level
[03/10/2015 21:01:44] /addskill obama, level
[03/10/2015 21:01:44] /addskill obama, level
[03/10/2015 21:01:44] /addskill obama, level
[03/10/2015 21:01:44] /addskill obama, level
[03/10/2015 21:01:44] /addskill obama, level
[03/10/2015 21:01:44] /addskill obama, level
[03/10/2015 21:01:44] /addskill obama, level
[03/10/2015 21:01:44] /addskill obama, level
[03/10/2015 21:01:44] /addskill obama, level
[03/10/2015 21:01:44] /addskill obama, level
[03/10/2015 21:01:45] /addskill obama, level
[03/10/2015 21:01:45] /addskill obama, level
[03/10/2015 21:01:45] /addskill obama, level
[03/10/2015 21:01:45] /addskill obama, level
[03/10/2015 21:01:45] /addskill obama, level
[03/10/2015 21:01:45] /addskill obama, level
[03/10/2015 21:01:45] /addskill obama, level
[03/10/2015 21:01:45] /addskill obama, level
[03/10/2015 21:01:45] /addskill obama, level
[03/10/2015 21:01:45] /addskill obama, level
[03/10/2015 21:01:45] /addskill obama, level
[03/10/2015 21:01:45] /addskill obama, level
[03/10/2015 21:01:45] /addskill obama, level
[03/10/2015 21:01:45] /addskill obama, level
[03/10/2015 21:01:45] /addskill obama, level
[03/10/2015 21:01:45] /addskill obama, level
[03/10/2015 21:01:45] /addskill obama, level
[03/10/2015 21:01:45] /addskill obama, level
[03/10/2015 21:01:45] /addskill obama, level
[03/10/2015 21:01:45] /addskill obama, level
[03/10/2015 21:01:45] /addskill obama, level
[03/10/2015 21:01:45] /addskill obama, level
[03/10/2015 21:01:45] /addskill obama, level
[03/10/2015 21:01:45] /addskill obama, level
[03/10/2015 21:01:45] /addskill obama, level
[03/10/2015 21:01:45] /addskill obama, level
[03/10/2015 21:01:45] /addskill obama, level
[03/10/2015 21:01:45] /addskill obama, level
[03/10/2015 21:01:45] /addskill obama, level
[03/10/2015 21:01:45] /addskill obama, level
[03/10/2015 21:01:46] /addskill obama, level
[03/10/2015 21:01:46] /addskill obama, level
[03/10/2015 21:01:46] /addskill obama, level
[03/10/2015 21:01:46] /addskill obama, level
[03/10/2015 21:01:46] /addskill obama, level
[03/10/2015 21:01:46] /addskill obama, level
[03/10/2015 21:01:46] /addskill obama, level
[03/10/2015 21:01:46] /addskill obama, level
[03/10/2015 21:01:46] /addskill obama, level
[03/10/2015 21:01:46] /addskill obama, level
[03/10/2015 21:01:46] /addskill obama, level
[03/10/2015 21:01:46] /addskill obama, level
[03/10/2015 21:01:46] /addskill obama, level
[03/10/2015 21:01:46] /addskill obama, level
[03/10/2015 21:01:46] /addskill obama, level
[03/10/2015 21:01:46] /addskill obama, level
[03/10/2015 21:01:46] /addskill obama, level
[03/10/2015 21:01:46] /addskill obama, level
[03/10/2015 21:01:46] /addskill obama, level
[03/10/2015 21:01:46] /addskill obama, level
[03/10/2015 21:01:46] /addskill obama, level
[03/10/2015 21:01:46] /addskill obama, level
[03/10/2015 21:01:46] /addskill obama, level
[03/10/2015 21:01:46] /addskill obama, level
[03/10/2015 21:01:46] /addskill obama, level
[03/10/2015 21:01:46] /addskill obama, level
[03/10/2015 21:01:46] /addskill obama, level
[03/10/2015 21:01:46] /addskill obama, level
[03/10/2015 21:01:46] /addskill obama, level
[03/10/2015 21:01:46] /addskill obama, level
[03/10/2015 21:01:47] /addskill obama, level
[03/10/2015 21:01:47] /addskill obama, level
[03/10/2015 21:01:47] /addskill obama, level
[03/10/2015 21:01:47] /addskill obama, level
[03/10/2015 21:01:47] /addskill obama, level
[03/10/2015 21:01:47] /addskill obama, level
[03/10/2015 21:01:47] /addskill obama, level
[03/10/2015 21:01:47] /addskill obama, level
[03/10/2015 21:01:47] /addskill obama, level
[03/10/2015 21:01:47] /addskill obama, level
[03/10/2015 21:01:47] /addskill obama, level
[03/10/2015 21:01:47] /addskill obama, level
[03/10/2015 21:01:47] /addskill obama, level
[03/10/2015 21:01:52] /addskill obama, level
[03/10/2015 21:01:53] /addskill obama, level
[03/10/2015 21:01:53] /addskill obama, level
[03/10/2015 21:01:53] /addskill obama, level
[03/10/2015 21:01:53] /addskill obama, level
[03/10/2015 21:01:53] /addskill obama, level
[03/10/2015 21:01:54] /addskill obama, level
[03/10/2015 21:01:54] /addskill obama, level
[03/10/2015 21:01:54] /addskill obama, level
[03/10/2015 21:01:54] /addskill obama, level
[03/10/2015 21:02:00] /addskill obama, level
[03/10/2015 21:02:00] /addskill obama, level
[03/10/2015 21:02:01] /addskill obama, level
[03/10/2015 21:02:04] /addskill obama, level
[03/10/2015 21:04:18] /addskill obama, level
[03/10/2015 21:04:19] /addskill obama, level
[03/10/2015 21:04:19] /addskill obama, level
[03/10/2015 21:04:19] /addskill obama, level
[03/10/2015 21:04:19] /addskill obama, level
[03/10/2015 21:04:19] /addskill obama, level
[03/10/2015 21:04:19] /addskill obama, level
[03/10/2015 21:04:19] /addskill obama, level
[03/10/2015 21:04:19] /addskill obama, level
[03/10/2015 21:04:19] /addskill obama, level
[03/10/2015 21:04:19] /addskill obama, level
[03/10/2015 21:04:19] /addskill obama, level
[03/10/2015 21:04:19] /addskill obama, level
[03/10/2015 21:04:19] /addskill obama, level
[03/10/2015 21:04:19] /addskill obama, level
[03/10/2015 21:04:19] /addskill obama, level
[03/10/2015 21:04:19] /addskill obama, level
[03/10/2015 21:04:19] /addskill obama, level
[03/10/2015 21:04:20] /addskill obama, level
[03/10/2015 21:04:20] /addskill obama, level
[03/10/2015 21:04:20] /addskill obama, level
[03/10/2015 21:04:20] /addskill obama, level
[03/10/2015 21:04:20] /addskill obama, level
[03/10/2015 21:04:20] /addskill obama, level
[03/10/2015 21:04:20] /addskill obama, level
[03/10/2015 21:04:20] /addskill obama, level
[03/10/2015 21:04:20] /addskill obama, level
[03/10/2015 21:04:20] /addskill obama, level
[03/10/2015 21:04:20] /addskill obama, level
[03/10/2015 21:04:20] /addskill obama, level
[03/10/2015 21:04:20] /addskill obama, level
[03/10/2015 21:04:20] /addskill obama, level
[03/10/2015 21:04:20] /addskill obama, level
[03/10/2015 21:04:20] /addskill obama, level
[03/10/2015 21:04:20] /addskill obama, level
[03/10/2015 21:04:20] /addskill obama, level
[03/10/2015 21:04:20] /addskill obama, level
[03/10/2015 21:04:20] /addskill obama, level
[03/10/2015 21:04:20] /addskill obama, level
[03/10/2015 21:04:20] /addskill obama, level
[03/10/2015 21:04:20] /addskill obama, level
[03/10/2015 21:04:20] /addskill obama, level
[03/10/2015 21:04:20] /addskill obama, level
[03/10/2015 21:04:20] /addskill obama, level
[03/10/2015 21:04:20] /addskill obama, level
[03/10/2015 21:04:20] /addskill obama, level
[03/10/2015 21:04:20] /addskill obama, level
[03/10/2015 21:04:21] /addskill obama, level
[03/10/2015 21:04:21] /addskill obama, level
[03/10/2015 21:04:21] /addskill obama, level
[03/10/2015 21:04:21] /addskill obama, level
[03/10/2015 21:04:21] /addskill obama, level
[03/10/2015 21:04:21] /addskill obama, level
[03/10/2015 21:04:21] /addskill obama, level
[03/10/2015 21:04:21] /addskill obama, level
[03/10/2015 21:04:21] /addskill obama, level
[03/10/2015 21:04:21] /addskill obama, level
[03/10/2015 21:04:21] /addskill obama, level
[03/10/2015 21:04:21] /addskill obama, level
[03/10/2015 21:04:21] /addskill obama, level
[03/10/2015 21:04:21] /addskill obama, level
[03/10/2015 21:04:21] /addskill obama, level
[03/10/2015 21:04:21] /addskill obama, level
[03/10/2015 21:04:21] /addskill obama, level
[03/10/2015 21:04:21] /addskill obama, level
[03/10/2015 21:04:21] /addskill obama, level
[03/10/2015 21:04:21] /addskill obama, level
[03/10/2015 21:04:21] /addskill obama, level
[03/10/2015 21:04:21] /addskill obama, level
[03/10/2015 21:04:21] /addskill obama, level
[03/10/2015 21:04:21] /addskill obama, level
[03/10/2015 21:04:21] /addskill obama, level
[03/10/2015 21:04:21] /addskill obama, level
[03/10/2015 21:04:21] /addskill obama, level
[03/10/2015 21:04:21] /addskill obama, level
[03/10/2015 21:04:21] /addskill obama, level
[03/10/2015 21:04:21] /addskill obama, level
[03/10/2015 21:04:21] /addskill obama, level
[03/10/2015 21:04:22] /addskill obama, level
[03/10/2015 21:04:22] /addskill obama, level
[03/10/2015 21:04:22] /addskill obama, level
[03/10/2015 21:04:22] /addskill obama, level
[03/10/2015 21:04:22] /addskill obama, level
[03/10/2015 21:04:22] /addskill obama, level
[03/10/2015 21:04:22] /addskill obama, level
[03/10/2015 21:04:22] /addskill obama, level
[03/10/2015 21:04:22] /addskill obama, level
[03/10/2015 21:04:22] /addskill obama, level
[03/10/2015 21:04:22] /addskill obama, level
[03/10/2015 21:04:22] /addskill obama, level
[03/10/2015 21:04:22] /addskill obama, level
[03/10/2015 21:04:22] /addskill obama, level
[03/10/2015 21:04:22] /addskill obama, level
[03/10/2015 21:04:22] /addskill obama, level
[03/10/2015 21:04:22] /addskill obama, level
[03/10/2015 21:04:22] /addskill obama, level
[03/10/2015 21:04:22] /addskill obama, level
[03/10/2015 21:04:22] /addskill obama, level
[03/10/2015 21:04:22] /addskill obama, level
[03/10/2015 21:04:22] /addskill obama, level
[03/10/2015 21:04:22] /addskill obama, level
[03/10/2015 21:04:22] /addskill obama, level
[03/10/2015 21:04:22] /addskill obama, level
[03/10/2015 21:04:22] /addskill obama, level
[03/10/2015 21:04:22] /addskill obama, level
[03/10/2015 21:04:22] /addskill obama, level
[03/10/2015 21:04:22] /addskill obama, level
[03/10/2015 21:04:22] /addskill obama, level
[03/10/2015 21:04:23] /addskill obama, level
[03/10/2015 21:04:23] /addskill obama, level
[03/10/2015 21:04:23] /addskill obama, level
[03/10/2015 21:04:23] /addskill obama, level
[03/10/2015 21:04:23] /addskill obama, level
[03/10/2015 21:04:23] /addskill obama, level
[03/10/2015 21:04:23] /addskill obama, level
[03/10/2015 21:04:23] /addskill obama, level
[03/10/2015 21:04:23] /addskill obama, level
[03/10/2015 21:04:23] /addskill obama, level
[03/10/2015 21:04:23] /addskill obama, level
[03/10/2015 21:04:23] /addskill obama, level
[03/10/2015 21:04:23] /addskill obama, level
[03/10/2015 21:04:23] /addskill obama, level
[03/10/2015 21:04:23] /addskill obama, level
[03/10/2015 21:04:23] /addskill obama, level
[03/10/2015 21:04:23] /addskill obama, level
[03/10/2015 21:04:23] /addskill obama, level
[03/10/2015 21:04:23] /addskill obama, level
[03/10/2015 21:04:23] /addskill obama, level
[03/10/2015 21:04:23] /addskill obama, level
[03/10/2015 21:04:23] /addskill obama, level
[03/10/2015 21:04:23] /addskill obama, level
[03/10/2015 21:04:23] /addskill obama, level
[03/10/2015 21:04:23] /addskill obama, level
[03/10/2015 21:04:23] /addskill obama, level
[03/10/2015 21:04:23] /addskill obama, level
[03/10/2015 21:04:23] /addskill obama, level
[03/10/2015 21:04:23] /addskill obama, level
[03/10/2015 21:04:23] /addskill obama, level
[03/10/2015 21:04:24] /addskill obama, level
[03/10/2015 21:04:24] /addskill obama, level
[03/10/2015 21:04:24] /addskill obama, level
[03/10/2015 21:04:24] /addskill obama, level
[03/10/2015 21:04:24] /addskill obama, level
[03/10/2015 21:04:24] /addskill obama, level
[03/10/2015 21:04:24] /addskill obama, level
[03/10/2015 21:04:24] /addskill obama, level
[03/10/2015 21:04:24] /addskill obama, level
[03/10/2015 21:04:24] /addskill obama, level
[03/10/2015 21:04:24] /addskill obama, level
[03/10/2015 21:04:24] /addskill obama, level
[03/10/2015 21:04:24] /addskill obama, level
[03/10/2015 21:04:24] /addskill obama, level
[03/10/2015 21:04:24] /addskill obama, level
[03/10/2015 21:04:24] /addskill obama, level
[03/10/2015 21:04:24] /addskill obama, level
[03/10/2015 21:04:24] /addskill obama, level
[03/10/2015 21:04:24] /addskill obama, level
[03/10/2015 21:04:24] /addskill obama, level
[03/10/2015 21:04:24] /addskill obama, level
[03/10/2015 21:04:24] /addskill obama, level
[03/10/2015 21:04:24] /addskill obama, level
[03/10/2015 21:04:24] /addskill obama, level
[03/10/2015 21:04:24] /addskill obama, level
[03/10/2015 21:04:24] /addskill obama, level
[03/10/2015 21:04:25] /addskill obama, level
[03/10/2015 21:04:25] /addskill obama, level
[03/10/2015 21:04:25] /addskill obama, level
[03/10/2015 21:04:25] /addskill obama, level
[03/10/2015 21:04:25] /addskill obama, level
[03/10/2015 21:04:25] /addskill obama, level
[03/10/2015 21:04:25] /addskill obama, level
[03/10/2015 21:04:25] /addskill obama, level
[03/10/2015 21:04:25] /addskill obama, level
[03/10/2015 21:06:51] /addskill obama, magic level
[03/10/2015 21:06:52] /addskill obama, magic level
[03/10/2015 21:06:53] /addskill obama, magic level
[03/10/2015 21:06:53] /addskill obama, magic level
[03/10/2015 21:06:54] /addskill obama, magic level
[03/10/2015 21:06:54] /addskill obama, magic level
[03/10/2015 21:06:55] /addskill obama, magic level
[03/10/2015 21:06:55] /addskill obama, magic level
[03/10/2015 21:06:56] /addskill obama, magic level
[03/10/2015 21:06:56] /addskill obama, magic level
[03/10/2015 21:06:57] /addskill obama, magic level
[03/10/2015 21:06:58] /addskill obama, magic level
[03/10/2015 21:06:59] /addskill obama, magic level
[03/10/2015 21:06:59] /addskill obama, magic level
[03/10/2015 21:06:59] /addskill obama, magic level
[03/10/2015 21:07:00] /addskill obama, magic level
[03/10/2015 21:07:01] /addskill obama, magic level
[03/10/2015 21:07:01] /addskill obama, magic level
[03/10/2015 21:07:02] /addskill obama, magic level
[03/10/2015 21:07:02] /addskill obama, magic level
[03/10/2015 21:07:04] /addskill obama, magic level
[03/10/2015 21:07:05] /addskill obama, magic level
[03/10/2015 21:07:06] /addskill obama, magic level
[03/10/2015 21:07:07] /addskill obama, magic level
[03/10/2015 21:07:07] /addskill obama, magic level
[03/10/2015 21:07:08] /addskill obama, magic level
[03/10/2015 21:07:08] /addskill obama, magic level
[03/10/2015 21:07:09] /addskill obama, magic level
[03/10/2015 21:07:10] /addskill obama, magic level
[03/10/2015 21:07:21] /addskill obama, magic level
[03/10/2015 21:08:48] /c sasaki
[03/10/2015 21:08:59] /i armo box
[03/10/2015 21:09:08] /i samurai sword
[03/10/2015 21:09:14] /i cursed sword
[03/10/2015 21:09:26] /i samurai armor
[03/10/2015 21:09:31] /i samurai armor
[03/10/2015 21:09:54] /i tsunade armor
[03/10/2015 21:09:58] /i tsunade armor
[03/10/2015 21:10:12] /i slayer armor
[03/10/2015 21:10:41] /i tobi mask
[03/10/2015 21:10:56] /i akat rind
[03/10/2015 21:11:01] /i akatsuki ring
[03/10/2015 21:11:06] /i akatsuki ring
[03/10/2015 21:11:58] /i monk armor
[03/10/2015 21:12:02] /i monk legs
[03/10/2015 21:12:45] /i gamakichi pet
[03/10/2015 21:12:58] /i backpack
[03/10/2015 21:13:04] /i pill
[03/10/2015 21:13:07] /i pill
[03/10/2015 21:13:08] /i pill
[03/10/2015 21:13:08] /i pill
[03/10/2015 21:13:18] /i pill
[03/10/2015 21:13:19] /i pill
[03/10/2015 21:13:19] /i pill
[03/10/2015 21:13:19] /i pill
[03/10/2015 21:13:19] /i pill
[03/10/2015 21:13:19] /i pill
[03/10/2015 21:13:20] /i pill
[03/10/2015 21:13:20] /i pill
[03/10/2015 21:13:20] /i pill
[03/10/2015 21:13:20] /i pill
[03/10/2015 21:13:21] /i pill
[03/10/2015 21:13:21] /i pill
[03/10/2015 21:13:21] /i pill
[03/10/2015 21:13:21] /i pill
[03/10/2015 21:13:22] /i pill
[03/10/2015 21:13:22] /i pill
[03/10/2015 21:13:22] /i pill
[03/10/2015 21:13:23] /i pill
[03/10/2015 21:13:45] /addskill sasaki, level
[03/10/2015 21:13:46] /addskill sasaki, level
[03/10/2015 21:13:53] /addskill sasaki, level
[03/10/2015 21:13:54] /addskill sasaki, level
[03/10/2015 21:13:54] /addskill sasaki, level
[03/10/2015 21:13:54] /addskill sasaki, level
[03/10/2015 21:13:54] /addskill sasaki, level
[03/10/2015 21:13:56] /addskill sasaki, level
[03/10/2015 21:13:56] /addskill sasaki, level
[03/10/2015 21:13:57] /addskill sasaki, level
[03/10/2015 21:13:57] /addskill sasaki, level
[03/10/2015 21:13:57] /addskill sasaki, level
[03/10/2015 21:13:57] /addskill sasaki, level
[03/10/2015 21:13:57] /addskill sasaki, level
[03/10/2015 21:13:57] /addskill sasaki, level
[03/10/2015 21:13:57] /addskill sasaki, level
[03/10/2015 21:13:57] /addskill sasaki, level
[03/10/2015 21:13:57] /addskill sasaki, level
[03/10/2015 21:13:57] /addskill sasaki, level
[03/10/2015 21:13:57] /addskill sasaki, level
[03/10/2015 21:13:57] /addskill sasaki, level
[03/10/2015 21:13:57] /addskill sasaki, level
[03/10/2015 21:13:57] /addskill sasaki, level
[03/10/2015 21:13:57] /addskill sasaki, level
[03/10/2015 21:14:01] /addskill sasaki, level
[03/10/2015 21:14:01] /addskill sasaki, level
[03/10/2015 21:14:01] /addskill sasaki, level
[03/10/2015 21:14:01] /addskill sasaki, level
[03/10/2015 21:14:01] /addskill sasaki, level
[03/10/2015 21:14:01] /addskill sasaki, level
[03/10/2015 21:14:01] /addskill sasaki, level
[03/10/2015 21:14:01] /addskill sasaki, level
[03/10/2015 21:14:01] /addskill sasaki, level
[03/10/2015 21:14:01] /addskill sasaki, level
[03/10/2015 21:14:02] /addskill sasaki, level
[03/10/2015 21:14:02] /addskill sasaki, level
[03/10/2015 21:14:02] /addskill sasaki, level
[03/10/2015 21:14:03] /addskill sasaki, level
[03/10/2015 21:14:03] /addskill sasaki, level
[03/10/2015 21:14:04] /addskill sasaki, level
[03/10/2015 21:14:04] /addskill sasaki, level
[03/10/2015 21:14:04] /addskill sasaki, level
[03/10/2015 21:14:04] /addskill sasaki, level
[03/10/2015 21:14:04] /addskill sasaki, level
[03/10/2015 21:14:04] /addskill sasaki, level
[03/10/2015 21:14:04] /addskill sasaki, level
[03/10/2015 21:14:04] /addskill sasaki, level
[03/10/2015 21:14:04] /addskill sasaki, level
[03/10/2015 21:14:04] /addskill sasaki, level
[03/10/2015 21:14:05] /addskill sasaki, level
[03/10/2015 21:14:06] /addskill sasaki, level
[03/10/2015 21:14:06] /addskill sasaki, level
[03/10/2015 21:14:06] /addskill sasaki, level
[03/10/2015 21:14:06] /addskill sasaki, level
[03/10/2015 21:14:06] /addskill sasaki, level
[03/10/2015 21:14:06] /addskill sasaki, level
[03/10/2015 21:14:06] /addskill sasaki, level
[03/10/2015 21:14:06] /addskill sasaki, level
[03/10/2015 21:14:06] /addskill sasaki, level
[03/10/2015 21:14:06] /addskill sasaki, level
[03/10/2015 21:14:06] /addskill sasaki, level
[03/10/2015 21:14:06] /addskill sasaki, level
[03/10/2015 21:14:06] /addskill sasaki, level
[03/10/2015 21:14:06] /addskill sasaki, level
[03/10/2015 21:14:07] /addskill sasaki, level
[03/10/2015 21:14:08] /addskill sasaki, level
[03/10/2015 21:14:08] /addskill sasaki, level
[03/10/2015 21:14:08] /addskill sasaki, level
[03/10/2015 21:14:08] /addskill sasaki, level
[03/10/2015 21:14:08] /addskill sasaki, level
[03/10/2015 21:14:08] /addskill sasaki, level
[03/10/2015 21:14:08] /addskill sasaki, level
[03/10/2015 21:14:08] /addskill sasaki, level
[03/10/2015 21:14:08] /addskill sasaki, level
[03/10/2015 21:14:08] /addskill sasaki, level
[03/10/2015 21:14:08] /addskill sasaki, level
[03/10/2015 21:14:08] /addskill sasaki, level
[03/10/2015 21:14:08] /addskill sasaki, level
[03/10/2015 21:14:08] /addskill sasaki, level
[03/10/2015 21:14:08] /addskill sasaki, level
[03/10/2015 21:14:08] /addskill sasaki, level
[03/10/2015 21:14:08] /addskill sasaki, level
[03/10/2015 21:14:08] /addskill sasaki, level
[03/10/2015 21:14:08] /addskill sasaki, level
[03/10/2015 21:14:08] /addskill sasaki, level
[03/10/2015 21:14:09] /addskill sasaki, level
[03/10/2015 21:14:10] /addskill sasaki, level
[03/10/2015 21:14:10] /addskill sasaki, level
[03/10/2015 21:14:10] /addskill sasaki, level
[03/10/2015 21:14:10] /addskill sasaki, level
[03/10/2015 21:14:10] /addskill sasaki, level
[03/10/2015 21:14:10] /addskill sasaki, level
[03/10/2015 21:14:10] /addskill sasaki, level
[03/10/2015 21:14:10] /addskill sasaki, level
[03/10/2015 21:14:10] /addskill sasaki, level
[03/10/2015 21:14:10] /addskill sasaki, level
[03/10/2015 21:14:10] /addskill sasaki, level
[03/10/2015 21:14:17] /addskill sasaki, level
[03/10/2015 21:14:18] /addskill sasaki, level
[03/10/2015 21:14:18] /addskill sasaki, level
[03/10/2015 21:14:18] /addskill sasaki, level
[03/10/2015 21:14:18] /addskill sasaki, level
[03/10/2015 21:14:18] /addskill sasaki, level
[03/10/2015 21:14:18] /addskill sasaki, level
[03/10/2015 21:14:18] /addskill sasaki, level
[03/10/2015 21:14:18] /addskill sasaki, level
[03/10/2015 21:14:18] /addskill sasaki, level
[03/10/2015 21:14:18] /addskill sasaki, level
[03/10/2015 21:14:18] /addskill sasaki, level
[03/10/2015 21:14:20] /addskill sasaki, level
[03/10/2015 21:14:22] /addskill sasaki, level
[03/10/2015 21:14:22] /addskill sasaki, level
[03/10/2015 21:14:22] /addskill sasaki, level
[03/10/2015 21:14:22] /addskill sasaki, level
[03/10/2015 21:14:23] /addskill sasaki, level
[03/10/2015 21:14:23] /addskill sasaki, level
[03/10/2015 21:14:23] /addskill sasaki, level
[03/10/2015 21:14:23] /addskill sasaki, level
[03/10/2015 21:14:23] /addskill sasaki, level
[03/10/2015 21:14:25] /addskill sasaki, level
[03/10/2015 21:14:26] /addskill sasaki, level
[03/10/2015 21:14:26] /addskill sasaki, level
[03/10/2015 21:14:26] /addskill sasaki, level
[03/10/2015 21:14:26] /addskill sasaki, level
[03/10/2015 21:14:27] /addskill sasaki, level
[03/10/2015 21:14:27] /addskill sasaki, level
[03/10/2015 21:14:27] /addskill sasaki, level
[03/10/2015 21:14:28] /addskill sasaki, level
[03/10/2015 21:14:28] /addskill sasaki, level
[03/10/2015 21:14:28] /addskill sasaki, level
[03/10/2015 21:14:28] /addskill sasaki, level
[03/10/2015 21:14:29] /addskill sasaki, level
[03/10/2015 21:14:29] /addskill sasaki, level
[03/10/2015 21:14:29] /addskill sasaki, level
[03/10/2015 21:14:29] /addskill sasaki, level
[03/10/2015 21:14:30] /addskill sasaki, level
[03/10/2015 21:14:30] /addskill sasaki, level
[03/10/2015 21:14:30] /addskill sasaki, level
[03/10/2015 21:14:30] /addskill sasaki, level
[03/10/2015 21:14:32] /addskill sasaki, level
[03/10/2015 21:14:32] /addskill sasaki, level
[03/10/2015 21:14:32] /addskill sasaki, level
[03/10/2015 21:14:33] /addskill sasaki, level
[03/10/2015 21:14:33] /addskill sasaki, level
[03/10/2015 21:14:34] /addskill sasaki, level
[03/10/2015 21:14:34] /addskill sasaki, level
[03/10/2015 21:14:34] /addskill sasaki, level
[03/10/2015 21:14:35] /addskill sasaki, level
[03/10/2015 21:14:35] /addskill sasaki, level
[03/10/2015 21:15:44] /addskill sasaki, level
[03/10/2015 21:15:44] /addskill sasaki, level
[03/10/2015 21:15:45] /addskill sasaki, level
[03/10/2015 21:15:45] /addskill sasaki, level
[03/10/2015 21:15:45] /addskill sasaki, level
[03/10/2015 21:15:45] /addskill sasaki, level
[03/10/2015 21:15:45] /addskill sasaki, level
[03/10/2015 21:15:45] /addskill sasaki, level
[03/10/2015 21:15:45] /addskill sasaki, level
[03/10/2015 21:15:45] /addskill sasaki, level
[03/10/2015 21:15:45] /addskill sasaki, level
[03/10/2015 21:15:45] /addskill sasaki, level
[03/10/2015 21:15:45] /addskill sasaki, level
[03/10/2015 21:15:45] /addskill sasaki, level
[03/10/2015 21:15:45] /addskill sasaki, level
[03/10/2015 21:15:45] /addskill sasaki, level
[03/10/2015 21:15:45] /addskill sasaki, level
[03/10/2015 21:15:45] /addskill sasaki, level
[03/10/2015 21:15:45] /addskill sasaki, level
[03/10/2015 21:15:45] /addskill sasaki, level
[03/10/2015 21:15:45] /addskill sasaki, level
[03/10/2015 21:15:45] /addskill sasaki, level
[03/10/2015 21:15:45] /addskill sasaki, level
[03/10/2015 21:15:45] /addskill sasaki, level
[03/10/2015 21:15:46] /addskill sasaki, level
[03/10/2015 21:15:46] /addskill sasaki, level
[03/10/2015 21:15:46] /addskill sasaki, level
[03/10/2015 21:15:46] /addskill sasaki, level
[03/10/2015 21:15:46] /addskill sasaki, level
[03/10/2015 21:15:46] /addskill sasaki, level
[03/10/2015 21:15:46] /addskill sasaki, level
[03/10/2015 21:15:46] /addskill sasaki, level
[03/10/2015 21:15:46] /addskill sasaki, level
[03/10/2015 21:15:46] /addskill sasaki, level
[03/10/2015 21:15:46] /addskill sasaki, level
[03/10/2015 21:15:46] /addskill sasaki, level
[03/10/2015 21:15:46] /addskill sasaki, level
[03/10/2015 21:15:46] /addskill sasaki, level
[03/10/2015 21:15:46] /addskill sasaki, level
[03/10/2015 21:15:47] /addskill sasaki, level
[03/10/2015 21:15:47] /addskill sasaki, level
[03/10/2015 21:15:47] /addskill sasaki, level
[03/10/2015 21:15:47] /addskill sasaki, level
[03/10/2015 21:15:48] /addskill sasaki, level
[03/10/2015 21:15:48] /addskill sasaki, level
[03/10/2015 21:15:48] /addskill sasaki, level
[03/10/2015 21:15:48] /addskill sasaki, level
[03/10/2015 21:15:48] /addskill sasaki, level
[03/10/2015 21:15:48] /addskill sasaki, level
[03/10/2015 21:15:48] /addskill sasaki, level
[03/10/2015 21:15:48] /addskill sasaki, level
[03/10/2015 21:15:48] /addskill sasaki, level
[03/10/2015 21:15:48] /addskill sasaki, level
[03/10/2015 21:15:48] /addskill sasaki, level
[03/10/2015 21:15:48] /addskill sasaki, level
[03/10/2015 21:15:48] /addskill sasaki, level
[03/10/2015 21:15:48] /addskill sasaki, level
[03/10/2015 21:15:48] /addskill sasaki, level
[03/10/2015 21:15:48] /addskill sasaki, level
[03/10/2015 21:15:48] /addskill sasaki, level
[03/10/2015 21:15:48] /addskill sasaki, level
[03/10/2015 21:15:48] /addskill sasaki, level
[03/10/2015 21:15:48] /addskill sasaki, level
[03/10/2015 21:15:48] /addskill sasaki, level
[03/10/2015 21:15:48] /addskill sasaki, level
[03/10/2015 21:15:48] /addskill sasaki, level
[03/10/2015 21:15:48] /addskill sasaki, level
[03/10/2015 21:15:49] /addskill sasaki, level
[03/10/2015 21:15:49] /addskill sasaki, level
[03/10/2015 21:15:49] /addskill sasaki, level
[03/10/2015 21:15:49] /addskill sasaki, level
[03/10/2015 21:15:49] /addskill sasaki, level
[03/10/2015 21:15:50] /addskill sasaki, level
[03/10/2015 21:15:50] /addskill sasaki, level
[03/10/2015 21:15:50] /addskill sasaki, level
[03/10/2015 21:15:50] /addskill sasaki, level
[03/10/2015 21:15:50] /addskill sasaki, level
[03/10/2015 21:15:50] /addskill sasaki, level
[03/10/2015 21:15:50] /addskill sasaki, level
[03/10/2015 21:15:50] /addskill sasaki, level
[03/10/2015 21:15:50] /addskill sasaki, level
[03/10/2015 21:15:50] /addskill sasaki, level
[03/10/2015 21:15:50] /addskill sasaki, level
[03/10/2015 21:15:50] /addskill sasaki, level
[03/10/2015 21:15:50] /addskill sasaki, level
[03/10/2015 21:15:50] /addskill sasaki, level
[03/10/2015 21:15:51] /addskill sasaki, level
[03/10/2015 21:15:51] /addskill sasaki, level
[03/10/2015 21:15:52] /addskill sasaki, level
[03/10/2015 21:15:52] /addskill sasaki, level
[03/10/2015 21:15:52] /addskill sasaki, level
[03/10/2015 21:15:52] /addskill sasaki, level
[03/10/2015 21:15:52] /addskill sasaki, level
[03/10/2015 21:15:52] /addskill sasaki, level
[03/10/2015 21:15:52] /addskill sasaki, level
[03/10/2015 21:15:52] /addskill sasaki, level
[03/10/2015 21:15:52] /addskill sasaki, level
[03/10/2015 21:15:52] /addskill sasaki, level
[03/10/2015 21:15:52] /addskill sasaki, level
[03/10/2015 21:15:53] /addskill sasaki, level
[03/10/2015 21:15:53] /addskill sasaki, level
[03/10/2015 21:15:53] /addskill sasaki, level
[03/10/2015 21:15:53] /addskill sasaki, level
[03/10/2015 21:15:53] /addskill sasaki, level
[03/10/2015 21:15:53] /addskill sasaki, level
[03/10/2015 21:15:54] /addskill sasaki, level
[03/10/2015 21:15:54] /addskill sasaki, level
[03/10/2015 21:15:54] /addskill sasaki, level
[03/10/2015 21:15:54] /addskill sasaki, level
[03/10/2015 21:15:54] /addskill sasaki, level
[03/10/2015 21:15:54] /addskill sasaki, level
[03/10/2015 21:15:54] /addskill sasaki, level
[03/10/2015 21:15:55] /addskill sasaki, level
[03/10/2015 21:15:55] /addskill sasaki, level
[03/10/2015 21:15:55] /addskill sasaki, level
[03/10/2015 21:15:55] /addskill sasaki, level
[03/10/2015 21:15:55] /addskill sasaki, level
[03/10/2015 21:15:55] /addskill sasaki, level
[03/10/2015 21:15:55] /addskill sasaki, level
[03/10/2015 21:15:55] /addskill sasaki, level
[03/10/2015 21:15:55] /addskill sasaki, level
[03/10/2015 21:15:55] /addskill sasaki, level
[03/10/2015 21:15:55] /addskill sasaki, level
[03/10/2015 21:15:55] /addskill sasaki, level
[03/10/2015 21:15:55] /addskill sasaki, level
[03/10/2015 21:15:55] /addskill sasaki, level
[03/10/2015 21:15:56] /addskill sasaki, level
[03/10/2015 21:15:56] /addskill sasaki, level
[03/10/2015 21:15:56] /addskill sasaki, level
[03/10/2015 21:15:56] /addskill sasaki, level
[03/10/2015 21:15:56] /addskill sasaki, level
[03/10/2015 21:15:57] /addskill sasaki, level
[03/10/2015 21:15:57] /addskill sasaki, level
[03/10/2015 21:15:57] /addskill sasaki, level
[03/10/2015 21:15:57] /addskill sasaki, level
[03/10/2015 21:15:57] /addskill sasaki, level
[03/10/2015 21:15:57] /addskill sasaki, level
[03/10/2015 21:15:57] /addskill sasaki, level
[03/10/2015 21:15:57] /addskill sasaki, level
[03/10/2015 21:15:57] /addskill sasaki, level
[03/10/2015 21:15:57] /addskill sasaki, level
[03/10/2015 21:15:57] /addskill sasaki, level
[03/10/2015 21:15:57] /addskill sasaki, level
[03/10/2015 21:15:57] /addskill sasaki, level
[03/10/2015 21:15:57] /addskill sasaki, level
[03/10/2015 21:15:58] /addskill sasaki, level
[03/10/2015 21:15:58] /addskill sasaki, level
[03/10/2015 21:15:58] /addskill sasaki, level
[03/10/2015 21:15:58] /addskill sasaki, level
[03/10/2015 21:15:58] /addskill sasaki, level
[03/10/2015 21:15:58] /addskill sasaki, level
[03/10/2015 21:15:58] /addskill sasaki, level
[03/10/2015 21:15:58] /addskill sasaki, level
[03/10/2015 21:15:58] /addskill sasaki, level
[03/10/2015 21:15:58] /addskill sasaki, level
[03/10/2015 21:15:58] /addskill sasaki, level
[03/10/2015 21:15:59] /addskill sasaki, level
[03/10/2015 21:15:59] /addskill sasaki, level
[03/10/2015 21:15:59] /addskill sasaki, level
[03/10/2015 21:15:59] /addskill sasaki, level
[03/10/2015 21:16:01] /addskill sasaki, level
[03/10/2015 21:16:01] /addskill sasaki, level
[03/10/2015 21:16:02] /addskill sasaki, level
[03/10/2015 21:16:02] /addskill sasaki, level
[03/10/2015 21:16:02] /addskill sasaki, level
[03/10/2015 21:16:02] /addskill sasaki, level
[03/10/2015 21:16:03] /addskill sasaki, level
[03/10/2015 21:16:03] /addskill sasaki, level
[03/10/2015 21:16:03] /addskill sasaki, level
[03/10/2015 21:16:03] /addskill sasaki, level
[03/10/2015 21:16:04] /addskill sasaki, level
[03/10/2015 21:16:04] /addskill sasaki, level
[03/10/2015 21:16:04] /addskill sasaki, level
[03/10/2015 21:16:19] /addskill sasaki,magic level
[03/10/2015 21:16:20] /addskill sasaki,magic level
[03/10/2015 21:16:20] /addskill sasaki,magic level
[03/10/2015 21:16:21] /addskill sasaki,magic level
[03/10/2015 21:16:22] /addskill sasaki,magic level
[03/10/2015 21:16:22] /addskill sasaki,magic level
[03/10/2015 21:16:22] /addskill sasaki,magic level
[03/10/2015 21:16:23] /addskill sasaki,magic level
[03/10/2015 21:16:23] /addskill sasaki,magic level
[03/10/2015 21:16:24] /addskill sasaki,magic level
[03/10/2015 21:16:24] /addskill sasaki,magic level
[03/10/2015 21:16:25] /addskill sasaki,magic level
[03/10/2015 21:16:52] /i ice rapier
[03/10/2015 21:18:39] /i pill
[03/10/2015 21:18:40] /i pill
[03/10/2015 21:18:42] /i pill
[03/10/2015 21:18:42] /i pill
[03/10/2015 21:18:44] /i pill
[03/10/2015 21:18:45] /i pill
[03/10/2015 21:18:46] /i pill
[03/10/2015 21:18:48] /i pill
[03/10/2015 21:20:02] /addskill obama, sword
[03/10/2015 21:20:04] /addskill obama, sword
[03/10/2015 21:20:27] /addskill obama, sword
[03/10/2015 21:20:27] /addskill obama, sword
[03/10/2015 21:20:27] /addskill obama, sword
[03/10/2015 21:20:27] /addskill obama, sword
[03/10/2015 21:20:27] /addskill obama, sword
[03/10/2015 21:20:27] /addskill obama, sword
[03/10/2015 21:20:27] /addskill obama, sword
[03/10/2015 21:20:27] /addskill obama, sword
[03/10/2015 21:20:27] /addskill obama, sword
[03/10/2015 21:20:27] /addskill obama, sword
[03/10/2015 21:20:27] /addskill obama, sword
[03/10/2015 21:20:27] /addskill obama, sword
[03/10/2015 21:20:27] /addskill obama, sword
[03/10/2015 21:20:28] /addskill obama, sword
[03/10/2015 21:20:28] /addskill obama, sword
[03/10/2015 21:20:28] /addskill obama, sword
[03/10/2015 21:20:28] /addskill obama, sword
[03/10/2015 21:20:28] /addskill obama, sword
[03/10/2015 21:20:28] /addskill obama, sword
[03/10/2015 21:20:28] /addskill obama, sword
[03/10/2015 21:20:28] /addskill obama, sword
[03/10/2015 21:20:28] /addskill obama, sword
[03/10/2015 21:20:28] /addskill obama, sword
[03/10/2015 21:20:28] /addskill obama, sword
[03/10/2015 21:20:28] /addskill obama, sword
[03/10/2015 21:20:28] /addskill obama, sword
[03/10/2015 21:20:28] /addskill obama, sword
[03/10/2015 21:20:29] /addskill obama, sword
[03/10/2015 21:20:35] /addskill obama, sword
[03/10/2015 21:20:36] /addskill obama, sword
[03/10/2015 21:20:36] /addskill obama, sword
[03/10/2015 21:20:36] /addskill obama, sword
[03/10/2015 21:20:36] /addskill obama, sword
[03/10/2015 21:20:36] /addskill obama, sword
[03/10/2015 21:20:36] /addskill obama, sword
[03/10/2015 21:20:36] /addskill obama, sword
[03/10/2015 21:20:36] /addskill obama, sword
[03/10/2015 21:20:36] /addskill obama, sword
[03/10/2015 21:20:36] /addskill obama, sword
[03/10/2015 21:20:36] /addskill obama, sword
[03/10/2015 21:20:36] /addskill obama, sword
[03/10/2015 21:20:36] /addskill obama, sword
[03/10/2015 21:20:36] /addskill obama, sword
[03/10/2015 21:20:36] /addskill obama, sword
[03/10/2015 21:20:36] /addskill obama, sword
[03/10/2015 21:20:36] /addskill obama, sword
[03/10/2015 21:20:36] /addskill obama, sword
[03/10/2015 21:20:36] /addskill obama, sword
[03/10/2015 21:20:36] /addskill obama, sword
[03/10/2015 21:20:36] /addskill obama, sword
[03/10/2015 21:20:36] /addskill obama, sword
[03/10/2015 21:20:36] /addskill obama, sword
[03/10/2015 21:20:37] /addskill obama, sword
[03/10/2015 21:20:37] /addskill obama, sword
[03/10/2015 21:20:37] /addskill obama, sword
[03/10/2015 21:20:37] /addskill obama, sword
[03/10/2015 21:20:37] /addskill obama, sword
[03/10/2015 21:20:37] /addskill obama, sword
[03/10/2015 21:20:41] /addskill obama, sword
[03/10/2015 21:20:41] /addskill obama, sword
[03/10/2015 21:20:41] /addskill obama, sword
[03/10/2015 21:20:41] /addskill obama, sword
[03/10/2015 21:20:42] /addskill obama, sword
[03/10/2015 21:20:42] /addskill obama, sword
[03/10/2015 21:20:42] /addskill obama, sword
[03/10/2015 21:20:42] /addskill obama, sword
[03/10/2015 21:20:42] /addskill obama, sword
[03/10/2015 21:20:42] /addskill obama, sword
[03/10/2015 21:20:42] /addskill obama, sword
[03/10/2015 21:20:42] /addskill obama, sword
[03/10/2015 21:20:43] /addskill obama, sword
[03/10/2015 21:20:43] /addskill obama, sword
[03/10/2015 21:20:43] /addskill obama, sword
[03/10/2015 21:20:43] /addskill obama, sword
[03/10/2015 21:20:43] /addskill obama, sword
[03/10/2015 21:20:43] /addskill obama, sword
[03/10/2015 21:20:43] /addskill obama, sword
[03/10/2015 21:20:43] /addskill obama, sword
[03/10/2015 21:20:43] /addskill obama, sword
[03/10/2015 21:20:43] /addskill obama, sword
[03/10/2015 21:20:43] /addskill obama, sword
[03/10/2015 21:20:48] /addskill obama, sword
[03/10/2015 21:20:48] /addskill obama, sword
[03/10/2015 21:20:48] /addskill obama, sword
[03/10/2015 21:20:48] /addskill obama, sword
[03/10/2015 21:20:49] /addskill obama, sword
[03/10/2015 21:20:49] /addskill obama, sword
[03/10/2015 21:20:50] /addskill obama, sword
[03/10/2015 21:21:35] /addskill sasaki, club
[03/10/2015 21:21:51] /addskill sasaki, mace
[03/10/2015 21:22:15] /addskill sasaki, fist
[03/10/2015 21:22:51] /addskill sasaki, fist
[03/10/2015 21:23:07] /addskill sasaki, fist
[03/10/2015 21:23:07] /addskill sasaki, fist
[03/10/2015 21:23:08] /addskill sasaki, fist
[03/10/2015 21:23:08] /addskill sasaki, fist
[03/10/2015 21:23:08] /addskill sasaki, fist
[03/10/2015 21:23:08] /addskill sasaki, fist
[03/10/2015 21:23:08] /addskill sasaki, fist
[03/10/2015 21:23:08] /addskill sasaki, fist
[03/10/2015 21:23:09] /addskill sasaki, fist
[03/10/2015 21:23:09] /addskill sasaki, fist
[03/10/2015 21:23:09] /addskill sasaki, fist
[03/10/2015 21:23:10] /addskill sasaki, fist
[03/10/2015 21:23:10] /addskill sasaki, fist
[03/10/2015 21:23:10] /addskill sasaki, fist
[03/10/2015 21:23:10] /addskill sasaki, fist
[03/10/2015 21:23:10] /addskill sasaki, fist
[03/10/2015 21:23:10] /addskill sasaki, fist
[03/10/2015 21:23:10] /addskill sasaki, fist
[03/10/2015 21:23:10] /addskill sasaki, fist
[03/10/2015 21:23:10] /addskill sasaki, fist
[03/10/2015 21:23:10] /addskill sasaki, fist
[03/10/2015 21:23:10] /addskill sasaki, fist
[03/10/2015 21:23:10] /addskill sasaki, fist
[03/10/2015 21:23:10] /addskill sasaki, fist
[03/10/2015 21:23:10] /addskill sasaki, fist
[03/10/2015 21:23:10] /addskill sasaki, fist
[03/10/2015 21:23:10] /addskill sasaki, fist
[03/10/2015 21:23:10] /addskill sasaki, fist
[03/10/2015 21:23:10] /addskill sasaki, fist
[03/10/2015 21:23:10] /addskill sasaki, fist
[03/10/2015 21:23:10] /addskill sasaki, fist
[03/10/2015 21:23:10] /addskill sasaki, fist
[03/10/2015 21:23:10] /addskill sasaki, fist
[03/10/2015 21:23:10] /addskill sasaki, fist
[03/10/2015 21:23:10] /addskill sasaki, fist
[03/10/2015 21:23:10] /addskill sasaki, fist
[03/10/2015 21:23:10] /addskill sasaki, fist
[03/10/2015 21:23:10] /addskill sasaki, fist
[03/10/2015 21:23:10] /addskill sasaki, fist
[03/10/2015 21:23:11] /addskill sasaki, fist
[03/10/2015 21:23:11] /addskill sasaki, fist
[03/10/2015 21:23:11] /addskill sasaki, fist
[03/10/2015 21:23:11] /addskill sasaki, fist
[03/10/2015 21:23:11] /addskill sasaki, fist
[03/10/2015 21:23:11] /addskill sasaki, fist
[03/10/2015 21:23:11] /addskill sasaki, fist
[03/10/2015 21:23:11] /addskill sasaki, fist
[03/10/2015 21:23:11] /addskill sasaki, fist
[03/10/2015 21:23:11] /addskill sasaki, fist
[03/10/2015 21:23:11] /addskill sasaki, fist
[03/10/2015 21:23:11] /addskill sasaki, fist
[03/10/2015 21:23:11] /addskill sasaki, fist
[03/10/2015 21:23:14] /addskill sasaki, fist
[03/10/2015 21:23:14] /addskill sasaki, fist
[03/10/2015 21:23:16] /addskill sasaki, fist
[03/10/2015 21:23:19] /addskill sasaki, fist
[03/10/2015 21:23:20] /addskill sasaki, fist
[03/10/2015 21:23:20] /addskill sasaki, fist
[03/10/2015 21:23:21] /addskill sasaki, fist
[03/10/2015 21:23:21] /addskill sasaki, fist
[03/10/2015 21:23:22] /addskill sasaki, fist
[03/10/2015 21:23:22] /addskill sasaki, fist
[03/10/2015 21:23:22] /addskill sasaki, fist
[03/10/2015 21:23:25] /addskill sasaki, fist
[03/10/2015 21:23:25] /addskill sasaki, fist
[03/10/2015 21:23:29] /addskill sasaki, fist
[03/10/2015 21:23:30] /addskill sasaki, fist
[03/10/2015 21:23:30] /addskill sasaki, fist
[03/10/2015 21:23:32] /addskill sasaki, fist
[03/10/2015 21:23:36] /addskill sasaki, fist
[03/10/2015 21:23:36] /addskill sasaki, fist
[03/10/2015 21:23:36] /addskill sasaki, fist
[03/10/2015 21:23:36] /addskill sasaki, fist
[03/10/2015 21:23:37] /addskill sasaki, fist
[03/10/2015 21:23:37] /addskill sasaki, fist
[03/10/2015 21:23:37] /addskill sasaki, fist
[03/10/2015 21:23:38] /addskill sasaki, fist
[03/10/2015 21:23:38] /addskill sasaki, fist
[03/10/2015 21:23:38] /addskill sasaki, fist
[03/10/2015 21:23:39] /addskill sasaki, fist
[03/10/2015 21:23:39] /addskill sasaki, fist
[03/10/2015 21:23:39] /addskill sasaki, fist
[03/10/2015 21:23:40] /addskill sasaki, fist
[03/10/2015 21:23:40] /addskill sasaki, fist
[03/10/2015 21:23:40] /addskill sasaki, fist
[03/10/2015 21:23:41] /addskill sasaki, fist
[03/10/2015 21:23:41] /addskill sasaki, fist
[03/10/2015 21:23:49] /addskill sasaki, fist
[03/10/2015 21:25:37] /m sasuke shippuden
[03/10/2015 21:25:45] /m Sasuke shippuden
[03/10/2015 21:26:00] /m monk
[03/10/2015 21:26:01] /m monk
[03/10/2015 21:26:03] /m monk
[03/10/2015 21:26:08] /m monk
[03/10/2015 21:26:09] /m monk
[03/10/2015 21:26:10] /m monk
[03/10/2015 21:26:10] /m monk
[03/10/2015 21:26:11] /m monk
[03/10/2015 21:26:11] /m monk
[03/10/2015 21:26:12] /m monk
[03/10/2015 21:26:13] /m monk
[03/10/2015 21:26:16] /m monk
[03/10/2015 21:27:59] /m monk
[03/10/2015 21:28:15] /m monk
[03/10/2015 21:28:17] /m monk
[03/10/2015 21:28:19] /m monk
[03/10/2015 21:28:20] /m monk
[03/10/2015 21:28:20] /m monk
[03/10/2015 21:28:20] /m monk
[03/10/2015 21:28:20] /m monk
[03/10/2015 21:28:20] /m monk
[03/10/2015 21:28:20] /m monk
[03/10/2015 21:28:20] /m monk
[03/10/2015 21:28:20] /m monk
[03/10/2015 21:28:20] /m monk
[03/10/2015 21:28:20] /m monk
[03/10/2015 21:28:20] /m monk
[03/10/2015 21:28:20] /m monk
[03/10/2015 21:28:20] /m monk
[03/10/2015 21:28:20] /m monk
[03/10/2015 21:28:20] /m monk
[03/10/2015 21:28:20] /m monk
[03/10/2015 21:28:20] /m monk
[03/10/2015 21:28:20] /m monk
[03/10/2015 21:28:20] /m monk
[03/10/2015 21:28:26] /t
[03/10/2015 21:28:32] /m monk
[03/10/2015 21:28:32] /m monk
[03/10/2015 21:28:32] /m monk
[03/10/2015 21:28:32] /m monk
[03/10/2015 21:28:32] /m monk
[03/10/2015 21:28:32] /m monk
[03/10/2015 21:28:32] /m monk
[03/10/2015 21:28:32] /m monk
[03/10/2015 21:28:32] /m monk
[03/10/2015 21:28:32] /m monk
[03/10/2015 21:28:33] /m monk
[03/10/2015 21:28:33] /m monk
[03/10/2015 21:28:33] /m monk
[03/10/2015 21:28:33] /m monk
[03/10/2015 21:28:33] /m monk
[03/10/2015 21:28:33] /m monk
[03/10/2015 21:28:33] /m monk
[03/10/2015 21:28:33] /m monk
[03/10/2015 21:28:33] /m monk
[03/10/2015 21:28:33] /m monk
[03/10/2015 21:28:33] /m monk
[03/10/2015 21:28:33] /m monk
[03/10/2015 21:28:33] /m monk
[03/10/2015 21:28:33] /m monk
[03/10/2015 21:28:33] /m monk
[03/10/2015 21:28:33] /m monk
[03/10/2015 21:28:33] /m monk
[03/10/2015 21:28:33] /m monk
[03/10/2015 21:28:33] /m monk
[03/10/2015 21:28:33] /m monk
[03/10/2015 21:28:36] /t
[03/10/2015 21:28:40] /m monk
[03/10/2015 21:28:40] /m monk
[03/10/2015 21:28:40] /m monk
[03/10/2015 21:28:40] /m monk
[03/10/2015 21:28:40] /m monk
[03/10/2015 21:28:41] /m monk
[03/10/2015 21:28:41] /m monk
[03/10/2015 21:28:41] /m monk
[03/10/2015 21:28:41] /m monk
[03/10/2015 21:28:41] /m monk
[03/10/2015 21:28:41] /m monk
[03/10/2015 21:28:41] /m monk
[03/10/2015 21:28:41] /m monk
[03/10/2015 21:28:41] /m monk
[03/10/2015 21:28:41] /m monk
[03/10/2015 21:28:41] /m monk
[03/10/2015 21:28:41] /m monk
[03/10/2015 21:28:55] /m monk
[03/10/2015 21:28:56] /m monk
[03/10/2015 21:28:56] /m monk
[03/10/2015 21:28:56] /m monk
[03/10/2015 21:28:56] /m monk
[03/10/2015 21:28:56] /m monk
[03/10/2015 21:28:56] /m monk
[03/10/2015 21:28:56] /m monk
[03/10/2015 21:28:56] /m monk
[03/10/2015 21:28:56] /m monk
[03/10/2015 21:28:56] /m monk
[03/10/2015 21:28:56] /m monk
[03/10/2015 21:28:56] /m monk
[03/10/2015 21:28:56] /m monk
[03/10/2015 21:28:56] /m monk
[03/10/2015 21:28:56] /m monk
[03/10/2015 21:28:56] /m monk
[03/10/2015 21:28:56] /m monk
[03/10/2015 21:28:56] /m monk
[03/10/2015 21:28:56] /m monk
[03/10/2015 21:28:56] /m monk
[03/10/2015 21:28:56] /m monk
[03/10/2015 21:28:56] /m monk
[03/10/2015 21:28:57] /m monk
[03/10/2015 21:28:57] /m monk
[03/10/2015 21:28:57] /m monk
[03/10/2015 21:28:57] /m monk
[03/10/2015 21:28:57] /m monk
[03/10/2015 21:28:57] /m monk
[03/10/2015 21:28:57] /m monk
[03/10/2015 21:28:57] /m monk
[03/10/2015 21:28:57] /m monk
[03/10/2015 21:28:57] /m monk
[03/10/2015 21:28:57] /m monk
[03/10/2015 21:28:57] /m monk
[03/10/2015 21:28:57] /m monk
[03/10/2015 21:28:57] /m monk
[03/10/2015 21:28:57] /m monk
[03/10/2015 21:28:57] /m monk
[03/10/2015 21:28:57] /m monk
[03/10/2015 21:28:57] /m monk
[03/10/2015 21:28:57] /m monk
[03/10/2015 21:28:57] /m monk
[03/10/2015 21:28:57] /m monk
[03/10/2015 21:28:57] /m monk
[03/10/2015 21:28:57] /m monk
[03/10/2015 21:29:06] /m monk
[03/10/2015 21:29:07] /m monk
[03/10/2015 21:29:08] /m monk
[03/10/2015 21:29:08] /m monk
[03/10/2015 21:29:09] /m monk
[03/10/2015 21:29:11] /m monk
[03/10/2015 21:29:11] /m monk
[03/10/2015 21:29:11] /m monk
[03/10/2015 21:29:12] /m monk
[03/10/2015 21:29:13] /m monk
[03/10/2015 21:29:13] /m monk
[03/10/2015 21:29:14] /m monk
[03/10/2015 21:29:15] /m monk
[03/10/2015 21:29:15] /m monk
[03/10/2015 21:29:15] /m monk
[03/10/2015 21:29:15] /m monk
[03/10/2015 21:29:15] /m monk
[03/10/2015 21:29:17] /m monk
[03/10/2015 21:29:17] /m monk
[03/10/2015 21:29:17] /m monk
[03/10/2015 21:29:19] /m monk
[03/10/2015 21:29:20] /m monk
[03/10/2015 21:29:20] /m monk
[03/10/2015 21:29:20] /m monk
[03/10/2015 21:29:20] /m monk
[03/10/2015 21:29:20] /m monk
[03/10/2015 21:29:21] /m monk
[03/10/2015 21:29:22] /m monk
[03/10/2015 21:29:22] /m monk
[03/10/2015 21:29:23] /m monk
[03/10/2015 21:29:24] /m monk
[03/10/2015 21:29:24] /m monk
[03/10/2015 21:29:24] /m monk
[03/10/2015 21:30:51] /m sasuki uchiha
[03/10/2015 21:30:52] /m sasuki uchiha
[03/10/2015 21:30:53] /m sasuki uchiha
[03/10/2015 21:31:00] /m Sasuki uchiha
[03/10/2015 21:31:26] /m Sasuke uchiha
[03/10/2015 21:32:47] /i akatsuki ring
[03/10/2015 21:32:49] /i akatsuki ring
[03/10/2015 21:32:49] /i akatsuki ring
[03/10/2015 21:33:14] /i nature troussers
[03/10/2015 21:33:21] /i akatsuki ring
[03/10/2015 21:33:22] /i akatsuki ring
[03/10/2015 21:33:22] /i akatsuki ring
[03/10/2015 21:33:23] /i akatsuki ring
[03/10/2015 21:33:23] /i akatsuki ring
[03/10/2015 21:33:24] /i akatsuki ring
[03/10/2015 21:33:25] /i akatsuki ring
[03/10/2015 21:33:25] /i akatsuki ring
[03/10/2015 21:33:26] /i akatsuki ring
[03/10/2015 21:33:27] /i akatsuki ring
[03/10/2015 21:33:27] /i akatsuki ring
[03/10/2015 21:33:28] /i akatsuki ring
[03/10/2015 21:33:28] /i akatsuki ring
[03/10/2015 21:33:29] /i akatsuki ring
[03/10/2015 21:33:29] /i akatsuki ring
[03/10/2015 21:33:30] /i akatsuki ring
[03/10/2015 21:33:37] /i nature troussers
[03/10/2015 21:52:48] /r
[03/10/2015 21:52:51] /r
[03/10/2015 21:52:57] /r
[03/10/2015 21:53:16] /r
[03/10/2015 21:53:25] /r
[03/10/2015 21:54:18] /r
[03/10/2015 21:54:20] /r
[03/10/2015 21:54:21] /r
[03/10/2015 21:54:22] /r
[03/10/2015 21:54:25] /r
[03/10/2015 22:23:14] /goto tem tem nada
[03/10/2015 22:52:19] /ghost
[04/10/2015 09:45:38] /i commander sword
[04/10/2015 09:45:48] /r
[04/10/2015 10:01:18] /ghost
[04/10/2015 10:04:43] /i spiked gloves
[04/10/2015 10:04:47] /i spiked glove attack
[04/10/2015 10:05:00] /i straw glove attack
[04/10/2015 10:55:09] /goto impetus
[04/10/2015 10:55:23] /addskill impetus, club
[04/10/2015 10:55:24] /addskill impetus, club
[04/10/2015 10:55:24] /addskill impetus, club
[04/10/2015 10:55:25] /addskill impetus, club
[04/10/2015 10:55:25] /addskill impetus, club
[04/10/2015 10:55:26] /addskill impetus, club
[04/10/2015 10:55:26] /addskill impetus, club
[04/10/2015 10:55:27] /addskill impetus, club
[04/10/2015 10:55:27] /addskill impetus, club
[04/10/2015 10:55:28] /addskill impetus, club
[04/10/2015 10:56:16] /goto tem tem nada
[04/10/2015 11:27:04] /goto mute
[04/10/2015 11:27:06] /r
[04/10/2015 11:28:21] /a 5
[04/10/2015 12:02:43] /goto kiba
[04/10/2015 12:02:51] /c obama
[04/10/2015 12:30:02] /t
[04/10/2015 12:30:16] /addskill mute, club
[04/10/2015 12:30:20] /addskill mute, club
[04/10/2015 12:30:38] /addskill mute, fist
[04/10/2015 12:30:39] /addskill mute, fist
[04/10/2015 12:30:40] /addskill mute, fist
[04/10/2015 12:30:41] /addskill mute, fist
[04/10/2015 12:30:48] /addskill mute, fist
[04/10/2015 12:30:50] /addskill mute, fist
[04/10/2015 12:30:51] /addskill mute, fist
[04/10/2015 12:34:56] /m shinobazu
[04/10/2015 12:38:26] /r
[04/10/2015 12:38:39] /ghost
[04/10/2015 12:40:27] /m samurai
[04/10/2015 12:40:46] /r
[04/10/2015 12:41:05] /goto samurai
[04/10/2015 12:41:12] /goto samurai
[04/10/2015 12:41:14] /goto samurai
[04/10/2015 12:41:15] /goto samurai
[04/10/2015 12:41:17] /goto samurai
[04/10/2015 12:41:21] /goto monk
[04/10/2015 12:41:29] /goto namek
[04/10/2015 12:41:37] /t
[04/10/2015 12:41:44] /goto kimimaro
[04/10/2015 12:41:47] /goto kimimaru
[04/10/2015 12:41:53] /a 4
[04/10/2015 12:41:56] /a 25
[04/10/2015 12:41:59] /a 25
[04/10/2015 12:42:01] /a 25
[04/10/2015 12:42:02] /a 25
[04/10/2015 12:42:03] /a 25
[04/10/2015 12:42:03] /a 25
[04/10/2015 12:42:05] /a 25
[04/10/2015 12:43:27] /t
[04/10/2015 12:43:44] /m samurai
[04/10/2015 12:45:57] /a 4
[04/10/2015 12:46:01] /r
[04/10/2015 12:47:27] /m cursed man
[04/10/2015 12:47:43] /r
[04/10/2015 12:47:51] /r
[04/10/2015 12:47:52] /r
[04/10/2015 12:47:54] /r
[04/10/2015 12:47:58] /r
[04/10/2015 12:48:02] /r
[04/10/2015 12:48:08] /r
[04/10/2015 12:48:09] /r
[04/10/2015 12:48:12] /r
[04/10/2015 12:48:17] /r
[04/10/2015 12:48:28] /r
[04/10/2015 12:48:34] /m sound ninja
[04/10/2015 12:48:42] /m sound shinobi
[04/10/2015 12:48:54] /m insect
[04/10/2015 12:49:53] /r
[04/10/2015 12:50:45] /m fuuton shinobi
[04/10/2015 12:51:19] /r
[04/10/2015 12:51:56] /m samurai
[04/10/2015 12:53:59] /a 5
[04/10/2015 12:54:02] /r
[04/10/2015 12:58:20] /t
[04/10/2015 12:59:00] /goto imortal
[04/10/2015 13:01:30] /a 5
[04/10/2015 13:01:31] /a 5
[04/10/2015 13:01:32] /a 5
[04/10/2015 13:10:31] /goto namek
[04/10/2015 13:23:34] /a 4
[04/10/2015 13:27:08] /a 5
[04/10/2015 13:27:09] /a 5
[04/10/2015 13:27:11] /a 5
[04/10/2015 13:27:12] /a 5
[04/10/2015 13:27:13] /a 5
[04/10/2015 13:27:13] /a 5
[04/10/2015 13:27:23] /m sakura "professora"
[04/10/2015 13:27:28] /n sakura "professora"
[04/10/2015 13:27:43] /n sakura(professora)
[04/10/2015 13:28:17] /t
[04/10/2015 13:28:26] /goto mute
[04/10/2015 13:28:30] /r
[04/10/2015 13:28:59] /i meat
[04/10/2015 13:30:52] /c namek
[04/10/2015 13:30:58] /c mute
[04/10/2015 13:31:11] /i pill
[04/10/2015 13:31:38] /i ninja coat
[04/10/2015 13:31:47] /i ninja shirt
[04/10/2015 13:31:56] /i shinobazu shirt
[04/10/2015 13:32:24] /i black troussers
[04/10/2015 13:32:28] /i black trousers
[04/10/2015 13:33:20] /c mute
[04/10/2015 13:33:24] /c namek
[04/10/2015 13:33:39] /a 3
[04/10/2015 13:34:44] /a 3
[04/10/2015 13:34:50] /c namek
[04/10/2015 13:34:55] /c mute
[04/10/2015 13:35:06] /a 3
[04/10/2015 13:35:38] /a 2
[04/10/2015 13:35:41] /i pill
[04/10/2015 13:36:58] /c namek
[04/10/2015 13:37:05] /c mute
[04/10/2015 13:37:33] /a 3
[04/10/2015 13:39:28] /m shukaku form one
[04/10/2015 13:39:40] /a 3
[04/10/2015 13:39:51] /a 4
[04/10/2015 13:40:01] /m shukakku one
[04/10/2015 13:40:04] /m shukaku one
[04/10/2015 13:40:31] /a 5
[04/10/2015 13:40:31] /a 5
[04/10/2015 13:40:32] /a 5
[04/10/2015 13:40:33] /a 5
[04/10/2015 13:40:34] /a 5
[04/10/2015 13:40:35] /a 5
[04/10/2015 13:41:40] /a 4
[04/10/2015 13:43:50] /c namek
[04/10/2015 13:43:53] /c mute
[04/10/2015 13:44:13] /a 3
[04/10/2015 13:44:23] /a 2
[04/10/2015 13:44:41] /c mute
[04/10/2015 13:44:48] /i pill
[04/10/2015 13:44:51] /i pill
[04/10/2015 13:45:03] /i food
[04/10/2015 13:45:06] /i food
[04/10/2015 13:45:12] /i meat
[04/10/2015 13:46:09] /c namek
[04/10/2015 13:46:19] /c mute
[04/10/2015 13:46:54] /a 4
[04/10/2015 13:47:09] /a 2
[04/10/2015 13:47:14] /c namek
[04/10/2015 13:47:17] /c mute
[04/10/2015 13:47:42] /a 3
[04/10/2015 13:47:53] /a 3
[04/10/2015 13:49:08] /c mute
[04/10/2015 13:49:12] /c namek
[04/10/2015 13:50:22] /goto namek
[04/10/2015 13:50:41] /addskill mute, club
[04/10/2015 13:50:42] /addskill mute, club
[04/10/2015 13:50:43] /addskill mute, club
[04/10/2015 13:50:58] /addskill mute, club
[04/10/2015 13:51:02] /addskill mute, fist
[04/10/2015 13:51:03] /addskill mute, fist
[04/10/2015 13:51:05] /addskill mute, fist
[04/10/2015 13:51:06] /addskill mute, fist
[04/10/2015 13:51:06] /addskill mute, fist
[04/10/2015 13:51:07] /addskill mute, fist
[04/10/2015 13:51:08] /addskill mute, fist
[04/10/2015 13:51:13] /addskill mute, fist
[04/10/2015 13:51:14] /addskill mute, fist
[04/10/2015 13:51:24] /goto impetus
[04/10/2015 13:51:40] /ghost
[04/10/2015 13:51:56] /c impetus
[04/10/2015 13:52:01] /c impetus
[04/10/2015 13:52:07] /c impetus
[04/10/2015 13:52:24] /c impetus
[04/10/2015 13:52:31] /c impetus
[04/10/2015 13:52:36] /c impetus
[04/10/2015 13:52:40] /c impetus
[04/10/2015 13:52:53] /t
[04/10/2015 13:53:38] /r
[04/10/2015 13:56:00] /c mute
[04/10/2015 13:56:27] /a 80
[04/10/2015 14:03:17] /ghost
[04/10/2015 14:10:26] /addskill Acakkk, level
[04/10/2015 14:10:28] /addskill Acakkk, level
[04/10/2015 14:10:38] /addskill Acakkk, first
[04/10/2015 14:10:52] /r
[04/10/2015 14:11:06] /addskill Acakkk, club
[04/10/2015 14:11:07] /addskill Acakkk, club
[04/10/2015 14:11:08] /addskill Acakkk, club
[04/10/2015 14:11:09] /addskill Acakkk, club
[04/10/2015 14:11:10] /addskill Acakkk, club
[04/10/2015 14:11:10] /addskill Acakkk, club
[04/10/2015 14:11:12] /addskill Acakkk, club
[04/10/2015 14:11:13] /addskill Acakkk, club
[04/10/2015 14:11:13] /addskill Acakkk, club
[04/10/2015 14:11:14] /addskill Acakkk, club
[04/10/2015 14:12:09] /i pill
[04/10/2015 14:12:09] /i pill
[04/10/2015 14:15:39] /addskill Acakkk, level
[04/10/2015 14:15:40] /addskill Acakkk, level
[04/10/2015 14:15:41] /addskill Acakkk, level
[04/10/2015 14:15:42] /addskill Acakkk, level
[04/10/2015 14:15:43] /addskill Acakkk, level
[04/10/2015 14:15:57] /addskill Herman Li, level
[04/10/2015 14:16:00] /addskill Herman Li, level
[04/10/2015 14:16:01] /addskill Herman Li, level
[04/10/2015 14:16:01] /addskill Herman Li, level
[04/10/2015 14:16:02] /addskill Herman Li, level
[04/10/2015 14:17:15] /ghost
[04/10/2015 14:19:22] /i meat
[04/10/2015 14:20:47] /c herman lee
[04/10/2015 14:20:50] /c herman lee
[04/10/2015 14:20:52] /c herman lee
[04/10/2015 14:20:57] /c herman li
[04/10/2015 14:21:46] /r
[04/10/2015 14:21:49] /r
[04/10/2015 14:22:19] /addskill Herman Li, level
[04/10/2015 14:22:21] /addskill Herman Li, level
[04/10/2015 14:22:28] /addskill Herman Li, sword
[04/10/2015 14:22:58] /addskill Herman Li, club
[04/10/2015 14:23:00] /addskill Herman Li, club
[04/10/2015 14:23:01] /addskill Herman Li, club
[04/10/2015 14:23:02] /addskill Herman Li, club
[04/10/2015 14:23:03] /addskill Herman Li, club
[04/10/2015 14:23:03] /addskill Herman Li, club
[04/10/2015 14:23:04] /addskill Herman Li, club
[04/10/2015 14:23:05] /addskill Herman Li, club
[04/10/2015 14:23:07] /addskill Herman Li, club
[04/10/2015 14:23:08] /addskill Herman Li, club
[04/10/2015 14:25:59] /ghost
[04/10/2015 14:27:37] /c herman li
[04/10/2015 14:28:06] /i pill
[04/10/2015 14:28:07] /i pill
[04/10/2015 14:28:07] /i pill
[04/10/2015 14:28:22] /r
[04/10/2015 14:29:54] /addskill Herman Li, sword
[04/10/2015 14:30:01] /addskill Herman Li, club
[04/10/2015 14:30:09] /addskill Herman Li, level
[04/10/2015 14:30:11] /addskill Herman Li, level
[04/10/2015 14:32:19] /addskill Herman Li, level
[04/10/2015 14:32:19] /addskill Herman Li, level
[04/10/2015 14:32:20] /addskill Herman Li, level
[04/10/2015 14:32:20] /addskill Herman Li, level
[04/10/2015 14:32:21] /addskill Herman Li, level
[04/10/2015 14:32:24] /addskill Herman Li, level
[04/10/2015 14:32:24] /addskill Herman Li, level
[04/10/2015 14:32:25] /addskill Herman Li, level
[04/10/2015 14:32:27] /addskill Herman Li, level
[04/10/2015 14:32:28] /addskill Herman Li, level
[04/10/2015 14:33:26] /addskill Acakkk, level
[04/10/2015 14:33:26] /addskill Acakkk, level
[04/10/2015 14:33:27] /addskill Acakkk, level
[04/10/2015 14:33:27] /addskill Acakkk, level
[04/10/2015 14:33:28] /addskill Acakkk, level
[04/10/2015 14:33:30] /addskill Acakkk, level
[04/10/2015 14:33:30] /addskill Acakkk, level
[04/10/2015 14:33:31] /addskill Acakkk, level
[04/10/2015 14:33:31] /addskill Acakkk, level
[04/10/2015 14:33:32] /addskill Acakkk, level
[04/10/2015 14:40:57] /c herman li
[04/10/2015 14:41:34] /i pill
[04/10/2015 14:41:37] /i pill
[04/10/2015 14:42:33] /addskill herman li, level
[04/10/2015 14:42:36] /addskill herman li, level
[04/10/2015 14:45:22] /addskill herman li, level
[04/10/2015 14:45:22] /addskill herman li, level
[04/10/2015 14:45:23] /addskill herman li, level
[04/10/2015 14:45:24] /addskill herman li, level
[04/10/2015 14:45:24] /addskill herman li, level
[04/10/2015 14:45:26] /addskill herman li, level
[04/10/2015 14:45:26] /addskill herman li, level
[04/10/2015 14:45:27] /addskill herman li, level
[04/10/2015 14:45:27] /addskill herman li, level
[04/10/2015 14:45:28] /addskill herman li, level
[04/10/2015 14:45:38] /addskill acakkk, level
[04/10/2015 14:45:40] /addskill acakkk, level
[04/10/2015 14:45:42] /addskill acakkk, level
[04/10/2015 14:46:28] /addskill acakkk, level
[04/10/2015 14:46:28] /addskill acakkk, level
[04/10/2015 14:46:30] /addskill acakkk, level
[04/10/2015 14:46:30] /addskill acakkk, level
[04/10/2015 14:46:31] /addskill acakkk, level
[04/10/2015 14:46:32] /addskill acakkk, level
[04/10/2015 14:46:33] /addskill acakkk, level
[04/10/2015 14:46:40] /i merat
[04/10/2015 14:46:43] /i meat
[04/10/2015 14:46:44] /i meat
[04/10/2015 14:47:02] /i akatsuki ring
[04/10/2015 14:48:37] /addskill acakkk, level
[04/10/2015 14:48:38] /addskill acakkk, level
[04/10/2015 14:48:38] /addskill acakkk, level
[04/10/2015 14:48:39] /addskill acakkk, level
[04/10/2015 14:48:39] /addskill acakkk, level
[04/10/2015 14:48:47] /addskill acakkk, level
[04/10/2015 14:48:48] /addskill acakkk, level
[04/10/2015 14:48:48] /addskill acakkk, level
[04/10/2015 14:48:49] /addskill acakkk, level
[04/10/2015 14:48:50] /addskill acakkk, level
[04/10/2015 14:48:51] /addskill acakkk, level
[04/10/2015 14:48:52] /addskill acakkk, level
[04/10/2015 14:48:52] /addskill acakkk, level
[04/10/2015 14:48:53] /addskill acakkk, level
[04/10/2015 14:48:53] /addskill acakkk, level
[04/10/2015 14:48:56] /addskill acakkk, level
[04/10/2015 14:48:57] /addskill acakkk, level
[04/10/2015 14:48:57] /addskill acakkk, level
[04/10/2015 14:48:58] /addskill acakkk, level
[04/10/2015 14:48:58] /addskill acakkk, level
[04/10/2015 14:49:10] /addskill herman li, level
[04/10/2015 14:49:10] /addskill herman li, level
[04/10/2015 14:49:11] /addskill herman li, level
[04/10/2015 14:49:12] /addskill herman li, level
[04/10/2015 14:49:12] /addskill herman li, level
[04/10/2015 14:49:12] /addskill herman li, level
[04/10/2015 14:49:17] /addskill herman li, level
[04/10/2015 14:49:17] /addskill herman li, level
[04/10/2015 14:49:18] /addskill herman li, level
[04/10/2015 14:49:19] /addskill herman li, level
[04/10/2015 14:49:21] /addskill herman li, level
[04/10/2015 14:49:21] /addskill herman li, level
[04/10/2015 14:49:22] /addskill herman li, level
[04/10/2015 14:49:22] /addskill herman li, level
[04/10/2015 14:49:24] /addskill herman li, level
[04/10/2015 14:49:26] /addskill herman li, level
[04/10/2015 14:49:26] /addskill herman li, level
[04/10/2015 14:49:27] /addskill herman li, level
[04/10/2015 14:49:27] /addskill herman li, level
[04/10/2015 14:49:28] /addskill herman li, level
[04/10/2015 15:02:50] /c herman li
[04/10/2015 15:04:18] /addskill herman li, level
[04/10/2015 15:04:20] /addskill herman li, level
[04/10/2015 15:05:24] /i pill
[04/10/2015 15:05:32] /i pill
[04/10/2015 15:05:33] /i pill
[04/10/2015 15:05:37] /r
[04/10/2015 15:05:39] /r
[04/10/2015 15:06:08] /ghost
[04/10/2015 15:06:18] /i pill
[04/10/2015 15:09:38] /c herman li
[04/10/2015 15:09:39] /c herman li
[04/10/2015 15:09:40] /c herman li
[04/10/2015 15:09:41] /c herman li
[04/10/2015 15:09:41] /c herman li
[04/10/2015 15:09:42] /c herman li
[04/10/2015 15:09:43] /c herman li
[04/10/2015 15:09:43] /c herman li
[04/10/2015 15:09:44] /c herman li
[04/10/2015 15:09:45] /c herman li
[04/10/2015 15:09:46] /c herman li
[04/10/2015 15:09:47] /c herman li
[04/10/2015 15:10:42] /ghost
[04/10/2015 15:16:30] /i meat
[04/10/2015 15:23:23] /c herman li
[04/10/2015 15:23:52] /addskill herman li, level
[04/10/2015 15:23:54] /addskill herman li, level
[04/10/2015 15:24:11] /addskill herman li, club fighting
[04/10/2015 15:24:33] /ghost
[04/10/2015 15:24:46] /addskill herman li, club 
[04/10/2015 15:24:50] /addskill herman li, sword
[04/10/2015 15:24:57] /addskill herman li, kenjutsu
[04/10/2015 15:25:07] /i akatsuki ring
[04/10/2015 15:25:39] /addskill herman li, sword
[04/10/2015 15:25:53] /i pill
[04/10/2015 15:26:03] /i pill
[04/10/2015 15:26:03] /i pill
[04/10/2015 15:26:46] /addskill herman li, level
[04/10/2015 15:26:47] /addskill herman li, level
[04/10/2015 15:26:47] /addskill herman li, level
[04/10/2015 15:26:48] /addskill herman li, level
[04/10/2015 15:26:49] /addskill herman li, level
[04/10/2015 15:26:49] /addskill herman li, level
[04/10/2015 15:26:50] /addskill herman li, level
[04/10/2015 15:26:50] /addskill herman li, level
[04/10/2015 15:26:51] /addskill herman li, level
[04/10/2015 15:26:52] /addskill herman li, level
[04/10/2015 15:26:52] /addskill herman li, level
[04/10/2015 15:26:53] /addskill herman li, level
[04/10/2015 15:26:54] /addskill herman li, level
[04/10/2015 15:26:54] /addskill herman li, level
[04/10/2015 15:26:55] /addskill herman li, level
[04/10/2015 15:26:55] /addskill herman li, level
[04/10/2015 15:26:56] /addskill herman li, level
[04/10/2015 15:26:57] /addskill herman li, level
[04/10/2015 15:26:57] /addskill herman li, level
[04/10/2015 15:26:58] /addskill herman li, level
[04/10/2015 15:27:12] /addskill Acakkk, level
[04/10/2015 15:27:13] /addskill Acakkk, level
[04/10/2015 15:27:14] /addskill Acakkk, level
[04/10/2015 15:27:15] /addskill Acakkk, level
[04/10/2015 15:27:16] /addskill Acakkk, level
[04/10/2015 15:27:16] /addskill Acakkk, level
[04/10/2015 15:27:17] /addskill Acakkk, level
[04/10/2015 15:27:18] /addskill Acakkk, level
[04/10/2015 15:27:18] /addskill Acakkk, level
[04/10/2015 15:27:19] /addskill Acakkk, level
[04/10/2015 15:27:20] /addskill Acakkk, level
[04/10/2015 15:27:20] /addskill Acakkk, level
[04/10/2015 15:27:21] /addskill Acakkk, level
[04/10/2015 15:27:22] /addskill Acakkk, level
[04/10/2015 15:27:22] /addskill Acakkk, level
[04/10/2015 15:27:23] /addskill Acakkk, level
[04/10/2015 15:27:24] /addskill Acakkk, level
[04/10/2015 15:27:24] /addskill Acakkk, level
[04/10/2015 15:27:25] /addskill Acakkk, level
[04/10/2015 15:27:26] /addskill Acakkk, level
[04/10/2015 15:27:34] /ghost
[04/10/2015 15:27:52] /i
[04/10/2015 15:27:55] /i pill
[04/10/2015 15:27:56] /i pill
[04/10/2015 15:27:57] /i pill
[04/10/2015 15:28:01] /i pill
[04/10/2015 15:28:02] /i pill
[04/10/2015 15:32:50] /ghost
[04/10/2015 15:32:52] /ghost
[04/10/2015 15:33:15] /ghost
[04/10/2015 15:33:39] /ghost
[04/10/2015 15:34:31] /i backpack
[04/10/2015 15:42:51] /b querem parar
[04/10/2015 15:43:15] /c vão passar a noite
[04/10/2015 15:43:23] /b vão passar a noite
[04/10/2015 15:45:30] /c Herman li
[04/10/2015 15:46:34] /addskill Herman Li, level 
[04/10/2015 15:46:35] /addskill Herman Li, level 
[04/10/2015 15:46:36] /addskill Herman Li, level 
[04/10/2015 15:46:39] /addskill Herman Li, level 
[04/10/2015 15:46:40] /addskill Herman Li, level 
[04/10/2015 15:46:41] /addskill Herman Li, level 
[04/10/2015 15:46:41] /addskill Herman Li, level 
[04/10/2015 15:46:42] /addskill Herman Li, level 
[04/10/2015 15:46:43] /addskill Herman Li, level 
[04/10/2015 15:46:43] /addskill Herman Li, level 
[04/10/2015 15:46:44] /addskill Herman Li, level 
[04/10/2015 15:46:45] /addskill Herman Li, level 
[04/10/2015 15:46:45] /addskill Herman Li, level 
[04/10/2015 15:46:46] /addskill Herman Li, level 
[04/10/2015 15:46:47] /addskill Herman Li, level 
[04/10/2015 15:46:47] /addskill Herman Li, level 
[04/10/2015 15:46:48] /addskill Herman Li, level 
[04/10/2015 15:46:48] /addskill Herman Li, level 
[04/10/2015 15:46:49] /addskill Herman Li, level 
[04/10/2015 15:46:50] /addskill Herman Li, level 
[04/10/2015 15:46:50] /addskill Herman Li, level 
[04/10/2015 15:46:51] /addskill Herman Li, level 
[04/10/2015 15:46:52] /addskill Herman Li, level 
[04/10/2015 15:46:52] /addskill Herman Li, level 
[04/10/2015 15:46:53] /addskill Herman Li, level 
[04/10/2015 15:46:54] /addskill Herman Li, level 
[04/10/2015 15:46:54] /addskill Herman Li, level 
[04/10/2015 15:46:55] /addskill Herman Li, level 
[04/10/2015 15:46:55] /addskill Herman Li, level 
[04/10/2015 15:46:56] /addskill Herman Li, level 
[04/10/2015 15:46:57] /addskill Herman Li, level 
[04/10/2015 15:46:58] /addskill Herman Li, level 
[04/10/2015 15:47:10] /addskill Acakkk, level 
[04/10/2015 15:47:15] /addskill Acakkk, level 
[04/10/2015 15:47:16] /addskill Acakkk, level 
[04/10/2015 15:47:16] /addskill Acakkk, level 
[04/10/2015 15:47:17] /addskill Acakkk, level 
[04/10/2015 15:47:18] /addskill Acakkk, level 
[04/10/2015 15:47:19] /addskill Acakkk, level 
[04/10/2015 15:47:20] /addskill Acakkk, level 
[04/10/2015 15:47:20] /addskill Acakkk, level 
[04/10/2015 15:47:21] /addskill Acakkk, level 
[04/10/2015 15:47:22] /addskill Acakkk, level 
[04/10/2015 15:47:22] /addskill Acakkk, level 
[04/10/2015 15:47:23] /addskill Acakkk, level 
[04/10/2015 15:47:24] /addskill Acakkk, level 
[04/10/2015 15:47:24] /addskill Acakkk, level 
[04/10/2015 15:47:25] /addskill Acakkk, level 
[04/10/2015 15:47:26] /addskill Acakkk, level 
[04/10/2015 15:47:26] /addskill Acakkk, level 
[04/10/2015 15:47:28] /addskill Acakkk, level 
[04/10/2015 15:47:29] /addskill Acakkk, level 
[04/10/2015 15:47:29] /addskill Acakkk, level 
[04/10/2015 15:47:30] /addskill Acakkk, level 
[04/10/2015 15:47:31] /addskill Acakkk, level 
[04/10/2015 15:47:31] /addskill Acakkk, level 
[04/10/2015 15:47:32] /addskill Acakkk, level 
[04/10/2015 15:47:33] /addskill Acakkk, level 
[04/10/2015 15:47:33] /addskill Acakkk, level 
[04/10/2015 15:47:34] /addskill Acakkk, level 
[04/10/2015 15:47:35] /addskill Acakkk, level 
[04/10/2015 15:47:36] /addskill Acakkk, level 
[04/10/2015 15:48:25] /m sasuke(professor)
[04/10/2015 15:48:26] /m sasuke(professor)
[04/10/2015 15:48:33] /m sasuke uchiha(professor)
[04/10/2015 15:48:37] /m sasuke uchiha (professor)
[04/10/2015 15:49:29] /m Rock Lee (Professor)
[04/10/2015 15:49:31] /m Rock Lee (Professor)
[04/10/2015 15:50:46] /i Akatsuki ring
[04/10/2015 15:51:41] /ghost
[04/10/2015 15:53:45] /c Impetus
[04/10/2015 16:01:51] /m Sasuke(professor)
[04/10/2015 16:03:12] /n sasuke(professor
[04/10/2015 16:03:17] /n sasuke(professor)
[04/10/2015 16:03:26] /n Rock Lee(professor)
[04/10/2015 16:07:39] /n treiner
[04/10/2015 16:07:44] /m treiner
[04/10/2015 16:07:47] /m trainer
[04/10/2015 16:07:50] /m trainer
[04/10/2015 16:08:14] /r
[04/10/2015 16:08:16] /r
[04/10/2015 16:08:27] /r
[04/10/2015 16:08:36] /r
[04/10/2015 16:09:25] /a 5
[04/10/2015 16:09:28] /a 5
[04/10/2015 16:09:29] /a 5
[04/10/2015 16:09:29] /a 5
[04/10/2015 16:09:30] /a 5
[04/10/2015 16:09:31] /a 5
[04/10/2015 16:09:31] /a 5
[04/10/2015 16:09:32] /a 5
[04/10/2015 16:09:33] /a 5
[04/10/2015 16:09:33] /a 5
[04/10/2015 16:09:34] /a 5
[04/10/2015 16:09:35] /a 5
[04/10/2015 16:09:37] /a 5
[04/10/2015 16:10:35] /c Impetus
[04/10/2015 16:11:51] /goto Herman li
[04/10/2015 16:12:18] /i pill
[04/10/2015 16:12:19] /i pill
[04/10/2015 16:12:21] /i pill
[04/10/2015 16:12:36] /i akatsuki ring
[04/10/2015 16:12:38] /i akatsuki ring
[04/10/2015 16:13:07] /i pill
[04/10/2015 16:13:09] /i pill
[04/10/2015 16:13:09] /i pill
[04/10/2015 16:13:57] /i akatsuki ring
[04/10/2015 16:14:09] /i pill
[04/10/2015 16:14:10] /i pill
[04/10/2015 16:14:10] /i pill
[04/10/2015 16:14:11] /i pill
[04/10/2015 16:14:11] /i pill
[04/10/2015 16:14:12] /i pill
[04/10/2015 16:14:13] /i pill
[04/10/2015 16:14:13] /i pill
[04/10/2015 16:14:14] /i pill
[04/10/2015 16:14:15] /i pill
[04/10/2015 16:14:15] /i pill
[04/10/2015 16:14:16] /i pill
[04/10/2015 16:14:16] /i pill
[04/10/2015 16:14:17] /i pill
[04/10/2015 16:14:17] /i pill
[04/10/2015 16:14:18] /i pill
[04/10/2015 16:14:19] /i pill
[04/10/2015 16:14:19] /i pill
[04/10/2015 16:14:20] /i pill
[04/10/2015 16:14:20] /i pill
[04/10/2015 16:14:21] /i pill
[04/10/2015 16:14:21] /i pill
[04/10/2015 16:14:22] /i pill
[04/10/2015 16:14:22] /i pill
[04/10/2015 16:14:23] /i pill
[04/10/2015 16:14:24] /i pill
[04/10/2015 16:14:24] /i pill
[04/10/2015 16:15:12] /i akatsuki ring
[04/10/2015 16:15:13] /i akatsuki ring
[04/10/2015 16:15:13] /i akatsuki ring
[04/10/2015 16:15:14] /i akatsuki ring
[04/10/2015 16:15:14] /i akatsuki ring
[04/10/2015 16:15:15] /i akatsuki ring
[04/10/2015 16:15:15] /i akatsuki ring
[04/10/2015 16:15:16] /i akatsuki ring
[04/10/2015 16:15:17] /i akatsuki ring
[04/10/2015 16:15:17] /i akatsuki ring
[04/10/2015 16:15:18] /i akatsuki ring
[04/10/2015 16:15:18] /i akatsuki ring
[04/10/2015 16:15:19] /i akatsuki ring
[04/10/2015 16:15:19] /i akatsuki ring
[04/10/2015 16:15:20] /i akatsuki ring
[04/10/2015 16:15:20] /i akatsuki ring
[04/10/2015 16:15:21] /i akatsuki ring
[04/10/2015 16:15:22] /i akatsuki ring
[04/10/2015 16:15:22] /i akatsuki ring
[04/10/2015 16:15:23] /i akatsuki ring
[04/10/2015 16:15:23] /i akatsuki ring
[04/10/2015 16:15:24] /i akatsuki ring
[04/10/2015 16:15:24] /i akatsuki ring
[04/10/2015 16:15:25] /i akatsuki ring
[04/10/2015 16:15:25] /i akatsuki ring]
[04/10/2015 16:55:44] /addskill Acakkk, level
[04/10/2015 16:56:00] /addskill Acakkk, level
[04/10/2015 16:56:00] /addskill Acakkk, level
[04/10/2015 16:56:01] /addskill Acakkk, level
[04/10/2015 16:56:01] /addskill Acakkk, level
[04/10/2015 16:56:01] /addskill Acakkk, level
[04/10/2015 16:56:01] /addskill Acakkk, level
[04/10/2015 16:56:01] /addskill Acakkk, level
[04/10/2015 16:56:02] /addskill Acakkk, level
[04/10/2015 16:56:02] /addskill Acakkk, level
[04/10/2015 16:56:02] /addskill Acakkk, level
[04/10/2015 16:56:02] /addskill Acakkk, level
[04/10/2015 16:56:02] /addskill Acakkk, level
[04/10/2015 16:56:03] /addskill Acakkk, level
[04/10/2015 16:56:03] /addskill Acakkk, level
[04/10/2015 16:56:03] /addskill Acakkk, level
[04/10/2015 16:56:03] /addskill Acakkk, level
[04/10/2015 16:56:03] /addskill Acakkk, level
[04/10/2015 16:56:03] /addskill Acakkk, level
[04/10/2015 16:56:04] /addskill Acakkk, level
[04/10/2015 16:56:04] /addskill Acakkk, level
[04/10/2015 16:56:04] /addskill Acakkk, level
[04/10/2015 16:56:04] /addskill Acakkk, level
[04/10/2015 16:56:05] /addskill Acakkk, level
[04/10/2015 16:56:05] /addskill Acakkk, level
[04/10/2015 16:56:05] /addskill Acakkk, level
[04/10/2015 16:56:05] /addskill Acakkk, level
[04/10/2015 16:56:05] /addskill Acakkk, level
[04/10/2015 16:56:06] /addskill Acakkk, level
[04/10/2015 16:56:07] /addskill Acakkk, level
[04/10/2015 16:56:07] /addskill Acakkk, level
[04/10/2015 16:56:07] /addskill Acakkk, level
[04/10/2015 16:56:07] /addskill Acakkk, level
[04/10/2015 16:56:07] /addskill Acakkk, level
[04/10/2015 16:56:08] /addskill Acakkk, level
[04/10/2015 16:56:08] /addskill Acakkk, level
[04/10/2015 16:56:08] /addskill Acakkk, level
[04/10/2015 16:56:08] /addskill Acakkk, level
[04/10/2015 16:56:09] /addskill Acakkk, level
[04/10/2015 16:56:10] /addskill Acakkk, level
[04/10/2015 16:56:10] /addskill Acakkk, level
[04/10/2015 16:56:11] /addskill Acakkk, level
[04/10/2015 16:56:12] /addskill Acakkk, level
[04/10/2015 16:56:12] /addskill Acakkk, level
[04/10/2015 16:56:12] /addskill Acakkk, level
[04/10/2015 16:56:13] /addskill Acakkk, level
[04/10/2015 16:56:14] /addskill Acakkk, level
[04/10/2015 16:56:15] /addskill Acakkk, level
[04/10/2015 16:56:17] /addskill Acakkk, level
[04/10/2015 16:56:17] /addskill Acakkk, level
[04/10/2015 16:57:03] /addskill Acakkk, fist
[04/10/2015 16:57:04] /addskill Acakkk, fist
[04/10/2015 16:57:05] /addskill Acakkk, fist
[04/10/2015 16:57:06] /addskill Acakkk, fist
[04/10/2015 16:57:06] /addskill Acakkk, fist
[04/10/2015 16:57:11] /addskill Acakkk, fist
[04/10/2015 16:57:12] /addskill Acakkk, fist
[04/10/2015 16:57:12] /addskill Acakkk, fist
[04/10/2015 16:57:13] /addskill Acakkk, fist
[04/10/2015 16:57:14] /addskill Acakkk, fist
[04/10/2015 16:57:14] /addskill Acakkk, fist
[04/10/2015 16:57:15] /addskill Acakkk, fist
[04/10/2015 16:57:16] /addskill Acakkk, fist
[04/10/2015 16:57:16] /addskill Acakkk, fist
[04/10/2015 16:57:17] /addskill Acakkk, fist
[04/10/2015 16:57:17] /addskill Acakkk, fist
[04/10/2015 16:57:18] /addskill Acakkk, fist
[04/10/2015 16:57:18] /addskill Acakkk, fist
[04/10/2015 16:57:19] /addskill Acakkk, fist
[04/10/2015 16:57:19] /addskill Acakkk, fist
[04/10/2015 16:57:31] /addskill Acakkk, club
[04/10/2015 16:57:31] /addskill Acakkk, club
[04/10/2015 16:57:32] /addskill Acakkk, club
[04/10/2015 16:57:32] /addskill Acakkk, club
[04/10/2015 16:57:33] /addskill Acakkk, club
[04/10/2015 16:57:33] /addskill Acakkk, club
[04/10/2015 16:57:33] /addskill Acakkk, club
[04/10/2015 16:57:34] /addskill Acakkk, club
[04/10/2015 16:57:34] /addskill Acakkk, club
[04/10/2015 16:57:35] /addskill Acakkk, club
[04/10/2015 16:58:40] /addskill Herman Li, level
[04/10/2015 16:58:41] /addskill Herman Li, level
[04/10/2015 16:58:41] /addskill Herman Li, level
[04/10/2015 16:58:41] /addskill Herman Li, level
[04/10/2015 16:58:41] /addskill Herman Li, level
[04/10/2015 16:58:42] /addskill Herman Li, level
[04/10/2015 16:58:42] /addskill Herman Li, level
[04/10/2015 16:58:42] /addskill Herman Li, level
[04/10/2015 16:58:42] /addskill Herman Li, level
[04/10/2015 16:58:42] /addskill Herman Li, level
[04/10/2015 16:58:42] /addskill Herman Li, level
[04/10/2015 16:58:44] /addskill Herman Li, level
[04/10/2015 16:58:44] /addskill Herman Li, level
[04/10/2015 16:58:45] /addskill Herman Li, level
[04/10/2015 16:58:45] /addskill Herman Li, level
[04/10/2015 16:58:45] /addskill Herman Li, level
[04/10/2015 16:58:45] /addskill Herman Li, level
[04/10/2015 16:58:45] /addskill Herman Li, level
[04/10/2015 16:58:45] /addskill Herman Li, level
[04/10/2015 16:58:46] /addskill Herman Li, level
[04/10/2015 16:58:47] /addskill Herman Li, level
[04/10/2015 16:58:47] /addskill Herman Li, level
[04/10/2015 16:58:48] /addskill Herman Li, level
[04/10/2015 16:58:48] /addskill Herman Li, level
[04/10/2015 16:58:48] /addskill Herman Li, level
[04/10/2015 16:58:48] /addskill Herman Li, level
[04/10/2015 16:58:48] /addskill Herman Li, level
[04/10/2015 16:58:48] /addskill Herman Li, level
[04/10/2015 16:58:49] /addskill Herman Li, level
[04/10/2015 16:58:49] /addskill Herman Li, level
[04/10/2015 16:58:49] /addskill Herman Li, level
[04/10/2015 16:58:49] /addskill Herman Li, level
[04/10/2015 16:58:50] /addskill Herman Li, level
[04/10/2015 16:58:51] /addskill Herman Li, level
[04/10/2015 16:58:51] /addskill Herman Li, level
[04/10/2015 16:58:51] /addskill Herman Li, level
[04/10/2015 16:58:51] /addskill Herman Li, level
[04/10/2015 16:58:52] /addskill Herman Li, level
[04/10/2015 16:58:52] /addskill Herman Li, level
[04/10/2015 16:58:52] /addskill Herman Li, level
[04/10/2015 16:58:54] /addskill Herman Li, level
[04/10/2015 16:58:54] /addskill Herman Li, level
[04/10/2015 16:58:55] /addskill Herman Li, level
[04/10/2015 16:58:55] /addskill Herman Li, level
[04/10/2015 16:58:55] /addskill Herman Li, level
[04/10/2015 16:58:55] /addskill Herman Li, level
[04/10/2015 16:58:57] /addskill Herman Li, level
[04/10/2015 16:58:57] /addskill Herman Li, level
[04/10/2015 16:58:57] /addskill Herman Li, level
[04/10/2015 16:58:58] /addskill Herman Li, level
[04/10/2015 16:59:13] /addskill Herman Li, sword
[04/10/2015 16:59:24] /addskill Herman Li, sword
[04/10/2015 16:59:25] /addskill Herman Li, sword
[04/10/2015 16:59:30] /addskill Herman Li, sword
[04/10/2015 16:59:32] /addskill Herman Li, sword
[04/10/2015 16:59:33] /addskill Herman Li, sword
[04/10/2015 16:59:33] /addskill Herman Li, sword
[04/10/2015 16:59:34] /addskill Herman Li, sword
[04/10/2015 16:59:34] /addskill Herman Li, sword
[04/10/2015 16:59:34] /addskill Herman Li, sword
[04/10/2015 16:59:35] /addskill Herman Li, sword
[04/10/2015 16:59:35] /addskill Herman Li, sword
[04/10/2015 16:59:36] /addskill Herman Li, sword
[04/10/2015 16:59:36] /addskill Herman Li, sword
[04/10/2015 16:59:37] /addskill Herman Li, sword
[04/10/2015 16:59:37] /addskill Herman Li, sword
[04/10/2015 16:59:37] /addskill Herman Li, sword
[04/10/2015 16:59:38] /addskill Herman Li, sword
[04/10/2015 16:59:38] /addskill Herman Li, sword
[04/10/2015 16:59:39] /addskill Herman Li, sword
[04/10/2015 16:59:40] /addskill Herman Li, sword
[04/10/2015 16:59:48] /addskill Herman Li, club
[04/10/2015 16:59:51] /addskill Herman Li, club
[04/10/2015 16:59:51] /addskill Herman Li, club
[04/10/2015 16:59:52] /addskill Herman Li, club
[04/10/2015 16:59:52] /addskill Herman Li, club
[04/10/2015 16:59:52] /addskill Herman Li, club
[04/10/2015 16:59:53] /addskill Herman Li, club
[04/10/2015 16:59:53] /addskill Herman Li, club
[04/10/2015 16:59:53] /addskill Herman Li, club
[04/10/2015 16:59:53] /addskill Herman Li, club
[04/10/2015 16:59:54] /addskill Herman Li, club
[04/10/2015 17:00:21] /addskill Herman Li, magic level
[04/10/2015 17:00:22] /addskill Herman Li, magic level
[04/10/2015 17:00:23] /addskill Herman Li, magic level
[04/10/2015 17:00:25] /addskill Herman Li, magic level
[04/10/2015 17:02:28] /i meat
[04/10/2015 17:05:03] /r
[04/10/2015 17:05:07] /r
[04/10/2015 17:05:56] /c herman lii
[04/10/2015 17:06:18] /c acak
[04/10/2015 17:07:33] /addskill Acak, level
[04/10/2015 17:07:34] /addskill Acak, level
[04/10/2015 17:07:34] /addskill Acak, level
[04/10/2015 17:07:35] /addskill Acak, level
[04/10/2015 17:07:43] /addskill Acak, level
[04/10/2015 17:07:44] /addskill Acak, level
[04/10/2015 17:07:44] /addskill Acak, level
[04/10/2015 17:07:44] /addskill Acak, level
[04/10/2015 17:07:44] /addskill Acak, level
[04/10/2015 17:07:44] /addskill Acak, level
[04/10/2015 17:07:45] /addskill Acak, level
[04/10/2015 17:07:45] /addskill Acak, level
[04/10/2015 17:07:45] /addskill Acak, level
[04/10/2015 17:07:45] /addskill Acak, level
[04/10/2015 17:07:48] /addskill Acak, level
[04/10/2015 17:07:48] /addskill Acak, level
[04/10/2015 17:07:48] /addskill Acak, level
[04/10/2015 17:07:48] /addskill Acak, level
[04/10/2015 17:07:48] /addskill Acak, level
[04/10/2015 17:07:49] /addskill Acak, level
[04/10/2015 17:07:49] /addskill Acak, level
[04/10/2015 17:07:50] /addskill Acak, level
[04/10/2015 17:07:51] /addskill Acak, level
[04/10/2015 17:07:52] /addskill Acak, level
[04/10/2015 17:07:53] /addskill Acak, level
[04/10/2015 17:07:56] /addskill Acak, level
[04/10/2015 17:07:56] /addskill Acak, level
[04/10/2015 17:07:58] /addskill Acak, level
[04/10/2015 17:07:59] /addskill Acak, level
[04/10/2015 17:08:09] /addskill Acak, magic level
[04/10/2015 17:08:09] /addskill Acak, magic level
[04/10/2015 17:08:09] /addskill Acak, magic level
[04/10/2015 17:08:10] /addskill Acak, magic level
[04/10/2015 17:08:10] /addskill Acak, magic level
[04/10/2015 17:08:19] /addskill Acak, club
[04/10/2015 17:08:19] /addskill Acak, club
[04/10/2015 17:08:20] /addskill Acak, club
[04/10/2015 17:08:20] /addskill Acak, club
[04/10/2015 17:08:20] /addskill Acak, club
[04/10/2015 17:08:21] /addskill Acak, club
[04/10/2015 17:08:21] /addskill Acak, club
[04/10/2015 17:08:21] /addskill Acak, club
[04/10/2015 17:08:22] /addskill Acak, club
[04/10/2015 17:08:22] /addskill Acak, club
[04/10/2015 17:08:38] /addskill Acak, fist
[04/10/2015 17:08:39] /addskill Acak, fist
[04/10/2015 17:08:40] /addskill Acak, fist
[04/10/2015 17:08:40] /addskill Acak, fist
[04/10/2015 17:08:41] /addskill Acak, fist
[04/10/2015 17:08:41] /addskill Acak, fist
[04/10/2015 17:08:41] /addskill Acak, fist
[04/10/2015 17:08:42] /addskill Acak, fist
[04/10/2015 17:08:42] /addskill Acak, fist
[04/10/2015 17:08:42] /addskill Acak, fist
[04/10/2015 17:08:42] /addskill Acak, fist
[04/10/2015 17:08:43] /addskill Acak, fist
[04/10/2015 17:08:43] /addskill Acak, fist
[04/10/2015 17:08:43] /addskill Acak, fist
[04/10/2015 17:08:44] /addskill Acak, fist
[04/10/2015 17:08:44] /addskill Acak, fist
[04/10/2015 17:08:44] /addskill Acak, fist
[04/10/2015 17:08:45] /addskill Acak, fist
[04/10/2015 17:08:45] /addskill Acak, fist
[04/10/2015 17:08:46] /addskill Acak, fist
[04/10/2015 17:08:46] /addskill Acak, fist
[04/10/2015 17:08:47] /addskill Acak, fist
[04/10/2015 17:08:47] /addskill Acak, fist
[04/10/2015 17:08:47] /addskill Acak, fist
[04/10/2015 17:08:47] /addskill Acak, fist
[04/10/2015 17:08:48] /addskill Acak, fist
[04/10/2015 17:08:48] /addskill Acak, fist
[04/10/2015 17:08:48] /addskill Acak, fist
[04/10/2015 17:08:49] /addskill Acak, fist
[04/10/2015 17:08:49] /addskill Acak, fist
[04/10/2015 17:08:50] /addskill Acak, fist
[04/10/2015 17:08:50] /addskill Acak, fist
[04/10/2015 17:08:51] /addskill Acak, fist
[04/10/2015 17:08:51] /addskill Acak, fist
[04/10/2015 17:08:51] /addskill Acak, fist
[04/10/2015 17:08:52] /addskill Acak, fist
[04/10/2015 17:08:52] /addskill Acak, fist
[04/10/2015 17:08:53] /addskill Acak, fist
[04/10/2015 17:08:53] /addskill Acak, fist
[04/10/2015 17:08:54] /addskill Acak, fist
[04/10/2015 17:08:54] /addskill Acak, fist
[04/10/2015 17:08:55] /addskill Acak, fist
[04/10/2015 17:08:55] /addskill Acak, fist
[04/10/2015 17:08:55] /addskill Acak, fist
[04/10/2015 17:08:56] /addskill Acak, fist
[04/10/2015 17:08:56] /addskill Acak, fist
[04/10/2015 17:08:56] /addskill Acak, fist
[04/10/2015 17:08:56] /addskill Acak, fist
[04/10/2015 17:08:57] /addskill Acak, fist
[04/10/2015 17:08:57] /addskill Acak, fist
[04/10/2015 17:08:58] /addskill Acak, fist
[04/10/2015 17:08:58] /addskill Acak, fist
[04/10/2015 17:08:58] /addskill Acak, fist
[04/10/2015 17:08:59] /addskill Acak, fist
[04/10/2015 17:08:59] /addskill Acak, fist
[04/10/2015 17:08:59] /addskill Acak, fist
[04/10/2015 17:08:59] /addskill Acak, fist
[04/10/2015 17:08:59] /addskill Acak, fist
[04/10/2015 17:08:59] /addskill Acak, fist
[04/10/2015 17:09:00] /addskill Acak, fist
[04/10/2015 17:09:00] /addskill Acak, fist
[04/10/2015 17:09:00] /addskill Acak, fist
[04/10/2015 17:09:10] /addskill Acak, fist
[04/10/2015 17:09:10] /addskill Acak, fist
[04/10/2015 17:09:11] /addskill Acak, fist
[04/10/2015 17:09:11] /addskill Acak, fist
[04/10/2015 17:09:11] /addskill Acak, fist
[04/10/2015 17:09:12] /addskill Acak, fist
[04/10/2015 17:09:12] /addskill Acak, fist
[04/10/2015 17:09:13] /addskill Acak, fist
[04/10/2015 17:09:30] /addskill Herman lii, level
[04/10/2015 17:09:30] /addskill Herman lii, level
[04/10/2015 17:09:30] /addskill Herman lii, level
[04/10/2015 17:09:30] /addskill Herman lii, level
[04/10/2015 17:09:30] /addskill Herman lii, level
[04/10/2015 17:09:31] /addskill Herman lii, level
[04/10/2015 17:09:31] /addskill Herman lii, level
[04/10/2015 17:09:31] /addskill Herman lii, level
[04/10/2015 17:09:33] /addskill Herman lii, level
[04/10/2015 17:09:33] /addskill Herman lii, level
[04/10/2015 17:09:33] /addskill Herman lii, level
[04/10/2015 17:09:33] /addskill Herman lii, level
[04/10/2015 17:09:34] /addskill Herman lii, level
[04/10/2015 17:09:34] /addskill Herman lii, level
[04/10/2015 17:09:34] /addskill Herman lii, level
[04/10/2015 17:09:37] /addskill Herman lii, level
[04/10/2015 17:09:37] /addskill Herman lii, level
[04/10/2015 17:09:38] /addskill Herman lii, level
[04/10/2015 17:09:38] /addskill Herman lii, level
[04/10/2015 17:09:38] /addskill Herman lii, level
[04/10/2015 17:09:38] /addskill Herman lii, level
[04/10/2015 17:09:39] /addskill Herman lii, level
[04/10/2015 17:09:39] /addskill Herman lii, level
[04/10/2015 17:09:39] /addskill Herman lii, level
[04/10/2015 17:09:40] /addskill Herman lii, level
[04/10/2015 17:09:41] /addskill Herman lii, level
[04/10/2015 17:09:42] /addskill Herman lii, level
[04/10/2015 17:09:42] /addskill Herman lii, level
[04/10/2015 17:09:42] /addskill Herman lii, level
[04/10/2015 17:09:50] /addskill Herman lii, magic level
[04/10/2015 17:09:50] /addskill Herman lii, magic level
[04/10/2015 17:09:51] /addskill Herman lii, magic level
[04/10/2015 17:09:51] /addskill Herman lii, magic level
[04/10/2015 17:09:51] /addskill Herman lii, magic level
[04/10/2015 17:09:52] /addskill Herman lii, magic level
[04/10/2015 17:09:52] /addskill Herman lii, magic level
[04/10/2015 17:09:52] /addskill Herman lii, magic level
[04/10/2015 17:09:57] /addskill Herman lii, magic level
[04/10/2015 17:09:57] /addskill Herman lii, magic level
[04/10/2015 17:09:58] /addskill Herman lii, magic level
[04/10/2015 17:10:14] /addskill Herman lii, club
[04/10/2015 17:10:14] /addskill Herman lii, club
[04/10/2015 17:10:14] /addskill Herman lii, club
[04/10/2015 17:10:14] /addskill Herman lii, club
[04/10/2015 17:10:14] /addskill Herman lii, club
[04/10/2015 17:10:15] /addskill Herman lii, club
[04/10/2015 17:10:15] /addskill Herman lii, club
[04/10/2015 17:10:15] /addskill Herman lii, club
[04/10/2015 17:10:15] /addskill Herman lii, club
[04/10/2015 17:10:16] /addskill Herman lii, club
[04/10/2015 17:10:27] /addskill Herman lii, sword
[04/10/2015 17:10:28] /addskill Herman lii, sword
[04/10/2015 17:10:28] /addskill Herman lii, sword
[04/10/2015 17:10:29] /addskill Herman lii, sword
[04/10/2015 17:10:29] /addskill Herman lii, sword
[04/10/2015 17:10:29] /addskill Herman lii, sword
[04/10/2015 17:10:30] /addskill Herman lii, sword
[04/10/2015 17:10:30] /addskill Herman lii, sword
[04/10/2015 17:10:30] /addskill Herman lii, sword
[04/10/2015 17:10:31] /addskill Herman lii, sword
[04/10/2015 17:10:31] /addskill Herman lii, sword
[04/10/2015 17:10:31] /addskill Herman lii, sword
[04/10/2015 17:10:31] /addskill Herman lii, sword
[04/10/2015 17:10:32] /addskill Herman lii, sword
[04/10/2015 17:10:32] /addskill Herman lii, sword
[04/10/2015 17:10:32] /addskill Herman lii, sword
[04/10/2015 17:10:32] /addskill Herman lii, sword
[04/10/2015 17:10:32] /addskill Herman lii, sword
[04/10/2015 17:10:32] /addskill Herman lii, sword
[04/10/2015 17:10:32] /addskill Herman lii, sword
[04/10/2015 17:10:32] /addskill Herman lii, sword
[04/10/2015 17:10:33] /addskill Herman lii, sword
[04/10/2015 17:10:33] /addskill Herman lii, sword
[04/10/2015 17:10:33] /addskill Herman lii, sword
[04/10/2015 17:10:34] /addskill Herman lii, sword
[04/10/2015 17:10:34] /addskill Herman lii, sword
[04/10/2015 17:10:34] /addskill Herman lii, sword
[04/10/2015 17:10:34] /addskill Herman lii, sword
[04/10/2015 17:10:34] /addskill Herman lii, sword
[04/10/2015 17:10:34] /addskill Herman lii, sword
[04/10/2015 17:10:34] /addskill Herman lii, sword
[04/10/2015 17:10:35] /addskill Herman lii, sword
[04/10/2015 17:10:35] /addskill Herman lii, sword
[04/10/2015 17:10:35] /addskill Herman lii, sword
[04/10/2015 17:10:35] /addskill Herman lii, sword
[04/10/2015 17:10:35] /addskill Herman lii, sword
[04/10/2015 17:10:35] /addskill Herman lii, sword
[04/10/2015 17:10:36] /addskill Herman lii, sword
[04/10/2015 17:10:36] /addskill Herman lii, sword
[04/10/2015 17:10:36] /addskill Herman lii, sword
[04/10/2015 17:10:36] /addskill Herman lii, sword
[04/10/2015 17:10:36] /addskill Herman lii, sword
[04/10/2015 17:10:37] /addskill Herman lii, sword
[04/10/2015 17:10:41] /addskill Herman lii, sword
[04/10/2015 17:10:41] /addskill Herman lii, sword
[04/10/2015 17:10:41] /addskill Herman lii, sword
[04/10/2015 17:10:41] /addskill Herman lii, sword
[04/10/2015 17:10:42] /addskill Herman lii, sword
[04/10/2015 17:10:42] /addskill Herman lii, sword
[04/10/2015 17:10:42] /addskill Herman lii, sword
[04/10/2015 17:10:42] /addskill Herman lii, sword
[04/10/2015 17:10:42] /addskill Herman lii, sword
[04/10/2015 17:10:42] /addskill Herman lii, sword
[04/10/2015 17:10:42] /addskill Herman lii, sword
[04/10/2015 17:10:42] /addskill Herman lii, sword
[04/10/2015 17:10:42] /addskill Herman lii, sword
[04/10/2015 17:10:43] /addskill Herman lii, sword
[04/10/2015 17:10:43] /addskill Herman lii, sword
[04/10/2015 17:10:43] /addskill Herman lii, sword
[04/10/2015 17:10:43] /addskill Herman lii, sword
[04/10/2015 17:10:44] /addskill Herman lii, sword
[04/10/2015 17:10:47] /addskill Herman lii, sword
[04/10/2015 17:10:48] /addskill Herman lii, sword
[04/10/2015 17:10:49] /addskill Herman lii, sword
[04/10/2015 17:10:49] /addskill Herman lii, sword
[04/10/2015 17:10:50] /addskill Herman lii, sword
[04/10/2015 17:10:50] /addskill Herman lii, sword
[04/10/2015 17:10:50] /addskill Herman lii, sword
[04/10/2015 17:10:51] /addskill Herman lii, sword
[04/10/2015 17:10:53] /addskill Herman lii, sword
[04/10/2015 17:14:07] /c acak
[04/10/2015 17:16:37] /addskill Acak, level
[04/10/2015 17:18:24] /c acak
[04/10/2015 17:18:54] /addskill Acak, level
[04/10/2015 17:19:51] /addskill acak, level
[04/10/2015 17:19:51] /addskill acak, level
[04/10/2015 17:19:52] /addskill acak, level
[04/10/2015 17:19:52] /addskill acak, level
[04/10/2015 17:19:52] /addskill acak, level
[04/10/2015 17:19:52] /addskill acak, level
[04/10/2015 17:19:53] /addskill acak, level
[04/10/2015 17:19:53] /addskill acak, level
[04/10/2015 17:19:53] /addskill acak, level
[04/10/2015 17:19:53] /addskill acak, level
[04/10/2015 17:20:17] /addskill acak, fist
[04/10/2015 17:20:17] /addskill acak, fist
[04/10/2015 17:20:24] /addskill acak, club
[04/10/2015 17:21:08] /addskill acak, level
[04/10/2015 17:21:09] /addskill acak, level
[04/10/2015 17:21:09] /addskill acak, level
[04/10/2015 17:21:10] /addskill acak, level
[04/10/2015 17:21:11] /addskill acak, level
[04/10/2015 17:21:12] /addskill acak, level
[04/10/2015 17:21:12] /addskill acak, level
[04/10/2015 17:21:13] /addskill acak, level
[04/10/2015 17:21:13] /addskill acak, level
[04/10/2015 17:21:14] /addskill acak, level
[04/10/2015 17:22:22] /c herman lii
[04/10/2015 17:22:40] /addskill herman lii, level
[04/10/2015 17:22:41] /addskill herman lii, level
[04/10/2015 17:22:41] /addskill herman lii, level
[04/10/2015 17:22:41] /addskill herman lii, level
[04/10/2015 17:22:41] /addskill herman lii, level
[04/10/2015 17:22:42] /addskill herman lii, level
[04/10/2015 17:22:42] /addskill herman lii, level
[04/10/2015 17:22:47] /addskill herman lii, level
[04/10/2015 17:22:47] /addskill herman lii, level
[04/10/2015 17:22:47] /addskill herman lii, level
[04/10/2015 17:22:48] /addskill herman lii, level
[04/10/2015 17:22:50] /addskill herman lii, level
[04/10/2015 17:22:51] /addskill herman lii, level
[04/10/2015 17:22:51] /addskill herman lii, level
[04/10/2015 17:22:51] /addskill herman lii, level
[04/10/2015 17:22:52] /addskill herman lii, level
[04/10/2015 17:22:52] /addskill herman lii, level
[04/10/2015 17:22:53] /addskill herman lii, level
[04/10/2015 17:22:53] /addskill herman lii, level
[04/10/2015 17:22:53] /addskill herman lii, level
[04/10/2015 17:22:54] /addskill herman lii, level
[04/10/2015 17:24:59] /c acak
[04/10/2015 17:25:14] /addskill acak, level
[04/10/2015 17:25:26] /addskill acak, club
[04/10/2015 17:25:33] /addskill acak, fist
[04/10/2015 17:26:45] /c herman lii
[04/10/2015 17:26:56] /addskill acak, fist
[04/10/2015 17:27:03] /addskill acak, sword
[04/10/2015 17:27:03] /addskill acak, sword
[04/10/2015 17:27:12] /addskill acak, club
[04/10/2015 17:27:12] /addskill acak, club
[04/10/2015 17:27:37] /addskill acak, fist
[04/10/2015 17:27:37] /addskill acak, fist
[04/10/2015 17:27:38] /addskill acak, fist
[04/10/2015 17:27:41] /addskill herman lii, sword
[04/10/2015 17:27:41] /addskill herman lii, sword
[04/10/2015 17:27:41] /addskill herman lii, sword
[04/10/2015 17:27:41] /addskill herman lii, sword
[04/10/2015 17:27:44] /addskill herman lii, sword
[04/10/2015 17:27:53] /addskill herman lii, club
[04/10/2015 17:27:54] /addskill herman lii, club
[04/10/2015 17:27:54] /addskill herman lii, club
[04/10/2015 17:27:55] /addskill herman lii, club
[04/10/2015 17:27:57] /addskill herman lii, club
[04/10/2015 17:27:57] /addskill herman lii, club
[04/10/2015 17:28:06] /addskill acak, fist
[04/10/2015 17:28:09] /addskill herman lii, level
[04/10/2015 17:29:48] /c herman lii
[04/10/2015 17:35:44] /addskill herman li, level
[04/10/2015 17:35:47] /addskill herman li, level
[04/10/2015 17:35:48] /addskill herman li, level
[04/10/2015 17:35:48] /addskill herman li, level
[04/10/2015 17:35:49] /addskill herman li, level
[04/10/2015 17:35:49] /addskill herman li, level
[04/10/2015 17:35:50] /addskill herman li, level
[04/10/2015 17:35:50] /addskill herman li, level
[04/10/2015 17:35:50] /addskill herman li, level
[04/10/2015 17:35:50] /addskill herman li, level
[04/10/2015 17:35:50] /addskill herman li, level
[04/10/2015 17:35:51] /addskill herman li, level
[04/10/2015 17:35:51] /addskill herman li, level
[04/10/2015 17:35:51] /addskill herman li, level
[04/10/2015 17:35:51] /addskill herman li, level
[04/10/2015 17:35:51] /addskill herman li, level
[04/10/2015 17:35:53] /addskill herman li, level
[04/10/2015 17:35:53] /addskill herman li, level
[04/10/2015 17:35:53] /addskill herman li, level
[04/10/2015 17:35:53] /addskill herman li, level
[04/10/2015 17:35:53] /addskill herman li, level
[04/10/2015 17:35:54] /addskill herman li, level
[04/10/2015 17:35:54] /addskill herman li, level
[04/10/2015 17:35:54] /addskill herman li, level
[04/10/2015 17:35:55] /addskill herman li, level
[04/10/2015 17:35:56] /addskill herman li, level
[04/10/2015 17:35:56] /addskill herman li, level
[04/10/2015 17:35:56] /addskill herman li, level
[04/10/2015 17:35:57] /addskill herman li, level
[04/10/2015 17:35:57] /addskill herman li, level
[04/10/2015 17:35:57] /addskill herman li, level
[04/10/2015 17:35:58] /addskill herman li, level
[04/10/2015 17:35:58] /addskill herman li, level
[04/10/2015 17:35:59] /addskill herman li, level
[04/10/2015 17:36:00] /addskill herman li, level
[04/10/2015 17:36:00] /addskill herman li, level
[04/10/2015 17:36:00] /addskill herman li, level
[04/10/2015 17:36:01] /addskill herman li, level
[04/10/2015 17:36:02] /addskill herman li, level
[04/10/2015 17:36:02] /addskill herman li, level
[04/10/2015 17:36:02] /addskill herman li, level
[04/10/2015 17:36:02] /addskill herman li, level
[04/10/2015 17:36:04] /addskill herman li, level
[04/10/2015 17:36:04] /addskill herman li, level
[04/10/2015 17:36:05] /addskill herman li, level
[04/10/2015 17:36:05] /addskill herman li, level
[04/10/2015 17:36:07] /addskill herman li, level
[04/10/2015 17:36:07] /addskill herman li, level
[04/10/2015 17:36:08] /addskill herman li, level
[04/10/2015 17:36:08] /addskill herman li, level
[04/10/2015 17:36:22] /addskill acakkk, level
[04/10/2015 17:36:23] /addskill acakkk, level
[04/10/2015 17:36:24] /addskill acakkk, level
[04/10/2015 17:36:24] /addskill acakkk, level
[04/10/2015 17:36:24] /addskill acakkk, level
[04/10/2015 17:36:24] /addskill acakkk, level
[04/10/2015 17:36:24] /addskill acakkk, level
[04/10/2015 17:36:24] /addskill acakkk, level
[04/10/2015 17:36:24] /addskill acakkk, level
[04/10/2015 17:36:24] /addskill acakkk, level
[04/10/2015 17:36:24] /addskill acakkk, level
[04/10/2015 17:36:24] /addskill acakkk, level
[04/10/2015 17:36:24] /addskill acakkk, level
[04/10/2015 17:36:25] /addskill acakkk, level
[04/10/2015 17:36:25] /addskill acakkk, level
[04/10/2015 17:36:25] /addskill acakkk, level
[04/10/2015 17:36:25] /addskill acakkk, level
[04/10/2015 17:36:25] /addskill acakkk, level
[04/10/2015 17:36:25] /addskill acakkk, level
[04/10/2015 17:36:25] /addskill acakkk, level
[04/10/2015 17:36:25] /addskill acakkk, level
[04/10/2015 17:36:25] /addskill acakkk, level
[04/10/2015 17:36:25] /addskill acakkk, level
[04/10/2015 17:36:25] /addskill acakkk, level
[04/10/2015 17:36:27] /addskill acakkk, level
[04/10/2015 17:36:27] /addskill acakkk, level
[04/10/2015 17:36:28] /addskill acakkk, level
[04/10/2015 17:36:28] /addskill acakkk, level
[04/10/2015 17:36:28] /addskill acakkk, level
[04/10/2015 17:36:28] /addskill acakkk, level
[04/10/2015 17:36:28] /addskill acakkk, level
[04/10/2015 17:36:29] /addskill acakkk, level
[04/10/2015 17:36:29] /addskill acakkk, level
[04/10/2015 17:36:29] /addskill acakkk, level
[04/10/2015 17:36:29] /addskill acakkk, level
[04/10/2015 17:36:29] /addskill acakkk, level
[04/10/2015 17:36:30] /addskill acakkk, level
[04/10/2015 17:36:30] /addskill acakkk, level
[04/10/2015 17:36:30] /addskill acakkk, level
[04/10/2015 17:36:32] /addskill acakkk, level
[04/10/2015 17:36:33] /addskill acakkk, level
[04/10/2015 17:36:33] /addskill acakkk, level
[04/10/2015 17:36:34] /addskill acakkk, level
[04/10/2015 17:36:34] /addskill acakkk, level
[04/10/2015 17:36:34] /addskill acakkk, level
[04/10/2015 17:36:35] /addskill acakkk, level
[04/10/2015 17:36:35] /addskill acakkk, level
[04/10/2015 17:36:35] /addskill acakkk, level
[04/10/2015 17:36:35] /addskill acakkk, level
[04/10/2015 17:36:36] /addskill acakkk, level
[04/10/2015 17:54:45] /c herman li
[04/10/2015 17:55:00] /addskill herman li, level
[04/10/2015 17:55:02] /addskill herman li, level
[04/10/2015 17:55:02] /addskill herman li, level
[04/10/2015 17:57:35] /c herman li
[04/10/2015 17:57:57] /i pill
[04/10/2015 17:58:03] /addskill herman li, level
[04/10/2015 17:58:04] /addskill herman li, level
[04/10/2015 17:58:06] /addskill herman li, level
[04/10/2015 18:00:07] /c acakkk
[04/10/2015 18:00:23] /addskill acakkk, level
[04/10/2015 18:00:23] /addskill acakkk, level
[04/10/2015 18:00:24] /addskill acakkk, level
[04/10/2015 18:00:25] /addskill acakkk, level
[04/10/2015 18:00:25] /addskill acakkk, level
[04/10/2015 18:00:25] /addskill acakkk, level
[04/10/2015 18:00:25] /addskill acakkk, level
[04/10/2015 18:00:25] /addskill acakkk, level
[04/10/2015 18:00:25] /addskill acakkk, level
[04/10/2015 18:00:25] /addskill acakkk, level
[04/10/2015 18:00:26] /addskill acakkk, level
[04/10/2015 18:00:26] /addskill acakkk, level
[04/10/2015 18:00:26] /addskill acakkk, level
[04/10/2015 18:00:26] /addskill acakkk, level
[04/10/2015 18:00:26] /addskill acakkk, level
[04/10/2015 18:00:26] /addskill acakkk, level
[04/10/2015 18:00:26] /addskill acakkk, level
[04/10/2015 18:00:26] /addskill acakkk, level
[04/10/2015 18:00:27] /addskill acakkk, level
[04/10/2015 18:00:28] /addskill acakkk, level
[04/10/2015 18:00:28] /addskill acakkk, level
[04/10/2015 18:00:28] /addskill acakkk, level
[04/10/2015 18:00:29] /addskill acakkk, level
[04/10/2015 18:00:30] /addskill acakkk, level
[04/10/2015 18:00:30] /addskill acakkk, level
[04/10/2015 18:00:30] /addskill acakkk, level
[04/10/2015 18:00:30] /addskill acakkk, level
[04/10/2015 18:00:32] /addskill acakkk, level
[04/10/2015 18:00:32] /addskill acakkk, level
[04/10/2015 18:00:32] /addskill acakkk, level
[04/10/2015 18:00:33] /addskill acakkk, level
[04/10/2015 18:00:33] /addskill acakkk, level
[04/10/2015 18:00:34] /addskill acakkk, level
[04/10/2015 18:00:34] /addskill acakkk, level
[04/10/2015 18:00:35] /addskill acakkk, level
[04/10/2015 18:00:36] /addskill acakkk, level
[04/10/2015 18:00:37] /addskill acakkk, level
[04/10/2015 18:00:37] /addskill acakkk, level
[04/10/2015 18:00:38] /addskill acakkk, level
[04/10/2015 18:00:38] /addskill acakkk, level
[04/10/2015 18:00:38] /addskill acakkk, level
[04/10/2015 18:00:38] /addskill acakkk, level
[04/10/2015 18:00:39] /addskill acakkk, level
[04/10/2015 18:00:39] /addskill acakkk, level
[04/10/2015 18:00:40] /addskill acakkk, level
[04/10/2015 18:00:40] /addskill acakkk, level
[04/10/2015 18:00:41] /addskill acakkk, level
[04/10/2015 18:00:42] /addskill acakkk, level
[04/10/2015 18:00:42] /addskill acakkk, level
[04/10/2015 18:00:43] /addskill acakkk, level
[04/10/2015 18:00:44] /addskill acakkk, level
[04/10/2015 18:00:44] /addskill acakkk, level
[04/10/2015 18:00:45] /addskill acakkk, level
[04/10/2015 18:00:47] /addskill herman li, level
[04/10/2015 18:00:47] /addskill herman li, level
[04/10/2015 18:00:47] /addskill herman li, level
[04/10/2015 18:00:48] /addskill herman li, level
[04/10/2015 18:00:48] /addskill herman li, level
[04/10/2015 18:00:48] /addskill herman li, level
[04/10/2015 18:00:48] /addskill herman li, level
[04/10/2015 18:00:48] /addskill herman li, level
[04/10/2015 18:00:48] /addskill herman li, level
[04/10/2015 18:00:48] /addskill herman li, level
[04/10/2015 18:00:49] /addskill herman li, level
[04/10/2015 18:00:49] /addskill herman li, level
[04/10/2015 18:00:49] /addskill herman li, level
[04/10/2015 18:00:49] /addskill herman li, level
[04/10/2015 18:00:50] /addskill herman li, level
[04/10/2015 18:00:50] /addskill herman li, level
[04/10/2015 18:00:50] /addskill herman li, level
[04/10/2015 18:00:50] /addskill herman li, level
[04/10/2015 18:00:50] /addskill herman li, level
[04/10/2015 18:00:50] /addskill herman li, level
[04/10/2015 18:00:52] /addskill herman li, level
[04/10/2015 18:00:52] /addskill herman li, level
[04/10/2015 18:00:52] /addskill herman li, level
[04/10/2015 18:00:52] /addskill herman li, level
[04/10/2015 18:00:53] /addskill herman li, level
[04/10/2015 18:00:53] /addskill herman li, level
[04/10/2015 18:00:53] /addskill herman li, level
[04/10/2015 18:00:53] /addskill herman li, level
[04/10/2015 18:00:53] /addskill herman li, level
[04/10/2015 18:00:53] /addskill herman li, level
[04/10/2015 18:00:55] /addskill herman li, level
[04/10/2015 18:00:55] /addskill herman li, level
[04/10/2015 18:00:55] /addskill herman li, level
[04/10/2015 18:00:56] /addskill herman li, level
[04/10/2015 18:00:56] /addskill herman li, level
[04/10/2015 18:00:57] /addskill herman li, level
[04/10/2015 18:00:57] /addskill herman li, level
[04/10/2015 18:00:57] /addskill herman li, level
[04/10/2015 18:00:57] /addskill herman li, level
[04/10/2015 18:00:57] /addskill herman li, level
[04/10/2015 18:00:59] /addskill herman li, level
[04/10/2015 18:00:59] /addskill herman li, level
[04/10/2015 18:00:59] /addskill herman li, level
[04/10/2015 18:01:00] /addskill herman li, level
[04/10/2015 18:01:00] /addskill herman li, level
[04/10/2015 18:01:00] /addskill herman li, level
[04/10/2015 18:01:01] /addskill herman li, level
[04/10/2015 18:01:01] /addskill herman li, level
[04/10/2015 18:01:02] /addskill herman li, level
[04/10/2015 18:01:02] /addskill herman li, level
[04/10/2015 18:01:15] /n rock lee(professor)
[04/10/2015 18:01:23] /n sasuke(professor)
[04/10/2015 18:02:41] /c acakkk
[04/10/2015 18:02:49] /addskill acakkk, level
[04/10/2015 18:02:51] /addskill acakkk, level
[04/10/2015 18:02:51] /addskill acakkk, level
[04/10/2015 18:02:52] /addskill acakkk, level
[04/10/2015 18:04:12] /c acakkk
[04/10/2015 18:04:15] /addskill acakkk, level
[04/10/2015 18:04:16] /addskill acakkk, level
[04/10/2015 18:04:17] /addskill acakkk, level
[04/10/2015 18:04:19] /addskill acakkk, level
[04/10/2015 18:04:49] /i pill
[04/10/2015 18:04:51] /i pill
[04/10/2015 18:07:09] /c acakkk
[04/10/2015 18:07:14] /addskill acakkk, level
[04/10/2015 18:07:15] /addskill acakkk, level
[04/10/2015 18:07:16] /addskill acakkk, level
[04/10/2015 18:07:17] /addskill acakkk, level
[04/10/2015 18:09:11] /c acakkk
[04/10/2015 18:09:14] /addskill acakkk, level
[04/10/2015 18:09:15] /addskill acakkk, level
[04/10/2015 18:09:15] /addskill acakkk, level
[04/10/2015 18:09:15] /addskill acakkk, level
[04/10/2015 18:09:23] /addskill acakkk, fist
[04/10/2015 18:09:24] /addskill acakkk, fist
[04/10/2015 18:09:24] /addskill acakkk, fist
[04/10/2015 18:09:24] /addskill acakkk, fist
[04/10/2015 18:09:32] /addskill acakkk, fist
[04/10/2015 18:09:33] /addskill acakkk, fist
[04/10/2015 18:09:33] /addskill acakkk, fist
[04/10/2015 18:09:33] /addskill acakkk, fist
[04/10/2015 18:09:34] /addskill acakkk, fist
[04/10/2015 18:09:34] /addskill acakkk, fist
[04/10/2015 18:09:46] /addskill acakkk, club
[04/10/2015 18:09:48] /addskill acakkk, club
[04/10/2015 18:11:03] /c acakkk
[04/10/2015 18:11:06] /addskill acakkk, level
[04/10/2015 18:11:06] /addskill acakkk, level
[04/10/2015 18:11:07] /addskill acakkk, level
[04/10/2015 18:11:07] /addskill acakkk, level
[04/10/2015 18:12:06] /c acakkk
[04/10/2015 18:12:08] /addskill acakkk, level
[04/10/2015 18:12:10] /addskill acakkk, level
[04/10/2015 18:12:11] /addskill acakkk, level
[04/10/2015 18:12:11] /addskill acakkk, level
[04/10/2015 18:14:13] /c acakkk
[04/10/2015 18:15:00] /addskill acakkk, level
[04/10/2015 18:15:01] /addskill acakkk, level
[04/10/2015 18:15:01] /addskill acakkk, level
[04/10/2015 18:15:01] /addskill acakkk, level
[04/10/2015 18:18:41] /c herman li
[04/10/2015 18:18:43] /addskill herman li, level
[04/10/2015 18:18:43] /addskill herman li, level
[04/10/2015 18:18:43] /addskill herman li, level
[04/10/2015 18:18:43] /addskill herman li, level
[04/10/2015 18:19:17] /i pill
[04/10/2015 18:21:39] /c acakkk
[04/10/2015 18:24:08] /m samurai
[04/10/2015 18:24:36] /m samurai
[04/10/2015 18:25:06] /m monk
[04/10/2015 18:25:07] /m monk
[04/10/2015 18:25:08] /m monk
[04/10/2015 18:25:09] /m monk
[04/10/2015 18:25:14] /a 3
[04/10/2015 18:25:15] /m monk
[04/10/2015 18:25:16] /m monk
[04/10/2015 18:25:17] /m monk
[04/10/2015 18:25:18] /m monk
[04/10/2015 18:28:12] /m fuuton shinobi
[04/10/2015 18:29:03] /r
[04/10/2015 18:29:23] /r
[04/10/2015 22:25:28] /goto ivaso
[04/10/2015 22:31:19] /goto ivaso
[04/10/2015 22:33:47] /a 50
[04/10/2015 22:33:52] /a 5
[04/10/2015 22:34:05] /c testona
[04/10/2015 22:34:14] /c teste i
[04/10/2015 22:34:37] /i pill
[04/10/2015 22:34:38] /i pill
[04/10/2015 22:34:38] /i pill
[04/10/2015 22:34:38] /i pill
[04/10/2015 22:34:38] /i pill
[04/10/2015 22:34:38] /i pill
[04/10/2015 22:34:38] /i pill
[04/10/2015 22:34:38] /i pill
[04/10/2015 22:34:38] /i pill
[04/10/2015 22:34:38] /i pill
[04/10/2015 22:34:38] /i pill
[04/10/2015 22:34:38] /i pill
[04/10/2015 22:34:38] /i pill
[04/10/2015 22:34:38] /i pill
[04/10/2015 22:34:38] /i pill
[04/10/2015 22:34:38] /i pill
[04/10/2015 22:34:38] /i pill
[04/10/2015 22:34:39] /i pill
[04/10/2015 22:34:39] /i pill
[04/10/2015 22:34:39] /i pill
[04/10/2015 22:34:39] /i pill
[04/10/2015 22:34:39] /i pill
[04/10/2015 22:34:39] /i pill
[04/10/2015 22:34:39] /i pill
[04/10/2015 22:34:39] /i pill
[04/10/2015 22:34:39] /i pill
[04/10/2015 22:34:39] /i pill
[04/10/2015 22:34:39] /i pill
[04/10/2015 22:34:39] /i pill
[04/10/2015 22:34:39] /i pill
[04/10/2015 22:34:39] /i pill
[04/10/2015 22:34:39] /i pill
[04/10/2015 22:34:39] /i pill
[04/10/2015 22:34:39] /i pill
[04/10/2015 22:34:39] /i pill
[04/10/2015 22:34:39] /i pill
[04/10/2015 22:34:39] /i pill
[04/10/2015 22:34:39] /i pill
[04/10/2015 22:34:39] /i pill
[04/10/2015 22:34:39] /i pill
[04/10/2015 22:34:39] /i pill
[04/10/2015 22:34:39] /i pill
[04/10/2015 22:34:39] /i pill
[04/10/2015 22:34:39] /i pill
[04/10/2015 22:34:39] /i pill
[04/10/2015 22:34:39] /i pill
[04/10/2015 22:34:39] /i pill
[04/10/2015 22:34:40] /i pill
[04/10/2015 22:34:40] /i pill
[04/10/2015 22:34:40] /i pill
[04/10/2015 22:34:40] /i pill
[04/10/2015 22:34:40] /i pill
[04/10/2015 22:34:40] /i pill
[04/10/2015 22:34:40] /i pill
[04/10/2015 22:34:40] /i pill
[04/10/2015 22:34:40] /i pill
[04/10/2015 22:34:40] /i pill
[04/10/2015 22:34:40] /i pill
[04/10/2015 22:34:40] /i pill
[04/10/2015 22:34:40] /i pill
[04/10/2015 22:34:40] /i pill
[04/10/2015 22:34:40] /i pill
[04/10/2015 22:34:40] /i pill
[04/10/2015 22:34:40] /i pill
[04/10/2015 22:34:40] /i pill
[04/10/2015 22:34:40] /i pill
[04/10/2015 22:34:40] /i pill
[04/10/2015 22:34:40] /i pill
[04/10/2015 22:34:40] /i pill
[04/10/2015 22:34:40] /i pill
[04/10/2015 22:34:40] /i pill
[04/10/2015 22:34:40] /i pill
[04/10/2015 22:34:40] /i pill
[04/10/2015 22:34:40] /i pill
[04/10/2015 22:34:40] /i pill
[04/10/2015 22:34:40] /i pill
[04/10/2015 22:34:40] /i pill
[04/10/2015 22:34:41] /i pill
[04/10/2015 22:34:41] /i pill
[04/10/2015 22:34:41] /i pill
[04/10/2015 22:34:41] /i pill
[04/10/2015 22:34:41] /i pill
[04/10/2015 22:34:41] /i pill
[04/10/2015 22:34:41] /i pill
[04/10/2015 22:34:41] /i pill
[04/10/2015 22:34:41] /i pill
[04/10/2015 22:34:41] /i pill
[04/10/2015 22:34:41] /i pill
[04/10/2015 22:34:41] /i pill
[04/10/2015 22:34:41] /i pill
[04/10/2015 22:34:41] /i pill
[04/10/2015 22:34:41] /i pill
[04/10/2015 22:34:41] /i pill
[04/10/2015 22:34:41] /i pill
[04/10/2015 22:34:41] /i pill
[04/10/2015 22:34:41] /i pill
[04/10/2015 22:34:41] /i pill
[04/10/2015 22:34:41] /i pill
[04/10/2015 22:34:41] /i pill
[04/10/2015 22:34:41] /i pill
[04/10/2015 22:34:41] /i pill
[04/10/2015 22:34:41] /i pill
[04/10/2015 22:34:41] /i pill
[04/10/2015 22:34:41] /i pill
[04/10/2015 22:34:41] /i pill
[04/10/2015 22:34:42] /i pill
[04/10/2015 22:34:42] /i pill
[04/10/2015 22:34:42] /i pill
[04/10/2015 22:34:42] /i pill
[04/10/2015 22:34:42] /i pill
[04/10/2015 22:34:42] /i pill
[04/10/2015 22:34:42] /i pill
[04/10/2015 22:34:42] /i pill
[04/10/2015 22:34:42] /i pill
[04/10/2015 22:34:42] /i pill
[04/10/2015 22:34:42] /i pill
[04/10/2015 22:34:42] /i pill
[04/10/2015 22:34:42] /i pill
[04/10/2015 22:34:42] /i pill
[04/10/2015 22:34:42] /i pill
[04/10/2015 22:34:42] /i pill
[04/10/2015 22:34:42] /i pill
[04/10/2015 22:34:42] /i pill
[04/10/2015 22:34:42] /i pill
[04/10/2015 22:34:42] /i pill
[04/10/2015 22:34:42] /i pill
[04/10/2015 22:34:42] /i pill
[04/10/2015 22:34:42] /i pill
[04/10/2015 22:34:42] /i pill
[04/10/2015 22:34:42] /i pill
[04/10/2015 22:34:42] /i pill
[04/10/2015 22:34:42] /i pill
[04/10/2015 22:34:42] /i pill
[04/10/2015 22:34:42] /i pill
[04/10/2015 22:34:43] /i pill
[04/10/2015 22:34:43] /i pill
[04/10/2015 22:34:43] /i pill
[04/10/2015 22:34:43] /i pill
[04/10/2015 22:34:43] /i pill
[04/10/2015 22:34:43] /i pill
[04/10/2015 22:34:43] /i pill
[04/10/2015 22:34:43] /i pill
[04/10/2015 22:34:43] /i pill
[04/10/2015 22:34:43] /i pill
[04/10/2015 22:34:43] /i pill
[04/10/2015 22:34:43] /i pill
[04/10/2015 22:34:43] /i pill
[04/10/2015 22:34:43] /i pill
[04/10/2015 22:34:43] /i pill
[04/10/2015 22:34:43] /i pill
[04/10/2015 22:34:43] /i pill
[04/10/2015 22:34:43] /i pill
[04/10/2015 22:34:43] /i pill
[04/10/2015 22:34:43] /i pill
[04/10/2015 22:34:43] /i pill
[04/10/2015 22:34:43] /i pill
[04/10/2015 22:34:43] /i pill
[04/10/2015 22:34:43] /i pill
[04/10/2015 22:34:43] /i pill
[04/10/2015 22:34:43] /i pill
[04/10/2015 22:34:43] /i pill
[04/10/2015 22:34:44] /i pill
[04/10/2015 22:34:44] /i pill
[04/10/2015 22:34:44] /i pill
[04/10/2015 22:34:44] /i pill
[04/10/2015 22:34:44] /i pill
[04/10/2015 22:34:44] /i pill
[04/10/2015 22:34:44] /i pill
[04/10/2015 22:34:44] /i pill
[04/10/2015 22:34:44] /i pill
[04/10/2015 22:34:44] /i pill
[04/10/2015 22:34:44] /i pill
[04/10/2015 22:34:44] /i pill
[04/10/2015 22:34:44] /i pill
[04/10/2015 22:34:44] /i pill
[04/10/2015 22:34:44] /i pill
[04/10/2015 22:34:44] /i pill
[04/10/2015 22:34:44] /i pill
[04/10/2015 22:34:44] /i pill
[04/10/2015 22:34:44] /i pill
[04/10/2015 22:34:44] /i pill
[04/10/2015 22:34:44] /i pill
[04/10/2015 22:34:44] /i pill
[04/10/2015 22:34:44] /i pill
[04/10/2015 22:34:44] /i pill
[04/10/2015 22:34:44] /i pill
[04/10/2015 22:34:44] /i pill
[04/10/2015 22:34:44] /i pill
[04/10/2015 22:34:45] /i pill
[04/10/2015 22:34:45] /i pill
[04/10/2015 22:34:45] /i pill
[04/10/2015 22:34:45] /i pill
[04/10/2015 22:34:45] /i pill
[04/10/2015 22:34:45] /i pill
[04/10/2015 22:34:45] /i pill
[04/10/2015 22:34:45] /i pill
[04/10/2015 22:34:45] /i pill
[04/10/2015 22:34:45] /i pill
[04/10/2015 22:34:45] /i pill
[04/10/2015 22:34:45] /i pill
[04/10/2015 22:34:45] /i pill
[04/10/2015 22:34:45] /i pill
[04/10/2015 22:34:52] /i vampire gloves
[04/10/2015 22:35:09] /i samurai armor
[04/10/2015 22:35:23] /i black trousers
[04/10/2015 22:35:26] /i black trousers
[04/10/2015 22:35:29] /i samurai armor
[04/10/2015 22:35:34] /i sandals
[04/10/2015 22:35:36] /i sandals
[04/10/2015 22:35:41] /i kunai
[04/10/2015 22:35:46] /i meat
[04/10/2015 22:35:48] /i meat
[04/10/2015 22:35:50] /i meat
[04/10/2015 22:36:24] /i cyborg helmet
[04/10/2015 22:36:26] /i cyborg helmet
[04/10/2015 22:36:48] /addskill testona, level
[04/10/2015 22:36:49] /addskill testona, level
[04/10/2015 22:36:49] /addskill testona, level
[04/10/2015 22:36:49] /addskill testona, level
[04/10/2015 22:36:49] /addskill testona, level
[04/10/2015 22:36:50] /addskill testona, level
[04/10/2015 22:36:50] /addskill testona, level
[04/10/2015 22:36:50] /addskill testona, level
[04/10/2015 22:36:50] /addskill testona, level
[04/10/2015 22:36:50] /addskill testona, level
[04/10/2015 22:36:51] /addskill testona, level
[04/10/2015 22:36:51] /addskill testona, level
[04/10/2015 22:36:51] /addskill testona, level
[04/10/2015 22:36:52] /addskill testona, level
[04/10/2015 22:36:52] /addskill testona, level
[04/10/2015 22:36:52] /addskill testona, level
[04/10/2015 22:36:53] /addskill testona, level
[04/10/2015 22:36:53] /addskill testona, level
[04/10/2015 22:36:53] /addskill testona, level
[04/10/2015 22:36:54] /addskill testona, level
[04/10/2015 22:36:54] /addskill testona, level
[04/10/2015 22:36:54] /addskill testona, level
[04/10/2015 22:36:55] /addskill testona, level
[04/10/2015 22:36:55] /addskill testona, level
[04/10/2015 22:36:55] /addskill testona, level
[04/10/2015 22:36:57] /addskill testona, level
[04/10/2015 22:36:57] /addskill testona, level
[04/10/2015 22:36:59] /addskill testona, level
[04/10/2015 22:36:59] /addskill testona, level
[04/10/2015 22:37:11] /addskill teste i, level
[04/10/2015 22:37:11] /addskill teste i, level
[04/10/2015 22:37:12] /addskill teste i, level
[04/10/2015 22:37:12] /addskill teste i, level
[04/10/2015 22:37:12] /addskill teste i, level
[04/10/2015 22:37:12] /addskill teste i, level
[04/10/2015 22:37:12] /addskill teste i, level
[04/10/2015 22:37:12] /addskill teste i, level
[04/10/2015 22:37:13] /addskill teste i, level
[04/10/2015 22:37:13] /addskill teste i, level
[04/10/2015 22:37:13] /addskill teste i, level
[04/10/2015 22:37:13] /addskill teste i, level
[04/10/2015 22:37:13] /addskill teste i, level
[04/10/2015 22:37:13] /addskill teste i, level
[04/10/2015 22:37:13] /addskill teste i, level
[04/10/2015 22:37:13] /addskill teste i, level
[04/10/2015 22:37:14] /addskill teste i, level
[04/10/2015 22:37:14] /addskill teste i, level
[04/10/2015 22:37:14] /addskill teste i, level
[04/10/2015 22:37:14] /addskill teste i, level
[04/10/2015 22:37:14] /addskill teste i, level
[04/10/2015 22:37:14] /addskill teste i, level
[04/10/2015 22:37:15] /addskill teste i, level
[04/10/2015 22:37:15] /addskill teste i, level
[04/10/2015 22:37:15] /addskill teste i, level
[04/10/2015 22:37:17] /addskill teste i, level
[04/10/2015 22:37:17] /addskill teste i, level
[04/10/2015 22:37:18] /addskill teste i, level
[04/10/2015 22:37:18] /addskill teste i, level
[04/10/2015 22:37:29] /addskill teste i, club
[04/10/2015 22:37:29] /addskill teste i, club
[04/10/2015 22:37:29] /addskill teste i, club
[04/10/2015 22:37:30] /addskill teste i, club
[04/10/2015 22:37:30] /addskill teste i, club
[04/10/2015 22:37:30] /addskill teste i, club
[04/10/2015 22:37:31] /addskill teste i, club
[04/10/2015 22:37:31] /addskill teste i, club
[04/10/2015 22:37:32] /addskill teste i, club
[04/10/2015 22:37:32] /addskill teste i, club
[04/10/2015 22:37:46] /addskill testona, club
[04/10/2015 22:37:47] /addskill testona, club
[04/10/2015 22:37:49] /addskill testona, club
[04/10/2015 22:37:50] /addskill testona, club
[04/10/2015 22:37:50] /addskill testona, club
[04/10/2015 22:37:51] /addskill testona, club
[04/10/2015 22:37:51] /addskill testona, club
[04/10/2015 22:37:51] /addskill testona, club
[04/10/2015 22:37:52] /addskill testona, club
[04/10/2015 22:37:52] /addskill testona, club
[04/10/2015 22:38:09] /addskill testona, fist
[04/10/2015 22:38:10] /addskill testona, fist
[04/10/2015 22:38:10] /addskill testona, fist
[04/10/2015 22:38:10] /addskill testona, fist
[04/10/2015 22:38:10] /addskill testona, fist
[04/10/2015 22:38:11] /addskill testona, fist
[04/10/2015 22:38:11] /addskill testona, fist
[04/10/2015 22:38:11] /addskill testona, fist
[04/10/2015 22:38:11] /addskill testona, fist
[04/10/2015 22:38:11] /addskill testona, fist
[04/10/2015 22:38:12] /addskill testona, fist
[04/10/2015 22:38:12] /addskill testona, fist
[04/10/2015 22:38:12] /addskill testona, fist
[04/10/2015 22:38:13] /addskill testona, fist
[04/10/2015 22:38:13] /addskill testona, fist
[04/10/2015 22:38:13] /addskill testona, fist
[04/10/2015 22:38:14] /addskill testona, fist
[04/10/2015 22:38:14] /addskill testona, fist
[04/10/2015 22:38:14] /addskill testona, fist
[04/10/2015 22:38:15] /addskill testona, fist
[04/10/2015 22:38:16] /addskill testona, fist
[04/10/2015 22:38:17] /addskill testona, fist
[04/10/2015 22:38:17] /addskill testona, fist
[04/10/2015 22:38:18] /addskill testona, fist
[04/10/2015 22:38:18] /addskill testona, fist
[04/10/2015 22:38:18] /addskill testona, fist
[04/10/2015 22:38:18] /addskill testona, fist
[04/10/2015 22:38:19] /addskill testona, fist
[04/10/2015 22:38:19] /addskill testona, fist
[04/10/2015 22:38:19] /addskill testona, fist
[04/10/2015 22:38:20] /addskill testona, fist
[04/10/2015 22:38:20] /addskill testona, fist
[04/10/2015 22:38:20] /addskill testona, fist
[04/10/2015 22:38:21] /addskill testona, fist
[04/10/2015 22:38:21] /addskill testona, fist
[04/10/2015 22:38:21] /addskill testona, fist
[04/10/2015 22:38:23] /addskill testona, fist
[04/10/2015 22:38:23] /addskill testona, fist
[04/10/2015 22:38:24] /addskill testona, fist
[04/10/2015 22:38:24] /addskill testona, fist
[04/10/2015 22:38:25] /addskill testona, fist
[04/10/2015 22:38:25] /addskill testona, fist
[04/10/2015 22:38:26] /addskill testona, fist
[04/10/2015 22:38:26] /addskill testona, fist
[04/10/2015 22:38:27] /addskill testona, fist
[04/10/2015 22:38:27] /addskill testona, fist
[04/10/2015 22:38:27] /addskill testona, fist
[04/10/2015 22:38:28] /addskill testona, fist
[04/10/2015 22:38:28] /addskill testona, fist
[04/10/2015 22:38:29] /addskill testona, fist
[04/10/2015 22:38:32] /addskill testona, fist
[04/10/2015 22:38:32] /addskill testona, fist
[04/10/2015 22:38:33] /addskill testona, fist
[04/10/2015 22:38:34] /addskill testona, fist
[04/10/2015 22:38:34] /addskill testona, fist
[04/10/2015 22:38:35] /addskill testona, fist
[04/10/2015 22:38:35] /addskill testona, fist
[04/10/2015 22:38:36] /addskill testona, fist
[04/10/2015 22:38:36] /addskill testona, fist
[04/10/2015 22:38:36] /addskill testona, fist
[04/10/2015 22:38:37] /addskill testona, fist
[04/10/2015 22:38:38] /addskill testona, fist
[04/10/2015 22:38:38] /addskill testona, fist
[04/10/2015 22:38:38] /addskill testona, fist
[04/10/2015 22:38:39] /addskill testona, fist
[04/10/2015 22:38:39] /addskill testona, fist
[04/10/2015 22:38:39] /addskill testona, fist
[04/10/2015 22:38:39] /addskill testona, fist
[04/10/2015 22:38:40] /addskill testona, fist
[04/10/2015 22:38:40] /addskill testona, fist
[04/10/2015 22:38:54] /addskill teste i, distance
[04/10/2015 22:38:54] /addskill teste i, distance
[04/10/2015 22:38:55] /addskill teste i, distance
[04/10/2015 22:38:55] /addskill teste i, distance
[04/10/2015 22:38:55] /addskill teste i, distance
[04/10/2015 22:38:55] /addskill teste i, distance
[04/10/2015 22:38:56] /addskill teste i, distance
[04/10/2015 22:38:56] /addskill teste i, distance
[04/10/2015 22:38:56] /addskill teste i, distance
[04/10/2015 22:38:57] /addskill teste i, distance
[04/10/2015 22:38:58] /addskill teste i, distance
[04/10/2015 22:38:59] /addskill teste i, distance
[04/10/2015 22:38:59] /addskill teste i, distance
[04/10/2015 22:38:59] /addskill teste i, distance
[04/10/2015 22:38:59] /addskill teste i, distance
[04/10/2015 22:39:00] /addskill teste i, distance
[04/10/2015 22:39:00] /addskill teste i, distance
[04/10/2015 22:39:00] /addskill teste i, distance
[04/10/2015 22:39:00] /addskill teste i, distance
[04/10/2015 22:39:01] /addskill teste i, distance
[04/10/2015 22:39:01] /addskill teste i, distance
[04/10/2015 22:39:02] /addskill teste i, distance
[04/10/2015 22:39:03] /addskill teste i, distance
[04/10/2015 22:39:03] /addskill teste i, distance
[04/10/2015 22:39:03] /addskill teste i, distance
[04/10/2015 22:39:03] /addskill teste i, distance
[04/10/2015 22:39:03] /addskill teste i, distance
[04/10/2015 22:39:03] /addskill teste i, distance
[04/10/2015 22:39:03] /addskill teste i, distance
[04/10/2015 22:39:03] /addskill teste i, distance
[04/10/2015 22:39:05] /addskill teste i, distance
[04/10/2015 22:39:05] /addskill teste i, distance
[04/10/2015 22:39:05] /addskill teste i, distance
[04/10/2015 22:39:05] /addskill teste i, distance
[04/10/2015 22:39:05] /addskill teste i, distance
[04/10/2015 22:39:06] /addskill teste i, distance
[04/10/2015 22:39:06] /addskill teste i, distance
[04/10/2015 22:39:06] /addskill teste i, distance
[04/10/2015 22:39:07] /addskill teste i, distance
[04/10/2015 22:39:07] /addskill teste i, distance
[04/10/2015 22:39:08] /addskill teste i, distance
[04/10/2015 22:39:08] /addskill teste i, distance
[04/10/2015 22:39:08] /addskill teste i, distance
[04/10/2015 22:39:08] /addskill teste i, distance
[04/10/2015 22:39:09] /addskill teste i, distance
[04/10/2015 22:39:09] /addskill teste i, distance
[04/10/2015 22:39:09] /addskill teste i, distance
[04/10/2015 22:39:09] /addskill teste i, distance
[04/10/2015 22:39:09] /addskill teste i, distance
[04/10/2015 22:39:10] /addskill teste i, distance
[04/10/2015 22:39:11] /addskill teste i, distance
[04/10/2015 22:39:11] /addskill teste i, distance
[04/10/2015 22:39:11] /addskill teste i, distance
[04/10/2015 22:39:12] /addskill teste i, distance
[04/10/2015 22:39:12] /addskill teste i, distance
[04/10/2015 22:39:12] /addskill teste i, distance
[04/10/2015 22:39:12] /addskill teste i, distance
[04/10/2015 22:39:13] /addskill teste i, distance
[04/10/2015 22:39:13] /addskill teste i, distance
[04/10/2015 22:39:13] /addskill teste i, distance
[04/10/2015 22:39:13] /addskill teste i, distance
[04/10/2015 22:39:14] /addskill teste i, distance
[04/10/2015 22:39:14] /addskill teste i, distance
[04/10/2015 22:39:14] /addskill teste i, distance
[04/10/2015 22:39:14] /addskill teste i, distance
[04/10/2015 22:39:15] /addskill teste i, distance
[04/10/2015 22:39:15] /addskill teste i, distance
[04/10/2015 22:39:15] /addskill teste i, distance
[04/10/2015 22:39:15] /addskill teste i, distance
[04/10/2015 22:39:16] /addskill teste i, distance
[04/10/2015 22:40:55] /addskill testona, magic level
[04/10/2015 22:40:55] /addskill testona, magic level
[04/10/2015 22:40:56] /addskill testona, magic level
[04/10/2015 22:40:56] /addskill testona, magic level
[04/10/2015 22:40:56] /addskill testona, magic level
[04/10/2015 22:41:08] /addskill teste i, magic level
[04/10/2015 22:41:09] /addskill teste i, magic level
[04/10/2015 22:41:09] /addskill teste i, magic level
[04/10/2015 22:41:09] /addskill teste i, magic level
[04/10/2015 22:41:10] /addskill teste i, magic level
[04/10/2015 22:41:10] /addskill teste i, magic level
[04/10/2015 22:41:10] /addskill teste i, magic level
[04/10/2015 22:41:10] /addskill teste i, magic level
[04/10/2015 22:41:11] /addskill teste i, magic level
[04/10/2015 22:41:11] /addskill teste i, magic level
[04/10/2015 22:41:12] /addskill teste i, magic level
[04/10/2015 22:41:12] /addskill teste i, magic level
[04/10/2015 22:41:12] /addskill teste i, magic level
[04/10/2015 22:41:13] /addskill teste i, magic level
[04/10/2015 22:43:03] /c teste i
[04/10/2015 22:43:14] /addskill teste i, level
[04/10/2015 22:43:19] /addskill teste i, distance
[04/10/2015 22:43:24] /addskill teste i, club
[04/10/2015 22:45:27] /c teste i
[04/10/2015 22:45:42] /addskill teste i, level
[04/10/2015 22:47:38] /c teste i
[04/10/2015 22:47:42] /addskill
[04/10/2015 22:47:53] /addskill teste i, level
[04/10/2015 22:48:00] /addskill teste i, distance
[04/10/2015 22:48:04] /addskill teste i, club
[04/10/2015 22:48:09] /addskill teste i, magic level
[04/10/2015 22:48:09] /addskill teste i, magic level
[04/10/2015 22:48:28] /i akatsuki ring
[04/10/2015 22:48:29] /i akatsuki ring
[04/10/2015 22:48:30] /i akatsuki ring
[04/10/2015 22:48:30] /i akatsuki ring
[04/10/2015 22:48:31] /i akatsuki ring
[04/10/2015 22:48:31] /i akatsuki ring
[04/10/2015 22:48:31] /i akatsuki ring
[04/10/2015 22:48:32] /i akatsuki ring
[04/10/2015 22:48:32] /i akatsuki ring
[04/10/2015 22:48:32] /i akatsuki ring
[04/10/2015 22:48:33] /i akatsuki ring
[04/10/2015 22:48:33] /i akatsuki ring
[04/10/2015 22:48:33] /i akatsuki ring
[04/10/2015 22:48:33] /i akatsuki ring
[04/10/2015 22:48:35] /i akatsuki ring
[04/10/2015 22:56:44] /c teste i
[04/10/2015 22:57:02] /addskill teste i, level
[04/10/2015 22:57:15] /addskill teste i, magic level
[04/10/2015 22:57:23] /addskill teste i, magic level
[04/10/2015 23:03:03] /c teste i
[04/10/2015 23:03:52] /addskill teste i, level
[04/10/2015 23:03:57] /addskill teste i, level
[04/10/2015 23:03:59] /addskill teste i, level
[04/10/2015 23:04:00] /addskill teste i, level
[04/10/2015 23:04:01] /addskill teste i, level
[04/10/2015 23:04:01] /addskill teste i, level
[04/10/2015 23:04:02] /addskill teste i, level
[04/10/2015 23:04:02] /addskill teste i, level
[04/10/2015 23:04:03] /addskill teste i, level
[04/10/2015 23:04:03] /addskill teste i, level
[04/10/2015 23:04:03] /addskill teste i, level
[04/10/2015 23:04:16] /addskill testona, level
[04/10/2015 23:04:19] /addskill testona, level
[04/10/2015 23:04:19] /addskill testona, level
[04/10/2015 23:04:20] /addskill testona, level
[04/10/2015 23:04:20] /addskill testona, level
[04/10/2015 23:04:21] /addskill testona, level
[04/10/2015 23:04:21] /addskill testona, level
[04/10/2015 23:04:23] /addskill testona, level
[04/10/2015 23:04:23] /addskill testona, level
[04/10/2015 23:04:24] /addskill testona, level
[04/10/2015 23:08:29] /c teste i
[04/10/2015 23:08:37] /addskill teste i, level
[04/10/2015 23:08:41] /addskill teste i, distance
[04/10/2015 23:08:42] /addskill teste i, distance
[04/10/2015 23:08:43] /addskill teste i, distance
[04/10/2015 23:08:46] /addskill teste i, club
[04/10/2015 23:08:47] /addskill teste i, club
[04/10/2015 23:13:59] /addskill teste i, club
[04/10/2015 23:14:01] /addskill teste i, distance
[04/10/2015 23:14:04] /addskill teste i, level
[04/10/2015 23:14:06] /c teste i
[04/10/2015 23:18:58] /c test i
[04/10/2015 23:19:06] /c teste i
[04/10/2015 23:19:17] /addskill teste i, level
[04/10/2015 23:19:21] /addskill teste i, distance
[04/10/2015 23:19:25] /addskill teste i, club
[04/10/2015 23:21:49] /c testona
[04/10/2015 23:21:58] /addskill testona, level
[04/10/2015 23:22:05] /addskill testona, club
[04/10/2015 23:22:08] /addskill testona, fist
[04/10/2015 23:24:17] /c testona
[04/10/2015 23:24:19] /addskill testona, fist
[04/10/2015 23:24:22] /addskill testona, club
[04/10/2015 23:24:30] /addskill testona, level
[04/10/2015 23:31:22] /c teste i
[04/10/2015 23:31:28] /addskill teste i, club
[04/10/2015 23:31:40] /addskill teste i, level
[04/10/2015 23:31:49] /addskill testona, club
[04/10/2015 23:32:43] /addskill teste i, level
[04/10/2015 23:32:44] /addskill teste i, level
[04/10/2015 23:32:44] /addskill teste i, level
[04/10/2015 23:32:45] /addskill teste i, level
[04/10/2015 23:32:48] /addskill teste i, level
[04/10/2015 23:32:49] /addskill teste i, level
[04/10/2015 23:32:49] /addskill teste i, level
[04/10/2015 23:32:50] /addskill teste i, level
[04/10/2015 23:32:52] /addskill teste i, level
[04/10/2015 23:32:53] /addskill teste i, level
[04/10/2015 23:33:18] /addskill testona, level
[04/10/2015 23:33:19] /addskill testona, level
[04/10/2015 23:33:21] /addskill testona, level
[04/10/2015 23:33:22] /addskill testona, level
[04/10/2015 23:33:22] /addskill testona, level
[04/10/2015 23:33:23] /addskill testona, level
[04/10/2015 23:33:24] /addskill testona, level
[04/10/2015 23:33:26] /addskill testona, level
[04/10/2015 23:33:27] /addskill testona, level
[04/10/2015 23:33:29] /addskill testona, level
[04/10/2015 23:39:48] /addskill testona, level
[04/10/2015 23:39:49] /addskill testona, level
[04/10/2015 23:39:50] /addskill testona, level
[04/10/2015 23:39:50] /addskill testona, level
[04/10/2015 23:39:50] /addskill testona, level
[04/10/2015 23:39:51] /addskill testona, level
[04/10/2015 23:39:51] /addskill testona, level
[04/10/2015 23:39:53] /addskill testona, level
[04/10/2015 23:39:55] /addskill testona, level
[04/10/2015 23:39:55] /addskill testona, level
[04/10/2015 23:39:56] /addskill testona, level
[04/10/2015 23:39:56] /addskill testona, level
[04/10/2015 23:39:59] /addskill testona, level
[04/10/2015 23:39:59] /addskill testona, level
[04/10/2015 23:39:59] /addskill testona, level
[04/10/2015 23:40:00] /addskill testona, level
[04/10/2015 23:40:01] /addskill testona, level
[04/10/2015 23:40:03] /addskill testona, level
[04/10/2015 23:40:05] /addskill testona, level
[04/10/2015 23:40:07] /addskill testona, level
[04/10/2015 23:40:24] /addskill teste i, level
[04/10/2015 23:40:25] /addskill teste i, level
[04/10/2015 23:40:26] /addskill teste i, level
[04/10/2015 23:40:26] /addskill teste i, level
[04/10/2015 23:40:27] /addskill teste i, level
[04/10/2015 23:40:28] /addskill teste i, level
[04/10/2015 23:40:29] /addskill teste i, level
[04/10/2015 23:40:31] /addskill teste i, level
[04/10/2015 23:40:33] /addskill teste i, level
[04/10/2015 23:40:33] /addskill teste i, level
[04/10/2015 23:40:34] /addskill teste i, level
[04/10/2015 23:40:36] /addskill teste i, level
[04/10/2015 23:40:37] /addskill teste i, level
[04/10/2015 23:40:40] /addskill teste i, level
[04/10/2015 23:40:41] /addskill teste i, level
[04/10/2015 23:40:41] /addskill teste i, level
[04/10/2015 23:40:44] /addskill teste i, level
[04/10/2015 23:40:45] /addskill teste i, level
[04/10/2015 23:40:47] /addskill teste i, level
[04/10/2015 23:40:50] /addskill teste i, level
[04/10/2015 23:46:51] /addskill teste i, level
[04/10/2015 23:46:52] /addskill teste i, level
[04/10/2015 23:46:53] /addskill teste i, level
[04/10/2015 23:46:54] /addskill teste i, level
[04/10/2015 23:46:55] /addskill teste i, level
[04/10/2015 23:46:56] /addskill teste i, level
[04/10/2015 23:46:56] /addskill teste i, level
[04/10/2015 23:46:57] /addskill teste i, level
[04/10/2015 23:46:58] /addskill teste i, level
[04/10/2015 23:46:59] /addskill teste i, level
[04/10/2015 23:46:59] /addskill teste i, level
[04/10/2015 23:47:00] /addskill teste i, level
[04/10/2015 23:47:01] /addskill teste i, level
[04/10/2015 23:47:01] /addskill teste i, level
[04/10/2015 23:47:02] /addskill teste i, level
[04/10/2015 23:47:03] /addskill teste i, level
[04/10/2015 23:47:03] /addskill teste i, level
[04/10/2015 23:47:04] /addskill teste i, level
[04/10/2015 23:47:05] /addskill teste i, level
[04/10/2015 23:47:06] /addskill teste i, level
[04/10/2015 23:47:07] /addskill teste i, level
[04/10/2015 23:47:08] /addskill teste i, level
[04/10/2015 23:47:09] /addskill teste i, level
[04/10/2015 23:47:10] /addskill teste i, level
[04/10/2015 23:47:11] /addskill teste i, level
[04/10/2015 23:47:11] /addskill teste i, level
[04/10/2015 23:47:12] /addskill teste i, level
[04/10/2015 23:47:13] /addskill teste i, level
[04/10/2015 23:47:14] /addskill teste i, level
[04/10/2015 23:47:15] /addskill teste i, level
[04/10/2015 23:47:22] /addskill teste i, level
[04/10/2015 23:47:23] /addskill teste i, level
[04/10/2015 23:47:24] /addskill teste i, level
[04/10/2015 23:47:25] /addskill teste i, level
[04/10/2015 23:47:38] /addskill testona, level
[04/10/2015 23:47:39] /addskill testona, level
[04/10/2015 23:47:41] /addskill testona, level
[04/10/2015 23:47:41] /addskill testona, level
[04/10/2015 23:47:42] /addskill testona, level
[04/10/2015 23:47:42] /addskill testona, level
[04/10/2015 23:47:43] /addskill testona, level
[04/10/2015 23:47:44] /addskill testona, level
[04/10/2015 23:47:44] /addskill testona, level
[04/10/2015 23:47:45] /addskill testona, level
[04/10/2015 23:47:46] /addskill testona, level
[04/10/2015 23:47:46] /addskill testona, level
[04/10/2015 23:47:47] /addskill testona, level
[04/10/2015 23:47:49] /addskill testona, level
[04/10/2015 23:47:50] /addskill testona, level
[04/10/2015 23:47:50] /addskill testona, level
[04/10/2015 23:47:51] /addskill testona, level
[04/10/2015 23:47:52] /addskill testona, level
[04/10/2015 23:47:53] /addskill testona, level
[04/10/2015 23:47:53] /addskill testona, level
[04/10/2015 23:47:54] /addskill testona, level
[04/10/2015 23:47:55] /addskill testona, level
[04/10/2015 23:47:56] /addskill testona, level
[04/10/2015 23:47:56] /addskill testona, level
[04/10/2015 23:47:57] /addskill testona, level
[04/10/2015 23:47:58] /addskill testona, level
[04/10/2015 23:47:59] /addskill testona, level
[04/10/2015 23:48:00] /addskill testona, level
[04/10/2015 23:48:05] /addskill testona, level
[04/10/2015 23:48:08] /addskill testona, level
[04/10/2015 23:48:09] /addskill testona, level
[04/10/2015 23:48:09] /addskill testona, level
[04/10/2015 23:48:12] /addskill testona, level
[04/10/2015 23:48:13] /addskill testona, level
[04/10/2015 23:57:18] /i pill
[04/10/2015 23:57:23] /i pill
[04/10/2015 23:57:24] /i pill
[04/10/2015 23:57:24] /i pill
[04/10/2015 23:57:24] /i pill
[04/10/2015 23:57:24] /i pill
[04/10/2015 23:57:24] /i pill
[04/10/2015 23:57:24] /i pill
[04/10/2015 23:57:24] /i pill
[04/10/2015 23:57:24] /i pill
[04/10/2015 23:57:24] /i pill
[04/10/2015 23:57:24] /i pill
[04/10/2015 23:57:24] /i pill
[04/10/2015 23:57:24] /i pill
[04/10/2015 23:57:24] /i pill
[04/10/2015 23:57:24] /i pill
[04/10/2015 23:57:24] /i pill
[04/10/2015 23:57:25] /i pill
[04/10/2015 23:57:25] /i pill
[04/10/2015 23:57:25] /i pill
[04/10/2015 23:57:25] /i pill
[04/10/2015 23:57:25] /i pill
[04/10/2015 23:57:25] /i pill
[04/10/2015 23:57:25] /i pill
[04/10/2015 23:57:25] /i pill
[04/10/2015 23:57:25] /i pill
[04/10/2015 23:57:25] /i pill
[04/10/2015 23:57:25] /i pill
[04/10/2015 23:57:25] /i pill
[04/10/2015 23:57:25] /i pill
[04/10/2015 23:57:25] /i pill
[04/10/2015 23:57:25] /i pill
[04/10/2015 23:57:25] /i pill
[04/10/2015 23:57:25] /i pill
[04/10/2015 23:57:25] /i pill
[04/10/2015 23:57:25] /i pill
[04/10/2015 23:57:25] /i pill
[04/10/2015 23:57:25] /i pill
[04/10/2015 23:57:25] /i pill
[04/10/2015 23:57:25] /i pill
[04/10/2015 23:57:25] /i pill
[04/10/2015 23:57:25] /i pill
[04/10/2015 23:57:25] /i pill
[04/10/2015 23:57:25] /i pill
[04/10/2015 23:57:25] /i pill
[04/10/2015 23:57:25] /i pill
[04/10/2015 23:57:25] /i pill
[04/10/2015 23:57:26] /i pill
[04/10/2015 23:57:26] /i pill
[04/10/2015 23:57:26] /i pill
[04/10/2015 23:57:26] /i pill
[04/10/2015 23:57:26] /i pill
[04/10/2015 23:57:26] /i pill
[04/10/2015 23:57:26] /i pill
[04/10/2015 23:57:26] /i pill
[04/10/2015 23:57:26] /i pill
[04/10/2015 23:57:26] /i pill
[04/10/2015 23:57:26] /i pill
[04/10/2015 23:57:26] /i pill
[04/10/2015 23:57:26] /i pill
[04/10/2015 23:57:26] /i pill
[04/10/2015 23:57:26] /i pill
[04/10/2015 23:57:26] /i pill
[04/10/2015 23:57:26] /i pill
[04/10/2015 23:57:26] /i pill
[04/10/2015 23:57:26] /i pill
[04/10/2015 23:57:26] /i pill
[04/10/2015 23:57:26] /i pill
[04/10/2015 23:57:26] /i pill
[04/10/2015 23:57:26] /i pill
[04/10/2015 23:57:26] /i pill
[04/10/2015 23:57:26] /i pill
[04/10/2015 23:57:27] /i pill
[04/10/2015 23:57:27] /i pill
[04/10/2015 23:57:27] /i pill
[04/10/2015 23:57:27] /i pill
[04/10/2015 23:57:27] /i pill
[04/10/2015 23:57:36] /i akatsuki ring
[04/10/2015 23:57:37] /i akatsuki ring
[04/10/2015 23:57:37] /i akatsuki ring
[04/10/2015 23:57:37] /i akatsuki ring
[04/10/2015 23:57:37] /i akatsuki ring
[04/10/2015 23:57:37] /i akatsuki ring
[04/10/2015 23:57:37] /i akatsuki ring
[04/10/2015 23:57:37] /i akatsuki ring
[04/10/2015 23:57:37] /i akatsuki ring
[04/10/2015 23:57:37] /i akatsuki ring
[04/10/2015 23:57:37] /i akatsuki ring
[04/10/2015 23:57:37] /i akatsuki ring
[04/10/2015 23:57:37] /i akatsuki ring
[04/10/2015 23:57:37] /i akatsuki ring
[04/10/2015 23:57:37] /i akatsuki ring
[04/10/2015 23:57:37] /i akatsuki ring
[04/10/2015 23:57:37] /i akatsuki ring
[04/10/2015 23:57:37] /i akatsuki ring
[04/10/2015 23:57:37] /i akatsuki ring
[04/10/2015 23:57:38] /i akatsuki ring
[04/10/2015 23:57:38] /i akatsuki ring
[04/10/2015 23:57:38] /i akatsuki ring
[04/10/2015 23:57:38] /i akatsuki ring
[04/10/2015 23:57:38] /i akatsuki ring
[04/10/2015 23:57:38] /i akatsuki ring
[04/10/2015 23:57:38] /i akatsuki ring
[04/10/2015 23:57:38] /i akatsuki ring
[04/10/2015 23:57:38] /i akatsuki ring
[04/10/2015 23:57:38] /i akatsuki ring
[04/10/2015 23:57:38] /i akatsuki ring
[04/10/2015 23:57:38] /i akatsuki ring
[04/10/2015 23:57:38] /i akatsuki ring
[04/10/2015 23:57:38] /i akatsuki ring
[04/10/2015 23:57:38] /i akatsuki ring
[04/10/2015 23:57:38] /i akatsuki ring
[04/10/2015 23:57:38] /i akatsuki ring
[04/10/2015 23:57:38] /i akatsuki ring
[04/10/2015 23:57:38] /i akatsuki ring
[04/10/2015 23:57:38] /i akatsuki ring
[04/10/2015 23:57:38] /i akatsuki ring
[04/10/2015 23:57:38] /i akatsuki ring
[04/10/2015 23:57:38] /i akatsuki ring
[04/10/2015 23:57:38] /i akatsuki ring
[04/10/2015 23:57:38] /i akatsuki ring
[04/10/2015 23:57:38] /i akatsuki ring
[04/10/2015 23:57:38] /i akatsuki ring
[04/10/2015 23:57:38] /i akatsuki ring
[04/10/2015 23:57:39] /i akatsuki ring
[04/10/2015 23:57:39] /i akatsuki ring
[04/10/2015 23:57:39] /i akatsuki ring
[04/10/2015 23:57:39] /i akatsuki ring
[04/10/2015 23:57:39] /i akatsuki ring
[04/10/2015 23:57:39] /i akatsuki ring
[04/10/2015 23:57:39] /i akatsuki ring
[04/10/2015 23:57:39] /i akatsuki ring
[04/10/2015 23:57:39] /i akatsuki ring
[04/10/2015 23:57:39] /i akatsuki ring
[04/10/2015 23:57:39] /i akatsuki ring
[04/10/2015 23:57:39] /i akatsuki ring
[04/10/2015 23:57:39] /i akatsuki ring
[04/10/2015 23:57:39] /i akatsuki ring
[04/10/2015 23:57:39] /i akatsuki ring
[04/10/2015 23:57:39] /i akatsuki ring
[04/10/2015 23:57:39] /i akatsuki ring
[04/10/2015 23:57:39] /i akatsuki ring
[04/10/2015 23:57:39] /i akatsuki ring
[04/10/2015 23:57:39] /i akatsuki ring
[04/10/2015 23:57:39] /i akatsuki ring
[04/10/2015 23:57:39] /i akatsuki ring
[04/10/2015 23:57:39] /i akatsuki ring
[04/10/2015 23:57:39] /i akatsuki ring
[04/10/2015 23:57:39] /i akatsuki ring
[04/10/2015 23:57:40] /i akatsuki ring
[04/10/2015 23:57:53] /addskill teste i, level
[04/10/2015 23:57:53] /addskill teste i, level
[04/10/2015 23:57:54] /addskill teste i, level
[04/10/2015 23:57:54] /addskill teste i, level
[04/10/2015 23:57:54] /addskill teste i, level
[04/10/2015 23:57:54] /addskill teste i, level
[04/10/2015 23:57:54] /addskill teste i, level
[04/10/2015 23:57:54] /addskill teste i, level
[04/10/2015 23:57:55] /addskill teste i, level
[04/10/2015 23:57:55] /addskill teste i, level
[04/10/2015 23:57:55] /addskill teste i, level
[04/10/2015 23:57:55] /addskill teste i, level
[04/10/2015 23:57:56] /addskill teste i, level
[04/10/2015 23:57:56] /addskill teste i, level
[04/10/2015 23:57:56] /addskill teste i, level
[04/10/2015 23:57:56] /addskill teste i, level
[04/10/2015 23:57:56] /addskill teste i, level
[04/10/2015 23:57:57] /addskill teste i, level
[04/10/2015 23:57:57] /addskill teste i, level
[04/10/2015 23:57:57] /addskill teste i, level
[04/10/2015 23:57:57] /addskill teste i, level
[04/10/2015 23:57:58] /addskill teste i, level
[04/10/2015 23:57:59] /addskill teste i, level
[04/10/2015 23:57:59] /addskill teste i, level
[04/10/2015 23:58:00] /addskill teste i, level
[04/10/2015 23:58:00] /addskill teste i, level
[04/10/2015 23:58:11] /addskill testona, level
[04/10/2015 23:58:12] /addskill testona, level
[04/10/2015 23:58:12] /addskill testona, level
[04/10/2015 23:58:12] /addskill testona, level
[04/10/2015 23:58:12] /addskill testona, level
[04/10/2015 23:58:12] /addskill testona, level
[04/10/2015 23:58:12] /addskill testona, level
[04/10/2015 23:58:12] /addskill testona, level
[04/10/2015 23:58:12] /addskill testona, level
[04/10/2015 23:58:12] /addskill testona, level
[04/10/2015 23:58:12] /addskill testona, level
[04/10/2015 23:58:12] /addskill testona, level
[04/10/2015 23:58:12] /addskill testona, level
[04/10/2015 23:58:12] /addskill testona, level
[04/10/2015 23:58:14] /addskill testona, level
[04/10/2015 23:58:15] /addskill testona, level
[04/10/2015 23:58:15] /addskill testona, level
[04/10/2015 23:58:16] /addskill testona, level
[04/10/2015 23:58:16] /addskill testona, level
[04/10/2015 23:58:17] /addskill testona, level
[04/10/2015 23:58:17] /addskill testona, level
[04/10/2015 23:58:17] /addskill testona, level
[04/10/2015 23:58:17] /addskill testona, level
[04/10/2015 23:58:18] /addskill testona, level
[04/10/2015 23:58:19] /addskill testona, level
[04/10/2015 23:58:19] /addskill testona, level
[05/10/2015 00:19:35] /addskill testona, level
[05/10/2015 00:19:39] /addskill testona, level
[05/10/2015 00:19:39] /addskill testona, level
[05/10/2015 00:19:39] /addskill testona, level
[05/10/2015 00:19:40] /addskill testona, level
[05/10/2015 00:19:40] /addskill testona, level
[05/10/2015 00:19:40] /addskill testona, level
[05/10/2015 00:19:40] /addskill testona, level
[05/10/2015 00:19:41] /addskill testona, level
[05/10/2015 00:19:41] /addskill testona, level
[05/10/2015 00:19:41] /addskill testona, level
[05/10/2015 00:19:41] /addskill testona, level
[05/10/2015 00:19:41] /addskill testona, level
[05/10/2015 00:19:42] /addskill testona, level
[05/10/2015 00:19:42] /addskill testona, level
[05/10/2015 00:19:43] /addskill testona, level
[05/10/2015 00:19:44] /addskill testona, level
[05/10/2015 00:19:44] /addskill testona, level
[05/10/2015 00:19:44] /addskill testona, level
[05/10/2015 00:19:44] /addskill testona, level
[05/10/2015 00:19:46] /addskill testona, level
[05/10/2015 00:19:46] /addskill testona, level
[05/10/2015 00:19:46] /addskill testona, level
[05/10/2015 00:19:47] /addskill testona, level
[05/10/2015 00:19:47] /addskill testona, level
[05/10/2015 00:19:47] /addskill testona, level
[05/10/2015 00:19:47] /addskill testona, level
[05/10/2015 00:19:47] /addskill testona, level
[05/10/2015 00:19:48] /addskill testona, level
[05/10/2015 00:19:48] /addskill testona, level
[05/10/2015 00:19:48] /addskill testona, level
[05/10/2015 00:19:48] /addskill testona, level
[05/10/2015 00:19:49] /addskill testona, level
[05/10/2015 00:19:49] /addskill testona, level
[05/10/2015 00:19:49] /addskill testona, level
[05/10/2015 00:19:49] /addskill testona, level
[05/10/2015 00:19:50] /addskill testona, level
[05/10/2015 00:19:50] /addskill testona, level
[05/10/2015 00:20:12] /addskill teste i, level
[05/10/2015 00:20:12] /addskill teste i, level
[05/10/2015 00:20:12] /addskill teste i, level
[05/10/2015 00:20:13] /addskill teste i, level
[05/10/2015 00:20:13] /addskill teste i, level
[05/10/2015 00:20:13] /addskill teste i, level
[05/10/2015 00:20:13] /addskill teste i, level
[05/10/2015 00:20:14] /addskill teste i, level
[05/10/2015 00:20:15] /addskill teste i, level
[05/10/2015 00:20:15] /addskill teste i, level
[05/10/2015 00:20:15] /addskill teste i, level
[05/10/2015 00:20:15] /addskill teste i, level
[05/10/2015 00:20:16] /addskill teste i, level
[05/10/2015 00:20:16] /addskill teste i, level
[05/10/2015 00:20:17] /addskill teste i, level
[05/10/2015 00:20:17] /addskill teste i, level
[05/10/2015 00:20:17] /addskill teste i, level
[05/10/2015 00:20:18] /addskill teste i, level
[05/10/2015 00:20:18] /addskill teste i, level
[05/10/2015 00:20:19] /addskill teste i, level
[05/10/2015 00:20:19] /addskill teste i, level
[05/10/2015 00:20:19] /addskill teste i, level
[05/10/2015 00:20:20] /addskill teste i, level
[05/10/2015 00:20:21] /addskill teste i, level
[05/10/2015 00:20:21] /addskill teste i, level
[05/10/2015 00:20:21] /addskill teste i, level
[05/10/2015 00:20:22] /addskill teste i, level
[05/10/2015 00:20:22] /addskill teste i, level
[05/10/2015 00:20:23] /addskill teste i, level
[05/10/2015 00:20:23] /addskill teste i, level
[05/10/2015 00:20:27] /addskill teste i, level
[05/10/2015 00:20:27] /addskill teste i, level
[05/10/2015 00:20:28] /addskill teste i, level
[05/10/2015 00:20:28] /addskill teste i, level
[05/10/2015 00:20:28] /addskill teste i, level
[05/10/2015 00:20:30] /addskill teste i, level
[05/10/2015 00:20:30] /addskill teste i, level
[05/10/2015 00:20:30] /addskill teste i, level
[05/10/2015 00:20:37] /addskill teste i, level
[05/10/2015 00:20:37] /addskill teste i, level
[05/10/2015 00:20:39] /addskill testona, level
[05/10/2015 00:20:40] /addskill testona, level
[05/10/2015 00:20:48] /n rock lee(professor)
[05/10/2015 00:21:01] /n gaara(professor)
[05/10/2015 00:21:56] /t
[05/10/2015 00:22:02] /a 50
[05/10/2015 00:22:10] /r
[05/10/2015 00:22:17] /n rock lee(professor)
[05/10/2015 00:22:24] /r
[05/10/2015 00:22:44] /n gaara(professor)
[05/10/2015 00:27:53] /c testona
[05/10/2015 00:28:35] /addskill teste i, level
[05/10/2015 00:28:40] /addskill teste i, level
[05/10/2015 00:28:40] /addskill teste i, level
[05/10/2015 00:28:40] /addskill teste i, level
[05/10/2015 00:28:40] /addskill teste i, level
[05/10/2015 00:28:41] /addskill teste i, level
[05/10/2015 00:28:41] /addskill teste i, level
[05/10/2015 00:28:41] /addskill teste i, level
[05/10/2015 00:28:41] /addskill teste i, level
[05/10/2015 00:28:42] /addskill teste i, level
[05/10/2015 00:28:42] /addskill teste i, level
[05/10/2015 00:28:43] /addskill teste i, level
[05/10/2015 00:28:43] /addskill teste i, level
[05/10/2015 00:28:43] /addskill teste i, level
[05/10/2015 00:28:43] /addskill teste i, level
[05/10/2015 00:28:43] /addskill teste i, level
[05/10/2015 00:28:44] /addskill teste i, level
[05/10/2015 00:28:44] /addskill teste i, level
[05/10/2015 00:28:44] /addskill teste i, level
[05/10/2015 00:28:45] /addskill teste i, level
[05/10/2015 00:28:45] /addskill teste i, level
[05/10/2015 00:28:45] /addskill teste i, level
[05/10/2015 00:28:45] /addskill teste i, level
[05/10/2015 00:28:45] /addskill teste i, level
[05/10/2015 00:28:45] /addskill teste i, level
[05/10/2015 00:28:47] /addskill teste i, level
[05/10/2015 00:28:48] /addskill teste i, level
[05/10/2015 00:28:48] /addskill teste i, level
[05/10/2015 00:28:49] /addskill teste i, level
[05/10/2015 00:28:49] /addskill teste i, level
[05/10/2015 00:29:01] /addskill testona, level
[05/10/2015 00:29:01] /addskill testona, level
[05/10/2015 00:29:01] /addskill testona, level
[05/10/2015 00:29:01] /addskill testona, level
[05/10/2015 00:29:01] /addskill testona, level
[05/10/2015 00:29:01] /addskill testona, level
[05/10/2015 00:29:02] /addskill testona, level
[05/10/2015 00:29:03] /addskill testona, level
[05/10/2015 00:29:04] /addskill testona, level
[05/10/2015 00:29:05] /addskill testona, level
[05/10/2015 00:29:05] /addskill testona, level
[05/10/2015 00:29:05] /addskill testona, level
[05/10/2015 00:29:05] /addskill testona, level
[05/10/2015 00:29:06] /addskill testona, level
[05/10/2015 00:29:06] /addskill testona, level
[05/10/2015 00:29:06] /addskill testona, level
[05/10/2015 00:29:07] /addskill testona, level
[05/10/2015 00:29:07] /addskill testona, level
[05/10/2015 00:29:07] /addskill testona, level
[05/10/2015 00:29:08] /addskill testona, level
[05/10/2015 00:29:08] /addskill testona, level
[05/10/2015 00:29:08] /addskill testona, level
[05/10/2015 00:29:08] /addskill testona, level
[05/10/2015 00:29:10] /addskill testona, level
[05/10/2015 00:29:11] /addskill testona, level
[05/10/2015 00:29:11] /addskill testona, level
[05/10/2015 00:29:11] /addskill testona, level
[05/10/2015 00:29:11] /addskill testona, level
[05/10/2015 00:29:12] /addskill testona, level
[05/10/2015 00:29:12] /addskill testona, level
[05/10/2015 00:29:12] /addskill testona, level
[05/10/2015 00:29:13] /addskill testona, level
[05/10/2015 00:29:13] /addskill testona, level
[05/10/2015 00:34:39] /c testona
[05/10/2015 00:35:08] /addskill testona, level
[05/10/2015 00:35:11] /addskill testona, level
[05/10/2015 00:35:12] /addskill testona, level
[05/10/2015 00:35:12] /addskill testona, level
[05/10/2015 00:35:12] /addskill testona, level
[05/10/2015 00:35:12] /addskill testona, level
[05/10/2015 00:35:12] /addskill testona, level
[05/10/2015 00:35:12] /addskill testona, level
[05/10/2015 00:35:13] /addskill testona, level
[05/10/2015 00:35:13] /addskill testona, level
[05/10/2015 00:35:13] /addskill testona, level
[05/10/2015 00:35:13] /addskill testona, level
[05/10/2015 00:35:13] /addskill testona, level
[05/10/2015 00:35:14] /addskill testona, level
[05/10/2015 00:35:14] /addskill testona, level
[05/10/2015 00:35:14] /addskill testona, level
[05/10/2015 00:35:14] /addskill testona, level
[05/10/2015 00:35:14] /addskill testona, level
[05/10/2015 00:35:15] /addskill testona, level
[05/10/2015 00:35:15] /addskill testona, level
[05/10/2015 00:35:15] /addskill testona, level
[05/10/2015 00:35:15] /addskill testona, level
[05/10/2015 00:35:15] /addskill testona, level
[05/10/2015 00:35:16] /addskill testona, level
[05/10/2015 00:35:16] /addskill testona, level
[05/10/2015 00:35:16] /addskill testona, level
[05/10/2015 00:35:16] /addskill testona, level
[05/10/2015 00:35:16] /addskill testona, level
[05/10/2015 00:35:17] /addskill testona, level
[05/10/2015 00:35:18] /addskill testona, level
[05/10/2015 00:35:18] /addskill testona, level
[05/10/2015 00:35:18] /addskill testona, level
[05/10/2015 00:35:18] /addskill testona, level
[05/10/2015 00:35:18] /addskill testona, level
[05/10/2015 00:35:18] /addskill testona, level
[05/10/2015 00:35:19] /addskill testona, level
[05/10/2015 00:35:20] /addskill testona, level
[05/10/2015 00:35:20] /addskill testona, level
[05/10/2015 00:35:20] /addskill testona, level
[05/10/2015 00:35:20] /addskill testona, level
[05/10/2015 00:35:20] /addskill testona, level
[05/10/2015 00:35:21] /addskill testona, level
[05/10/2015 00:35:22] /addskill testona, level
[05/10/2015 00:35:22] /addskill testona, level
[05/10/2015 00:35:22] /addskill testona, level
[05/10/2015 00:35:23] /addskill testona, level
[05/10/2015 00:35:23] /addskill testona, level
[05/10/2015 00:35:23] /addskill testona, level
[05/10/2015 00:35:28] /addskill testona, level
[05/10/2015 00:35:29] /addskill testona, level
[05/10/2015 00:35:29] /addskill testona, level
[05/10/2015 00:35:29] /addskill testona, level
[05/10/2015 00:35:31] /addskill testona, level
[05/10/2015 00:35:40] /addskill teste i, level
[05/10/2015 00:35:41] /addskill teste i, level
[05/10/2015 00:35:41] /addskill teste i, level
[05/10/2015 00:35:41] /addskill teste i, level
[05/10/2015 00:35:41] /addskill teste i, level
[05/10/2015 00:35:41] /addskill teste i, level
[05/10/2015 00:35:41] /addskill teste i, level
[05/10/2015 00:35:41] /addskill teste i, level
[05/10/2015 00:35:41] /addskill teste i, level
[05/10/2015 00:35:41] /addskill teste i, level
[05/10/2015 00:35:41] /addskill teste i, level
[05/10/2015 00:35:41] /addskill teste i, level
[05/10/2015 00:35:41] /addskill teste i, level
[05/10/2015 00:35:41] /addskill teste i, level
[05/10/2015 00:35:41] /addskill teste i, level
[05/10/2015 00:35:41] /addskill teste i, level
[05/10/2015 00:35:41] /addskill teste i, level
[05/10/2015 00:35:41] /addskill teste i, level
[05/10/2015 00:35:43] /addskill teste i, level
[05/10/2015 00:35:43] /addskill teste i, level
[05/10/2015 00:35:43] /addskill teste i, level
[05/10/2015 00:35:43] /addskill teste i, level
[05/10/2015 00:35:43] /addskill teste i, level
[05/10/2015 00:35:43] /addskill teste i, level
[05/10/2015 00:35:43] /addskill teste i, level
[05/10/2015 00:35:43] /addskill teste i, level
[05/10/2015 00:35:43] /addskill teste i, level
[05/10/2015 00:35:43] /addskill teste i, level
[05/10/2015 00:35:45] /addskill teste i, level
[05/10/2015 00:35:45] /addskill teste i, level
[05/10/2015 00:35:45] /addskill teste i, level
[05/10/2015 00:35:45] /addskill teste i, level
[05/10/2015 00:35:45] /addskill teste i, level
[05/10/2015 00:35:46] /addskill teste i, level
[05/10/2015 00:35:46] /addskill teste i, level
[05/10/2015 00:35:46] /addskill teste i, level
[05/10/2015 00:35:46] /addskill teste i, level
[05/10/2015 00:35:47] /addskill teste i, level
[05/10/2015 00:35:47] /addskill teste i, level
[05/10/2015 00:35:48] /addskill teste i, level
[05/10/2015 00:35:48] /addskill teste i, level
[05/10/2015 00:35:48] /addskill teste i, level
[05/10/2015 00:35:48] /addskill teste i, level
[05/10/2015 00:35:49] /addskill teste i, level
[05/10/2015 00:35:49] /addskill teste i, level
[05/10/2015 00:35:49] /addskill teste i, level
[05/10/2015 00:35:50] /addskill teste i, level
[05/10/2015 00:35:51] /addskill teste i, level
[05/10/2015 00:35:51] /addskill teste i, level
[05/10/2015 00:35:52] /addskill teste i, level
[05/10/2015 00:39:59] /c testona
[05/10/2015 00:40:02] /addskill teste i, level
[05/10/2015 00:40:05] /addskill teste i, level
[05/10/2015 00:40:05] /addskill teste i, level
[05/10/2015 00:40:05] /addskill teste i, level
[05/10/2015 00:40:05] /addskill teste i, level
[05/10/2015 00:40:05] /addskill teste i, level
[05/10/2015 00:40:06] /addskill teste i, level
[05/10/2015 00:40:06] /addskill teste i, level
[05/10/2015 00:40:06] /addskill teste i, level
[05/10/2015 00:40:06] /addskill teste i, level
[05/10/2015 00:40:06] /addskill teste i, level
[05/10/2015 00:40:06] /addskill teste i, level
[05/10/2015 00:40:07] /addskill teste i, level
[05/10/2015 00:40:07] /addskill teste i, level
[05/10/2015 00:40:07] /addskill teste i, level
[05/10/2015 00:40:07] /addskill teste i, level
[05/10/2015 00:40:07] /addskill teste i, level
[05/10/2015 00:40:08] /addskill teste i, level
[05/10/2015 00:40:09] /addskill teste i, level
[05/10/2015 00:40:09] /addskill teste i, level
[05/10/2015 00:40:09] /addskill teste i, level
[05/10/2015 00:40:09] /addskill teste i, level
[05/10/2015 00:40:10] /addskill teste i, level
[05/10/2015 00:40:10] /addskill teste i, level
[05/10/2015 00:40:10] /addskill teste i, level
[05/10/2015 00:40:10] /addskill teste i, level
[05/10/2015 00:40:10] /addskill teste i, level
[05/10/2015 00:40:12] /addskill teste i, level
[05/10/2015 00:40:12] /addskill teste i, level
[05/10/2015 00:40:12] /addskill teste i, level
[05/10/2015 00:40:13] /addskill teste i, level
[05/10/2015 00:40:13] /addskill teste i, level
[05/10/2015 00:40:13] /addskill teste i, level
[05/10/2015 00:40:13] /addskill teste i, level
[05/10/2015 00:40:13] /addskill teste i, level
[05/10/2015 00:40:13] /addskill teste i, level
[05/10/2015 00:40:14] /addskill teste i, level
[05/10/2015 00:40:14] /addskill teste i, level
[05/10/2015 00:40:15] /addskill teste i, level
[05/10/2015 00:40:16] /addskill teste i, level
[05/10/2015 00:40:16] /addskill teste i, level
[05/10/2015 00:40:17] /addskill teste i, level
[05/10/2015 00:40:17] /addskill teste i, level
[05/10/2015 00:40:17] /addskill teste i, level
[05/10/2015 00:40:18] /addskill teste i, level
[05/10/2015 00:40:18] /addskill teste i, level
[05/10/2015 00:40:18] /addskill teste i, level
[05/10/2015 00:40:18] /addskill teste i, level
[05/10/2015 00:40:19] /addskill teste i, level
[05/10/2015 00:40:20] /addskill teste i, level
[05/10/2015 00:40:30] /addskill testona, level
[05/10/2015 00:40:30] /addskill testona, level
[05/10/2015 00:40:30] /addskill testona, level
[05/10/2015 00:40:30] /addskill testona, level
[05/10/2015 00:40:30] /addskill testona, level
[05/10/2015 00:40:30] /addskill testona, level
[05/10/2015 00:40:30] /addskill testona, level
[05/10/2015 00:40:30] /addskill testona, level
[05/10/2015 00:40:30] /addskill testona, level
[05/10/2015 00:40:30] /addskill testona, level
[05/10/2015 00:40:31] /addskill testona, level
[05/10/2015 00:40:32] /addskill testona, level
[05/10/2015 00:40:32] /addskill testona, level
[05/10/2015 00:40:33] /addskill testona, level
[05/10/2015 00:40:33] /addskill testona, level
[05/10/2015 00:40:33] /addskill testona, level
[05/10/2015 00:40:33] /addskill testona, level
[05/10/2015 00:40:33] /addskill testona, level
[05/10/2015 00:40:33] /addskill testona, level
[05/10/2015 00:40:33] /addskill testona, level
[05/10/2015 00:40:33] /addskill testona, level
[05/10/2015 00:40:33] /addskill testona, level
[05/10/2015 00:40:33] /addskill testona, level
[05/10/2015 00:40:33] /addskill testona, level
[05/10/2015 00:40:33] /addskill testona, level
[05/10/2015 00:40:33] /addskill testona, level
[05/10/2015 00:40:33] /addskill testona, level
[05/10/2015 00:40:33] /addskill testona, level
[05/10/2015 00:40:33] /addskill testona, level
[05/10/2015 00:40:34] /addskill testona, level
[05/10/2015 00:40:35] /addskill testona, level
[05/10/2015 00:40:35] /addskill testona, level
[05/10/2015 00:40:35] /addskill testona, level
[05/10/2015 00:40:35] /addskill testona, level
[05/10/2015 00:40:35] /addskill testona, level
[05/10/2015 00:40:35] /addskill testona, level
[05/10/2015 00:40:35] /addskill testona, level
[05/10/2015 00:40:35] /addskill testona, level
[05/10/2015 00:40:35] /addskill testona, level
[05/10/2015 00:40:37] /addskill testona, level
[05/10/2015 00:40:37] /addskill testona, level
[05/10/2015 00:40:37] /addskill testona, level
[05/10/2015 00:40:37] /addskill testona, level
[05/10/2015 00:40:38] /addskill testona, level
[05/10/2015 00:40:38] /addskill testona, level
[05/10/2015 00:40:38] /addskill testona, level
[05/10/2015 00:40:39] /addskill testona, level
[05/10/2015 00:40:40] /addskill testona, level
[05/10/2015 00:40:40] /addskill testona, level
[05/10/2015 00:40:41] /addskill testona, level
[05/10/2015 00:40:41] /addskill testona, level
[05/10/2015 00:40:41] /addskill testona, level
[05/10/2015 00:40:41] /addskill testona, level
[05/10/2015 00:44:59] /c test i
[05/10/2015 00:45:03] /c test i
[05/10/2015 00:45:09] /c teste i
[05/10/2015 00:45:19] /addskill teste i, level
[05/10/2015 00:45:20] /addskill teste i, level
[05/10/2015 00:45:20] /addskill teste i, level
[05/10/2015 00:45:22] /addskill teste i, level
[05/10/2015 00:47:41] /c testosterona
[05/10/2015 00:47:46] /c testona
[05/10/2015 00:47:50] /r
[05/10/2015 00:48:04] /m monk
[05/10/2015 00:48:05] /m monk
[05/10/2015 00:48:05] /r
[05/10/2015 00:48:06] /r
[05/10/2015 08:10:45] /a 5
[05/10/2015 09:37:52] /goto namek
[05/10/2015 09:38:39] /goto namek
[05/10/2015 09:40:04] /goto imortal
[05/10/2015 10:19:27] /a 100
[05/10/2015 10:19:30] /a 10
[05/10/2015 10:19:34] /a 10
[05/10/2015 10:19:36] /a 10
[05/10/2015 10:19:39] /a 10
[05/10/2015 10:19:42] /a
[05/10/2015 10:21:23] /c lee rock
[05/10/2015 10:23:43] /c aaaa
[05/10/2015 10:24:29] /addskill lee rock, level
[05/10/2015 10:24:30] /addskill lee rock, level
[05/10/2015 10:24:30] /addskill lee rock, level
[05/10/2015 10:24:30] /addskill lee rock, level
[05/10/2015 10:24:31] /addskill lee rock, level
[05/10/2015 10:24:31] /addskill lee rock, level
[05/10/2015 10:24:31] /addskill lee rock, level
[05/10/2015 10:24:32] /addskill lee rock, level
[05/10/2015 10:24:38] /addskill lee rock, level
[05/10/2015 10:24:40] /addskill lee rock, level
[05/10/2015 10:24:40] /addskill lee rock, level
[05/10/2015 10:24:40] /addskill lee rock, level
[05/10/2015 10:24:41] /addskill lee rock, level
[05/10/2015 10:24:41] /addskill lee rock, level
[05/10/2015 10:24:41] /addskill lee rock, level
[05/10/2015 10:24:41] /addskill lee rock, level
[05/10/2015 10:24:41] /addskill lee rock, level
[05/10/2015 10:24:42] /addskill lee rock, level
[05/10/2015 10:24:42] /addskill lee rock, level
[05/10/2015 10:24:42] /addskill lee rock, level
[05/10/2015 10:24:42] /addskill lee rock, level
[05/10/2015 10:24:42] /addskill lee rock, level
[05/10/2015 10:24:42] /addskill lee rock, level
[05/10/2015 10:24:43] /addskill lee rock, level
[05/10/2015 10:24:44] /addskill lee rock, level
[05/10/2015 10:24:45] /addskill lee rock, level
[05/10/2015 10:24:45] /addskill lee rock, level
[05/10/2015 10:24:45] /addskill lee rock, level
[05/10/2015 10:24:46] /addskill lee rock, level
[05/10/2015 10:24:56] /addskill aaaa, level
[05/10/2015 10:24:56] /addskill aaaa, level
[05/10/2015 10:24:57] /addskill aaaa, level
[05/10/2015 10:24:57] /addskill aaaa, level
[05/10/2015 10:24:57] /addskill aaaa, level
[05/10/2015 10:24:57] /addskill aaaa, level
[05/10/2015 10:24:58] /addskill aaaa, level
[05/10/2015 10:24:58] /addskill aaaa, level
[05/10/2015 10:24:58] /addskill aaaa, level
[05/10/2015 10:24:58] /addskill aaaa, level
[05/10/2015 10:24:58] /addskill aaaa, level
[05/10/2015 10:24:59] /addskill aaaa, level
[05/10/2015 10:24:59] /addskill aaaa, level
[05/10/2015 10:24:59] /addskill aaaa, level
[05/10/2015 10:24:59] /addskill aaaa, level
[05/10/2015 10:24:59] /addskill aaaa, level
[05/10/2015 10:25:00] /addskill aaaa, level
[05/10/2015 10:25:00] /addskill aaaa, level
[05/10/2015 10:25:00] /addskill aaaa, level
[05/10/2015 10:25:00] /addskill aaaa, level
[05/10/2015 10:25:00] /addskill aaaa, level
[05/10/2015 10:25:00] /addskill aaaa, level
[05/10/2015 10:25:02] /addskill aaaa, level
[05/10/2015 10:25:03] /addskill aaaa, level
[05/10/2015 10:25:03] /addskill aaaa, level
[05/10/2015 10:25:05] /addskill aaaa, level
[05/10/2015 10:25:05] /addskill aaaa, level
[05/10/2015 10:25:07] /addskill aaaa, level
[05/10/2015 10:25:07] /addskill aaaa, level
[05/10/2015 10:25:24] /addskill aaaa, magic level
[05/10/2015 10:25:24] /addskill aaaa, magic level
[05/10/2015 10:25:25] /addskill aaaa, magic level
[05/10/2015 10:25:25] /addskill aaaa, magic level
[05/10/2015 10:25:26] /addskill aaaa, magic level
[05/10/2015 10:25:27] /addskill aaaa, magic level
[05/10/2015 10:25:27] /addskill aaaa, magic level
[05/10/2015 10:25:28] /addskill aaaa, magic level
[05/10/2015 10:25:28] /addskill aaaa, magic level
[05/10/2015 10:25:28] /addskill aaaa, magic level
[05/10/2015 10:25:30] /addskill aaaa, magic level
[05/10/2015 10:25:30] /addskill aaaa, magic level
[05/10/2015 10:25:31] /addskill aaaa, magic level
[05/10/2015 10:25:31] /addskill aaaa, magic level
[05/10/2015 10:25:44] /addskill lee rock, magic level
[05/10/2015 10:25:45] /addskill lee rock, magic level
[05/10/2015 10:25:45] /addskill lee rock, magic level
[05/10/2015 10:25:46] /addskill lee rock, magic level
[05/10/2015 10:25:46] /addskill lee rock, magic level
[05/10/2015 10:26:01] /addskill lee rock, club 
[05/10/2015 10:26:02] /addskill lee rock, club 
[05/10/2015 10:26:02] /addskill lee rock, club 
[05/10/2015 10:26:03] /addskill lee rock, club 
[05/10/2015 10:26:04] /addskill lee rock, club 
[05/10/2015 10:26:04] /addskill lee rock, club 
[05/10/2015 10:26:05] /addskill lee rock, club 
[05/10/2015 10:26:05] /addskill lee rock, club 
[05/10/2015 10:26:05] /addskill lee rock, club 
[05/10/2015 10:26:06] /addskill lee rock, club 
[05/10/2015 10:26:18] /addskill lee rock, fist
[05/10/2015 10:26:18] /addskill lee rock, fist
[05/10/2015 10:26:18] /addskill lee rock, fist
[05/10/2015 10:26:19] /addskill lee rock, fist
[05/10/2015 10:26:19] /addskill lee rock, fist
[05/10/2015 10:26:19] /addskill lee rock, fist
[05/10/2015 10:26:19] /addskill lee rock, fist
[05/10/2015 10:26:20] /addskill lee rock, fist
[05/10/2015 10:26:20] /addskill lee rock, fist
[05/10/2015 10:26:20] /addskill lee rock, fist
[05/10/2015 10:26:21] /addskill lee rock, fist
[05/10/2015 10:26:22] /addskill lee rock, fist
[05/10/2015 10:26:22] /addskill lee rock, fist
[05/10/2015 10:26:22] /addskill lee rock, fist
[05/10/2015 10:26:22] /addskill lee rock, fist
[05/10/2015 10:26:23] /addskill lee rock, fist
[05/10/2015 10:26:23] /addskill lee rock, fist
[05/10/2015 10:26:23] /addskill lee rock, fist
[05/10/2015 10:26:24] /addskill lee rock, fist
[05/10/2015 10:26:24] /addskill lee rock, fist
[05/10/2015 10:26:25] /addskill lee rock, fist
[05/10/2015 10:26:25] /addskill lee rock, fist
[05/10/2015 10:26:25] /addskill lee rock, fist
[05/10/2015 10:26:25] /addskill lee rock, fist
[05/10/2015 10:26:26] /addskill lee rock, fist
[05/10/2015 10:26:26] /addskill lee rock, fist
[05/10/2015 10:26:26] /addskill lee rock, fist
[05/10/2015 10:26:26] /addskill lee rock, fist
[05/10/2015 10:26:27] /addskill lee rock, fist
[05/10/2015 10:26:27] /addskill lee rock, fist
[05/10/2015 10:26:27] /addskill lee rock, fist
[05/10/2015 10:26:28] /addskill lee rock, fist
[05/10/2015 10:26:28] /addskill lee rock, fist
[05/10/2015 10:26:28] /addskill lee rock, fist
[05/10/2015 10:26:29] /addskill lee rock, fist
[05/10/2015 10:26:29] /addskill lee rock, fist
[05/10/2015 10:26:29] /addskill lee rock, fist
[05/10/2015 10:26:29] /addskill lee rock, fist
[05/10/2015 10:26:30] /addskill lee rock, fist
[05/10/2015 10:26:30] /addskill lee rock, fist
[05/10/2015 10:26:31] /addskill lee rock, fist
[05/10/2015 10:26:31] /addskill lee rock, fist
[05/10/2015 10:26:32] /addskill lee rock, fist
[05/10/2015 10:26:32] /addskill lee rock, fist
[05/10/2015 10:26:32] /addskill lee rock, fist
[05/10/2015 10:26:32] /addskill lee rock, fist
[05/10/2015 10:26:32] /addskill lee rock, fist
[05/10/2015 10:26:33] /addskill lee rock, fist
[05/10/2015 10:26:33] /addskill lee rock, fist
[05/10/2015 10:26:33] /addskill lee rock, fist
[05/10/2015 10:26:34] /addskill lee rock, fist
[05/10/2015 10:26:34] /addskill lee rock, fist
[05/10/2015 10:26:34] /addskill lee rock, fist
[05/10/2015 10:26:35] /addskill lee rock, fist
[05/10/2015 10:26:35] /addskill lee rock, fist
[05/10/2015 10:26:35] /addskill lee rock, fist
[05/10/2015 10:26:36] /addskill lee rock, fist
[05/10/2015 10:26:36] /addskill lee rock, fist
[05/10/2015 10:26:36] /addskill lee rock, fist
[05/10/2015 10:26:36] /addskill lee rock, fist
[05/10/2015 10:26:37] /addskill lee rock, fist
[05/10/2015 10:26:37] /addskill lee rock, fist
[05/10/2015 10:26:37] /addskill lee rock, fist
[05/10/2015 10:26:38] /addskill lee rock, fist
[05/10/2015 10:26:38] /addskill lee rock, fist
[05/10/2015 10:26:38] /addskill lee rock, fist
[05/10/2015 10:26:39] /addskill lee rock, fist
[05/10/2015 10:26:39] /addskill lee rock, fist
[05/10/2015 10:26:39] /addskill lee rock, fist
[05/10/2015 10:26:39] /addskill lee rock, fist
[05/10/2015 10:27:15] /addskill aaaa, fist
[05/10/2015 10:27:15] /addskill aaaa, fist
[05/10/2015 10:27:15] /addskill aaaa, fist
[05/10/2015 10:27:15] /addskill aaaa, fist
[05/10/2015 10:27:16] /addskill aaaa, fist
[05/10/2015 10:27:16] /addskill aaaa, fist
[05/10/2015 10:27:16] /addskill aaaa, fist
[05/10/2015 10:27:16] /addskill aaaa, fist
[05/10/2015 10:27:16] /addskill aaaa, fist
[05/10/2015 10:27:17] /addskill aaaa, fist
[05/10/2015 10:27:17] /addskill aaaa, fist
[05/10/2015 10:27:17] /addskill aaaa, fist
[05/10/2015 10:27:18] /addskill aaaa, fist
[05/10/2015 10:27:18] /addskill aaaa, fist
[05/10/2015 10:27:18] /addskill aaaa, fist
[05/10/2015 10:27:18] /addskill aaaa, fist
[05/10/2015 10:27:18] /addskill aaaa, fist
[05/10/2015 10:27:18] /addskill aaaa, fist
[05/10/2015 10:27:19] /addskill aaaa, fist
[05/10/2015 10:27:19] /addskill aaaa, fist
[05/10/2015 10:27:20] /addskill aaaa, fist
[05/10/2015 10:27:20] /addskill aaaa, fist
[05/10/2015 10:27:20] /addskill aaaa, fist
[05/10/2015 10:27:20] /addskill aaaa, fist
[05/10/2015 10:27:21] /addskill aaaa, fist
[05/10/2015 10:27:21] /addskill aaaa, fist
[05/10/2015 10:27:21] /addskill aaaa, fist
[05/10/2015 10:27:21] /addskill aaaa, fist
[05/10/2015 10:27:21] /addskill aaaa, fist
[05/10/2015 10:27:22] /addskill aaaa, fist
[05/10/2015 10:27:22] /addskill aaaa, fist
[05/10/2015 10:27:22] /addskill aaaa, fist
[05/10/2015 10:27:23] /addskill aaaa, fist
[05/10/2015 10:27:23] /addskill aaaa, fist
[05/10/2015 10:27:23] /addskill aaaa, fist
[05/10/2015 10:27:23] /addskill aaaa, fist
[05/10/2015 10:27:23] /addskill aaaa, fist
[05/10/2015 10:27:24] /addskill aaaa, fist
[05/10/2015 10:27:24] /addskill aaaa, fist
[05/10/2015 10:27:24] /addskill aaaa, fist
[05/10/2015 10:27:25] /addskill aaaa, fist
[05/10/2015 10:27:25] /addskill aaaa, fist
[05/10/2015 10:27:25] /addskill aaaa, fist
[05/10/2015 10:27:25] /addskill aaaa, fist
[05/10/2015 10:27:25] /addskill aaaa, fist
[05/10/2015 10:27:25] /addskill aaaa, fist
[05/10/2015 10:27:26] /addskill aaaa, fist
[05/10/2015 10:27:26] /addskill aaaa, fist
[05/10/2015 10:27:27] /addskill aaaa, fist
[05/10/2015 10:27:28] /addskill aaaa, fist
[05/10/2015 10:27:28] /addskill aaaa, fist
[05/10/2015 10:27:28] /addskill aaaa, fist
[05/10/2015 10:27:28] /addskill aaaa, fist
[05/10/2015 10:27:28] /addskill aaaa, fist
[05/10/2015 10:27:29] /addskill aaaa, fist
[05/10/2015 10:27:29] /addskill aaaa, fist
[05/10/2015 10:27:29] /addskill aaaa, fist
[05/10/2015 10:27:29] /addskill aaaa, fist
[05/10/2015 10:27:30] /addskill aaaa, fist
[05/10/2015 10:27:30] /addskill aaaa, fist
[05/10/2015 10:27:30] /addskill aaaa, fist
[05/10/2015 10:27:30] /addskill aaaa, fist
[05/10/2015 10:27:31] /addskill aaaa, fist
[05/10/2015 10:27:31] /addskill aaaa, fist
[05/10/2015 10:27:31] /addskill aaaa, fist
[05/10/2015 10:27:31] /addskill aaaa, fist
[05/10/2015 10:27:31] /addskill aaaa, fist
[05/10/2015 10:27:32] /addskill aaaa, fist
[05/10/2015 10:27:40] /addskill aaaa, fist
[05/10/2015 10:27:40] /addskill aaaa, fist
[05/10/2015 10:27:48] /addskill aaaa, club
[05/10/2015 10:27:48] /addskill aaaa, club
[05/10/2015 10:27:48] /addskill aaaa, club
[05/10/2015 10:27:49] /addskill aaaa, club
[05/10/2015 10:27:49] /addskill aaaa, club
[05/10/2015 10:27:49] /addskill aaaa, club
[05/10/2015 10:27:49] /addskill aaaa, club
[05/10/2015 10:27:49] /addskill aaaa, club
[05/10/2015 10:27:50] /addskill aaaa, club
[05/10/2015 10:27:50] /addskill aaaa, club
[05/10/2015 10:28:22] /i pill
[05/10/2015 10:28:23] /i pill
[05/10/2015 10:28:23] /i pill
[05/10/2015 10:28:23] /i pill
[05/10/2015 10:28:23] /i pill
[05/10/2015 10:28:23] /i pill
[05/10/2015 10:28:23] /i pill
[05/10/2015 10:28:23] /i pill
[05/10/2015 10:28:23] /i pill
[05/10/2015 10:28:23] /i pill
[05/10/2015 10:28:23] /i pill
[05/10/2015 10:28:23] /i pill
[05/10/2015 10:28:23] /i pill
[05/10/2015 10:28:23] /i pill
[05/10/2015 10:28:23] /i pill
[05/10/2015 10:28:23] /i pill
[05/10/2015 10:28:23] /i pill
[05/10/2015 10:28:23] /i pill
[05/10/2015 10:28:23] /i pill
[05/10/2015 10:28:23] /i pill
[05/10/2015 10:28:23] /i pill
[05/10/2015 10:28:23] /i pill
[05/10/2015 10:28:23] /i pill
[05/10/2015 10:28:23] /i pill
[05/10/2015 10:28:23] /i pill
[05/10/2015 10:28:23] /i pill
[05/10/2015 10:28:24] /i pill
[05/10/2015 10:28:24] /i pill
[05/10/2015 10:28:24] /i pill
[05/10/2015 10:28:24] /i pill
[05/10/2015 10:28:24] /i pill
[05/10/2015 10:28:24] /i pill
[05/10/2015 10:28:24] /i pill
[05/10/2015 10:28:24] /i pill
[05/10/2015 10:28:24] /i pill
[05/10/2015 10:28:24] /i pill
[05/10/2015 10:28:24] /i pill
[05/10/2015 10:28:24] /i pill
[05/10/2015 10:28:24] /i pill
[05/10/2015 10:28:24] /i pill
[05/10/2015 10:28:24] /i pill
[05/10/2015 10:28:24] /i pill
[05/10/2015 10:28:24] /i pill
[05/10/2015 10:28:24] /i pill
[05/10/2015 10:28:24] /i pill
[05/10/2015 10:28:24] /i pill
[05/10/2015 10:28:24] /i pill
[05/10/2015 10:28:24] /i pill
[05/10/2015 10:28:24] /i pill
[05/10/2015 10:28:24] /i pill
[05/10/2015 10:28:24] /i pill
[05/10/2015 10:28:24] /i pill
[05/10/2015 10:28:24] /i pill
[05/10/2015 10:28:24] /i pill
[05/10/2015 10:28:24] /i pill
[05/10/2015 10:28:25] /i pill
[05/10/2015 10:28:25] /i pill
[05/10/2015 10:28:25] /i pill
[05/10/2015 10:28:25] /i pill
[05/10/2015 10:28:25] /i pill
[05/10/2015 10:28:25] /i pill
[05/10/2015 10:28:25] /i pill
[05/10/2015 10:28:25] /i pill
[05/10/2015 10:28:25] /i pill
[05/10/2015 10:28:25] /i pill
[05/10/2015 10:28:25] /i pill
[05/10/2015 10:28:25] /i pill
[05/10/2015 10:28:25] /i pill
[05/10/2015 10:28:25] /i pill
[05/10/2015 10:28:25] /i pill
[05/10/2015 10:28:25] /i pill
[05/10/2015 10:28:25] /i pill
[05/10/2015 10:28:25] /i pill
[05/10/2015 10:28:25] /i pill
[05/10/2015 10:28:25] /i pill
[05/10/2015 10:28:25] /i pill
[05/10/2015 10:28:25] /i pill
[05/10/2015 10:28:25] /i pill
[05/10/2015 10:28:25] /i pill
[05/10/2015 10:28:25] /i pill
[05/10/2015 10:28:25] /i pill
[05/10/2015 10:28:25] /i pill
[05/10/2015 10:28:25] /i pill
[05/10/2015 10:28:26] /i pill
[05/10/2015 10:28:26] /i pill
[05/10/2015 10:28:26] /i pill
[05/10/2015 10:28:26] /i pill
[05/10/2015 10:28:26] /i pill
[05/10/2015 10:28:26] /i pill
[05/10/2015 10:28:26] /i pill
[05/10/2015 10:28:26] /i pill
[05/10/2015 10:28:26] /i pill
[05/10/2015 10:28:26] /i pill
[05/10/2015 10:28:26] /i pill
[05/10/2015 10:28:26] /i pill
[05/10/2015 10:28:26] /i pill
[05/10/2015 10:28:26] /i pill
[05/10/2015 10:28:26] /i pill
[05/10/2015 10:28:26] /i pill
[05/10/2015 10:28:26] /i pill
[05/10/2015 10:28:26] /i pill
[05/10/2015 10:28:26] /i pill
[05/10/2015 10:28:26] /i pill
[05/10/2015 10:28:26] /i pill
[05/10/2015 10:28:26] /i pill
[05/10/2015 10:28:26] /i pill
[05/10/2015 10:28:26] /i pill
[05/10/2015 10:28:26] /i pill
[05/10/2015 10:28:26] /i pill
[05/10/2015 10:28:26] /i pill
[05/10/2015 10:28:27] /i pill
[05/10/2015 10:28:27] /i pill
[05/10/2015 10:28:27] /i pill
[05/10/2015 10:28:27] /i pill
[05/10/2015 10:28:27] /i pill
[05/10/2015 10:28:27] /i pill
[05/10/2015 10:28:27] /i pill
[05/10/2015 10:28:27] /i pill
[05/10/2015 10:28:27] /i pill
[05/10/2015 10:28:27] /i pill
[05/10/2015 10:28:27] /i pill
[05/10/2015 10:28:27] /i pill
[05/10/2015 10:28:27] /i pill
[05/10/2015 10:28:27] /i pill
[05/10/2015 10:28:27] /i pill
[05/10/2015 10:28:27] /i pill
[05/10/2015 10:28:27] /i pill
[05/10/2015 10:28:27] /i pill
[05/10/2015 10:28:27] /i pill
[05/10/2015 10:28:27] /i pill
[05/10/2015 10:28:27] /i pill
[05/10/2015 10:28:27] /i pill
[05/10/2015 10:28:27] /i pill
[05/10/2015 10:28:27] /i pill
[05/10/2015 10:28:27] /i pill
[05/10/2015 10:28:27] /i pill
[05/10/2015 10:28:27] /i pill
[05/10/2015 10:28:27] /i pill
[05/10/2015 10:28:27] /i pill
[05/10/2015 10:28:27] /i pill
[05/10/2015 10:28:28] /i pill
[05/10/2015 10:28:28] /i pill
[05/10/2015 10:28:28] /i pill
[05/10/2015 10:28:28] /i pill
[05/10/2015 10:28:28] /i pill
[05/10/2015 10:28:28] /i pill
[05/10/2015 10:28:28] /i pill
[05/10/2015 10:28:28] /i pill
[05/10/2015 10:28:28] /i pill
[05/10/2015 10:28:28] /i pill
[05/10/2015 10:28:28] /i pill
[05/10/2015 10:28:28] /i pill
[05/10/2015 10:28:28] /i pill
[05/10/2015 10:28:28] /i pill
[05/10/2015 10:28:28] /i pill
[05/10/2015 10:28:28] /i pill
[05/10/2015 10:28:28] /i pill
[05/10/2015 10:28:28] /i pill
[05/10/2015 10:28:28] /i pill
[05/10/2015 10:28:28] /i pill
[05/10/2015 10:28:28] /i pill
[05/10/2015 10:28:28] /i pill
[05/10/2015 10:28:28] /i pill
[05/10/2015 10:28:28] /i pill
[05/10/2015 10:28:28] /i pill
[05/10/2015 10:28:28] /i pill
[05/10/2015 10:28:29] /i pill
[05/10/2015 10:28:29] /i pill
[05/10/2015 10:28:29] /i pill
[05/10/2015 10:28:29] /i pill
[05/10/2015 10:28:29] /i pill
[05/10/2015 10:28:29] /i pill
[05/10/2015 10:28:29] /i pill
[05/10/2015 10:28:29] /i pill
[05/10/2015 10:28:29] /i pill
[05/10/2015 10:28:29] /i pill
[05/10/2015 10:28:29] /i pill
[05/10/2015 10:28:29] /i pill
[05/10/2015 10:28:29] /i pill
[05/10/2015 10:28:29] /i pill
[05/10/2015 10:28:29] /i pill
[05/10/2015 10:28:29] /i pill
[05/10/2015 10:28:29] /i pill
[05/10/2015 10:28:29] /i pill
[05/10/2015 10:28:29] /i pill
[05/10/2015 10:28:29] /i pill
[05/10/2015 10:28:29] /i pill
[05/10/2015 10:28:29] /i pill
[05/10/2015 10:28:29] /i pill
[05/10/2015 10:28:29] /i pill
[05/10/2015 10:28:29] /i pill
[05/10/2015 10:28:29] /i pill
[05/10/2015 10:28:29] /i pill
[05/10/2015 10:28:29] /i pill
[05/10/2015 10:28:29] /i pill
[05/10/2015 10:28:30] /i pill
[05/10/2015 10:28:30] /i pill
[05/10/2015 10:28:30] /i pill
[05/10/2015 10:28:30] /i pill
[05/10/2015 10:28:30] /i pill
[05/10/2015 10:28:30] /i pill
[05/10/2015 10:28:30] /i pill
[05/10/2015 10:28:30] /i pill
[05/10/2015 10:28:30] /i pill
[05/10/2015 10:28:30] /i pill
[05/10/2015 10:28:30] /i pill
[05/10/2015 10:28:30] /i pill
[05/10/2015 10:28:30] /i pill
[05/10/2015 10:28:30] /i pill
[05/10/2015 10:28:30] /i pill
[05/10/2015 10:28:30] /i pill
[05/10/2015 10:28:30] /i pill
[05/10/2015 10:28:30] /i pill
[05/10/2015 10:28:30] /i pill
[05/10/2015 10:28:30] /i pill
[05/10/2015 10:28:30] /i pill
[05/10/2015 10:28:30] /i pill
[05/10/2015 10:28:30] /i pill
[05/10/2015 10:28:30] /i pill
[05/10/2015 10:28:30] /i pill
[05/10/2015 10:28:30] /i pill
[05/10/2015 10:28:30] /i pill
[05/10/2015 10:28:31] /i pill
[05/10/2015 10:28:31] /i pill
[05/10/2015 10:28:31] /i pill
[05/10/2015 10:28:31] /i pill
[05/10/2015 10:28:31] /i pill
[05/10/2015 10:28:31] /i pill
[05/10/2015 10:28:31] /i pill
[05/10/2015 10:28:31] /i pill
[05/10/2015 10:28:31] /i pill
[05/10/2015 10:28:31] /i pill
[05/10/2015 10:28:31] /i pill
[05/10/2015 10:28:31] /i pill
[05/10/2015 10:28:31] /i pill
[05/10/2015 10:28:31] /i pill
[05/10/2015 10:28:31] /i pill
[05/10/2015 10:28:31] /i pill
[05/10/2015 10:28:31] /i pill
[05/10/2015 10:28:31] /i pill
[05/10/2015 10:28:31] /i pill
[05/10/2015 10:28:31] /i pill
[05/10/2015 10:28:31] /i pill
[05/10/2015 10:28:31] /i pill
[05/10/2015 10:28:31] /i pill
[05/10/2015 10:28:31] /i pill
[05/10/2015 10:28:31] /i pill
[05/10/2015 10:28:31] /i pill
[05/10/2015 10:28:31] /i pill
[05/10/2015 10:28:31] /i pill
[05/10/2015 10:28:31] /i pill
[05/10/2015 10:28:32] /i pill
[05/10/2015 10:28:32] /i pill
[05/10/2015 10:28:32] /i pill
[05/10/2015 10:28:32] /i pill
[05/10/2015 10:28:32] /i pill
[05/10/2015 10:28:32] /i pill
[05/10/2015 10:28:32] /i pill
[05/10/2015 10:28:32] /i pill
[05/10/2015 10:28:32] /i pill
[05/10/2015 10:28:32] /i pill
[05/10/2015 10:28:32] /i pill
[05/10/2015 10:28:32] /i pill
[05/10/2015 10:28:32] /i pill
[05/10/2015 10:28:32] /i pill
[05/10/2015 10:28:32] /i pill
[05/10/2015 10:28:32] /i pill
[05/10/2015 10:28:32] /i pill
[05/10/2015 10:28:32] /i pill
[05/10/2015 10:28:32] /i pill
[05/10/2015 10:28:32] /i pill
[05/10/2015 10:28:32] /i pill
[05/10/2015 10:28:32] /i pill
[05/10/2015 10:28:32] /i pill
[05/10/2015 10:28:32] /i pill
[05/10/2015 10:28:32] /i pill
[05/10/2015 10:28:32] /i pill
[05/10/2015 10:28:32] /i pill
[05/10/2015 10:28:33] /i pill
[05/10/2015 10:28:33] /i pill
[05/10/2015 10:28:33] /i pill
[05/10/2015 10:28:33] /i pill
[05/10/2015 10:28:33] /i pill
[05/10/2015 10:28:33] /i pill
[05/10/2015 10:28:33] /i pill
[05/10/2015 10:28:33] /i pill
[05/10/2015 10:28:33] /i pill
[05/10/2015 10:28:33] /i pill
[05/10/2015 10:28:33] /i pill
[05/10/2015 10:28:33] /i pill
[05/10/2015 10:28:33] /i pill
[05/10/2015 10:28:33] /i pill
[05/10/2015 10:28:33] /i pill
[05/10/2015 10:28:33] /i pill
[05/10/2015 10:28:33] /i pill
[05/10/2015 10:28:33] /i pill
[05/10/2015 10:28:33] /i pill
[05/10/2015 10:28:33] /i pill
[05/10/2015 10:28:33] /i pill
[05/10/2015 10:28:33] /i pill
[05/10/2015 10:28:33] /i pill
[05/10/2015 10:28:33] /i pill
[05/10/2015 10:28:33] /i pill
[05/10/2015 10:28:33] /i pill
[05/10/2015 10:28:33] /i pill
[05/10/2015 10:28:33] /i pill
[05/10/2015 10:28:33] /i pill
[05/10/2015 10:28:33] /i pill
[05/10/2015 10:28:34] /i pill
[05/10/2015 10:28:34] /i pill
[05/10/2015 10:28:34] /i pill
[05/10/2015 10:28:34] /i pill
[05/10/2015 10:28:34] /i pill
[05/10/2015 10:28:34] /i pill
[05/10/2015 10:28:34] /i pill
[05/10/2015 10:28:34] /i pill
[05/10/2015 10:28:34] /i pill
[05/10/2015 10:28:34] /i pill
[05/10/2015 10:28:34] /i pill
[05/10/2015 10:28:34] /i pill
[05/10/2015 10:28:34] /i pill
[05/10/2015 10:28:34] /i pill
[05/10/2015 10:28:34] /i pill
[05/10/2015 10:28:34] /i pill
[05/10/2015 10:28:34] /i pill
[05/10/2015 10:28:34] /i pill
[05/10/2015 10:28:34] /i pill
[05/10/2015 10:28:34] /i pill
[05/10/2015 10:28:34] /i pill
[05/10/2015 10:28:34] /i pill
[05/10/2015 10:28:34] /i pill
[05/10/2015 10:28:34] /i pill
[05/10/2015 10:28:34] /i pill
[05/10/2015 10:28:35] /i pill
[05/10/2015 10:28:35] /i pill
[05/10/2015 10:28:35] /i pill
[05/10/2015 10:28:35] /i pill
[05/10/2015 10:28:35] /i pill
[05/10/2015 10:28:35] /i pill
[05/10/2015 10:28:35] /i pill
[05/10/2015 10:28:35] /i pill
[05/10/2015 10:28:35] /i pill
[05/10/2015 10:28:35] /i pill
[05/10/2015 10:28:35] /i pill
[05/10/2015 10:28:35] /i pill
[05/10/2015 10:28:35] /i pill
[05/10/2015 10:28:35] /i pill
[05/10/2015 10:28:35] /i pill
[05/10/2015 10:28:35] /i pill
[05/10/2015 10:28:35] /i pill
[05/10/2015 10:28:35] /i pill
[05/10/2015 10:28:35] /i pill
[05/10/2015 10:28:35] /i pill
[05/10/2015 10:28:35] /i pill
[05/10/2015 10:28:35] /i pill
[05/10/2015 10:28:35] /i pill
[05/10/2015 10:28:35] /i pill
[05/10/2015 10:28:35] /i pill
[05/10/2015 10:28:35] /i pill
[05/10/2015 10:28:35] /i pill
[05/10/2015 10:28:35] /i pill
[05/10/2015 10:28:35] /i pill
[05/10/2015 10:28:35] /i pill
[05/10/2015 10:28:36] /i pill
[05/10/2015 10:28:36] /i pill
[05/10/2015 10:28:36] /i pill
[05/10/2015 10:28:36] /i pill
[05/10/2015 10:28:36] /i pill
[05/10/2015 10:28:36] /i pill
[05/10/2015 10:28:36] /i pill
[05/10/2015 10:28:36] /i pill
[05/10/2015 10:28:36] /i pill
[05/10/2015 10:28:36] /i pill
[05/10/2015 10:28:36] /i pill
[05/10/2015 10:28:36] /i pill
[05/10/2015 10:28:36] /i pill
[05/10/2015 10:28:36] /i pill
[05/10/2015 10:28:36] /i pill
[05/10/2015 10:28:36] /i pill
[05/10/2015 10:28:36] /i pill
[05/10/2015 10:28:36] /i pill
[05/10/2015 10:28:36] /i pill
[05/10/2015 10:28:36] /i pill
[05/10/2015 10:28:36] /i pill
[05/10/2015 10:28:36] /i pill
[05/10/2015 10:28:36] /i pill
[05/10/2015 10:28:36] /i pill
[05/10/2015 10:28:36] /i pill
[05/10/2015 10:28:37] /i pill
[05/10/2015 10:28:37] /i pill
[05/10/2015 10:28:37] /i pill
[05/10/2015 10:28:37] /i pill
[05/10/2015 10:28:37] /i pill
[05/10/2015 10:28:37] /i pill
[05/10/2015 10:28:37] /i pill
[05/10/2015 10:28:37] /i pill
[05/10/2015 10:28:37] /i pill
[05/10/2015 10:28:37] /i pill
[05/10/2015 10:28:37] /i pill
[05/10/2015 10:28:37] /i pill
[05/10/2015 10:28:37] /i pill
[05/10/2015 10:28:37] /i pill
[05/10/2015 10:28:37] /i pill
[05/10/2015 10:28:37] /i pill
[05/10/2015 10:28:37] /i pill
[05/10/2015 10:28:37] /i pill
[05/10/2015 10:28:37] /i pill
[05/10/2015 10:28:37] /i pill
[05/10/2015 10:28:37] /i pill
[05/10/2015 10:28:37] /i pill
[05/10/2015 10:28:37] /i pill
[05/10/2015 10:28:37] /i pill
[05/10/2015 10:28:37] /i pill
[05/10/2015 10:28:37] /i pill
[05/10/2015 10:28:37] /i pill
[05/10/2015 10:28:37] /i pill
[05/10/2015 10:28:37] /i pill
[05/10/2015 10:28:37] /i pill
[05/10/2015 10:28:37] /i pill
[05/10/2015 10:28:38] /i pill
[05/10/2015 10:28:38] /i pill
[05/10/2015 10:28:38] /i pill
[05/10/2015 10:28:38] /i pill
[05/10/2015 10:28:38] /i pill
[05/10/2015 10:28:38] /i pill
[05/10/2015 10:28:38] /i pill
[05/10/2015 10:28:38] /i pill
[05/10/2015 10:28:38] /i pill
[05/10/2015 10:28:38] /i pill
[05/10/2015 10:28:38] /i pill
[05/10/2015 10:28:38] /i pill
[05/10/2015 10:28:38] /i pill
[05/10/2015 10:28:38] /i pill
[05/10/2015 10:28:38] /i pill
[05/10/2015 10:28:38] /i pill
[05/10/2015 10:28:38] /i pill
[05/10/2015 10:28:38] /i pill
[05/10/2015 10:28:38] /i pill
[05/10/2015 10:28:38] /i pill
[05/10/2015 10:28:38] /i pill
[05/10/2015 10:28:38] /i pill
[05/10/2015 10:28:38] /i pill
[05/10/2015 10:28:38] /i pill
[05/10/2015 10:28:38] /i pill
[05/10/2015 10:28:38] /i pill
[05/10/2015 10:28:39] /i pill
[05/10/2015 10:28:39] /i pill
[05/10/2015 10:28:39] /i pill
[05/10/2015 10:28:39] /i pill
[05/10/2015 10:28:39] /i pill
[05/10/2015 10:28:39] /i pill
[05/10/2015 10:28:39] /i pill
[05/10/2015 10:28:39] /i pill
[05/10/2015 10:28:39] /i pill
[05/10/2015 10:28:39] /i pill
[05/10/2015 10:28:39] /i pill
[05/10/2015 10:28:39] /i pill
[05/10/2015 10:28:39] /i pill
[05/10/2015 10:28:39] /i pill
[05/10/2015 10:28:39] /i pill
[05/10/2015 10:28:39] /i pill
[05/10/2015 10:28:39] /i pill
[05/10/2015 10:28:39] /i pill
[05/10/2015 10:28:39] /i pill
[05/10/2015 10:28:39] /i pill
[05/10/2015 10:28:39] /i pill
[05/10/2015 10:28:39] /i pill
[05/10/2015 10:28:39] /i pill
[05/10/2015 10:28:39] /i pill
[05/10/2015 10:28:39] /i pill
[05/10/2015 10:28:39] /i pill
[05/10/2015 10:28:39] /i pill
[05/10/2015 10:28:39] /i pill
[05/10/2015 10:28:39] /i pill
[05/10/2015 10:28:39] /i pill
[05/10/2015 10:28:39] /i pill
[05/10/2015 10:28:40] /i pill
[05/10/2015 10:28:40] /i pill
[05/10/2015 10:28:40] /i pill
[05/10/2015 10:28:40] /i pill
[05/10/2015 10:28:40] /i pill
[05/10/2015 10:28:40] /i pill
[05/10/2015 10:28:40] /i pill
[05/10/2015 10:28:40] /i pill
[05/10/2015 10:28:40] /i pill
[05/10/2015 10:28:40] /i pill
[05/10/2015 10:28:40] /i pill
[05/10/2015 10:28:40] /i pill
[05/10/2015 10:28:40] /i pill
[05/10/2015 10:28:40] /i pill
[05/10/2015 10:28:40] /i pill
[05/10/2015 10:28:40] /i pill
[05/10/2015 10:28:40] /i pill
[05/10/2015 10:28:40] /i pill
[05/10/2015 10:28:40] /i pill
[05/10/2015 10:28:40] /i pill
[05/10/2015 10:28:40] /i pill
[05/10/2015 10:28:40] /i pill
[05/10/2015 10:28:40] /i pill
[05/10/2015 10:28:40] /i pill
[05/10/2015 10:28:41] /i pill
[05/10/2015 10:28:41] /i pill
[05/10/2015 10:28:41] /i pill
[05/10/2015 10:28:41] /i pill
[05/10/2015 10:28:41] /i pill
[05/10/2015 10:28:41] /i pill
[05/10/2015 10:28:41] /i pill
[05/10/2015 10:28:41] /i pill
[05/10/2015 10:28:41] /i pill
[05/10/2015 10:28:41] /i pill
[05/10/2015 10:28:41] /i pill
[05/10/2015 10:28:41] /i pill
[05/10/2015 10:28:41] /i pill
[05/10/2015 10:28:41] /i pill
[05/10/2015 10:28:41] /i pill
[05/10/2015 10:28:41] /i pill
[05/10/2015 10:28:41] /i pill
[05/10/2015 10:28:41] /i pill
[05/10/2015 10:28:41] /i pill
[05/10/2015 10:28:41] /i pill
[05/10/2015 10:28:41] /i pill
[05/10/2015 10:28:41] /i pill
[05/10/2015 10:28:41] /i pill
[05/10/2015 10:28:41] /i pill
[05/10/2015 10:28:41] /i pill
[05/10/2015 10:28:41] /i pill
[05/10/2015 10:28:41] /i pill
[05/10/2015 10:28:41] /i pill
[05/10/2015 10:28:41] /i pill
[05/10/2015 10:28:42] /i pill
[05/10/2015 10:28:42] /i pill
[05/10/2015 10:28:42] /i pill
[05/10/2015 10:28:42] /i pill
[05/10/2015 10:28:42] /i pill
[05/10/2015 10:28:42] /i pill
[05/10/2015 10:28:42] /i pill
[05/10/2015 10:28:42] /i pill
[05/10/2015 10:28:42] /i pill
[05/10/2015 10:28:42] /i pill
[05/10/2015 10:28:42] /i pill
[05/10/2015 10:28:42] /i pill
[05/10/2015 10:28:42] /i pill
[05/10/2015 10:28:42] /i pill
[05/10/2015 10:28:42] /i pill
[05/10/2015 10:28:42] /i pill
[05/10/2015 10:28:42] /i pill
[05/10/2015 10:28:42] /i pill
[05/10/2015 10:28:42] /i pill
[05/10/2015 10:28:42] /i pill
[05/10/2015 10:28:42] /i pill
[05/10/2015 10:28:42] /i pill
[05/10/2015 10:28:42] /i pill
[05/10/2015 10:28:42] /i pill
[05/10/2015 10:28:42] /i pill
[05/10/2015 10:28:42] /i pill
[05/10/2015 10:28:42] /i pill
[05/10/2015 10:28:42] /i pill
[05/10/2015 10:28:43] /i pill
[05/10/2015 10:28:43] /i pill
[05/10/2015 10:28:43] /i pill
[05/10/2015 10:28:43] /i pill
[05/10/2015 10:28:50] /i vampire gloves
[05/10/2015 10:28:51] /i vampire gloves
[05/10/2015 10:28:55] /i samurai armor
[05/10/2015 10:28:56] /i samurai armor
[05/10/2015 10:29:01] /i black trousers
[05/10/2015 10:29:03] /i black trousers
[05/10/2015 10:29:06] /i sandals
[05/10/2015 10:29:07] /i sandals
[05/10/2015 10:29:17] /i cyborg helmet
[05/10/2015 10:29:18] /i cyborg helmet
[05/10/2015 10:29:26] /i meat
[05/10/2015 10:29:27] /i meat
[05/10/2015 10:29:28] /i meat
[05/10/2015 10:29:28] /i meat
[05/10/2015 10:29:29] /i meat
[05/10/2015 10:29:29] /i meat
[05/10/2015 10:29:30] /i meat
[05/10/2015 10:29:40] /i akatsuki ring
[05/10/2015 10:29:40] /i akatsuki ring
[05/10/2015 10:29:40] /i akatsuki ring
[05/10/2015 10:29:40] /i akatsuki ring
[05/10/2015 10:29:40] /i akatsuki ring
[05/10/2015 10:29:40] /i akatsuki ring
[05/10/2015 10:29:40] /i akatsuki ring
[05/10/2015 10:29:41] /i akatsuki ring
[05/10/2015 10:29:41] /i akatsuki ring
[05/10/2015 10:29:41] /i akatsuki ring
[05/10/2015 10:29:41] /i akatsuki ring
[05/10/2015 10:29:41] /i akatsuki ring
[05/10/2015 10:29:41] /i akatsuki ring
[05/10/2015 10:29:41] /i akatsuki ring
[05/10/2015 10:29:41] /i akatsuki ring
[05/10/2015 10:29:41] /i akatsuki ring
[05/10/2015 10:29:41] /i akatsuki ring
[05/10/2015 10:29:41] /i akatsuki ring
[05/10/2015 10:29:41] /i akatsuki ring
[05/10/2015 10:29:41] /i akatsuki ring
[05/10/2015 10:29:41] /i akatsuki ring
[05/10/2015 10:29:41] /i akatsuki ring
[05/10/2015 10:29:41] /i akatsuki ring
[05/10/2015 10:29:41] /i akatsuki ring
[05/10/2015 10:29:41] /i akatsuki ring
[05/10/2015 10:29:41] /i akatsuki ring
[05/10/2015 10:29:41] /i akatsuki ring
[05/10/2015 10:29:41] /i akatsuki ring
[05/10/2015 10:29:41] /i akatsuki ring
[05/10/2015 10:29:41] /i akatsuki ring
[05/10/2015 10:29:41] /i akatsuki ring
[05/10/2015 10:29:41] /i akatsuki ring
[05/10/2015 10:29:41] /i akatsuki ring
[05/10/2015 10:29:41] /i akatsuki ring
[05/10/2015 10:29:41] /i akatsuki ring
[05/10/2015 10:29:41] /i akatsuki ring
[05/10/2015 10:29:41] /i akatsuki ring
[05/10/2015 10:29:41] /i akatsuki ring
[05/10/2015 10:29:41] /i akatsuki ring
[05/10/2015 10:29:41] /i akatsuki ring
[05/10/2015 10:29:42] /i akatsuki ring
[05/10/2015 10:29:42] /i akatsuki ring
[05/10/2015 10:29:42] /i akatsuki ring
[05/10/2015 10:29:42] /i akatsuki ring
[05/10/2015 10:29:42] /i akatsuki ring
[05/10/2015 10:29:42] /i akatsuki ring
[05/10/2015 10:29:42] /i akatsuki ring
[05/10/2015 10:29:42] /i akatsuki ring
[05/10/2015 10:29:42] /i akatsuki ring
[05/10/2015 10:29:42] /i akatsuki ring
[05/10/2015 10:29:42] /i akatsuki ring
[05/10/2015 10:29:42] /i akatsuki ring
[05/10/2015 10:29:42] /i akatsuki ring
[05/10/2015 10:29:42] /i akatsuki ring
[05/10/2015 10:29:42] /i akatsuki ring
[05/10/2015 10:29:42] /i akatsuki ring
[05/10/2015 10:29:42] /i akatsuki ring
[05/10/2015 10:29:42] /i akatsuki ring
[05/10/2015 10:29:42] /i akatsuki ring
[05/10/2015 10:29:42] /i akatsuki ring
[05/10/2015 10:29:42] /i akatsuki ring
[05/10/2015 10:29:42] /i akatsuki ring
[05/10/2015 10:29:42] /i akatsuki ring
[05/10/2015 10:29:42] /i akatsuki ring
[05/10/2015 10:29:42] /i akatsuki ring
[05/10/2015 10:29:42] /i akatsuki ring
[05/10/2015 10:29:42] /i akatsuki ring
[05/10/2015 10:29:43] /i akatsuki ring
[05/10/2015 10:29:43] /i akatsuki ring
[05/10/2015 10:29:43] /i akatsuki ring
[05/10/2015 10:29:43] /i akatsuki ring
[05/10/2015 10:29:43] /i akatsuki ring
[05/10/2015 10:29:43] /i akatsuki ring
[05/10/2015 10:29:43] /i akatsuki ring
[05/10/2015 10:29:43] /i akatsuki ring
[05/10/2015 10:29:43] /i akatsuki ring
[05/10/2015 10:29:43] /i akatsuki ring
[05/10/2015 10:29:43] /i akatsuki ring
[05/10/2015 10:29:43] /i akatsuki ring
[05/10/2015 10:29:43] /i akatsuki ring
[05/10/2015 10:29:43] /i akatsuki ring
[05/10/2015 10:29:43] /i akatsuki ring
[05/10/2015 10:29:43] /i akatsuki ring
[05/10/2015 10:29:43] /i akatsuki ring
[05/10/2015 10:29:43] /i akatsuki ring
[05/10/2015 10:29:43] /i akatsuki ring
[05/10/2015 10:29:43] /i akatsuki ring
[05/10/2015 10:29:43] /i akatsuki ring
[05/10/2015 10:29:43] /i akatsuki ring
[05/10/2015 10:29:43] /i akatsuki ring
[05/10/2015 10:29:43] /i akatsuki ring
[05/10/2015 10:29:43] /i akatsuki ring
[05/10/2015 10:29:43] /i akatsuki ring
[05/10/2015 10:29:43] /i akatsuki ring
[05/10/2015 10:29:44] /i akatsuki ring
[05/10/2015 10:29:44] /i akatsuki ring
[05/10/2015 10:29:44] /i akatsuki ring
[05/10/2015 10:29:44] /i akatsuki ring
[05/10/2015 10:29:44] /i akatsuki ring
[05/10/2015 10:29:44] /i akatsuki ring
[05/10/2015 10:29:44] /i akatsuki ring
[05/10/2015 10:29:44] /i akatsuki ring
[05/10/2015 10:29:44] /i akatsuki ring
[05/10/2015 10:29:44] /i akatsuki ring
[05/10/2015 10:29:44] /i akatsuki ring
[05/10/2015 10:29:44] /i akatsuki ring
[05/10/2015 10:29:44] /i akatsuki ring
[05/10/2015 10:29:44] /i akatsuki ring
[05/10/2015 10:29:44] /i akatsuki ring
[05/10/2015 10:29:44] /i akatsuki ring
[05/10/2015 10:29:44] /i akatsuki ring
[05/10/2015 10:29:44] /i akatsuki ring
[05/10/2015 10:29:44] /i akatsuki ring
[05/10/2015 10:29:44] /i akatsuki ring
[05/10/2015 10:29:44] /i akatsuki ring
[05/10/2015 10:29:44] /i akatsuki ring
[05/10/2015 10:29:44] /i akatsuki ring
[05/10/2015 10:29:44] /i akatsuki ring
[05/10/2015 10:29:44] /i akatsuki ring
[05/10/2015 10:29:44] /i akatsuki ring
[05/10/2015 10:29:44] /i akatsuki ring
[05/10/2015 10:29:44] /i akatsuki ring
[05/10/2015 10:29:44] /i akatsuki ring
[05/10/2015 10:29:44] /i akatsuki ring
[05/10/2015 10:29:45] /i akatsuki ring
[05/10/2015 10:29:45] /i akatsuki ring
[05/10/2015 10:29:45] /i akatsuki ring
[05/10/2015 10:29:45] /i akatsuki ring
[05/10/2015 10:29:45] /i akatsuki ring
[05/10/2015 10:29:45] /i akatsuki ring
[05/10/2015 10:29:45] /i akatsuki ring
[05/10/2015 10:29:45] /i akatsuki ring
[05/10/2015 10:29:45] /i akatsuki ring
[05/10/2015 10:29:45] /i akatsuki ring
[05/10/2015 10:29:45] /i akatsuki ring
[05/10/2015 10:29:45] /i akatsuki ring
[05/10/2015 10:29:45] /i akatsuki ring
[05/10/2015 10:29:45] /i akatsuki ring
[05/10/2015 10:29:45] /i akatsuki ring
[05/10/2015 10:29:45] /i akatsuki ring
[05/10/2015 10:29:45] /i akatsuki ring
[05/10/2015 10:29:45] /i akatsuki ring
[05/10/2015 10:29:45] /i akatsuki ring
[05/10/2015 10:29:45] /i akatsuki ring
[05/10/2015 10:29:45] /i akatsuki ring
[05/10/2015 10:29:45] /i akatsuki ring
[05/10/2015 10:29:45] /i akatsuki ring
[05/10/2015 10:29:45] /i akatsuki ring
[05/10/2015 10:29:45] /i akatsuki ring
[05/10/2015 10:29:45] /i akatsuki ring
[05/10/2015 10:29:46] /i akatsuki ring
[05/10/2015 10:29:46] /i akatsuki ring
[05/10/2015 10:29:46] /i akatsuki ring
[05/10/2015 10:29:46] /i akatsuki ring
[05/10/2015 10:29:46] /i akatsuki ring
[05/10/2015 10:29:46] /i akatsuki ring
[05/10/2015 10:29:46] /i akatsuki ring
[05/10/2015 10:29:46] /i akatsuki ring
[05/10/2015 10:29:46] /i akatsuki ring
[05/10/2015 10:29:46] /i akatsuki ring
[05/10/2015 10:29:46] /i akatsuki ring
[05/10/2015 10:29:46] /i akatsuki ring
[05/10/2015 10:29:46] /i akatsuki ring
[05/10/2015 10:29:46] /i akatsuki ring
[05/10/2015 10:29:46] /i akatsuki ring
[05/10/2015 10:29:46] /i akatsuki ring
[05/10/2015 10:29:46] /i akatsuki ring
[05/10/2015 10:29:46] /i akatsuki ring
[05/10/2015 10:29:46] /i akatsuki ring
[05/10/2015 10:29:46] /i akatsuki ring
[05/10/2015 10:29:46] /i akatsuki ring
[05/10/2015 10:29:46] /i akatsuki ring
[05/10/2015 10:29:46] /i akatsuki ring
[05/10/2015 10:29:46] /i akatsuki ring
[05/10/2015 10:29:46] /i akatsuki ring
[05/10/2015 10:29:46] /i akatsuki ring
[05/10/2015 10:29:46] /i akatsuki ring
[05/10/2015 10:29:47] /i akatsuki ring
[05/10/2015 10:29:47] /i akatsuki ring
[05/10/2015 10:29:47] /i akatsuki ring
[05/10/2015 10:29:47] /i akatsuki ring
[05/10/2015 10:29:47] /i akatsuki ring
[05/10/2015 10:29:47] /i akatsuki ring
[05/10/2015 10:29:47] /i akatsuki ring
[05/10/2015 10:29:47] /i akatsuki ring
[05/10/2015 10:29:47] /i akatsuki ring
[05/10/2015 10:29:47] /i akatsuki ring
[05/10/2015 10:29:47] /i akatsuki ring
[05/10/2015 10:29:47] /i akatsuki ring
[05/10/2015 10:29:47] /i akatsuki ring
[05/10/2015 10:29:47] /i akatsuki ring
[05/10/2015 10:29:47] /i akatsuki ring
[05/10/2015 10:29:47] /i akatsuki ring
[05/10/2015 10:29:47] /i akatsuki ring
[05/10/2015 10:29:47] /i akatsuki ring
[05/10/2015 10:29:47] /i akatsuki ring
[05/10/2015 10:29:47] /i akatsuki ring
[05/10/2015 10:29:47] /i akatsuki ring
[05/10/2015 10:29:47] /i akatsuki ring
[05/10/2015 10:29:47] /i akatsuki ring
[05/10/2015 10:29:47] /i akatsuki ring
[05/10/2015 10:29:47] /i akatsuki ring
[05/10/2015 10:29:47] /i akatsuki ring
[05/10/2015 10:29:47] /i akatsuki ring
[05/10/2015 10:29:47] /i akatsuki ring
[05/10/2015 10:29:47] /i akatsuki ring
[05/10/2015 10:29:47] /i akatsuki ring
[05/10/2015 10:29:48] /i akatsuki ring
[05/10/2015 10:29:48] /i akatsuki ring
[05/10/2015 10:29:48] /i akatsuki ring
[05/10/2015 10:29:48] /i akatsuki ring
[05/10/2015 10:29:48] /i akatsuki ring
[05/10/2015 10:29:48] /i akatsuki ring
[05/10/2015 10:29:48] /i akatsuki ring
[05/10/2015 10:29:48] /i akatsuki ring
[05/10/2015 10:29:48] /i akatsuki ring
[05/10/2015 10:29:48] /i akatsuki ring
[05/10/2015 10:29:48] /i akatsuki ring
[05/10/2015 10:29:48] /i akatsuki ring
[05/10/2015 10:29:48] /i akatsuki ring
[05/10/2015 10:29:48] /i akatsuki ring
[05/10/2015 10:29:48] /i akatsuki ring
[05/10/2015 10:29:48] /i akatsuki ring
[05/10/2015 10:29:48] /i akatsuki ring
[05/10/2015 10:29:48] /i akatsuki ring
[05/10/2015 10:29:48] /i akatsuki ring
[05/10/2015 10:29:48] /i akatsuki ring
[05/10/2015 10:29:48] /i akatsuki ring
[05/10/2015 10:29:48] /i akatsuki ring
[05/10/2015 10:29:48] /i akatsuki ring
[05/10/2015 10:29:48] /i akatsuki ring
[05/10/2015 10:29:48] /i akatsuki ring
[05/10/2015 10:29:48] /i akatsuki ring
[05/10/2015 10:29:48] /i akatsuki ring
[05/10/2015 10:29:48] /i akatsuki ring
[05/10/2015 10:29:49] /i akatsuki ring
[05/10/2015 10:29:49] /i akatsuki ring
[05/10/2015 10:29:49] /i akatsuki ring
[05/10/2015 10:29:49] /i akatsuki ring
[05/10/2015 10:29:49] /i akatsuki ring
[05/10/2015 10:29:49] /i akatsuki ring
[05/10/2015 10:29:49] /i akatsuki ring
[05/10/2015 10:29:49] /i akatsuki ring
[05/10/2015 10:29:49] /i akatsuki ring
[05/10/2015 10:29:49] /i akatsuki ring
[05/10/2015 10:29:49] /i akatsuki ring
[05/10/2015 10:29:49] /i akatsuki ring
[05/10/2015 10:29:49] /i akatsuki ring
[05/10/2015 10:29:49] /i akatsuki ring
[05/10/2015 10:29:49] /i akatsuki ring
[05/10/2015 10:29:49] /i akatsuki ring
[05/10/2015 10:29:49] /i akatsuki ring
[05/10/2015 10:29:49] /i akatsuki ring
[05/10/2015 10:29:49] /i akatsuki ring
[05/10/2015 10:29:49] /i akatsuki ring
[05/10/2015 10:29:49] /i akatsuki ring
[05/10/2015 10:29:49] /i akatsuki ring
[05/10/2015 10:29:49] /i akatsuki ring
[05/10/2015 10:29:49] /i akatsuki ring
[05/10/2015 10:29:49] /i akatsuki ring
[05/10/2015 10:29:50] /i akatsuki ring
[05/10/2015 10:29:50] /i akatsuki ring
[05/10/2015 10:29:50] /i akatsuki ring
[05/10/2015 10:29:50] /i akatsuki ring
[05/10/2015 10:29:50] /i akatsuki ring
[05/10/2015 10:29:50] /i akatsuki ring
[05/10/2015 10:29:50] /i akatsuki ring
[05/10/2015 10:29:50] /i akatsuki ring
[05/10/2015 10:29:50] /i akatsuki ring
[05/10/2015 10:29:50] /i akatsuki ring
[05/10/2015 10:29:50] /i akatsuki ring
[05/10/2015 10:29:50] /i akatsuki ring
[05/10/2015 10:29:50] /i akatsuki ring
[05/10/2015 10:29:50] /i akatsuki ring
[05/10/2015 10:29:50] /i akatsuki ring
[05/10/2015 10:29:50] /i akatsuki ring
[05/10/2015 10:29:50] /i akatsuki ring
[05/10/2015 10:29:50] /i akatsuki ring
[05/10/2015 10:29:50] /i akatsuki ring
[05/10/2015 10:29:50] /i akatsuki ring
[05/10/2015 10:29:50] /i akatsuki ring
[05/10/2015 10:29:50] /i akatsuki ring
[05/10/2015 10:29:50] /i akatsuki ring
[05/10/2015 10:29:50] /i akatsuki ring
[05/10/2015 10:29:50] /i akatsuki ring
[05/10/2015 10:29:50] /i akatsuki ring
[05/10/2015 10:29:50] /i akatsuki ring
[05/10/2015 10:29:50] /i akatsuki ring
[05/10/2015 10:29:50] /i akatsuki ring
[05/10/2015 10:29:50] /i akatsuki ring
[05/10/2015 10:29:50] /i akatsuki ring
[05/10/2015 10:29:51] /i akatsuki ring
[05/10/2015 10:29:51] /i akatsuki ring
[05/10/2015 10:29:51] /i akatsuki ring
[05/10/2015 10:29:51] /i akatsuki ring
[05/10/2015 10:29:51] /i akatsuki ring
[05/10/2015 10:29:51] /i akatsuki ring
[05/10/2015 10:29:51] /i akatsuki ring
[05/10/2015 10:29:51] /i akatsuki ring
[05/10/2015 10:29:51] /i akatsuki ring
[05/10/2015 10:29:51] /i akatsuki ring
[05/10/2015 10:29:51] /i akatsuki ring
[05/10/2015 10:29:51] /i akatsuki ring
[05/10/2015 10:29:51] /i akatsuki ring
[05/10/2015 10:29:51] /i akatsuki ring
[05/10/2015 10:29:51] /i akatsuki ring
[05/10/2015 10:29:51] /i akatsuki ring
[05/10/2015 10:29:51] /i akatsuki ring
[05/10/2015 10:29:51] /i akatsuki ring
[05/10/2015 10:29:51] /i akatsuki ring
[05/10/2015 10:29:51] /i akatsuki ring
[05/10/2015 10:29:51] /i akatsuki ring
[05/10/2015 10:29:51] /i akatsuki ring
[05/10/2015 10:29:51] /i akatsuki ring
[05/10/2015 10:29:51] /i akatsuki ring
[05/10/2015 10:29:51] /i akatsuki ring
[05/10/2015 10:29:52] /i akatsuki ring
[05/10/2015 10:29:52] /i akatsuki ring
[05/10/2015 10:29:52] /i akatsuki ring
[05/10/2015 10:29:52] /i akatsuki ring
[05/10/2015 10:29:52] /i akatsuki ring
[05/10/2015 10:29:52] /i akatsuki ring
[05/10/2015 10:29:52] /i akatsuki ring
[05/10/2015 10:29:52] /i akatsuki ring
[05/10/2015 10:29:52] /i akatsuki ring
[05/10/2015 10:29:52] /i akatsuki ring
[05/10/2015 10:29:52] /i akatsuki ring
[05/10/2015 10:29:52] /i akatsuki ring
[05/10/2015 10:29:52] /i akatsuki ring
[05/10/2015 10:29:52] /i akatsuki ring
[05/10/2015 10:29:52] /i akatsuki ring
[05/10/2015 10:29:52] /i akatsuki ring
[05/10/2015 10:29:52] /i akatsuki ring
[05/10/2015 10:29:52] /i akatsuki ring
[05/10/2015 10:29:52] /i akatsuki ring
[05/10/2015 10:29:52] /i akatsuki ring
[05/10/2015 10:29:52] /i akatsuki ring
[05/10/2015 10:29:52] /i akatsuki ring
[05/10/2015 10:29:52] /i akatsuki ring
[05/10/2015 10:29:52] /i akatsuki ring
[05/10/2015 10:29:52] /i akatsuki ring
[05/10/2015 10:29:52] /i akatsuki ring
[05/10/2015 10:29:52] /i akatsuki ring
[05/10/2015 10:29:52] /i akatsuki ring
[05/10/2015 10:29:52] /i akatsuki ring
[05/10/2015 10:29:53] /i akatsuki ring
[05/10/2015 10:29:53] /i akatsuki ring
[05/10/2015 10:29:53] /i akatsuki ring
[05/10/2015 10:29:53] /i akatsuki ring
[05/10/2015 10:29:53] /i akatsuki ring
[05/10/2015 10:29:53] /i akatsuki ring
[05/10/2015 10:29:53] /i akatsuki ring
[05/10/2015 10:29:53] /i akatsuki ring
[05/10/2015 10:29:53] /i akatsuki ring
[05/10/2015 10:29:53] /i akatsuki ring
[05/10/2015 10:29:53] /i akatsuki ring
[05/10/2015 10:29:53] /i akatsuki ring
[05/10/2015 10:29:53] /i akatsuki ring
[05/10/2015 10:29:53] /i akatsuki ring
[05/10/2015 10:29:53] /i akatsuki ring
[05/10/2015 10:29:53] /i akatsuki ring
[05/10/2015 10:29:53] /i akatsuki ring
[05/10/2015 10:29:53] /i akatsuki ring
[05/10/2015 10:29:53] /i akatsuki ring
[05/10/2015 10:29:53] /i akatsuki ring
[05/10/2015 10:29:53] /i akatsuki ring
[05/10/2015 10:29:53] /i akatsuki ring
[05/10/2015 10:29:53] /i akatsuki ring
[05/10/2015 10:29:53] /i akatsuki ring
[05/10/2015 10:29:53] /i akatsuki ring
[05/10/2015 10:29:53] /i akatsuki ring
[05/10/2015 10:29:53] /i akatsuki ring
[05/10/2015 10:29:53] /i akatsuki ring
[05/10/2015 10:29:53] /i akatsuki ring
[05/10/2015 10:29:53] /i akatsuki ring
[05/10/2015 10:29:54] /i akatsuki ring
[05/10/2015 10:29:54] /i akatsuki ring
[05/10/2015 10:29:54] /i akatsuki ring
[05/10/2015 10:29:54] /i akatsuki ring
[05/10/2015 10:29:54] /i akatsuki ring
[05/10/2015 10:29:54] /i akatsuki ring
[05/10/2015 10:29:54] /i akatsuki ring
[05/10/2015 10:29:54] /i akatsuki ring
[05/10/2015 10:29:54] /i akatsuki ring
[05/10/2015 10:29:54] /i akatsuki ring
[05/10/2015 10:29:54] /i akatsuki ring
[05/10/2015 10:29:54] /i akatsuki ring
[05/10/2015 10:29:54] /i akatsuki ring
[05/10/2015 10:29:54] /i akatsuki ring
[05/10/2015 10:29:54] /i akatsuki ring
[05/10/2015 10:29:54] /i akatsuki ring
[05/10/2015 10:29:54] /i akatsuki ring
[05/10/2015 10:29:54] /i akatsuki ring
[05/10/2015 10:29:54] /i akatsuki ring
[05/10/2015 10:29:54] /i akatsuki ring
[05/10/2015 10:29:54] /i akatsuki ring
[05/10/2015 10:29:54] /i akatsuki ring
[05/10/2015 10:29:54] /i akatsuki ring
[05/10/2015 10:29:54] /i akatsuki ring
[05/10/2015 10:29:55] /i akatsuki ring
[05/10/2015 10:29:55] /i akatsuki ring
[05/10/2015 10:29:55] /i akatsuki ring
[05/10/2015 10:29:55] /i akatsuki ring
[05/10/2015 10:29:55] /i akatsuki ring
[05/10/2015 10:29:55] /i akatsuki ring
[05/10/2015 10:29:55] /i akatsuki ring
[05/10/2015 10:29:55] /i akatsuki ring
[05/10/2015 10:29:55] /i akatsuki ring
[05/10/2015 10:29:55] /i akatsuki ring
[05/10/2015 10:29:55] /i akatsuki ring
[05/10/2015 10:29:55] /i akatsuki ring
[05/10/2015 10:29:55] /i akatsuki ring
[05/10/2015 10:29:55] /i akatsuki ring
[05/10/2015 10:29:55] /i akatsuki ring
[05/10/2015 10:29:55] /i akatsuki ring
[05/10/2015 10:29:55] /i akatsuki ring
[05/10/2015 10:29:55] /i akatsuki ring
[05/10/2015 10:29:55] /i akatsuki ring
[05/10/2015 10:29:55] /i akatsuki ring
[05/10/2015 10:29:55] /i akatsuki ring
[05/10/2015 10:29:55] /i akatsuki ring
[05/10/2015 10:29:55] /i akatsuki ring
[05/10/2015 10:29:55] /i akatsuki ring
[05/10/2015 10:29:55] /i akatsuki ring
[05/10/2015 10:29:55] /i akatsuki ring
[05/10/2015 10:29:55] /i akatsuki ring
[05/10/2015 10:29:55] /i akatsuki ring
[05/10/2015 10:29:55] /i akatsuki ring
[05/10/2015 10:29:55] /i akatsuki ring
[05/10/2015 10:29:55] /i akatsuki ring
[05/10/2015 10:29:56] /i akatsuki ring
[05/10/2015 10:29:56] /i akatsuki ring
[05/10/2015 10:29:56] /i akatsuki ring
[05/10/2015 10:29:56] /i akatsuki ring
[05/10/2015 10:29:56] /i akatsuki ring
[05/10/2015 10:29:56] /i akatsuki ring
[05/10/2015 10:29:56] /i akatsuki ring
[05/10/2015 10:29:56] /i akatsuki ring
[05/10/2015 10:29:56] /i akatsuki ring
[05/10/2015 10:29:56] /i akatsuki ring
[05/10/2015 10:29:56] /i akatsuki ring
[05/10/2015 10:29:56] /i akatsuki ring
[05/10/2015 10:29:56] /i akatsuki ring
[05/10/2015 10:29:56] /i akatsuki ring
[05/10/2015 10:29:56] /i akatsuki ring
[05/10/2015 10:29:56] /i akatsuki ring
[05/10/2015 10:29:56] /i akatsuki ring
[05/10/2015 10:29:56] /i akatsuki ring
[05/10/2015 10:29:56] /i akatsuki ring
[05/10/2015 10:29:56] /i akatsuki ring
[05/10/2015 10:29:56] /i akatsuki ring
[05/10/2015 10:29:56] /i akatsuki ring
[05/10/2015 10:29:56] /i akatsuki ring
[05/10/2015 10:29:56] /i akatsuki ring
[05/10/2015 10:29:57] /i akatsuki ring
[05/10/2015 10:29:57] /i akatsuki ring
[05/10/2015 10:29:57] /i akatsuki ring
[05/10/2015 10:29:57] /i akatsuki ring
[05/10/2015 10:29:57] /i akatsuki ring
[05/10/2015 10:29:57] /i akatsuki ring
[05/10/2015 10:29:57] /i akatsuki ring
[05/10/2015 10:29:57] /i akatsuki ring
[05/10/2015 10:29:57] /i akatsuki ring
[05/10/2015 10:29:57] /i akatsuki ring
[05/10/2015 10:29:57] /i akatsuki ring
[05/10/2015 10:29:57] /i akatsuki ring
[05/10/2015 10:29:57] /i akatsuki ring
[05/10/2015 10:29:57] /i akatsuki ring
[05/10/2015 10:29:57] /i akatsuki ring
[05/10/2015 10:29:57] /i akatsuki ring
[05/10/2015 10:29:57] /i akatsuki ring
[05/10/2015 10:29:57] /i akatsuki ring
[05/10/2015 10:29:57] /i akatsuki ring
[05/10/2015 10:29:57] /i akatsuki ring
[05/10/2015 10:29:57] /i akatsuki ring
[05/10/2015 10:29:57] /i akatsuki ring
[05/10/2015 10:29:57] /i akatsuki ring
[05/10/2015 10:29:57] /i akatsuki ring
[05/10/2015 10:29:57] /i akatsuki ring
[05/10/2015 10:29:57] /i akatsuki ring
[05/10/2015 10:29:57] /i akatsuki ring
[05/10/2015 10:29:57] /i akatsuki ring
[05/10/2015 10:29:57] /i akatsuki ring
[05/10/2015 10:29:57] /i akatsuki ring
[05/10/2015 10:29:57] /i akatsuki ring
[05/10/2015 10:29:57] /i akatsuki ring
[05/10/2015 10:29:58] /i akatsuki ring
[05/10/2015 10:29:58] /i akatsuki ring
[05/10/2015 10:29:58] /i akatsuki ring
[05/10/2015 10:29:58] /i akatsuki ring
[05/10/2015 10:29:58] /i akatsuki ring
[05/10/2015 10:29:58] /i akatsuki ring
[05/10/2015 10:29:58] /i akatsuki ring
[05/10/2015 10:29:58] /i akatsuki ring
[05/10/2015 10:29:58] /i akatsuki ring
[05/10/2015 10:29:58] /i akatsuki ring
[05/10/2015 10:29:58] /i akatsuki ring
[05/10/2015 10:29:58] /i akatsuki ring
[05/10/2015 10:29:58] /i akatsuki ring
[05/10/2015 10:29:58] /i akatsuki ring
[05/10/2015 10:29:58] /i akatsuki ring
[05/10/2015 10:29:58] /i akatsuki ring
[05/10/2015 10:29:58] /i akatsuki ring
[05/10/2015 10:29:58] /i akatsuki ring
[05/10/2015 10:29:58] /i akatsuki ring
[05/10/2015 10:29:58] /i akatsuki ring
[05/10/2015 10:29:58] /i akatsuki ring
[05/10/2015 10:32:19] /c impetus
[05/10/2015 10:32:30] /r
[05/10/2015 10:32:31] /r
[05/10/2015 10:32:32] /r
[05/10/2015 10:32:33] /r
[05/10/2015 10:32:34] /r
[05/10/2015 10:32:34] /r
[05/10/2015 10:32:35] /r
[05/10/2015 10:32:36] /r
[05/10/2015 10:32:46] /ghost
[05/10/2015 10:36:47] /c amarek
[05/10/2015 10:36:51] /c amarak
[05/10/2015 10:36:58] /c namek
[05/10/2015 10:40:51] /c aaaa
[05/10/2015 10:41:07] /addskill aaa, level
[05/10/2015 10:41:10] /addskill aaaa, level
[05/10/2015 10:41:16] /addskill aaaa,magic level
[05/10/2015 10:41:21] /addskill aaaa,club
[05/10/2015 10:41:24] /addskill aaaa,fist
[05/10/2015 10:42:30] /c lee rock
[05/10/2015 10:42:45] /addskill lee rock, level
[05/10/2015 10:42:48] /addskill lee rock, club
[05/10/2015 10:43:00] /addskill lee rock, fist
[05/10/2015 10:49:29] /c aaaa
[05/10/2015 10:49:47] /addskill aaaa,level
[05/10/2015 10:50:07] /addskill aaaa, magic level
[05/10/2015 10:50:10] /addskill aaaa, club
[05/10/2015 10:50:13] /addskill aaaa, fist
[05/10/2015 10:51:23] /c lee rock
[05/10/2015 10:51:33] /addskill lee rock, level
[05/10/2015 10:51:43] /addskill lee rock, magic level
[05/10/2015 10:51:48] /addskill lee rock, fist
[05/10/2015 10:51:50] /addskill lee rock, club
[05/10/2015 10:55:54] /c lee rock
[05/10/2015 10:58:43] /addskill lee rock,level
[05/10/2015 10:59:26] /c aaaa
[05/10/2015 10:59:41] /addskill aaaa, level
[05/10/2015 11:22:23] /addskill aaaa,level
[05/10/2015 11:22:24] /addskill aaaa,level
[05/10/2015 11:22:25] /addskill aaaa,level
[05/10/2015 11:22:26] /addskill aaaa,level
[05/10/2015 11:22:26] /addskill aaaa,level
[05/10/2015 11:22:27] /addskill aaaa,level
[05/10/2015 11:22:28] /addskill aaaa,level
[05/10/2015 11:22:29] /addskill aaaa,level
[05/10/2015 11:22:29] /addskill aaaa,level
[05/10/2015 11:22:30] /addskill aaaa,level
[05/10/2015 11:22:31] /addskill aaaa,level
[05/10/2015 11:22:31] /addskill aaaa,level
[05/10/2015 11:22:32] /addskill aaaa,level
[05/10/2015 11:22:33] /addskill aaaa,level
[05/10/2015 11:22:34] /addskill aaaa,level
[05/10/2015 11:22:34] /addskill aaaa,level
[05/10/2015 11:22:35] /addskill aaaa,level
[05/10/2015 11:22:36] /addskill aaaa,level
[05/10/2015 11:22:38] /addskill aaaa,level
[05/10/2015 11:22:39] /addskill aaaa,level
[05/10/2015 11:23:38] /n sakura(professora)
[05/10/2015 11:24:02] /r
[05/10/2015 11:30:31] /t
[05/10/2015 11:30:33] /c impetus
[05/10/2015 11:30:37] /a 50
[05/10/2015 11:33:05] /addskill pirocuda, club
[05/10/2015 11:33:05] /addskill pirocuda, club
[05/10/2015 11:33:06] /addskill pirocuda, club
[05/10/2015 11:33:07] /addskill pirocuda, club
[05/10/2015 11:33:07] /addskill pirocuda, club
[05/10/2015 11:33:08] /addskill pirocuda, club
[05/10/2015 11:33:08] /addskill pirocuda, club
[05/10/2015 11:33:09] /addskill pirocuda, club
[05/10/2015 11:33:09] /addskill pirocuda, club
[05/10/2015 11:33:10] /addskill pirocuda, club
[05/10/2015 11:33:16] /addskill pirocudo, club
[05/10/2015 11:33:17] /addskill pirocudo, club
[05/10/2015 11:33:18] /addskill pirocudo, club
[05/10/2015 11:33:18] /addskill pirocudo, club
[05/10/2015 11:33:19] /addskill pirocudo, club
[05/10/2015 11:33:19] /addskill pirocudo, club
[05/10/2015 11:33:20] /addskill pirocudo, club
[05/10/2015 11:33:20] /addskill pirocudo, club
[05/10/2015 11:33:21] /addskill pirocudo, club
[05/10/2015 11:33:21] /addskill pirocudo, club
[05/10/2015 11:33:41] /c pirocudo
[05/10/2015 11:33:53] /i suna sword
[05/10/2015 11:34:05] /r
[05/10/2015 11:34:08] /i katana
[05/10/2015 11:34:27] /a 50
[05/10/2015 11:34:32] /c pirocudo
[05/10/2015 11:34:35] /a 50
[05/10/2015 11:55:55] /addskill aaaa, level
[05/10/2015 11:55:55] /addskill aaaa, level
[05/10/2015 11:55:55] /addskill aaaa, level
[05/10/2015 11:55:55] /addskill aaaa, level
[05/10/2015 11:55:55] /addskill aaaa, level
[05/10/2015 11:55:55] /addskill aaaa, level
[05/10/2015 11:55:55] /addskill aaaa, level
[05/10/2015 11:55:56] /addskill aaaa, level
[05/10/2015 11:55:56] /addskill aaaa, level
[05/10/2015 11:55:56] /addskill aaaa, level
[05/10/2015 11:55:56] /addskill aaaa, level
[05/10/2015 11:55:56] /addskill aaaa, level
[05/10/2015 11:55:56] /addskill aaaa, level
[05/10/2015 11:55:56] /addskill aaaa, level
[05/10/2015 11:55:56] /addskill aaaa, level
[05/10/2015 11:55:57] /addskill aaaa, level
[05/10/2015 11:55:57] /addskill aaaa, level
[05/10/2015 11:55:58] /addskill aaaa, level
[05/10/2015 11:55:58] /addskill aaaa, level
[05/10/2015 11:55:58] /addskill aaaa, level
[05/10/2015 11:55:58] /addskill aaaa, level
[05/10/2015 11:55:58] /addskill aaaa, level
[05/10/2015 11:55:58] /addskill aaaa, level
[05/10/2015 11:55:58] /addskill aaaa, level
[05/10/2015 11:55:58] /addskill aaaa, level
[05/10/2015 11:55:58] /addskill aaaa, level
[05/10/2015 11:55:58] /addskill aaaa, level
[05/10/2015 11:55:58] /addskill aaaa, level
[05/10/2015 11:55:58] /addskill aaaa, level
[05/10/2015 11:55:58] /addskill aaaa, level
[05/10/2015 11:55:58] /addskill aaaa, level
[05/10/2015 11:55:58] /addskill aaaa, level
[05/10/2015 11:55:58] /addskill aaaa, level
[05/10/2015 11:55:58] /addskill aaaa, level
[05/10/2015 11:56:00] /addskill aaaa, level
[05/10/2015 11:56:02] /addskill aaaa, level
[05/10/2015 11:56:03] /addskill aaaa, level
[05/10/2015 11:56:03] /addskill aaaa, level
[05/10/2015 11:56:03] /addskill aaaa, level
[05/10/2015 11:56:03] /addskill aaaa, level
[05/10/2015 11:56:05] /addskill aaaa, level
[05/10/2015 11:56:05] /addskill aaaa, level
[05/10/2015 11:56:06] /addskill aaaa, level
[05/10/2015 11:56:06] /addskill aaaa, level
[05/10/2015 11:56:06] /addskill aaaa, level
[05/10/2015 11:56:06] /addskill aaaa, level
[05/10/2015 11:56:06] /addskill aaaa, level
[05/10/2015 11:56:06] /addskill aaaa, level
[05/10/2015 11:56:06] /addskill aaaa, level
[05/10/2015 11:56:06] /addskill aaaa, level
[05/10/2015 11:56:06] /addskill aaaa, level
[05/10/2015 11:56:06] /addskill aaaa, level
[05/10/2015 11:56:06] /addskill aaaa, level
[05/10/2015 11:56:06] /addskill aaaa, level
[05/10/2015 11:56:06] /addskill aaaa, level
[05/10/2015 11:56:06] /addskill aaaa, level
[05/10/2015 11:56:06] /addskill aaaa, level
[05/10/2015 11:56:06] /addskill aaaa, level
[05/10/2015 11:56:06] /addskill aaaa, level
[05/10/2015 11:56:06] /addskill aaaa, level
[05/10/2015 11:56:06] /addskill aaaa, level
[05/10/2015 11:56:06] /addskill aaaa, level
[05/10/2015 11:56:07] /addskill aaaa, level
[05/10/2015 11:56:07] /addskill aaaa, level
[05/10/2015 11:56:07] /addskill aaaa, level
[05/10/2015 11:56:08] /addskill aaaa, level
[05/10/2015 11:56:08] /addskill aaaa, level
[05/10/2015 11:56:08] /addskill aaaa, level
[05/10/2015 11:56:08] /addskill aaaa, level
[05/10/2015 11:56:08] /addskill aaaa, level
[05/10/2015 11:56:09] /addskill aaaa, level
[05/10/2015 11:56:09] /addskill aaaa, level
[05/10/2015 11:56:09] /addskill aaaa, level
[05/10/2015 11:56:09] /addskill aaaa, level
[05/10/2015 11:56:09] /addskill aaaa, level
[05/10/2015 11:56:10] /addskill aaaa, level
[05/10/2015 11:56:10] /addskill aaaa, level
[05/10/2015 11:56:10] /addskill aaaa, level
[05/10/2015 11:56:10] /addskill aaaa, level
[05/10/2015 11:56:10] /addskill aaaa, level
[05/10/2015 11:56:11] /addskill aaaa, level
[05/10/2015 11:56:11] /addskill aaaa, level
[05/10/2015 11:56:11] /addskill aaaa, level
[05/10/2015 11:56:11] /addskill aaaa, level
[05/10/2015 11:56:12] /addskill aaaa, level
[05/10/2015 11:56:12] /addskill aaaa, level
[05/10/2015 11:56:12] /addskill aaaa, level
[05/10/2015 11:56:12] /addskill aaaa, level
[05/10/2015 11:56:12] /addskill aaaa, level
[05/10/2015 11:56:13] /addskill aaaa, level
[05/10/2015 11:56:14] /addskill aaaa, level
[05/10/2015 11:56:14] /addskill aaaa, level
[05/10/2015 11:56:14] /addskill aaaa, level
[05/10/2015 11:56:14] /addskill aaaa, level
[05/10/2015 11:56:15] /addskill aaaa, level
[05/10/2015 11:56:16] /addskill aaaa, level
[05/10/2015 11:56:16] /addskill aaaa, level
[05/10/2015 11:56:17] /addskill aaaa, level
[05/10/2015 11:56:17] /addskill aaaa, level
[05/10/2015 11:56:17] /addskill aaaa, level
[05/10/2015 11:56:28] /n sakura(professora)
[05/10/2015 11:56:48] /addskill aaaa, level
[05/10/2015 11:56:49] /addskill aaaa, level
[05/10/2015 11:56:49] /addskill aaaa, level
[05/10/2015 11:56:49] /addskill aaaa, level
[05/10/2015 11:56:49] /addskill aaaa, level
[05/10/2015 11:56:49] /addskill aaaa, level
[05/10/2015 11:56:49] /addskill aaaa, level
[05/10/2015 11:56:50] /addskill aaaa, level
[05/10/2015 11:56:50] /addskill aaaa, level
[05/10/2015 11:56:50] /addskill aaaa, level
[05/10/2015 11:56:50] /addskill aaaa, level
[05/10/2015 11:56:50] /addskill aaaa, level
[05/10/2015 11:56:50] /addskill aaaa, level
[05/10/2015 11:56:50] /addskill aaaa, level
[05/10/2015 11:56:50] /addskill aaaa, level
[05/10/2015 11:56:50] /addskill aaaa, level
[05/10/2015 11:56:50] /addskill aaaa, level
[05/10/2015 11:56:51] /addskill aaaa, level
[05/10/2015 11:56:51] /addskill aaaa, level
[05/10/2015 11:56:51] /addskill aaaa, level
[05/10/2015 11:56:51] /addskill aaaa, level
[05/10/2015 11:56:51] /addskill aaaa, level
[05/10/2015 11:56:51] /addskill aaaa, level
[05/10/2015 11:56:51] /addskill aaaa, level
[05/10/2015 11:56:51] /addskill aaaa, level
[05/10/2015 11:56:53] /addskill aaaa, level
[05/10/2015 11:56:53] /addskill aaaa, level
[05/10/2015 11:56:53] /addskill aaaa, level
[05/10/2015 11:56:54] /addskill aaaa, level
[05/10/2015 11:56:54] /addskill aaaa, level
[05/10/2015 11:56:54] /addskill aaaa, level
[05/10/2015 11:56:54] /addskill aaaa, level
[05/10/2015 11:56:54] /addskill aaaa, level
[05/10/2015 11:56:54] /addskill aaaa, level
[05/10/2015 11:56:54] /addskill aaaa, level
[05/10/2015 11:56:54] /addskill aaaa, level
[05/10/2015 11:56:54] /addskill aaaa, level
[05/10/2015 11:56:54] /addskill aaaa, level
[05/10/2015 11:56:54] /addskill aaaa, level
[05/10/2015 11:56:54] /addskill aaaa, level
[05/10/2015 11:56:54] /addskill aaaa, level
[05/10/2015 11:56:54] /addskill aaaa, level
[05/10/2015 11:56:54] /addskill aaaa, level
[05/10/2015 11:56:54] /addskill aaaa, level
[05/10/2015 11:56:54] /addskill aaaa, level
[05/10/2015 11:56:55] /addskill aaaa, level
[05/10/2015 11:56:56] /addskill aaaa, level
[05/10/2015 11:56:56] /addskill aaaa, level
[05/10/2015 11:56:56] /addskill aaaa, level
[05/10/2015 11:56:56] /addskill aaaa, level
[05/10/2015 11:56:56] /addskill aaaa, level
[05/10/2015 11:56:56] /addskill aaaa, level
[05/10/2015 11:56:56] /addskill aaaa, level
[05/10/2015 11:56:56] /addskill aaaa, level
[05/10/2015 11:56:56] /addskill aaaa, level
[05/10/2015 11:56:56] /addskill aaaa, level
[05/10/2015 11:56:56] /addskill aaaa, level
[05/10/2015 11:56:56] /addskill aaaa, level
[05/10/2015 11:56:56] /addskill aaaa, level
[05/10/2015 11:56:56] /addskill aaaa, level
[05/10/2015 11:56:56] /addskill aaaa, level
[05/10/2015 11:56:56] /addskill aaaa, level
[05/10/2015 11:56:56] /addskill aaaa, level
[05/10/2015 11:56:56] /addskill aaaa, level
[05/10/2015 11:56:56] /addskill aaaa, level
[05/10/2015 11:56:56] /addskill aaaa, level
[05/10/2015 11:56:57] /addskill aaaa, level
[05/10/2015 11:56:57] /addskill aaaa, level
[05/10/2015 11:56:57] /addskill aaaa, level
[05/10/2015 11:56:57] /addskill aaaa, level
[05/10/2015 11:56:57] /addskill aaaa, level
[05/10/2015 11:56:57] /addskill aaaa, level
[05/10/2015 11:56:57] /addskill aaaa, level
[05/10/2015 11:56:57] /addskill aaaa, level
[05/10/2015 11:56:57] /addskill aaaa, level
[05/10/2015 11:56:57] /addskill aaaa, level
[05/10/2015 11:56:57] /addskill aaaa, level
[05/10/2015 11:56:57] /addskill aaaa, level
[05/10/2015 11:56:58] /addskill aaaa, level
[05/10/2015 11:56:58] /addskill aaaa, level
[05/10/2015 11:56:59] /addskill aaaa, level
[05/10/2015 11:56:59] /addskill aaaa, level
[05/10/2015 11:56:59] /addskill aaaa, level
[05/10/2015 11:56:59] /addskill aaaa, level
[05/10/2015 11:56:59] /addskill aaaa, level
[05/10/2015 11:56:59] /addskill aaaa, level
[05/10/2015 11:57:00] /addskill aaaa, level
[05/10/2015 11:57:00] /addskill aaaa, level
[05/10/2015 11:57:00] /addskill aaaa, level
[05/10/2015 11:57:01] /addskill aaaa, level
[05/10/2015 11:57:01] /addskill aaaa, level
[05/10/2015 11:57:01] /addskill aaaa, level
[05/10/2015 11:57:01] /addskill aaaa, level
[05/10/2015 11:57:01] /addskill aaaa, level
[05/10/2015 11:57:01] /addskill aaaa, level
[05/10/2015 11:57:01] /addskill aaaa, level
[05/10/2015 11:57:03] /addskill aaaa, level
[05/10/2015 11:57:03] /addskill aaaa, level
[05/10/2015 11:57:03] /addskill aaaa, level
[05/10/2015 11:57:04] /addskill aaaa, level
[05/10/2015 11:57:04] /addskill aaaa, level
[05/10/2015 11:57:04] /addskill aaaa, level
[05/10/2015 11:57:04] /addskill aaaa, level
[05/10/2015 11:57:04] /addskill aaaa, level
[05/10/2015 11:57:04] /addskill aaaa, level
[05/10/2015 11:57:04] /addskill aaaa, level
[05/10/2015 11:57:06] /addskill aaaa, level
[05/10/2015 11:57:06] /addskill aaaa, level
[05/10/2015 11:57:06] /addskill aaaa, level
[05/10/2015 11:57:06] /addskill aaaa, level
[05/10/2015 11:57:07] /addskill aaaa, level
[05/10/2015 11:57:07] /addskill aaaa, level
[05/10/2015 11:57:07] /addskill aaaa, level
[05/10/2015 11:57:07] /addskill aaaa, level
[05/10/2015 11:57:07] /addskill aaaa, level
[05/10/2015 11:57:07] /addskill aaaa, level
[05/10/2015 11:57:07] /addskill aaaa, level
[05/10/2015 11:57:08] /addskill aaaa, level
[05/10/2015 11:57:11] /addskill aaaa, level
[05/10/2015 11:57:11] /addskill aaaa, level
[05/10/2015 11:57:11] /addskill aaaa, level
[05/10/2015 11:57:11] /addskill aaaa, level
[05/10/2015 11:57:11] /addskill aaaa, level
[05/10/2015 11:57:11] /addskill aaaa, level
[05/10/2015 11:57:12] /addskill aaaa, level
[05/10/2015 11:57:13] /addskill aaaa, level
[05/10/2015 11:57:13] /addskill aaaa, level
[05/10/2015 11:57:13] /addskill aaaa, level
[05/10/2015 11:57:14] /addskill aaaa, level
[05/10/2015 11:57:14] /addskill aaaa, level
[05/10/2015 11:57:15] /addskill aaaa, level
[05/10/2015 11:57:17] /addskill aaaa, level
[05/10/2015 11:57:17] /addskill aaaa, level
[05/10/2015 11:57:18] /addskill aaaa, level
[05/10/2015 11:57:20] /addskill aaaa, level
[05/10/2015 11:57:20] /addskill aaaa, level
[05/10/2015 11:57:20] /addskill aaaa, level
[05/10/2015 11:57:21] /addskill aaaa, level
[05/10/2015 11:57:22] /addskill aaaa, level
[05/10/2015 11:57:24] /addskill aaaa, level
[05/10/2015 11:57:25] /addskill aaaa, level
[05/10/2015 11:57:25] /addskill aaaa, level
[05/10/2015 11:57:28] /addskill aaaa, level
[05/10/2015 11:57:30] /addskill aaaa, level
[05/10/2015 11:57:30] /addskill aaaa, level
[05/10/2015 11:57:31] /addskill aaaa, level
[05/10/2015 11:57:32] /addskill aaaa, level
[05/10/2015 11:57:32] /addskill aaaa, level
[05/10/2015 11:57:34] /addskill aaaa, level
[05/10/2015 11:57:35] /addskill aaaa, level
[05/10/2015 11:57:47] /addskill acakkk, level
[05/10/2015 11:57:48] /addskill acakkk, level
[05/10/2015 11:57:49] /addskill acakkk, level
[05/10/2015 11:57:51] /addskill acakkk, level
[05/10/2015 12:09:10] /goto pirocudo
[05/10/2015 12:11:22] /c imortal
[05/10/2015 12:11:24] /c imortall
[05/10/2015 12:11:40] /goto pirocudo
[05/10/2015 12:11:55] /a
[05/10/2015 12:11:56] /a
[05/10/2015 12:11:57] /a
[05/10/2015 12:11:57] /a
[05/10/2015 12:11:58] /a
[05/10/2015 12:11:59] /c imortall
[05/10/2015 12:12:02] /c imortall
[05/10/2015 12:12:08] /a
[05/10/2015 12:12:09] /a
[05/10/2015 12:12:09] /a
[05/10/2015 12:12:10] /a
[05/10/2015 12:13:49] /b bruno, eu vou almoçar pra poder ir pra mossoró flws
[05/10/2015 12:13:58] /b viadim
[05/10/2015 12:14:10] /r
[05/10/2015 12:21:03] /t
[05/10/2015 12:26:04] /attr skull
[05/10/2015 12:26:06] /attr skull
[05/10/2015 12:26:20] /attr skull
[05/10/2015 12:26:22] /attr skull
[05/10/2015 12:26:37] /attr skull Sword fight
[05/10/2015 12:26:56] /attr Sword fight
[05/10/2015 12:27:02] /attr Sword fight
[05/10/2015 12:27:15] /attr Sword fight
[05/10/2015 12:30:38] /save 
[05/10/2015 12:33:32] /a 15
[05/10/2015 12:33:52] /a 50
[05/10/2015 12:33:54] /a 50
[05/10/2015 12:34:00] /a 25
[05/10/2015 14:15:05] /i  strawgloves
[05/10/2015 14:15:09] /i  straw gloves 
[05/10/2015 14:15:13] /i white gloves
[05/10/2015 14:15:19] /i black gloves
[05/10/2015 14:15:26] /i dinamic gloves
[05/10/2015 14:15:34] /i nature gloves
[05/10/2015 14:15:39] /i hyper gloves
[05/10/2015 14:15:43] /i vampire gloves
[05/10/2015 14:15:50] /i titan gloves
[05/10/2015 14:15:56] /i red gloves
[05/10/2015 14:16:00] /i yellow gloves
[05/10/2015 14:16:11] /i ninja gloves
[05/10/2015 14:16:18] /i poited gloves
[05/10/2015 14:16:22] /i destruction gloves
[05/10/2015 14:16:37] /i skeleton sword
[05/10/2015 14:16:41] /i suna sword
[05/10/2015 14:16:45] /r
[05/10/2015 14:16:58] /i samurai gloves
[05/10/2015 14:17:01] /i katana
[05/10/2015 14:17:06] /i ultra katana
[05/10/2015 14:17:08] /i ultra katanas
[05/10/2015 14:17:19] /i dual katana
[05/10/2015 14:17:28] /i commander sword
[05/10/2015 14:17:35] /i katana
[05/10/2015 14:17:38] /i katanas
[05/10/2015 14:17:43] /r
[05/10/2015 14:17:47] /i samurai sword
[05/10/2015 14:17:52] /i dagger
[05/10/2015 14:17:57] /i rappier
[05/10/2015 14:18:01] /i rapier
[05/10/2015 14:18:20] /i nature trousers
[05/10/2015 14:18:25] /i commander trousers
[05/10/2015 14:18:29] /i black trousers
[05/10/2015 14:18:34] /i sakura trousers
[05/10/2015 14:18:43] /i bandit trousers
[05/10/2015 14:18:48] /i rock lee trousers
[05/10/2015 14:19:05] /i monk legs
[05/10/2015 14:19:08] /i monk trousers
[05/10/2015 14:19:13] /i cyborg trousers
[05/10/2015 14:19:19] /i cyborg legs
[05/10/2015 14:20:23] /goto impetus
[05/10/2015 14:20:39] /ghost
[05/10/2015 14:21:55] /c impetus
[05/10/2015 14:22:02] /m nervous wolf
[05/10/2015 14:22:08] /m nervous wolf
[05/10/2015 14:23:32] /m samurai
[05/10/2015 14:23:40] /r
[05/10/2015 14:24:08] /m samurai
[05/10/2015 14:32:13] /a
[05/10/2015 14:35:28] /goto water shinobi
[05/10/2015 16:52:13] /t
[05/10/2015 16:52:17] /up
[05/10/2015 16:52:24] /m juhi member
[05/10/2015 16:52:25] /m juhi member
[05/10/2015 16:54:16] /a
[05/10/2015 16:54:17] /a
[05/10/2015 17:00:27] /a
[05/10/2015 17:00:29] /a
[05/10/2015 17:00:31] /a
[05/10/2015 17:00:32] /a
[05/10/2015 17:00:37] /a 10
[05/10/2015 17:00:40] /a
[05/10/2015 17:00:43] /a 10
[05/10/2015 17:01:01] /m fuuton shinobi
[05/10/2015 17:01:03] /m fuuton shinobi
[05/10/2015 17:01:12] /m huge insect
[05/10/2015 17:03:16] /down
