GPU ANGLE (AMD Radeon RX 580 2048SP Direct3D11 vs_5_0 ps_5_0) (Google Inc.)
OpenGL OpenGL ES 3.0.0 (ANGLE 2.1.0.54a3d7cbcadb)
[Atlas] Texture size is: 4096x4096 (max: 16384x16384)
Found work dir at 'C:/Users/Gavriel/Documents/Naruto Battle Begin/otclientv8-master/'
== application started at Dec 30 2025 19:35:53
OTCv8 3.2 rev 4 (dev) made by otclient.net built on Feb 26 2023 for arch x86
WARNING: HTTP error for http://otclient.ovh/api/status.php: Invalid http status code (403)
WARNING: HTTP error for http://otclient.ovh/api/status.php: Invalid http status code (403)
WARNING: HTTP error for http://otclient.ovh/api/status.php: Invalid http status code (403)
WARNING: HTTP error for http://otclient.ovh/api/status.php: Invalid http status code (403)
WARNING: HTTP error for http://otclient.ovh/api/status.php: Invalid http status code (403)
WARNING: HTTP error for http://otclient.ovh/api/status.php: Invalid http status code (403)
WARNING: HTTP error for http://otclient.ovh/api/status.php: Invalid http status code (403)
WARNING: HTTP error for http://otclient.ovh/api/status.php: Invalid http status code (403)
WARNING: HTTP error for http://otclient.ovh/api/status.php: Invalid http status code (403)
WARNING: HTTP error for http://otclient.ovh/api/status.php: Invalid http status code (403)
WARNING: HTTP error for http://otclient.ovh/api/status.php: Invalid http status code (403)
ERROR: Missing file: 854/Tibia.dat
Missing file: 854/Tibia.spr

You should open data/things and create directory 854.
In this directory (data/things/854) you should put missing
files (Tibia.dat and Tibia.spr/Tibia.cwm) from correct Tibia version.
WARNING: HTTP error for http://otclient.ovh/api/status.php: Invalid http status code (403)
WARNING: HTTP error for http://otclient.ovh/api/status.php: Invalid http status code (403)
WARNING: HTTP error for http://otclient.ovh/api/status.php: Invalid http status code (403)
WARNING: HTTP error for http://otclient.ovh/api/status.php: Invalid http status code (403)
WARNING: HTTP error for http://otclient.ovh/api/status.php: Invalid http status code (403)
WARNING: HTTP error for http://otclient.ovh/api/status.php: Invalid http status code (403)
Connecting to: 7171:7171
WARNING: HTTP error for http://otclient.ovh/api/status.php: Invalid http status code (403)
WARNING: HTTP error for http://otclient.ovh/api/status.php: Invalid http status code (403)
Connecting to: 7171:7171
WARNING: HTTP error for http://otclient.ovh/api/status.php: Invalid http status code (403)
WARNING: HTTP error for http://otclient.ovh/api/status.php: Invalid http status code (403)
Connecting to: 7171:7171
WARNING: HTTP error for http://otclient.ovh/api/status.php: Invalid http status code (403)
Exiting application..
ERROR: unable to open file for writing '/settings/questlog.json': not found
WARNING: widget 'widget1316' was not explicitly destroyed
GPU ANGLE (AMD Radeon RX 580 2048SP Direct3D11 vs_5_0 ps_5_0) (Google Inc.)
OpenGL OpenGL ES 3.0.0 (ANGLE 2.1.0.54a3d7cbcadb)
[Atlas] Texture size is: 4096x4096 (max: 16384x16384)
Found work dir at 'C:/Users/Gavriel/Documents/Naruto Battle Begin/otclientv8-master/'
== application started at Dec 30 2025 19:37:56
OTCv8 3.2 rev 4 (dev) made by otclient.net built on Feb 26 2023 for arch x86
WARNING: HTTP error for http://otclient.ovh/api/status.php: Invalid http status code (403)
WARNING: HTTP error for http://otclient.ovh/api/status.php: Invalid http status code (403)
WARNING: HTTP error for http://otclient.ovh/api/status.php: Invalid http status code (403)
Connecting to: 7171:7171
WARNING: HTTP error for http://otclient.ovh/api/status.php: Invalid http status code (403)
WARNING: HTTP error for http://otclient.ovh/api/status.php: Invalid http status code (403)
WARNING: HTTP error for http://otclient.ovh/api/status.php: Invalid http status code (403)
WARNING: HTTP error for http://otclient.ovh/api/status.php: Invalid http status code (403)
WARNING: HTTP error for http://otclient.ovh/api/status.php: Invalid http status code (403)
WARNING: HTTP error for http://otclient.ovh/api/status.php: Invalid http status code (403)
WARNING: HTTP error for http://otclient.ovh/api/status.php: Invalid http status code (403)
WARNING: HTTP error for http://otclient.ovh/api/status.php: Invalid http status code (403)
WARNING: HTTP error for http://otclient.ovh/api/status.php: Invalid http status code (403)
WARNING: HTTP error for http://otclient.ovh/api/status.php: Invalid http status code (403)
WARNING: HTTP error for http://otclient.ovh/api/status.php: Invalid http status code (403)
WARNING: HTTP error for http://otclient.ovh/api/status.php: Invalid http status code (403)
WARNING: HTTP error for http://otclient.ovh/api/status.php: Invalid http status code (403)
WARNING: HTTP error for http://otclient.ovh/api/status.php: Invalid http status code (403)
WARNING: HTTP error for http://otclient.ovh/api/status.php: Invalid http status code (403)
WARNING: HTTP error for http://otclient.ovh/api/status.php: Invalid http status code (403)
WARNING: HTTP error for http://otclient.ovh/api/status.php: Invalid http status code (403)
WARNING: HTTP error for http://otclient.ovh/api/status.php: Invalid http status code (403)
WARNING: HTTP error for http://otclient.ovh/api/status.php: Invalid http status code (403)
WARNING: HTTP error for http://otclient.ovh/api/status.php: Invalid http status code (403)
WARNING: HTTP error for http://otclient.ovh/api/status.php: Invalid http status code (403)
WARNING: HTTP error for http://otclient.ovh/api/status.php: Invalid http status code (403)
WARNING: HTTP error for http://otclient.ovh/api/status.php: Invalid http status code (403)
WARNING: HTTP error for http://otclient.ovh/api/status.php: Invalid http status code (403)
WARNING: HTTP error for http://otclient.ovh/api/status.php: Invalid http status code (403)
WARNING: HTTP error for http://otclient.ovh/api/status.php: Invalid http status code (403)
WARNING: HTTP error for http://otclient.ovh/api/status.php: Invalid http status code (403)
WARNING: HTTP error for http://otclient.ovh/api/status.php: Invalid http status code (403)
WARNING: HTTP error for http://otclient.ovh/api/status.php: Invalid http status code (403)
WARNING: HTTP error for http://otclient.ovh/api/status.php: Invalid http status code (403)
WARNING: HTTP error for http://otclient.ovh/api/status.php: Invalid http status code (403)
WARNING: HTTP error for http://otclient.ovh/api/status.php: Invalid http status code (403)
WARNING: HTTP error for http://otclient.ovh/api/status.php: Invalid http status code (403)
WARNING: HTTP error for http://otclient.ovh/api/status.php: Invalid http status code (403)
WARNING: HTTP error for http://otclient.ovh/api/status.php: Invalid http status code (403)
WARNING: HTTP error for http://otclient.ovh/api/status.php: Invalid http status code (403)
WARNING: HTTP error for http://otclient.ovh/api/status.php: Invalid http status code (403)
WARNING: HTTP error for http://otclient.ovh/api/status.php: Invalid http status code (403)
WARNING: HTTP error for http://otclient.ovh/api/status.php: Invalid http status code (403)
WARNING: HTTP error for http://otclient.ovh/api/status.php: Invalid http status code (403)
WARNING: HTTP error for http://otclient.ovh/api/status.php: Invalid http status code (403)
WARNING: HTTP error for http://otclient.ovh/api/status.php: Invalid http status code (403)
WARNING: HTTP error for http://otclient.ovh/api/status.php: Invalid http status code (403)
WARNING: HTTP error for http://otclient.ovh/api/status.php: Invalid http status code (403)
WARNING: HTTP error for http://otclient.ovh/api/status.php: Invalid http status code (403)
WARNING: HTTP error for http://otclient.ovh/api/status.php: Invalid http status code (403)
WARNING: HTTP error for http://otclient.ovh/api/status.php: Invalid http status code (403)
WARNING: HTTP error for http://otclient.ovh/api/status.php: Invalid http status code (403)
WARNING: HTTP error for http://otclient.ovh/api/status.php: Invalid http status code (403)
WARNING: HTTP error for http://otclient.ovh/api/status.php: Invalid http status code (403)
WARNING: HTTP error for http://otclient.ovh/api/status.php: Invalid http status code (403)
WARNING: HTTP error for http://otclient.ovh/api/status.php: Invalid http status code (403)
Connecting to: 7171:7171
WARNING: HTTP error for http://otclient.ovh/api/status.php: Invalid http status code (403)
WARNING: HTTP error for http://otclient.ovh/api/status.php: Invalid http status code (403)
WARNING: HTTP error for http://otclient.ovh/api/status.php: Invalid http status code (403)
WARNING: HTTP error for http://otclient.ovh/api/status.php: Invalid http status code (403)
WARNING: HTTP error for http://otclient.ovh/api/status.php: Invalid http status code (403)
WARNING: HTTP error for http://otclient.ovh/api/status.php: Invalid http status code (403)
WARNING: HTTP error for http://otclient.ovh/api/status.php: Invalid http status code (403)
WARNING: HTTP error for http://otclient.ovh/api/status.php: Invalid http status code (403)
WARNING: HTTP error for http://otclient.ovh/api/status.php: Invalid http status code (403)
WARNING: HTTP error for http://otclient.ovh/api/status.php: Invalid http status code (403)
WARNING: HTTP error for http://otclient.ovh/api/status.php: Invalid http status code (403)
WARNING: HTTP error for http://otclient.ovh/api/status.php: Invalid http status code (403)
WARNING: HTTP error for http://otclient.ovh/api/status.php: Invalid http status code (403)
WARNING: HTTP error for http://otclient.ovh/api/status.php: Invalid http status code (403)
WARNING: HTTP error for http://otclient.ovh/api/status.php: Invalid http status code (403)
WARNING: HTTP error for http://otclient.ovh/api/status.php: Invalid http status code (403)
WARNING: HTTP error for http://otclient.ovh/api/status.php: Invalid http status code (403)
WARNING: HTTP error for http://otclient.ovh/api/status.php: Invalid http status code (403)
WARNING: HTTP error for http://otclient.ovh/api/status.php: Invalid http status code (403)
WARNING: HTTP error for http://otclient.ovh/api/status.php: Invalid http status code (403)
WARNING: HTTP error for http://otclient.ovh/api/status.php: Invalid http status code (403)
WARNING: HTTP error for http://otclient.ovh/api/status.php: Invalid http status code (403)
WARNING: HTTP error for http://otclient.ovh/api/status.php: Invalid http status code (403)
WARNING: HTTP error for http://otclient.ovh/api/status.php: Invalid http status code (403)
WARNING: HTTP error for http://otclient.ovh/api/status.php: Invalid http status code (403)
WARNING: HTTP error for http://otclient.ovh/api/status.php: Invalid http status code (403)
WARNING: HTTP error for http://otclient.ovh/api/status.php: Invalid http status code (403)
WARNING: HTTP error for http://otclient.ovh/api/status.php: Invalid http status code (403)
WARNING: HTTP error for http://otclient.ovh/api/status.php: Invalid http status code (403)
WARNING: HTTP error for http://otclient.ovh/api/status.php: Invalid http status code (403)
WARNING: HTTP error for http://otclient.ovh/api/status.php: Invalid http status code (403)
WARNING: HTTP error for http://otclient.ovh/api/status.php: Invalid http status code (403)
Connecting to: 127.0.0.1:7171
WARNING: HTTP error for http://otclient.ovh/api/status.php: Invalid http status code (403)
Login to 127.0.0.1:7172
Minimap couldn't be loaded, file missing?
ERROR: protected lua call failed: /modules/game_actionbar/actionbar.lua:618: attempt to index a nil value
stack traceback:
	[C]: in function '__index'
	/modules/game_actionbar/actionbar.lua:618: in function 'okFunc'
	/modules/game_actionbar/actionbar.lua:647: in function </modules/game_actionbar/actionbar.lua:647>
ERROR: protected lua call failed: /modules/game_actionbar/actionbar.lua:618: attempt to index a nil value
stack traceback:
	[C]: in function '__index'
	/modules/game_actionbar/actionbar.lua:618: in function 'okFunc'
	/modules/game_actionbar/actionbar.lua:645: in function </modules/game_actionbar/actionbar.lua:645>
ERROR: protected lua call failed: /modules/game_actionbar/actionbar.lua:618: attempt to index a nil value
stack traceback:
	[C]: in function '__index'
	/modules/game_actionbar/actionbar.lua:618: in function 'okFunc'
	/modules/game_actionbar/actionbar.lua:645: in function </modules/game_actionbar/actionbar.lua:645>
ERROR: protected lua call failed: /modules/game_actionbar/actionbar.lua:618: attempt to index a nil value
stack traceback:
	[C]: in function '__index'
	/modules/game_actionbar/actionbar.lua:618: in function 'okFunc'
	/modules/game_actionbar/actionbar.lua:645: in function </modules/game_actionbar/actionbar.lua:645>
ERROR: protected lua call failed: /modules/game_actionbar/actionbar.lua:618: attempt to index a nil value
stack traceback:
	[C]: in function '__index'
	/modules/game_actionbar/actionbar.lua:618: in function 'okFunc'
	/modules/game_actionbar/actionbar.lua:645: in function </modules/game_actionbar/actionbar.lua:645>
ERROR: protected lua call failed: /modules/game_actionbar/actionbar.lua:618: attempt to index a nil value
stack traceback:
	[C]: in function '__index'
	/modules/game_actionbar/actionbar.lua:618: in function 'okFunc'
	/modules/game_actionbar/actionbar.lua:647: in function </modules/game_actionbar/actionbar.lua:647>
ERROR: protected lua call failed: /modules/game_actionbar/actionbar.lua:618: attempt to index a nil value
stack traceback:
	[C]: in function '__index'
	/modules/game_actionbar/actionbar.lua:618: in function 'okFunc'
	/modules/game_actionbar/actionbar.lua:647: in function </modules/game_actionbar/actionbar.lua:647>
ERROR: protected lua call failed: /modules/game_actionbar/actionbar.lua:618: attempt to index a nil value
stack traceback:
	[C]: in function '__index'
	/modules/game_actionbar/actionbar.lua:618: in function 'okFunc'
	/modules/game_actionbar/actionbar.lua:647: in function </modules/game_actionbar/actionbar.lua:647>
ERROR: protected lua call failed: /modules/game_actionbar/actionbar.lua:618: attempt to index a nil value
stack traceback:
	[C]: in function '__index'
	/modules/game_actionbar/actionbar.lua:618: in function 'okFunc'
	/modules/game_actionbar/actionbar.lua:647: in function </modules/game_actionbar/actionbar.lua:647>
ERROR: protected lua call failed: /modules/game_actionbar/actionbar.lua:618: attempt to index a nil value
stack traceback:
	[C]: in function '__index'
	/modules/game_actionbar/actionbar.lua:618: in function 'okFunc'
	/modules/game_actionbar/actionbar.lua:647: in function </modules/game_actionbar/actionbar.lua:647>
ERROR: protected lua call failed: /modules/game_actionbar/actionbar.lua:618: attempt to index a nil value
stack traceback:
	[C]: in function '__index'
	/modules/game_actionbar/actionbar.lua:618: in function 'okFunc'
	/modules/game_actionbar/actionbar.lua:647: in function </modules/game_actionbar/actionbar.lua:647>
ERROR: protected lua call failed: /modules/game_actionbar/actionbar.lua:618: attempt to index a nil value
stack traceback:
	[C]: in function '__index'
	/modules/game_actionbar/actionbar.lua:618: in function 'okFunc'
	/modules/game_actionbar/actionbar.lua:645: in function </modules/game_actionbar/actionbar.lua:645>
ERROR: protected lua call failed: /modules/game_actionbar/actionbar.lua:618: attempt to index a nil value
stack traceback:
	[C]: in function '__index'
	/modules/game_actionbar/actionbar.lua:618: in function 'okFunc'
	/modules/game_actionbar/actionbar.lua:645: in function </modules/game_actionbar/actionbar.lua:645>
ERROR: protected lua call failed: /modules/game_actionbar/actionbar.lua:618: attempt to index a nil value
stack traceback:
	[C]: in function '__index'
	/modules/game_actionbar/actionbar.lua:618: in function 'okFunc'
	/modules/game_actionbar/actionbar.lua:645: in function </modules/game_actionbar/actionbar.lua:645>
ERROR: protected lua call failed: /modules/game_actionbar/actionbar.lua:618: attempt to index a nil value
stack traceback:
	[C]: in function '__index'
	/modules/game_actionbar/actionbar.lua:618: in function 'okFunc'
	/modules/game_actionbar/actionbar.lua:647: in function </modules/game_actionbar/actionbar.lua:647>
ERROR: protected lua call failed: /modules/game_actionbar/actionbar.lua:618: attempt to index a nil value
stack traceback:
	[C]: in function '__index'
	/modules/game_actionbar/actionbar.lua:618: in function 'okFunc'
	/modules/game_actionbar/actionbar.lua:647: in function </modules/game_actionbar/actionbar.lua:647>
ERROR: protected lua call failed: /modules/game_actionbar/actionbar.lua:618: attempt to index a nil value
stack traceback:
	[C]: in function '__index'
	/modules/game_actionbar/actionbar.lua:618: in function 'okFunc'
	/modules/game_actionbar/actionbar.lua:647: in function </modules/game_actionbar/actionbar.lua:647>
ERROR: protected lua call failed: /modules/game_actionbar/actionbar.lua:618: attempt to index a nil value
stack traceback:
	[C]: in function '__index'
	/modules/game_actionbar/actionbar.lua:618: in function 'okFunc'
	/modules/game_actionbar/actionbar.lua:647: in function </modules/game_actionbar/actionbar.lua:647>
ERROR: protected lua call failed: /modules/game_actionbar/actionbar.lua:618: attempt to index a nil value
stack traceback:
	[C]: in function '__index'
	/modules/game_actionbar/actionbar.lua:618: in function 'okFunc'
	/modules/game_actionbar/actionbar.lua:647: in function </modules/game_actionbar/actionbar.lua:647>
ERROR: protected lua call failed: /modules/game_actionbar/actionbar.lua:618: attempt to index a nil value
stack traceback:
	[C]: in function '__index'
	/modules/game_actionbar/actionbar.lua:618: in function 'okFunc'
	/modules/game_actionbar/actionbar.lua:647: in function </modules/game_actionbar/actionbar.lua:647>
ERROR: protected lua call failed: /modules/game_actionbar/actionbar.lua:618: attempt to index a nil value
stack traceback:
	[C]: in function '__index'
	/modules/game_actionbar/actionbar.lua:618: in function 'okFunc'
	/modules/game_actionbar/actionbar.lua:647: in function </modules/game_actionbar/actionbar.lua:647>
ERROR: protected lua call failed: /modules/game_actionbar/actionbar.lua:489: attempt to concatenate local 'actionDesc' (a nil value)
stack traceback:
	[C]: in function '__concat'
	/modules/game_actionbar/actionbar.lua:489: in function 'setupButton'
	/modules/game_actionbar/actionbar.lua:639: in function </modules/game_actionbar/actionbar.lua:638>
ERROR: protected lua call failed: /modules/game_actionbar/actionbar.lua:489: attempt to concatenate local 'actionDesc' (a nil value)
stack traceback:
	[C]: in function '__concat'
	/modules/game_actionbar/actionbar.lua:489: in function 'setupButton'
	/modules/game_actionbar/actionbar.lua:639: in function </modules/game_actionbar/actionbar.lua:638>
ERROR: protected lua call failed: /modules/game_actionbar/actionbar.lua:489: attempt to concatenate local 'actionDesc' (a nil value)
stack traceback:
	[C]: in function '__concat'
	/modules/game_actionbar/actionbar.lua:489: in function 'setupButton'
	/modules/game_actionbar/actionbar.lua:639: in function </modules/game_actionbar/actionbar.lua:638>
ERROR: protected lua call failed: /modules/game_actionbar/actionbar.lua:489: attempt to concatenate local 'actionDesc' (a nil value)
stack traceback:
	[C]: in function '__concat'
	/modules/game_actionbar/actionbar.lua:489: in function 'setupButton'
	/modules/game_actionbar/actionbar.lua:639: in function </modules/game_actionbar/actionbar.lua:638>
ERROR: protected lua call failed: /modules/game_actionbar/actionbar.lua:489: attempt to concatenate local 'actionDesc' (a nil value)
stack traceback:
	[C]: in function '__concat'
	/modules/game_actionbar/actionbar.lua:489: in function 'setupButton'
	/modules/game_actionbar/actionbar.lua:639: in function </modules/game_actionbar/actionbar.lua:638>
ERROR: protected lua call failed: /modules/game_actionbar/actionbar.lua:489: attempt to concatenate local 'actionDesc' (a nil value)
stack traceback:
	[C]: in function '__concat'
	/modules/game_actionbar/actionbar.lua:489: in function 'setupButton'
	/modules/game_actionbar/actionbar.lua:639: in function </modules/game_actionbar/actionbar.lua:638>
ERROR: protected lua call failed: /modules/game_actionbar/actionbar.lua:618: attempt to index a nil value
stack traceback:
	[C]: in function '__index'
	/modules/game_actionbar/actionbar.lua:618: in function 'okFunc'
	/modules/game_actionbar/actionbar.lua:647: in function </modules/game_actionbar/actionbar.lua:647>
ERROR: protected lua call failed: /modules/game_actionbar/actionbar.lua:618: attempt to index a nil value
stack traceback:
	[C]: in function '__index'
	/modules/game_actionbar/actionbar.lua:618: in function 'okFunc'
	/modules/game_actionbar/actionbar.lua:645: in function </modules/game_actionbar/actionbar.lua:645>
ERROR: protected lua call failed: /modules/game_actionbar/actionbar.lua:618: attempt to index a nil value
stack traceback:
	[C]: in function '__index'
	/modules/game_actionbar/actionbar.lua:618: in function 'okFunc'
	/modules/game_actionbar/actionbar.lua:645: in function </modules/game_actionbar/actionbar.lua:645>
ERROR: protected lua call failed: /modules/game_actionbar/actionbar.lua:618: attempt to index a nil value
stack traceback:
	[C]: in function '__index'
	/modules/game_actionbar/actionbar.lua:618: in function 'okFunc'
	/modules/game_actionbar/actionbar.lua:645: in function </modules/game_actionbar/actionbar.lua:645>
ERROR: protected lua call failed: /modules/game_actionbar/actionbar.lua:618: attempt to index a nil value
stack traceback:
	[C]: in function '__index'
	/modules/game_actionbar/actionbar.lua:618: in function 'okFunc'
	/modules/game_actionbar/actionbar.lua:645: in function </modules/game_actionbar/actionbar.lua:645>
ERROR: protected lua call failed: /modules/game_actionbar/actionbar.lua:618: attempt to index a nil value
stack traceback:
	[C]: in function '__index'
	/modules/game_actionbar/actionbar.lua:618: in function 'okFunc'
	/modules/game_actionbar/actionbar.lua:645: in function </modules/game_actionbar/actionbar.lua:645>
ERROR: protected lua call failed: /modules/game_actionbar/actionbar.lua:618: attempt to index a nil value
stack traceback:
	[C]: in function '__index'
	/modules/game_actionbar/actionbar.lua:618: in function 'okFunc'
	/modules/game_actionbar/actionbar.lua:647: in function </modules/game_actionbar/actionbar.lua:647>
ERROR: protected lua call failed: /modules/game_actionbar/actionbar.lua:618: attempt to index a nil value
stack traceback:
	[C]: in function '__index'
	/modules/game_actionbar/actionbar.lua:618: in function 'okFunc'
	/modules/game_actionbar/actionbar.lua:647: in function </modules/game_actionbar/actionbar.lua:647>
ERROR: protected lua call failed: /modules/game_actionbar/actionbar.lua:618: attempt to index a nil value
stack traceback:
	[C]: in function '__index'
	/modules/game_actionbar/actionbar.lua:618: in function 'okFunc'
	/modules/game_actionbar/actionbar.lua:647: in function </modules/game_actionbar/actionbar.lua:647>
ERROR: protected lua call failed: /modules/game_actionbar/actionbar.lua:618: attempt to index a nil value
stack traceback:
	[C]: in function '__index'
	/modules/game_actionbar/actionbar.lua:618: in function 'okFunc'
	/modules/game_actionbar/actionbar.lua:647: in function </modules/game_actionbar/actionbar.lua:647>
ERROR: protected lua call failed: /modules/game_actionbar/actionbar.lua:618: attempt to index a nil value
stack traceback:
	[C]: in function '__index'
	/modules/game_actionbar/actionbar.lua:618: in function 'okFunc'
	/modules/game_actionbar/actionbar.lua:647: in function </modules/game_actionbar/actionbar.lua:647>
ERROR: protected lua call failed: /modules/game_actionbar/actionbar.lua:618: attempt to index a nil value
stack traceback:
	[C]: in function '__index'
	/modules/game_actionbar/actionbar.lua:618: in function 'okFunc'
	/modules/game_actionbar/actionbar.lua:647: in function </modules/game_actionbar/actionbar.lua:647>
ERROR: /modules/game_actionbar/actionbar.lua:489: attempt to concatenate local 'actionDesc' (a nil value)
ERROR: protected lua call failed: /modules/game_actionbar/actionbar.lua:618: attempt to index a nil value
stack traceback:
	[C]: in function '__index'
	/modules/game_actionbar/actionbar.lua:618: in function 'okFunc'
	/modules/game_actionbar/actionbar.lua:647: in function </modules/game_actionbar/actionbar.lua:647>
ERROR: protected lua call failed: /modules/game_actionbar/actionbar.lua:618: attempt to index a nil value
stack traceback:
	[C]: in function '__index'
	/modules/game_actionbar/actionbar.lua:618: in function 'okFunc'
	/modules/game_actionbar/actionbar.lua:647: in function </modules/game_actionbar/actionbar.lua:647>
ERROR: protected lua call failed: /modules/game_actionbar/actionbar.lua:618: attempt to index a nil value
stack traceback:
	[C]: in function '__index'
	/modules/game_actionbar/actionbar.lua:618: in function 'okFunc'
	/modules/game_actionbar/actionbar.lua:647: in function </modules/game_actionbar/actionbar.lua:647>
ERROR: protected lua call failed: /modules/game_actionbar/actionbar.lua:618: attempt to index a nil value
stack traceback:
	[C]: in function '__index'
	/modules/game_actionbar/actionbar.lua:618: in function 'okFunc'
	/modules/game_actionbar/actionbar.lua:647: in function </modules/game_actionbar/actionbar.lua:647>
ERROR: protected lua call failed: /modules/game_actionbar/actionbar.lua:618: attempt to index a nil value
stack traceback:
	[C]: in function '__index'
	/modules/game_actionbar/actionbar.lua:618: in function 'okFunc'
	/modules/game_actionbar/actionbar.lua:647: in function </modules/game_actionbar/actionbar.lua:647>
ERROR: protected lua call failed: /modules/game_actionbar/actionbar.lua:618: attempt to index a nil value
stack traceback:
	[C]: in function '__index'
	/modules/game_actionbar/actionbar.lua:618: in function 'okFunc'
	/modules/game_actionbar/actionbar.lua:647: in function </modules/game_actionbar/actionbar.lua:647>
ERROR: protected lua call failed: /modules/game_actionbar/actionbar.lua:618: attempt to index a nil value
stack traceback:
	[C]: in function '__index'
	/modules/game_actionbar/actionbar.lua:618: in function 'okFunc'
	/modules/game_actionbar/actionbar.lua:647: in function </modules/game_actionbar/actionbar.lua:647>
ERROR: protected lua call failed: /modules/game_actionbar/actionbar.lua:618: attempt to index a nil value
stack traceback:
	[C]: in function '__index'
	/modules/game_actionbar/actionbar.lua:618: in function 'okFunc'
	/modules/game_actionbar/actionbar.lua:645: in function </modules/game_actionbar/actionbar.lua:645>
ERROR: protected lua call failed: /modules/game_actionbar/actionbar.lua:618: attempt to index a nil value
stack traceback:
	[C]: in function '__index'
	/modules/game_actionbar/actionbar.lua:618: in function 'okFunc'
	/modules/game_actionbar/actionbar.lua:645: in function </modules/game_actionbar/actionbar.lua:645>
ERROR: protected lua call failed: /modules/game_actionbar/actionbar.lua:618: attempt to index a nil value
stack traceback:
	[C]: in function '__index'
	/modules/game_actionbar/actionbar.lua:618: in function 'okFunc'
	/modules/game_actionbar/actionbar.lua:645: in function </modules/game_actionbar/actionbar.lua:645>
ERROR: protected lua call failed: /modules/game_actionbar/actionbar.lua:618: attempt to index a nil value
stack traceback:
	[C]: in function '__index'
	/modules/game_actionbar/actionbar.lua:618: in function 'okFunc'
	/modules/game_actionbar/actionbar.lua:647: in function </modules/game_actionbar/actionbar.lua:647>
ERROR: protected lua call failed: /modules/game_actionbar/actionbar.lua:618: attempt to index a nil value
stack traceback:
	[C]: in function '__index'
	/modules/game_actionbar/actionbar.lua:618: in function 'okFunc'
	/modules/game_actionbar/actionbar.lua:647: in function </modules/game_actionbar/actionbar.lua:647>
ERROR: protected lua call failed: /modules/game_actionbar/actionbar.lua:618: attempt to index a nil value
stack traceback:
	[C]: in function '__index'
	/modules/game_actionbar/actionbar.lua:618: in function 'okFunc'
	/modules/game_actionbar/actionbar.lua:647: in function </modules/game_actionbar/actionbar.lua:647>
ERROR: protected lua call failed: /modules/game_actionbar/actionbar.lua:489: attempt to concatenate local 'actionDesc' (a nil value)
stack traceback:
	[C]: in function '__concat'
	/modules/game_actionbar/actionbar.lua:489: in function 'setupButton'
	/modules/game_actionbar/actionbar.lua:639: in function </modules/game_actionbar/actionbar.lua:638>
ERROR: protected lua call failed: /modules/game_actionbar/actionbar.lua:489: attempt to concatenate local 'actionDesc' (a nil value)
stack traceback:
	[C]: in function '__concat'
	/modules/game_actionbar/actionbar.lua:489: in function 'setupButton'
	/modules/game_actionbar/actionbar.lua:639: in function </modules/game_actionbar/actionbar.lua:638>
Exiting application..
WARNING: widget 'widget1316' was not explicitly destroyed
GPU ANGLE (AMD Radeon RX 580 2048SP Direct3D11 vs_5_0 ps_5_0) (Google Inc.)
OpenGL OpenGL ES 3.0.0 (ANGLE 2.1.0.54a3d7cbcadb)
[Atlas] Texture size is: 4096x4096 (max: 16384x16384)
Found work dir at 'C:/Users/Gavriel/Documents/Naruto Battle Begin/otclientv8-master/'
== application started at Dec 30 2025 20:01:46
OTCv8 3.2 rev 4 (dev) made by otclient.net built on Feb 26 2023 for arch x86
WARNING: HTTP error for http://otclient.ovh/api/status.php: Invalid http status code (403)
Connecting to: 127.0.0.1:7171
Login to 127.0.0.1:7172
ERROR: protected lua call failed: /modules/game_actionbar/actionbar.lua:931: attempt to index a nil value
stack traceback:
	[C]: in function '__index'
	/modules/game_actionbar/actionbar.lua:931: in function </modules/game_actionbar/actionbar.lua:928>
ERROR: protected lua call failed: /modules/game_actionbar/actionbar.lua:931: attempt to index a nil value
stack traceback:
	[C]: in function '__index'
	/modules/game_actionbar/actionbar.lua:931: in function </modules/game_actionbar/actionbar.lua:928>
ERROR: protected lua call failed: /modules/game_actionbar/actionbar.lua:931: attempt to index a nil value
stack traceback:
	[C]: in function '__index'
	/modules/game_actionbar/actionbar.lua:931: in function </modules/game_actionbar/actionbar.lua:928>
ERROR: protected lua call failed: /modules/game_actionbar/actionbar.lua:931: attempt to index a nil value
stack traceback:
	[C]: in function '__index'
	/modules/game_actionbar/actionbar.lua:931: in function </modules/game_actionbar/actionbar.lua:928>
ERROR: protected lua call failed: /modules/game_actionbar/actionbar.lua:931: attempt to index a nil value
stack traceback:
	[C]: in function '__index'
	/modules/game_actionbar/actionbar.lua:931: in function </modules/game_actionbar/actionbar.lua:928>
ERROR: protected lua call failed: /modules/game_actionbar/actionbar.lua:931: attempt to index a nil value
stack traceback:
	[C]: in function '__index'
	/modules/game_actionbar/actionbar.lua:931: in function </modules/game_actionbar/actionbar.lua:928>
ERROR: protected lua call failed: /modules/game_actionbar/actionbar.lua:931: attempt to index a nil value
stack traceback:
	[C]: in function '__index'
	/modules/game_actionbar/actionbar.lua:931: in function </modules/game_actionbar/actionbar.lua:928>
ERROR: protected lua call failed: /modules/game_actionbar/actionbar.lua:931: attempt to index a nil value
stack traceback:
	[C]: in function '__index'
	/modules/game_actionbar/actionbar.lua:931: in function </modules/game_actionbar/actionbar.lua:928>
ERROR: protected lua call failed: /modules/game_actionbar/actionbar.lua:931: attempt to index a nil value
stack traceback:
	[C]: in function '__index'
	/modules/game_actionbar/actionbar.lua:931: in function </modules/game_actionbar/actionbar.lua:928>
ERROR: protected lua call failed: /modules/game_actionbar/actionbar.lua:931: attempt to index a nil value
stack traceback:
	[C]: in function '__index'
	/modules/game_actionbar/actionbar.lua:931: in function </modules/game_actionbar/actionbar.lua:928>
ERROR: protected lua call failed: /modules/game_actionbar/actionbar.lua:931: attempt to index a nil value
stack traceback:
	[C]: in function '__index'
	/modules/game_actionbar/actionbar.lua:931: in function </modules/game_actionbar/actionbar.lua:928>
ERROR: protected lua call failed: /modules/game_actionbar/actionbar.lua:931: attempt to index a nil value
stack traceback:
	[C]: in function '__index'
	/modules/game_actionbar/actionbar.lua:931: in function </modules/game_actionbar/actionbar.lua:928>
ERROR: protected lua call failed: /modules/game_actionbar/actionbar.lua:931: attempt to index a nil value
stack traceback:
	[C]: in function '__index'
	/modules/game_actionbar/actionbar.lua:931: in function </modules/game_actionbar/actionbar.lua:928>
ERROR: protected lua call failed: /modules/game_actionbar/actionbar.lua:931: attempt to index a nil value
stack traceback:
	[C]: in function '__index'
	/modules/game_actionbar/actionbar.lua:931: in function </modules/game_actionbar/actionbar.lua:928>
ERROR: protected lua call failed: /modules/game_actionbar/actionbar.lua:931: attempt to index a nil value
stack traceback:
	[C]: in function '__index'
	/modules/game_actionbar/actionbar.lua:931: in function </modules/game_actionbar/actionbar.lua:928>
ERROR: protected lua call failed: /modules/game_actionbar/actionbar.lua:931: attempt to index a nil value
stack traceback:
	[C]: in function '__index'
	/modules/game_actionbar/actionbar.lua:931: in function </modules/game_actionbar/actionbar.lua:928>
ERROR: protected lua call failed: /modules/game_actionbar/actionbar.lua:931: attempt to index a nil value
stack traceback:
	[C]: in function '__index'
	/modules/game_actionbar/actionbar.lua:931: in function </modules/game_actionbar/actionbar.lua:928>
ERROR: protected lua call failed: /modules/game_actionbar/actionbar.lua:931: attempt to index a nil value
stack traceback:
	[C]: in function '__index'
	/modules/game_actionbar/actionbar.lua:931: in function </modules/game_actionbar/actionbar.lua:928>
ERROR: protected lua call failed: /modules/game_actionbar/actionbar.lua:931: attempt to index a nil value
stack traceback:
	[C]: in function '__index'
	/modules/game_actionbar/actionbar.lua:931: in function </modules/game_actionbar/actionbar.lua:928>
ERROR: protected lua call failed: /modules/game_actionbar/actionbar.lua:931: attempt to index a nil value
stack traceback:
	[C]: in function '__index'
	/modules/game_actionbar/actionbar.lua:931: in function </modules/game_actionbar/actionbar.lua:928>
ERROR: protected lua call failed: /modules/game_actionbar/actionbar.lua:931: attempt to index a nil value
stack traceback:
	[C]: in function '__index'
	/modules/game_actionbar/actionbar.lua:931: in function </modules/game_actionbar/actionbar.lua:928>
ERROR: protected lua call failed: /modules/game_actionbar/actionbar.lua:931: attempt to index a nil value
stack traceback:
	[C]: in function '__index'
	/modules/game_actionbar/actionbar.lua:931: in function </modules/game_actionbar/actionbar.lua:928>
ERROR: protected lua call failed: /modules/game_actionbar/actionbar.lua:931: attempt to index a nil value
stack traceback:
	[C]: in function '__index'
	/modules/game_actionbar/actionbar.lua:931: in function </modules/game_actionbar/actionbar.lua:928>
ERROR: protected lua call failed: /modules/game_actionbar/actionbar.lua:931: attempt to index a nil value
stack traceback:
	[C]: in function '__index'
	/modules/game_actionbar/actionbar.lua:931: in function </modules/game_actionbar/actionbar.lua:928>
ERROR: protected lua call failed: /modules/game_actionbar/actionbar.lua:931: attempt to index a nil value
stack traceback:
	[C]: in function '__index'
	/modules/game_actionbar/actionbar.lua:931: in function </modules/game_actionbar/actionbar.lua:928>
Exiting application..
WARNING: widget 'widget1316' was not explicitly destroyed
GPU ANGLE (AMD Radeon RX 580 2048SP Direct3D11 vs_5_0 ps_5_0) (Google Inc.)
OpenGL OpenGL ES 3.0.0 (ANGLE 2.1.0.54a3d7cbcadb)
[Atlas] Texture size is: 4096x4096 (max: 16384x16384)
Found work dir at 'C:/Users/Gavriel/Documents/Naruto Battle Begin/otclientv8-master/'
== application started at Dec 30 2025 20:08:54
OTCv8 3.2 rev 4 (dev) made by otclient.net built on Feb 26 2023 for arch x86
WARNING: HTTP error for http://otclient.ovh/api/status.php: Invalid http status code (403)
WARNING: HTTP error for http://otclient.ovh/api/status.php: Invalid http status code (403)
Connecting to: 127.0.0.1:7171
Login to 127.0.0.1:7172
ERROR: protected lua call failed: /modules/game_actionbar/actionbar.lua:646: attempt to index a nil value
stack traceback:
	[C]: in function '__index'
	/modules/game_actionbar/actionbar.lua:646: in function 'okFunc'
	/modules/game_actionbar/actionbar.lua:675: in function </modules/game_actionbar/actionbar.lua:675>
ERROR: protected lua call failed: /modules/game_actionbar/actionbar.lua:646: attempt to index a nil value
stack traceback:
	[C]: in function '__index'
	/modules/game_actionbar/actionbar.lua:646: in function 'okFunc'
	/modules/game_actionbar/actionbar.lua:673: in function </modules/game_actionbar/actionbar.lua:673>
ERROR: protected lua call failed: /modules/game_actionbar/actionbar.lua:517: attempt to concatenate local 'actionDesc' (a nil value)
stack traceback:
	[C]: in function '__concat'
	/modules/game_actionbar/actionbar.lua:517: in function 'setupButton'
	/modules/game_actionbar/actionbar.lua:667: in function </modules/game_actionbar/actionbar.lua:666>
ERROR: protected lua call failed: /modules/game_actionbar/actionbar.lua:517: attempt to concatenate local 'actionDesc' (a nil value)
stack traceback:
	[C]: in function '__concat'
	/modules/game_actionbar/actionbar.lua:517: in function 'setupButton'
	/modules/game_actionbar/actionbar.lua:667: in function </modules/game_actionbar/actionbar.lua:666>
ERROR: protected lua call failed: /modules/game_actionbar/actionbar.lua:517: attempt to concatenate local 'actionDesc' (a nil value)
stack traceback:
	[C]: in function '__concat'
	/modules/game_actionbar/actionbar.lua:517: in function 'setupButton'
	/modules/game_actionbar/actionbar.lua:667: in function </modules/game_actionbar/actionbar.lua:666>
ERROR: protected lua call failed: /modules/game_actionbar/actionbar.lua:517: attempt to concatenate local 'actionDesc' (a nil value)
stack traceback:
	[C]: in function '__concat'
	/modules/game_actionbar/actionbar.lua:517: in function 'setupButton'
	/modules/game_actionbar/actionbar.lua:667: in function </modules/game_actionbar/actionbar.lua:666>
ERROR: protected lua call failed: /modules/game_actionbar/actionbar.lua:517: attempt to concatenate local 'actionDesc' (a nil value)
stack traceback:
	[C]: in function '__concat'
	/modules/game_actionbar/actionbar.lua:517: in function 'setupButton'
	/modules/game_actionbar/actionbar.lua:667: in function </modules/game_actionbar/actionbar.lua:666>
ERROR: protected lua call failed: /modules/game_actionbar/actionbar.lua:517: attempt to concatenate local 'actionDesc' (a nil value)
stack traceback:
	[C]: in function '__concat'
	/modules/game_actionbar/actionbar.lua:517: in function 'setupButton'
	/modules/game_actionbar/actionbar.lua:667: in function </modules/game_actionbar/actionbar.lua:666>
ERROR: protected lua call failed: /modules/game_actionbar/actionbar.lua:517: attempt to concatenate local 'actionDesc' (a nil value)
stack traceback:
	[C]: in function '__concat'
	/modules/game_actionbar/actionbar.lua:517: in function 'setupButton'
	/modules/game_actionbar/actionbar.lua:667: in function </modules/game_actionbar/actionbar.lua:666>
ERROR: protected lua call failed: /modules/game_actionbar/actionbar.lua:517: attempt to concatenate local 'actionDesc' (a nil value)
stack traceback:
	[C]: in function '__concat'
	/modules/game_actionbar/actionbar.lua:517: in function 'setupButton'
	/modules/game_actionbar/actionbar.lua:667: in function </modules/game_actionbar/actionbar.lua:666>
ERROR: protected lua call failed: /modules/game_actionbar/actionbar.lua:517: attempt to concatenate local 'actionDesc' (a nil value)
stack traceback:
	[C]: in function '__concat'
	/modules/game_actionbar/actionbar.lua:517: in function 'setupButton'
	/modules/game_actionbar/actionbar.lua:667: in function </modules/game_actionbar/actionbar.lua:666>
ERROR: protected lua call failed: /modules/game_actionbar/actionbar.lua:646: attempt to index a nil value
stack traceback:
	[C]: in function '__index'
	/modules/game_actionbar/actionbar.lua:646: in function 'okFunc'
	/modules/game_actionbar/actionbar.lua:675: in function </modules/game_actionbar/actionbar.lua:675>
ERROR: protected lua call failed: /modules/game_actionbar/actionbar.lua:646: attempt to index a nil value
stack traceback:
	[C]: in function '__index'
	/modules/game_actionbar/actionbar.lua:646: in function 'okFunc'
	/modules/game_actionbar/actionbar.lua:675: in function </modules/game_actionbar/actionbar.lua:675>
ERROR: protected lua call failed: /modules/game_actionbar/actionbar.lua:646: attempt to index a nil value
stack traceback:
	[C]: in function '__index'
	/modules/game_actionbar/actionbar.lua:646: in function 'okFunc'
	/modules/game_actionbar/actionbar.lua:673: in function </modules/game_actionbar/actionbar.lua:673>
ERROR: protected lua call failed: /modules/game_actionbar/actionbar.lua:517: attempt to concatenate local 'actionDesc' (a nil value)
stack traceback:
	[C]: in function '__concat'
	/modules/game_actionbar/actionbar.lua:517: in function 'setupButton'
	/modules/game_actionbar/actionbar.lua:667: in function </modules/game_actionbar/actionbar.lua:666>
ERROR: protected lua call failed: /modules/game_actionbar/actionbar.lua:517: attempt to concatenate local 'actionDesc' (a nil value)
stack traceback:
	[C]: in function '__concat'
	/modules/game_actionbar/actionbar.lua:517: in function 'setupButton'
	/modules/game_actionbar/actionbar.lua:667: in function </modules/game_actionbar/actionbar.lua:666>
ERROR: protected lua call failed: /modules/game_actionbar/actionbar.lua:517: attempt to concatenate local 'actionDesc' (a nil value)
stack traceback:
	[C]: in function '__concat'
	/modules/game_actionbar/actionbar.lua:517: in function 'setupButton'
	/modules/game_actionbar/actionbar.lua:667: in function </modules/game_actionbar/actionbar.lua:666>
ERROR: protected lua call failed: /modules/game_actionbar/actionbar.lua:646: attempt to index a nil value
stack traceback:
	[C]: in function '__index'
	/modules/game_actionbar/actionbar.lua:646: in function 'okFunc'
	/modules/game_actionbar/actionbar.lua:673: in function </modules/game_actionbar/actionbar.lua:673>
Exiting application..
WARNING: widget 'widget1316' was not explicitly destroyed
GPU ANGLE (AMD Radeon RX 580 2048SP Direct3D11 vs_5_0 ps_5_0) (Google Inc.)
OpenGL OpenGL ES 3.0.0 (ANGLE 2.1.0.54a3d7cbcadb)
[Atlas] Texture size is: 4096x4096 (max: 16384x16384)
Found work dir at 'C:/Users/Gavriel/Documents/Naruto Battle Begin/otclientv8-master/'
== application started at Dec 30 2025 20:09:54
OTCv8 3.2 rev 4 (dev) made by otclient.net built on Feb 26 2023 for arch x86
WARNING: HTTP error for http://otclient.ovh/api/status.php: Invalid http status code (403)
WARNING: HTTP error for http://otclient.ovh/api/status.php: Invalid http status code (403)
WARNING: HTTP error for http://otclient.ovh/api/status.php: Invalid http status code (403)
WARNING: HTTP error for http://otclient.ovh/api/status.php: Invalid http status code (403)
WARNING: HTTP error for http://otclient.ovh/api/status.php: Invalid http status code (403)
WARNING: HTTP error for http://otclient.ovh/api/status.php: Invalid http status code (403)
WARNING: HTTP error for http://otclient.ovh/api/status.php: Invalid http status code (403)
WARNING: HTTP error for http://otclient.ovh/api/status.php: Invalid http status code (403)
WARNING: HTTP error for http://otclient.ovh/api/status.php: Invalid http status code (403)
WARNING: HTTP error for http://otclient.ovh/api/status.php: Invalid http status code (403)
WARNING: HTTP error for http://otclient.ovh/api/status.php: Invalid http status code (403)
WARNING: HTTP error for http://otclient.ovh/api/status.php: Invalid http status code (403)
WARNING: HTTP error for http://otclient.ovh/api/status.php: Invalid http status code (403)
WARNING: HTTP error for http://otclient.ovh/api/status.php: Invalid http status code (403)
WARNING: HTTP error for http://otclient.ovh/api/status.php: Invalid http status code (403)
WARNING: HTTP error for http://otclient.ovh/api/status.php: Invalid http status code (403)
WARNING: HTTP error for http://otclient.ovh/api/status.php: Invalid http status code (403)
WARNING: HTTP error for http://otclient.ovh/api/status.php: Invalid http status code (403)
WARNING: HTTP error for http://otclient.ovh/api/status.php: Invalid http status code (403)
WARNING: HTTP error for http://otclient.ovh/api/status.php: Invalid http status code (403)
WARNING: HTTP error for http://otclient.ovh/api/status.php: Invalid http status code (403)
WARNING: HTTP error for http://otclient.ovh/api/status.php: Invalid http status code (403)
WARNING: HTTP error for http://otclient.ovh/api/status.php: Invalid http status code (403)
WARNING: HTTP error for http://otclient.ovh/api/status.php: Invalid http status code (403)
WARNING: HTTP error for http://otclient.ovh/api/status.php: Invalid http status code (403)
WARNING: HTTP error for http://otclient.ovh/api/status.php: Invalid http status code (403)
WARNING: HTTP error for http://otclient.ovh/api/status.php: Invalid http status code (403)
WARNING: HTTP error for http://otclient.ovh/api/status.php: Invalid http status code (403)
WARNING: HTTP error for http://otclient.ovh/api/status.php: Invalid http status code (403)
WARNING: HTTP error for http://otclient.ovh/api/status.php: Invalid http status code (403)
WARNING: HTTP error for http://otclient.ovh/api/status.php: Invalid http status code (403)
WARNING: HTTP error for http://otclient.ovh/api/status.php: Invalid http status code (403)
WARNING: HTTP error for http://otclient.ovh/api/status.php: Invalid http status code (403)
WARNING: HTTP error for http://otclient.ovh/api/status.php: Invalid http status code (403)
WARNING: HTTP error for http://otclient.ovh/api/status.php: Invalid http status code (403)
WARNING: HTTP error for http://otclient.ovh/api/status.php: Invalid http status code (403)
WARNING: HTTP error for http://otclient.ovh/api/status.php: Invalid http status code (403)
WARNING: HTTP error for http://otclient.ovh/api/status.php: Invalid http status code (403)
WARNING: HTTP error for http://otclient.ovh/api/status.php: Invalid http status code (403)
WARNING: HTTP error for http://otclient.ovh/api/status.php: Invalid http status code (403)
WARNING: HTTP error for http://otclient.ovh/api/status.php: Invalid http status code (403)
WARNING: HTTP error for http://otclient.ovh/api/status.php: Invalid http status code (403)
WARNING: HTTP error for http://otclient.ovh/api/status.php: Invalid http status code (403)
WARNING: HTTP error for http://otclient.ovh/api/status.php: Invalid http status code (403)
WARNING: HTTP error for http://otclient.ovh/api/status.php: Invalid http status code (403)
WARNING: HTTP error for http://otclient.ovh/api/status.php: Invalid http status code (403)
WARNING: HTTP error for http://otclient.ovh/api/status.php: Invalid http status code (403)
WARNING: HTTP error for http://otclient.ovh/api/status.php: Invalid http status code (403)
WARNING: HTTP error for http://otclient.ovh/api/status.php: Invalid http status code (403)
Exiting application..
WARNING: widget 'widget1316' was not explicitly destroyed
GPU ANGLE (AMD Radeon RX 580 2048SP Direct3D11 vs_5_0 ps_5_0) (Google Inc.)
OpenGL OpenGL ES 3.0.0 (ANGLE 2.1.0.54a3d7cbcadb)
[Atlas] Texture size is: 4096x4096 (max: 16384x16384)
Found work dir at 'C:/Users/Gavriel/Documents/Naruto Battle Begin/otclientv8-master/'
== application started at Dec 30 2025 20:14:30
OTCv8 3.2 rev 4 (dev) made by otclient.net built on Feb 26 2023 for arch x86
WARNING: HTTP error for http://otclient.ovh/api/status.php: Invalid http status code (403)
Connecting to: 127.0.0.1:7171
Login to 127.0.0.1:7172
Exiting application..
WARNING: widget 'widget1316' was not explicitly destroyed
GPU ANGLE (AMD Radeon RX 580 2048SP Direct3D11 vs_5_0 ps_5_0) (Google Inc.)
OpenGL OpenGL ES 3.0.0 (ANGLE 2.1.0.54a3d7cbcadb)
[Atlas] Texture size is: 4096x4096 (max: 16384x16384)
Found work dir at 'C:/Users/Gavriel/Documents/Naruto Battle Begin/otclientv8-master/'
== application started at Dec 30 2025 20:32:04
OTCv8 3.2 rev 4 (dev) made by otclient.net built on Feb 26 2023 for arch x86
WARNING: HTTP error for http://otclient.ovh/api/status.php: Invalid http status code (403)
Connecting to: 127.0.0.1:7171
Login to 127.0.0.1:7172
Exiting application..
WARNING: widget 'widget1316' was not explicitly destroyed
GPU ANGLE (AMD Radeon RX 580 2048SP Direct3D11 vs_5_0 ps_5_0) (Google Inc.)
OpenGL OpenGL ES 3.0.0 (ANGLE 2.1.0.54a3d7cbcadb)
[Atlas] Texture size is: 4096x4096 (max: 16384x16384)
Found work dir at 'C:/Users/Gavriel/Documents/Naruto Battle Begin/otclientv8-master/'
== application started at Dec 30 2025 20:37:25
OTCv8 3.2 rev 4 (dev) made by otclient.net built on Feb 26 2023 for arch x86
FATAL ERROR: Unable to load module 'game_actionbar': LUA ERROR: /modules/game_actionbar/actionbar.lua:1086: '=' expected near 'startCooldown'
stack traceback:
	[builtin#146]: at 0x00bed800
	[C]: in function 'ensureModuleLoaded'
	/init.lua:71: in function 'loadModules'
	/init.lua:92: in main chunk
GPU ANGLE (AMD Radeon RX 580 2048SP Direct3D11 vs_5_0 ps_5_0) (Google Inc.)
OpenGL OpenGL ES 3.0.0 (ANGLE 2.1.0.54a3d7cbcadb)
[Atlas] Texture size is: 4096x4096 (max: 16384x16384)
Found work dir at 'C:/Users/Gavriel/Documents/Naruto Battle Begin/otclientv8-master/'
== application started at Dec 30 2025 20:38:22
OTCv8 3.2 rev 4 (dev) made by otclient.net built on Feb 26 2023 for arch x86
WARNING: HTTP error for http://otclient.ovh/api/status.php: Invalid http status code (403)
Connecting to: 127.0.0.1:7171
Login to 127.0.0.1:7172
WARNING: HTTP error for http://otclient.ovh/api/status.php: Invalid http status code (403)
Exiting application..
GPU ANGLE (AMD Radeon RX 580 2048SP Direct3D11 vs_5_0 ps_5_0) (Google Inc.)
OpenGL OpenGL ES 3.0.0 (ANGLE 2.1.0.54a3d7cbcadb)
[Atlas] Texture size is: 4096x4096 (max: 16384x16384)
Found work dir at 'C:/Users/Gavriel/Documents/Naruto Battle Begin/otclientv8-master/'
== application started at Dec 30 2025 20:46:52
OTCv8 3.2 rev 4 (dev) made by otclient.net built on Feb 26 2023 for arch x86
WARNING: HTTP error for http://otclient.ovh/api/status.php: Invalid http status code (403)
WARNING: HTTP error for http://otclient.ovh/api/status.php: Invalid http status code (403)
Connecting to: 127.0.0.1:7171
Login to 127.0.0.1:7172
WARNING: HTTP error for http://otclient.ovh/api/status.php: Invalid http status code (403)
Exiting application..
GPU ANGLE (AMD Radeon RX 580 2048SP Direct3D11 vs_5_0 ps_5_0) (Google Inc.)
OpenGL OpenGL ES 3.0.0 (ANGLE 2.1.0.54a3d7cbcadb)
[Atlas] Texture size is: 4096x4096 (max: 16384x16384)
Found work dir at 'C:/Users/Gavriel/Documents/Naruto Battle Begin/otclientv8-master/'
== application started at Dec 30 2025 20:50:47
OTCv8 3.2 rev 4 (dev) made by otclient.net built on Feb 26 2023 for arch x86
WARNING: HTTP error for http://otclient.ovh/api/status.php: Invalid http status code (403)
Connecting to: 127.0.0.1:7171
Login to 127.0.0.1:7172
Exiting application..
WARNING: widget 'widget1316' was not explicitly destroyed
GPU ANGLE (AMD Radeon RX 580 2048SP Direct3D11 vs_5_0 ps_5_0) (Google Inc.)
OpenGL OpenGL ES 3.0.0 (ANGLE 2.1.0.54a3d7cbcadb)
[Atlas] Texture size is: 4096x4096 (max: 16384x16384)
Found work dir at 'C:/Users/Gavriel/Documents/Naruto Battle Begin/otclientv8-master/'
== application started at Dec 30 2025 21:06:46
OTCv8 3.2 rev 4 (dev) made by otclient.net built on Feb 26 2023 for arch x86
WARNING: HTTP error for http://otclient.ovh/api/status.php: Invalid http status code (403)
Connecting to: 127.0.0.1:7171
Login to 127.0.0.1:7172
WARNING: HTTP error for http://otclient.ovh/api/status.php: Invalid http status code (403)
Exiting application..
GPU ANGLE (AMD Radeon RX 580 2048SP Direct3D11 vs_5_0 ps_5_0) (Google Inc.)
OpenGL OpenGL ES 3.0.0 (ANGLE 2.1.0.54a3d7cbcadb)
[Atlas] Texture size is: 4096x4096 (max: 16384x16384)
Found work dir at 'C:/Users/Gavriel/Documents/Naruto Battle Begin/otclientv8-master/'
== application started at Dec 30 2025 21:11:13
OTCv8 3.2 rev 4 (dev) made by otclient.net built on Feb 26 2023 for arch x86
WARNING: HTTP error for http://otclient.ovh/api/status.php: Invalid http status code (403)
Connecting to: 127.0.0.1:7171
Login to 127.0.0.1:7172
WARNING: widget 'widget1316' was not explicitly destroyed
Exiting application..
WARNING: attempt to destroy widget 'terminalButton' two times
WARNING: widget 'widget4610' was not explicitly destroyed
GPU ANGLE (AMD Radeon RX 580 2048SP Direct3D11 vs_5_0 ps_5_0) (Google Inc.)
OpenGL OpenGL ES 3.0.0 (ANGLE 2.1.0.54a3d7cbcadb)
[Atlas] Texture size is: 4096x4096 (max: 16384x16384)
Found work dir at 'C:/Users/Gavriel/Documents/Naruto Battle Begin/otclientv8-master/'
== application started at Dec 30 2025 21:19:26
OTCv8 3.2 rev 4 (dev) made by otclient.net built on Feb 26 2023 for arch x86
WARNING: HTTP error for http://otclient.ovh/api/status.php: Invalid http status code (403)
Connecting to: 127.0.0.1:7171
Login to 127.0.0.1:7172
ERROR: failed to apply style to widget 'text': OTML error in '/modules/game_actionbar/actionbar.otui:36': failed to cast node value 'true      # ESSENCIAL: Ativa a suavização (linear filter)' to type 'bool'
stack traceback:
	[C]: in function 'createWidget'
	/modules/game_actionbar/actionbar.lua:390: in function 'setupActionBar'
	/modules/game_actionbar/actionbar.lua:193: in function 'show'
	/modules/game_actionbar/actionbar.lua:182: in function </modules/game_actionbar/actionbar.lua:173>
at:
	[C++]: ?applyStyle@UIWidget@@QAEXABV?$shared_object_ptr@VOTMLNode@@@stdext@@@Z
ERROR: failed to apply style to widget 'text': OTML error in '/modules/game_actionbar/actionbar.otui:36': failed to cast node value 'true      # ESSENCIAL: Ativa a suavização (linear filter)' to type 'bool'
stack traceback:
	[C]: in function 'createWidget'
	/modules/game_actionbar/actionbar.lua:390: in function 'setupActionBar'
	/modules/game_actionbar/actionbar.lua:193: in function 'show'
	/modules/game_actionbar/actionbar.lua:182: in function </modules/game_actionbar/actionbar.lua:173>
at:
	[C++]: ?applyStyle@UIWidget@@QAEXABV?$shared_object_ptr@VOTMLNode@@@stdext@@@Z
ERROR: failed to apply style to widget 'text': OTML error in '/modules/game_actionbar/actionbar.otui:36': failed to cast node value 'true      # ESSENCIAL: Ativa a suavização (linear filter)' to type 'bool'
stack traceback:
	[C]: in function 'createWidget'
	/modules/game_actionbar/actionbar.lua:390: in function 'setupActionBar'
	/modules/game_actionbar/actionbar.lua:193: in function 'show'
	/modules/game_actionbar/actionbar.lua:182: in function </modules/game_actionbar/actionbar.lua:173>
at:
	[C++]: ?applyStyle@UIWidget@@QAEXABV?$shared_object_ptr@VOTMLNode@@@stdext@@@Z
ERROR: failed to apply style to widget 'text': OTML error in '/modules/game_actionbar/actionbar.otui:36': failed to cast node value 'true      # ESSENCIAL: Ativa a suavização (linear filter)' to type 'bool'
stack traceback:
	[C]: in function 'createWidget'
	/modules/game_actionbar/actionbar.lua:390: in function 'setupActionBar'
	/modules/game_actionbar/actionbar.lua:193: in function 'show'
	/modules/game_actionbar/actionbar.lua:182: in function </modules/game_actionbar/actionbar.lua:173>
at:
	[C++]: ?applyStyle@UIWidget@@QAEXABV?$shared_object_ptr@VOTMLNode@@@stdext@@@Z
ERROR: failed to apply style to widget 'text': OTML error in '/modules/game_actionbar/actionbar.otui:36': failed to cast node value 'true      # ESSENCIAL: Ativa a suavização (linear filter)' to type 'bool'
stack traceback:
	[C]: in function 'createWidget'
	/modules/game_actionbar/actionbar.lua:390: in function 'setupActionBar'
	/modules/game_actionbar/actionbar.lua:193: in function 'show'
	/modules/game_actionbar/actionbar.lua:182: in function </modules/game_actionbar/actionbar.lua:173>
at:
	[C++]: ?applyStyle@UIWidget@@QAEXABV?$shared_object_ptr@VOTMLNode@@@stdext@@@Z
ERROR: failed to apply style to widget 'text': OTML error in '/modules/game_actionbar/actionbar.otui:36': failed to cast node value 'true      # ESSENCIAL: Ativa a suavização (linear filter)' to type 'bool'
stack traceback:
	[C]: in function 'createWidget'
	/modules/game_actionbar/actionbar.lua:390: in function 'setupActionBar'
	/modules/game_actionbar/actionbar.lua:193: in function 'show'
	/modules/game_actionbar/actionbar.lua:182: in function </modules/game_actionbar/actionbar.lua:173>
at:
	[C++]: ?applyStyle@UIWidget@@QAEXABV?$shared_object_ptr@VOTMLNode@@@stdext@@@Z
ERROR: failed to apply style to widget 'text': OTML error in '/modules/game_actionbar/actionbar.otui:36': failed to cast node value 'true      # ESSENCIAL: Ativa a suavização (linear filter)' to type 'bool'
stack traceback:
	[C]: in function 'createWidget'
	/modules/game_actionbar/actionbar.lua:390: in function 'setupActionBar'
	/modules/game_actionbar/actionbar.lua:193: in function 'show'
	/modules/game_actionbar/actionbar.lua:182: in function </modules/game_actionbar/actionbar.lua:173>
at:
	[C++]: ?applyStyle@UIWidget@@QAEXABV?$shared_object_ptr@VOTMLNode@@@stdext@@@Z
ERROR: failed to apply style to widget 'text': OTML error in '/modules/game_actionbar/actionbar.otui:36': failed to cast node value 'true      # ESSENCIAL: Ativa a suavização (linear filter)' to type 'bool'
stack traceback:
	[C]: in function 'createWidget'
	/modules/game_actionbar/actionbar.lua:390: in function 'setupActionBar'
	/modules/game_actionbar/actionbar.lua:193: in function 'show'
	/modules/game_actionbar/actionbar.lua:182: in function </modules/game_actionbar/actionbar.lua:173>
at:
	[C++]: ?applyStyle@UIWidget@@QAEXABV?$shared_object_ptr@VOTMLNode@@@stdext@@@Z
ERROR: failed to apply style to widget 'text': OTML error in '/modules/game_actionbar/actionbar.otui:36': failed to cast node value 'true      # ESSENCIAL: Ativa a suavização (linear filter)' to type 'bool'
stack traceback:
	[C]: in function 'createWidget'
	/modules/game_actionbar/actionbar.lua:390: in function 'setupActionBar'
	/modules/game_actionbar/actionbar.lua:193: in function 'show'
	/modules/game_actionbar/actionbar.lua:182: in function </modules/game_actionbar/actionbar.lua:173>
at:
	[C++]: ?applyStyle@UIWidget@@QAEXABV?$shared_object_ptr@VOTMLNode@@@stdext@@@Z
ERROR: failed to apply style to widget 'text': OTML error in '/modules/game_actionbar/actionbar.otui:36': failed to cast node value 'true      # ESSENCIAL: Ativa a suavização (linear filter)' to type 'bool'
stack traceback:
	[C]: in function 'createWidget'
	/modules/game_actionbar/actionbar.lua:390: in function 'setupActionBar'
	/modules/game_actionbar/actionbar.lua:193: in function 'show'
	/modules/game_actionbar/actionbar.lua:182: in function </modules/game_actionbar/actionbar.lua:173>
at:
	[C++]: ?applyStyle@UIWidget@@QAEXABV?$shared_object_ptr@VOTMLNode@@@stdext@@@Z
ERROR: failed to apply style to widget 'text': OTML error in '/modules/game_actionbar/actionbar.otui:36': failed to cast node value 'true      # ESSENCIAL: Ativa a suavização (linear filter)' to type 'bool'
stack traceback:
	[C]: in function 'createWidget'
	/modules/game_actionbar/actionbar.lua:390: in function 'setupActionBar'
	/modules/game_actionbar/actionbar.lua:193: in function 'show'
	/modules/game_actionbar/actionbar.lua:182: in function </modules/game_actionbar/actionbar.lua:173>
at:
	[C++]: ?applyStyle@UIWidget@@QAEXABV?$shared_object_ptr@VOTMLNode@@@stdext@@@Z
ERROR: failed to apply style to widget 'text': OTML error in '/modules/game_actionbar/actionbar.otui:36': failed to cast node value 'true      # ESSENCIAL: Ativa a suavização (linear filter)' to type 'bool'
stack traceback:
	[C]: in function 'createWidget'
	/modules/game_actionbar/actionbar.lua:390: in function 'setupActionBar'
	/modules/game_actionbar/actionbar.lua:193: in function 'show'
	/modules/game_actionbar/actionbar.lua:182: in function </modules/game_actionbar/actionbar.lua:173>
at:
	[C++]: ?applyStyle@UIWidget@@QAEXABV?$shared_object_ptr@VOTMLNode@@@stdext@@@Z
ERROR: failed to apply style to widget 'text': OTML error in '/modules/game_actionbar/actionbar.otui:36': failed to cast node value 'true      # ESSENCIAL: Ativa a suavização (linear filter)' to type 'bool'
stack traceback:
	[C]: in function 'createWidget'
	/modules/game_actionbar/actionbar.lua:390: in function 'setupActionBar'
	/modules/game_actionbar/actionbar.lua:193: in function 'show'
	/modules/game_actionbar/actionbar.lua:182: in function </modules/game_actionbar/actionbar.lua:173>
at:
	[C++]: ?applyStyle@UIWidget@@QAEXABV?$shared_object_ptr@VOTMLNode@@@stdext@@@Z
ERROR: failed to apply style to widget 'text': OTML error in '/modules/game_actionbar/actionbar.otui:36': failed to cast node value 'true      # ESSENCIAL: Ativa a suavização (linear filter)' to type 'bool'
stack traceback:
	[C]: in function 'createWidget'
	/modules/game_actionbar/actionbar.lua:390: in function 'setupActionBar'
	/modules/game_actionbar/actionbar.lua:193: in function 'show'
	/modules/game_actionbar/actionbar.lua:182: in function </modules/game_actionbar/actionbar.lua:173>
at:
	[C++]: ?applyStyle@UIWidget@@QAEXABV?$shared_object_ptr@VOTMLNode@@@stdext@@@Z
ERROR: failed to apply style to widget 'text': OTML error in '/modules/game_actionbar/actionbar.otui:36': failed to cast node value 'true      # ESSENCIAL: Ativa a suavização (linear filter)' to type 'bool'
stack traceback:
	[C]: in function 'createWidget'
	/modules/game_actionbar/actionbar.lua:390: in function 'setupActionBar'
	/modules/game_actionbar/actionbar.lua:193: in function 'show'
	/modules/game_actionbar/actionbar.lua:182: in function </modules/game_actionbar/actionbar.lua:173>
at:
	[C++]: ?applyStyle@UIWidget@@QAEXABV?$shared_object_ptr@VOTMLNode@@@stdext@@@Z
ERROR: failed to apply style to widget 'text': OTML error in '/modules/game_actionbar/actionbar.otui:36': failed to cast node value 'true      # ESSENCIAL: Ativa a suavização (linear filter)' to type 'bool'
stack traceback:
	[C]: in function 'createWidget'
	/modules/game_actionbar/actionbar.lua:390: in function 'setupActionBar'
	/modules/game_actionbar/actionbar.lua:193: in function 'show'
	/modules/game_actionbar/actionbar.lua:182: in function </modules/game_actionbar/actionbar.lua:173>
at:
	[C++]: ?applyStyle@UIWidget@@QAEXABV?$shared_object_ptr@VOTMLNode@@@stdext@@@Z
ERROR: failed to apply style to widget 'text': OTML error in '/modules/game_actionbar/actionbar.otui:36': failed to cast node value 'true      # ESSENCIAL: Ativa a suavização (linear filter)' to type 'bool'
stack traceback:
	[C]: in function 'createWidget'
	/modules/game_actionbar/actionbar.lua:390: in function 'setupActionBar'
	/modules/game_actionbar/actionbar.lua:193: in function 'show'
	/modules/game_actionbar/actionbar.lua:182: in function </modules/game_actionbar/actionbar.lua:173>
at:
	[C++]: ?applyStyle@UIWidget@@QAEXABV?$shared_object_ptr@VOTMLNode@@@stdext@@@Z
ERROR: failed to apply style to widget 'text': OTML error in '/modules/game_actionbar/actionbar.otui:36': failed to cast node value 'true      # ESSENCIAL: Ativa a suavização (linear filter)' to type 'bool'
stack traceback:
	[C]: in function 'createWidget'
	/modules/game_actionbar/actionbar.lua:390: in function 'setupActionBar'
	/modules/game_actionbar/actionbar.lua:193: in function 'show'
	/modules/game_actionbar/actionbar.lua:182: in function </modules/game_actionbar/actionbar.lua:173>
at:
	[C++]: ?applyStyle@UIWidget@@QAEXABV?$shared_object_ptr@VOTMLNode@@@stdext@@@Z
ERROR: failed to apply style to widget 'text': OTML error in '/modules/game_actionbar/actionbar.otui:36': failed to cast node value 'true      # ESSENCIAL: Ativa a suavização (linear filter)' to type 'bool'
stack traceback:
	[C]: in function 'createWidget'
	/modules/game_actionbar/actionbar.lua:390: in function 'setupActionBar'
	/modules/game_actionbar/actionbar.lua:193: in function 'show'
	/modules/game_actionbar/actionbar.lua:182: in function </modules/game_actionbar/actionbar.lua:173>
at:
	[C++]: ?applyStyle@UIWidget@@QAEXABV?$shared_object_ptr@VOTMLNode@@@stdext@@@Z
ERROR: failed to apply style to widget 'text': OTML error in '/modules/game_actionbar/actionbar.otui:36': failed to cast node value 'true      # ESSENCIAL: Ativa a suavização (linear filter)' to type 'bool'
stack traceback:
	[C]: in function 'createWidget'
	/modules/game_actionbar/actionbar.lua:390: in function 'setupActionBar'
	/modules/game_actionbar/actionbar.lua:193: in function 'show'
	/modules/game_actionbar/actionbar.lua:182: in function </modules/game_actionbar/actionbar.lua:173>
at:
	[C++]: ?applyStyle@UIWidget@@QAEXABV?$shared_object_ptr@VOTMLNode@@@stdext@@@Z
ERROR: failed to apply style to widget 'text': OTML error in '/modules/game_actionbar/actionbar.otui:36': failed to cast node value 'true      # ESSENCIAL: Ativa a suavização (linear filter)' to type 'bool'
stack traceback:
	[C]: in function 'createWidget'
	/modules/game_actionbar/actionbar.lua:390: in function 'setupActionBar'
	/modules/game_actionbar/actionbar.lua:193: in function 'show'
	/modules/game_actionbar/actionbar.lua:182: in function </modules/game_actionbar/actionbar.lua:173>
at:
	[C++]: ?applyStyle@UIWidget@@QAEXABV?$shared_object_ptr@VOTMLNode@@@stdext@@@Z
ERROR: failed to apply style to widget 'text': OTML error in '/modules/game_actionbar/actionbar.otui:36': failed to cast node value 'true      # ESSENCIAL: Ativa a suavização (linear filter)' to type 'bool'
stack traceback:
	[C]: in function 'createWidget'
	/modules/game_actionbar/actionbar.lua:390: in function 'setupActionBar'
	/modules/game_actionbar/actionbar.lua:193: in function 'show'
	/modules/game_actionbar/actionbar.lua:182: in function </modules/game_actionbar/actionbar.lua:173>
at:
	[C++]: ?applyStyle@UIWidget@@QAEXABV?$shared_object_ptr@VOTMLNode@@@stdext@@@Z
ERROR: failed to apply style to widget 'text': OTML error in '/modules/game_actionbar/actionbar.otui:36': failed to cast node value 'true      # ESSENCIAL: Ativa a suavização (linear filter)' to type 'bool'
stack traceback:
	[C]: in function 'createWidget'
	/modules/game_actionbar/actionbar.lua:390: in function 'setupActionBar'
	/modules/game_actionbar/actionbar.lua:193: in function 'show'
	/modules/game_actionbar/actionbar.lua:182: in function </modules/game_actionbar/actionbar.lua:173>
at:
	[C++]: ?applyStyle@UIWidget@@QAEXABV?$shared_object_ptr@VOTMLNode@@@stdext@@@Z
ERROR: failed to apply style to widget 'text': OTML error in '/modules/game_actionbar/actionbar.otui:36': failed to cast node value 'true      # ESSENCIAL: Ativa a suavização (linear filter)' to type 'bool'
stack traceback:
	[C]: in function 'createWidget'
	/modules/game_actionbar/actionbar.lua:390: in function 'setupActionBar'
	/modules/game_actionbar/actionbar.lua:193: in function 'show'
	/modules/game_actionbar/actionbar.lua:182: in function </modules/game_actionbar/actionbar.lua:173>
at:
	[C++]: ?applyStyle@UIWidget@@QAEXABV?$shared_object_ptr@VOTMLNode@@@stdext@@@Z
ERROR: failed to apply style to widget 'text': OTML error in '/modules/game_actionbar/actionbar.otui:36': failed to cast node value 'true      # ESSENCIAL: Ativa a suavização (linear filter)' to type 'bool'
stack traceback:
	[C]: in function 'createWidget'
	/modules/game_actionbar/actionbar.lua:390: in function 'setupActionBar'
	/modules/game_actionbar/actionbar.lua:193: in function 'show'
	/modules/game_actionbar/actionbar.lua:182: in function </modules/game_actionbar/actionbar.lua:173>
at:
	[C++]: ?applyStyle@UIWidget@@QAEXABV?$shared_object_ptr@VOTMLNode@@@stdext@@@Z
ERROR: failed to apply style to widget 'text': OTML error in '/modules/game_actionbar/actionbar.otui:36': failed to cast node value 'true      # ESSENCIAL: Ativa a suavização (linear filter)' to type 'bool'
stack traceback:
	[C]: in function 'createWidget'
	/modules/game_actionbar/actionbar.lua:390: in function 'setupActionBar'
	/modules/game_actionbar/actionbar.lua:193: in function 'show'
	/modules/game_actionbar/actionbar.lua:182: in function </modules/game_actionbar/actionbar.lua:173>
at:
	[C++]: ?applyStyle@UIWidget@@QAEXABV?$shared_object_ptr@VOTMLNode@@@stdext@@@Z
ERROR: failed to apply style to widget 'text': OTML error in '/modules/game_actionbar/actionbar.otui:36': failed to cast node value 'true      # ESSENCIAL: Ativa a suavização (linear filter)' to type 'bool'
stack traceback:
	[C]: in function 'createWidget'
	/modules/game_actionbar/actionbar.lua:390: in function 'setupActionBar'
	/modules/game_actionbar/actionbar.lua:193: in function 'show'
	/modules/game_actionbar/actionbar.lua:182: in function </modules/game_actionbar/actionbar.lua:173>
at:
	[C++]: ?applyStyle@UIWidget@@QAEXABV?$shared_object_ptr@VOTMLNode@@@stdext@@@Z
ERROR: failed to apply style to widget 'text': OTML error in '/modules/game_actionbar/actionbar.otui:36': failed to cast node value 'true      # ESSENCIAL: Ativa a suavização (linear filter)' to type 'bool'
stack traceback:
	[C]: in function 'createWidget'
	/modules/game_actionbar/actionbar.lua:390: in function 'setupActionBar'
	/modules/game_actionbar/actionbar.lua:193: in function 'show'
	/modules/game_actionbar/actionbar.lua:182: in function </modules/game_actionbar/actionbar.lua:173>
at:
	[C++]: ?applyStyle@UIWidget@@QAEXABV?$shared_object_ptr@VOTMLNode@@@stdext@@@Z
ERROR: failed to apply style to widget 'text': OTML error in '/modules/game_actionbar/actionbar.otui:36': failed to cast node value 'true      # ESSENCIAL: Ativa a suavização (linear filter)' to type 'bool'
stack traceback:
	[C]: in function 'createWidget'
	/modules/game_actionbar/actionbar.lua:390: in function 'setupActionBar'
	/modules/game_actionbar/actionbar.lua:193: in function 'show'
	/modules/game_actionbar/actionbar.lua:182: in function </modules/game_actionbar/actionbar.lua:173>
at:
	[C++]: ?applyStyle@UIWidget@@QAEXABV?$shared_object_ptr@VOTMLNode@@@stdext@@@Z
ERROR: failed to apply style to widget 'text': OTML error in '/modules/game_actionbar/actionbar.otui:36': failed to cast node value 'true      # ESSENCIAL: Ativa a suavização (linear filter)' to type 'bool'
stack traceback:
	[C]: in function 'createWidget'
	/modules/game_actionbar/actionbar.lua:390: in function 'setupActionBar'
	/modules/game_actionbar/actionbar.lua:193: in function 'show'
	/modules/game_actionbar/actionbar.lua:182: in function </modules/game_actionbar/actionbar.lua:173>
at:
	[C++]: ?applyStyle@UIWidget@@QAEXABV?$shared_object_ptr@VOTMLNode@@@stdext@@@Z
ERROR: failed to apply style to widget 'text': OTML error in '/modules/game_actionbar/actionbar.otui:36': failed to cast node value 'true      # ESSENCIAL: Ativa a suavização (linear filter)' to type 'bool'
stack traceback:
	[C]: in function 'createWidget'
	/modules/game_actionbar/actionbar.lua:390: in function 'setupActionBar'
	/modules/game_actionbar/actionbar.lua:193: in function 'show'
	/modules/game_actionbar/actionbar.lua:182: in function </modules/game_actionbar/actionbar.lua:173>
at:
	[C++]: ?applyStyle@UIWidget@@QAEXABV?$shared_object_ptr@VOTMLNode@@@stdext@@@Z
ERROR: failed to apply style to widget 'text': OTML error in '/modules/game_actionbar/actionbar.otui:36': failed to cast node value 'true      # ESSENCIAL: Ativa a suavização (linear filter)' to type 'bool'
stack traceback:
	[C]: in function 'createWidget'
	/modules/game_actionbar/actionbar.lua:390: in function 'setupActionBar'
	/modules/game_actionbar/actionbar.lua:193: in function 'show'
	/modules/game_actionbar/actionbar.lua:182: in function </modules/game_actionbar/actionbar.lua:173>
at:
	[C++]: ?applyStyle@UIWidget@@QAEXABV?$shared_object_ptr@VOTMLNode@@@stdext@@@Z
ERROR: failed to apply style to widget 'text': OTML error in '/modules/game_actionbar/actionbar.otui:36': failed to cast node value 'true      # ESSENCIAL: Ativa a suavização (linear filter)' to type 'bool'
stack traceback:
	[C]: in function 'createWidget'
	/modules/game_actionbar/actionbar.lua:390: in function 'setupActionBar'
	/modules/game_actionbar/actionbar.lua:193: in function 'show'
	/modules/game_actionbar/actionbar.lua:182: in function </modules/game_actionbar/actionbar.lua:173>
at:
	[C++]: ?applyStyle@UIWidget@@QAEXABV?$shared_object_ptr@VOTMLNode@@@stdext@@@Z
ERROR: failed to apply style to widget 'text': OTML error in '/modules/game_actionbar/actionbar.otui:36': failed to cast node value 'true      # ESSENCIAL: Ativa a suavização (linear filter)' to type 'bool'
stack traceback:
	[C]: in function 'createWidget'
	/modules/game_actionbar/actionbar.lua:390: in function 'setupActionBar'
	/modules/game_actionbar/actionbar.lua:193: in function 'show'
	/modules/game_actionbar/actionbar.lua:182: in function </modules/game_actionbar/actionbar.lua:173>
at:
	[C++]: ?applyStyle@UIWidget@@QAEXABV?$shared_object_ptr@VOTMLNode@@@stdext@@@Z
ERROR: failed to apply style to widget 'text': OTML error in '/modules/game_actionbar/actionbar.otui:36': failed to cast node value 'true      # ESSENCIAL: Ativa a suavização (linear filter)' to type 'bool'
stack traceback:
	[C]: in function 'createWidget'
	/modules/game_actionbar/actionbar.lua:390: in function 'setupActionBar'
	/modules/game_actionbar/actionbar.lua:193: in function 'show'
	/modules/game_actionbar/actionbar.lua:182: in function </modules/game_actionbar/actionbar.lua:173>
at:
	[C++]: ?applyStyle@UIWidget@@QAEXABV?$shared_object_ptr@VOTMLNode@@@stdext@@@Z
ERROR: failed to apply style to widget 'text': OTML error in '/modules/game_actionbar/actionbar.otui:36': failed to cast node value 'true      # ESSENCIAL: Ativa a suavização (linear filter)' to type 'bool'
stack traceback:
	[C]: in function 'createWidget'
	/modules/game_actionbar/actionbar.lua:390: in function 'setupActionBar'
	/modules/game_actionbar/actionbar.lua:193: in function 'show'
	/modules/game_actionbar/actionbar.lua:182: in function </modules/game_actionbar/actionbar.lua:173>
at:
	[C++]: ?applyStyle@UIWidget@@QAEXABV?$shared_object_ptr@VOTMLNode@@@stdext@@@Z
ERROR: failed to apply style to widget 'text': OTML error in '/modules/game_actionbar/actionbar.otui:36': failed to cast node value 'true      # ESSENCIAL: Ativa a suavização (linear filter)' to type 'bool'
stack traceback:
	[C]: in function 'createWidget'
	/modules/game_actionbar/actionbar.lua:390: in function 'setupActionBar'
	/modules/game_actionbar/actionbar.lua:193: in function 'show'
	/modules/game_actionbar/actionbar.lua:182: in function </modules/game_actionbar/actionbar.lua:173>
at:
	[C++]: ?applyStyle@UIWidget@@QAEXABV?$shared_object_ptr@VOTMLNode@@@stdext@@@Z
ERROR: failed to apply style to widget 'text': OTML error in '/modules/game_actionbar/actionbar.otui:36': failed to cast node value 'true      # ESSENCIAL: Ativa a suavização (linear filter)' to type 'bool'
stack traceback:
	[C]: in function 'createWidget'
	/modules/game_actionbar/actionbar.lua:390: in function 'setupActionBar'
	/modules/game_actionbar/actionbar.lua:193: in function 'show'
	/modules/game_actionbar/actionbar.lua:182: in function </modules/game_actionbar/actionbar.lua:173>
at:
	[C++]: ?applyStyle@UIWidget@@QAEXABV?$shared_object_ptr@VOTMLNode@@@stdext@@@Z
ERROR: failed to apply style to widget 'text': OTML error in '/modules/game_actionbar/actionbar.otui:36': failed to cast node value 'true      # ESSENCIAL: Ativa a suavização (linear filter)' to type 'bool'
stack traceback:
	[C]: in function 'createWidget'
	/modules/game_actionbar/actionbar.lua:390: in function 'setupActionBar'
	/modules/game_actionbar/actionbar.lua:193: in function 'show'
	/modules/game_actionbar/actionbar.lua:182: in function </modules/game_actionbar/actionbar.lua:173>
at:
	[C++]: ?applyStyle@UIWidget@@QAEXABV?$shared_object_ptr@VOTMLNode@@@stdext@@@Z
ERROR: failed to apply style to widget 'text': OTML error in '/modules/game_actionbar/actionbar.otui:36': failed to cast node value 'true      # ESSENCIAL: Ativa a suavização (linear filter)' to type 'bool'
stack traceback:
	[C]: in function 'createWidget'
	/modules/game_actionbar/actionbar.lua:390: in function 'setupActionBar'
	/modules/game_actionbar/actionbar.lua:193: in function 'show'
	/modules/game_actionbar/actionbar.lua:182: in function </modules/game_actionbar/actionbar.lua:173>
at:
	[C++]: ?applyStyle@UIWidget@@QAEXABV?$shared_object_ptr@VOTMLNode@@@stdext@@@Z
ERROR: failed to apply style to widget 'text': OTML error in '/modules/game_actionbar/actionbar.otui:36': failed to cast node value 'true      # ESSENCIAL: Ativa a suavização (linear filter)' to type 'bool'
stack traceback:
	[C]: in function 'createWidget'
	/modules/game_actionbar/actionbar.lua:390: in function 'setupActionBar'
	/modules/game_actionbar/actionbar.lua:193: in function 'show'
	/modules/game_actionbar/actionbar.lua:182: in function </modules/game_actionbar/actionbar.lua:173>
at:
	[C++]: ?applyStyle@UIWidget@@QAEXABV?$shared_object_ptr@VOTMLNode@@@stdext@@@Z
ERROR: failed to apply style to widget 'text': OTML error in '/modules/game_actionbar/actionbar.otui:36': failed to cast node value 'true      # ESSENCIAL: Ativa a suavização (linear filter)' to type 'bool'
stack traceback:
	[C]: in function 'createWidget'
	/modules/game_actionbar/actionbar.lua:390: in function 'setupActionBar'
	/modules/game_actionbar/actionbar.lua:193: in function 'show'
	/modules/game_actionbar/actionbar.lua:182: in function </modules/game_actionbar/actionbar.lua:173>
at:
	[C++]: ?applyStyle@UIWidget@@QAEXABV?$shared_object_ptr@VOTMLNode@@@stdext@@@Z
ERROR: failed to apply style to widget 'text': OTML error in '/modules/game_actionbar/actionbar.otui:36': failed to cast node value 'true      # ESSENCIAL: Ativa a suavização (linear filter)' to type 'bool'
stack traceback:
	[C]: in function 'createWidget'
	/modules/game_actionbar/actionbar.lua:390: in function 'setupActionBar'
	/modules/game_actionbar/actionbar.lua:193: in function 'show'
	/modules/game_actionbar/actionbar.lua:182: in function </modules/game_actionbar/actionbar.lua:173>
at:
	[C++]: ?applyStyle@UIWidget@@QAEXABV?$shared_object_ptr@VOTMLNode@@@stdext@@@Z
ERROR: failed to apply style to widget 'text': OTML error in '/modules/game_actionbar/actionbar.otui:36': failed to cast node value 'true      # ESSENCIAL: Ativa a suavização (linear filter)' to type 'bool'
stack traceback:
	[C]: in function 'createWidget'
	/modules/game_actionbar/actionbar.lua:390: in function 'setupActionBar'
	/modules/game_actionbar/actionbar.lua:193: in function 'show'
	/modules/game_actionbar/actionbar.lua:182: in function </modules/game_actionbar/actionbar.lua:173>
at:
	[C++]: ?applyStyle@UIWidget@@QAEXABV?$shared_object_ptr@VOTMLNode@@@stdext@@@Z
ERROR: failed to apply style to widget 'text': OTML error in '/modules/game_actionbar/actionbar.otui:36': failed to cast node value 'true      # ESSENCIAL: Ativa a suavização (linear filter)' to type 'bool'
stack traceback:
	[C]: in function 'createWidget'
	/modules/game_actionbar/actionbar.lua:390: in function 'setupActionBar'
	/modules/game_actionbar/actionbar.lua:193: in function 'show'
	/modules/game_actionbar/actionbar.lua:182: in function </modules/game_actionbar/actionbar.lua:173>
at:
	[C++]: ?applyStyle@UIWidget@@QAEXABV?$shared_object_ptr@VOTMLNode@@@stdext@@@Z
ERROR: failed to apply style to widget 'text': OTML error in '/modules/game_actionbar/actionbar.otui:36': failed to cast node value 'true      # ESSENCIAL: Ativa a suavização (linear filter)' to type 'bool'
stack traceback:
	[C]: in function 'createWidget'
	/modules/game_actionbar/actionbar.lua:390: in function 'setupActionBar'
	/modules/game_actionbar/actionbar.lua:193: in function 'show'
	/modules/game_actionbar/actionbar.lua:182: in function </modules/game_actionbar/actionbar.lua:173>
at:
	[C++]: ?applyStyle@UIWidget@@QAEXABV?$shared_object_ptr@VOTMLNode@@@stdext@@@Z
ERROR: failed to apply style to widget 'text': OTML error in '/modules/game_actionbar/actionbar.otui:36': failed to cast node value 'true      # ESSENCIAL: Ativa a suavização (linear filter)' to type 'bool'
stack traceback:
	[C]: in function 'createWidget'
	/modules/game_actionbar/actionbar.lua:390: in function 'setupActionBar'
	/modules/game_actionbar/actionbar.lua:193: in function 'show'
	/modules/game_actionbar/actionbar.lua:182: in function </modules/game_actionbar/actionbar.lua:173>
at:
	[C++]: ?applyStyle@UIWidget@@QAEXABV?$shared_object_ptr@VOTMLNode@@@stdext@@@Z
ERROR: failed to apply style to widget 'text': OTML error in '/modules/game_actionbar/actionbar.otui:36': failed to cast node value 'true      # ESSENCIAL: Ativa a suavização (linear filter)' to type 'bool'
stack traceback:
	[C]: in function 'createWidget'
	/modules/game_actionbar/actionbar.lua:390: in function 'setupActionBar'
	/modules/game_actionbar/actionbar.lua:193: in function 'show'
	/modules/game_actionbar/actionbar.lua:182: in function </modules/game_actionbar/actionbar.lua:173>
at:
	[C++]: ?applyStyle@UIWidget@@QAEXABV?$shared_object_ptr@VOTMLNode@@@stdext@@@Z
ERROR: failed to apply style to widget 'text': OTML error in '/modules/game_actionbar/actionbar.otui:36': failed to cast node value 'true      # ESSENCIAL: Ativa a suavização (linear filter)' to type 'bool'
stack traceback:
	[C]: in function 'createWidget'
	/modules/game_actionbar/actionbar.lua:390: in function 'setupActionBar'
	/modules/game_actionbar/actionbar.lua:193: in function 'show'
	/modules/game_actionbar/actionbar.lua:182: in function </modules/game_actionbar/actionbar.lua:173>
at:
	[C++]: ?applyStyle@UIWidget@@QAEXABV?$shared_object_ptr@VOTMLNode@@@stdext@@@Z
ERROR: failed to apply style to widget 'text': OTML error in '/modules/game_actionbar/actionbar.otui:36': failed to cast node value 'true      # ESSENCIAL: Ativa a suavização (linear filter)' to type 'bool'
stack traceback:
	[C]: in function 'createWidget'
	/modules/game_actionbar/actionbar.lua:390: in function 'setupActionBar'
	/modules/game_actionbar/actionbar.lua:193: in function 'show'
	/modules/game_actionbar/actionbar.lua:182: in function </modules/game_actionbar/actionbar.lua:173>
at:
	[C++]: ?applyStyle@UIWidget@@QAEXABV?$shared_object_ptr@VOTMLNode@@@stdext@@@Z
Exiting application..
ERROR: Unhandled onTextMessage message mode 28: You deal 4 damage to a trainer.
WARNING: widget 'widget1316' was not explicitly destroyed
GPU ANGLE (AMD Radeon RX 580 2048SP Direct3D11 vs_5_0 ps_5_0) (Google Inc.)
OpenGL OpenGL ES 3.0.0 (ANGLE 2.1.0.54a3d7cbcadb)
[Atlas] Texture size is: 4096x4096 (max: 16384x16384)
Found work dir at 'C:/Users/Gavriel/Documents/Naruto Battle Begin/otclientv8-master/'
== application started at Dec 30 2025 21:24:17
OTCv8 3.2 rev 4 (dev) made by otclient.net built on Feb 26 2023 for arch x86
WARNING: HTTP error for http://otclient.ovh/api/status.php: Invalid http status code (403)
WARNING: HTTP error for http://otclient.ovh/api/status.php: Invalid http status code (403)
Connecting to: 127.0.0.1:7171
Login to 127.0.0.1:7172
WARNING: HTTP error for http://otclient.ovh/api/status.php: Invalid http status code (403)
Login to 127.0.0.1:7172
WARNING: HTTP error for http://otclient.ovh/api/status.php: Invalid http status code (403)
Login to 127.0.0.1:7172
WARNING: HTTP error for http://otclient.ovh/api/status.php: Invalid http status code (403)
Login to 127.0.0.1:7172
Login to 127.0.0.1:7172
WARNING: HTTP error for http://otclient.ovh/api/status.php: Invalid http status code (403)
Login to 127.0.0.1:7172
WARNING: attempt to destroy widget 'widget1316' two times
WARNING: HTTP error for http://otclient.ovh/api/status.php: Invalid http status code (403)
Login to 127.0.0.1:7172
WARNING: HTTP error for http://otclient.ovh/api/status.php: Invalid http status code (403)
Login to 127.0.0.1:7172
WARNING: HTTP error for http://otclient.ovh/api/status.php: Invalid http status code (403)
Login to 127.0.0.1:7172
WARNING: attempt to destroy widget 'widget1316' two times
WARNING: HTTP error for http://otclient.ovh/api/status.php: Invalid http status code (403)
Login to 127.0.0.1:7172
WARNING: HTTP error for http://otclient.ovh/api/status.php: Invalid http status code (403)
Login to 127.0.0.1:7172
WARNING: HTTP error for http://otclient.ovh/api/status.php: Invalid http status code (403)
Login to 127.0.0.1:7172
WARNING: attempt to destroy widget 'widget1316' two times
WARNING: HTTP error for http://otclient.ovh/api/status.php: Invalid http status code (403)
Login to 127.0.0.1:7172
WARNING: HTTP error for http://otclient.ovh/api/status.php: Invalid http status code (403)
Login to 127.0.0.1:7172
WARNING: HTTP error for http://otclient.ovh/api/status.php: Invalid http status code (403)
Login to 127.0.0.1:7172
WARNING: HTTP error for http://otclient.ovh/api/status.php: Invalid http status code (403)
Login to 127.0.0.1:7172
Login to 127.0.0.1:7172
WARNING: HTTP error for http://otclient.ovh/api/status.php: Invalid http status code (403)
Login to 127.0.0.1:7172
WARNING: HTTP error for http://otclient.ovh/api/status.php: Invalid http status code (403)
Login to 127.0.0.1:7172
WARNING: HTTP error for http://otclient.ovh/api/status.php: Invalid http status code (403)
Login to 127.0.0.1:7172
WARNING: HTTP error for http://otclient.ovh/api/status.php: Invalid http status code (403)
Login to 127.0.0.1:7172
WARNING: HTTP error for http://otclient.ovh/api/status.php: Invalid http status code (403)
Login to 127.0.0.1:7172
Login to 127.0.0.1:7172
WARNING: HTTP error for http://otclient.ovh/api/status.php: Invalid http status code (403)
Login to 127.0.0.1:7172
WARNING: HTTP error for http://otclient.ovh/api/status.php: Invalid http status code (403)
Login to 127.0.0.1:7172
WARNING: HTTP error for http://otclient.ovh/api/status.php: Invalid http status code (403)
Login to 127.0.0.1:7172
WARNING: HTTP error for http://otclient.ovh/api/status.php: Invalid http status code (403)
Login to 127.0.0.1:7172
WARNING: HTTP error for http://otclient.ovh/api/status.php: Invalid http status code (403)
Login to 127.0.0.1:7172
Login to 127.0.0.1:7172
WARNING: HTTP error for http://otclient.ovh/api/status.php: Invalid http status code (403)
Login to 127.0.0.1:7172
WARNING: HTTP error for http://otclient.ovh/api/status.php: Invalid http status code (403)
Login to 127.0.0.1:7172
WARNING: HTTP error for http://otclient.ovh/api/status.php: Invalid http status code (403)
Login to 127.0.0.1:7172
WARNING: HTTP error for http://otclient.ovh/api/status.php: Invalid http status code (403)
Login to 127.0.0.1:7172
WARNING: HTTP error for http://otclient.ovh/api/status.php: Invalid http status code (403)
Login to 127.0.0.1:7172
Login to 127.0.0.1:7172
WARNING: HTTP error for http://otclient.ovh/api/status.php: Invalid http status code (403)
Login to 127.0.0.1:7172
WARNING: HTTP error for http://otclient.ovh/api/status.php: Invalid http status code (403)
Login to 127.0.0.1:7172
WARNING: HTTP error for http://otclient.ovh/api/status.php: Invalid http status code (403)
Login to 127.0.0.1:7172
WARNING: HTTP error for http://otclient.ovh/api/status.php: Invalid http status code (403)
Login to 127.0.0.1:7172
WARNING: HTTP error for http://otclient.ovh/api/status.php: Invalid http status code (403)
Login to 127.0.0.1:7172
WARNING: HTTP error for http://otclient.ovh/api/status.php: Invalid http status code (403)
Login to 127.0.0.1:7172
Login to 127.0.0.1:7172
WARNING: HTTP error for http://otclient.ovh/api/status.php: Invalid http status code (403)
Login to 127.0.0.1:7172
WARNING: HTTP error for http://otclient.ovh/api/status.php: Invalid http status code (403)
Login to 127.0.0.1:7172
WARNING: HTTP error for http://otclient.ovh/api/status.php: Invalid http status code (403)
Login to 127.0.0.1:7172
WARNING: HTTP error for http://otclient.ovh/api/status.php: Invalid http status code (403)
Login to 127.0.0.1:7172
WARNING: HTTP error for http://otclient.ovh/api/status.php: Invalid http status code (403)
Login to 127.0.0.1:7172
Login to 127.0.0.1:7172
WARNING: HTTP error for http://otclient.ovh/api/status.php: Invalid http status code (403)
Login to 127.0.0.1:7172
WARNING: HTTP error for http://otclient.ovh/api/status.php: Invalid http status code (403)
Login to 127.0.0.1:7172
WARNING: HTTP error for http://otclient.ovh/api/status.php: Invalid http status code (403)
Login to 127.0.0.1:7172
WARNING: HTTP error for http://otclient.ovh/api/status.php: Invalid http status code (403)
Login to 127.0.0.1:7172
WARNING: HTTP error for http://otclient.ovh/api/status.php: Invalid http status code (403)
Login to 127.0.0.1:7172
Login to 127.0.0.1:7172
WARNING: HTTP error for http://otclient.ovh/api/status.php: Invalid http status code (403)
Login to 127.0.0.1:7172
WARNING: HTTP error for http://otclient.ovh/api/status.php: Invalid http status code (403)
Login to 127.0.0.1:7172
WARNING: HTTP error for http://otclient.ovh/api/status.php: Invalid http status code (403)
Login to 127.0.0.1:7172
WARNING: HTTP error for http://otclient.ovh/api/status.php: Invalid http status code (403)
Login to 127.0.0.1:7172
WARNING: HTTP error for http://otclient.ovh/api/status.php: Invalid http status code (403)
Login to 127.0.0.1:7172
Login to 127.0.0.1:7172
WARNING: HTTP error for http://otclient.ovh/api/status.php: Invalid http status code (403)
Login to 127.0.0.1:7172
WARNING: HTTP error for http://otclient.ovh/api/status.php: Invalid http status code (403)
Login to 127.0.0.1:7172
WARNING: HTTP error for http://otclient.ovh/api/status.php: Invalid http status code (403)
Login to 127.0.0.1:7172
WARNING: attempt to destroy widget 'widget1316' two times
WARNING: HTTP error for http://otclient.ovh/api/status.php: Invalid http status code (403)
Login to 127.0.0.1:7172
WARNING: HTTP error for http://otclient.ovh/api/status.php: Invalid http status code (403)
Login to 127.0.0.1:7172
WARNING: HTTP error for http://otclient.ovh/api/status.php: Invalid http status code (403)
Login to 127.0.0.1:7172
WARNING: attempt to destroy widget 'widget1316' two times
WARNING: HTTP error for http://otclient.ovh/api/status.php: Invalid http status code (403)
Login to 127.0.0.1:7172
WARNING: HTTP error for http://otclient.ovh/api/status.php: Invalid http status code (403)
Login to 127.0.0.1:7172
WARNING: attempt to destroy widget 'widget1316' two times
WARNING: HTTP error for http://otclient.ovh/api/status.php: Invalid http status code (403)
Login to 127.0.0.1:7172
WARNING: HTTP error for http://otclient.ovh/api/status.php: Invalid http status code (403)
Login to 127.0.0.1:7172
WARNING: attempt to destroy widget 'widget1316' two times
WARNING: HTTP error for http://otclient.ovh/api/status.php: Invalid http status code (403)
Login to 127.0.0.1:7172
WARNING: HTTP error for http://otclient.ovh/api/status.php: Invalid http status code (403)
Login to 127.0.0.1:7172
WARNING: attempt to destroy widget 'widget1316' two times
WARNING: HTTP error for http://otclient.ovh/api/status.php: Invalid http status code (403)
Login to 127.0.0.1:7172
WARNING: attempt to destroy widget 'widget1316' two times
WARNING: HTTP error for http://otclient.ovh/api/status.php: Invalid http status code (403)
Login to 127.0.0.1:7172
Exiting application..
GPU ANGLE (AMD Radeon RX 580 2048SP Direct3D11 vs_5_0 ps_5_0) (Google Inc.)
OpenGL OpenGL ES 3.0.0 (ANGLE 2.1.0.54a3d7cbcadb)
[Atlas] Texture size is: 4096x4096 (max: 16384x16384)
Found work dir at 'C:/Users/Gavriel/Documents/Naruto Battle Begin/otclientv8-master/'
== application started at Dec 31 2025 13:05:12
OTCv8 3.2 rev 4 (dev) made by otclient.net built on Feb 26 2023 for arch x86
WARNING: HTTP error for http://otclient.ovh/api/status.php: Invalid http status code (403)
Connecting to: 127.0.0.1:7171
WARNING: HTTP error for http://otclient.ovh/api/status.php: Invalid http status code (403)
Login to 127.0.0.1:7172
WARNING: HTTP error for http://otclient.ovh/api/status.php: Invalid http status code (403)
WARNING: HTTP error for http://otclient.ovh/api/status.php: Invalid http status code (403)
WARNING: HTTP error for http://otclient.ovh/api/status.php: Invalid http status code (403)
WARNING: HTTP error for http://otclient.ovh/api/status.php: Invalid http status code (403)
WARNING: HTTP error for http://otclient.ovh/api/status.php: Invalid http status code (403)
WARNING: HTTP error for http://otclient.ovh/api/status.php: Invalid http status code (403)
WARNING: HTTP error for http://otclient.ovh/api/status.php: Invalid http status code (403)
WARNING: HTTP error for http://otclient.ovh/api/status.php: Invalid http status code (403)
WARNING: HTTP error for http://otclient.ovh/api/status.php: Invalid http status code (403)
WARNING: HTTP error for http://otclient.ovh/api/status.php: Invalid http status code (403)
WARNING: HTTP error for http://otclient.ovh/api/status.php: Invalid http status code (403)
Login to 127.0.0.1:7172
WARNING: attempt to destroy widget 'widget1316' two times
WARNING: HTTP error for http://otclient.ovh/api/status.php: Invalid http status code (403)
WARNING: HTTP error for http://otclient.ovh/api/status.php: Invalid http status code (403)
WARNING: HTTP error for http://otclient.ovh/api/status.php: Invalid http status code (403)
WARNING: HTTP error for http://otclient.ovh/api/status.php: Invalid http status code (403)
WARNING: HTTP error for http://otclient.ovh/api/status.php: Invalid http status code (403)
WARNING: HTTP error for http://otclient.ovh/api/status.php: Invalid http status code (403)
WARNING: HTTP error for http://otclient.ovh/api/status.php: Invalid http status code (403)
WARNING: HTTP error for http://otclient.ovh/api/status.php: Invalid http status code (403)
WARNING: HTTP error for http://otclient.ovh/api/status.php: Invalid http status code (403)
Login to 127.0.0.1:7172
WARNING: HTTP error for http://otclient.ovh/api/status.php: Invalid http status code (403)
Exiting application..
GPU ANGLE (AMD Radeon RX 580 2048SP Direct3D11 vs_5_0 ps_5_0) (Google Inc.)
OpenGL OpenGL ES 3.0.0 (ANGLE 2.1.0.54a3d7cbcadb)
[Atlas] Texture size is: 4096x4096 (max: 16384x16384)
Found work dir at 'C:/Users/Gavriel/Documents/Naruto Battle Begin/otclientv8-master/'
== application started at Dec 31 2025 13:42:12
OTCv8 3.2 rev 4 (dev) made by otclient.net built on Feb 26 2023 for arch x86
WARNING: HTTP error for http://otclient.ovh/api/status.php: Invalid http status code (403)
Connecting to: 127.0.0.1:7171
Login to 127.0.0.1:7172
GPU ANGLE (AMD Radeon RX 580 2048SP Direct3D11 vs_5_0 ps_5_0) (Google Inc.)
OpenGL OpenGL ES 3.0.0 (ANGLE 2.1.0.54a3d7cbcadb)
[Atlas] Texture size is: 4096x4096 (max: 16384x16384)
Found work dir at 'C:/Users/Gavriel/Documents/Naruto Battle Begin/otclientv8-master/'
== application started at Dec 31 2025 14:14:17
OTCv8 3.2 rev 4 (dev) made by otclient.net built on Feb 26 2023 for arch x86
WARNING: HTTP error for http://otclient.ovh/api/status.php: Invalid http status code (403)
WARNING: HTTP error for http://otclient.ovh/api/status.php: Invalid http status code (403)
Connecting to: 127.0.0.1:7171
Login to 127.0.0.1:7172
WARNING: HTTP error for http://otclient.ovh/api/status.php: Invalid http status code (403)
Login to 127.0.0.1:7172
WARNING: HTTP error for http://otclient.ovh/api/status.php: Invalid http status code (403)
Login to 127.0.0.1:7172
WARNING: attempt to destroy widget 'widget1316' two times
WARNING: HTTP error for http://otclient.ovh/api/status.php: Invalid http status code (403)
Login to 127.0.0.1:7172
ERROR: failed to save OTMM minimap: rename: O arquivo j� est� sendo usado por outro processo.: "C:\Users\Gavriel\AppData\Roaming\OTClientV8\otclientv8\/minimap854.otmm.tmp", "C:\Users\Gavriel\AppData\Roaming\OTClientV8\otclientv8\/minimap854.otmm"
WARNING: attempt to destroy widget 'widget1316' two times
WARNING: attempt to destroy widget 'widget1316' two times
WARNING: HTTP error for http://otclient.ovh/api/status.php: Invalid http status code (403)
Login to 127.0.0.1:7172
Login to 127.0.0.1:7172
WARNING: HTTP error for http://otclient.ovh/api/status.php: Invalid http status code (403)
Login to 127.0.0.1:7172
Login to 127.0.0.1:7172
Login to 127.0.0.1:7172
WARNING: HTTP error for http://otclient.ovh/api/status.php: Invalid http status code (403)
WARNING: HTTP error for http://otclient.ovh/api/status.php: Invalid http status code (403)
Login to 127.0.0.1:7172
ERROR: failed to save OTMM minimap: rename: O arquivo j� est� sendo usado por outro processo.: "C:\Users\Gavriel\AppData\Roaming\OTClientV8\otclientv8\/minimap854.otmm.tmp", "C:\Users\Gavriel\AppData\Roaming\OTClientV8\otclientv8\/minimap854.otmm"
WARNING: attempt to destroy widget 'widget1316' two times
WARNING: attempt to destroy widget 'widget1316' two times
WARNING: HTTP error for http://otclient.ovh/api/status.php: Invalid http status code (403)
WARNING: HTTP error for http://otclient.ovh/api/status.php: Invalid http status code (403)
Login to 127.0.0.1:7172
Login to 127.0.0.1:7172
WARNING: HTTP error for http://otclient.ovh/api/status.php: Invalid http status code (403)
WARNING: HTTP error for http://otclient.ovh/api/status.php: Invalid http status code (403)
Login to 127.0.0.1:7172
ERROR: failed to save OTMM minimap: rename: O arquivo j� est� sendo usado por outro processo.: "C:\Users\Gavriel\AppData\Roaming\OTClientV8\otclientv8\/minimap854.otmm.tmp", "C:\Users\Gavriel\AppData\Roaming\OTClientV8\otclientv8\/minimap854.otmm"
WARNING: attempt to destroy widget 'widget1316' two times
WARNING: attempt to destroy widget 'widget1316' two times
WARNING: HTTP error for http://otclient.ovh/api/status.php: Invalid http status code (403)
WARNING: HTTP error for http://otclient.ovh/api/status.php: Invalid http status code (403)
Login to 127.0.0.1:7172
Login to 127.0.0.1:7172
WARNING: HTTP error for http://otclient.ovh/api/status.php: Invalid http status code (403)
Login to 127.0.0.1:7172
Login to 127.0.0.1:7172
WARNING: HTTP error for http://otclient.ovh/api/status.php: Invalid http status code (403)
WARNING: HTTP error for http://otclient.ovh/api/status.php: Invalid http status code (403)
Login to 127.0.0.1:7172
Login to 127.0.0.1:7172
WARNING: HTTP error for http://otclient.ovh/api/status.php: Invalid http status code (403)
Login to 127.0.0.1:7172
Login to 127.0.0.1:7172
WARNING: HTTP error for http://otclient.ovh/api/status.php: Invalid http status code (403)
Login to 127.0.0.1:7172
Login to 127.0.0.1:7172
WARNING: HTTP error for http://otclient.ovh/api/status.php: Invalid http status code (403)
Login to 127.0.0.1:7172
WARNING: HTTP error for http://otclient.ovh/api/status.php: Invalid http status code (403)
Login to 127.0.0.1:7172
Login to 127.0.0.1:7172
ERROR: failed to save OTMM minimap: rename: O arquivo j� est� sendo usado por outro processo.: "C:\Users\Gavriel\AppData\Roaming\OTClientV8\otclientv8\/minimap854.otmm.tmp", "C:\Users\Gavriel\AppData\Roaming\OTClientV8\otclientv8\/minimap854.otmm"
WARNING: attempt to destroy widget 'widget1316' two times
WARNING: attempt to destroy widget 'widget1316' two times
WARNING: HTTP error for http://otclient.ovh/api/status.php: Invalid http status code (403)
WARNING: HTTP error for http://otclient.ovh/api/status.php: Invalid http status code (403)
Login to 127.0.0.1:7172
Login to 127.0.0.1:7172
WARNING: HTTP error for http://otclient.ovh/api/status.php: Invalid http status code (403)
Login to 127.0.0.1:7172
Login to 127.0.0.1:7172
Exiting application..
WARNING: HTTP error for http://otclient.ovh/api/status.php: Invalid http status code (403)
Login to 127.0.0.1:7172
Login to 127.0.0.1:7172
WARNING: HTTP error for http://otclient.ovh/api/status.php: Invalid http status code (403)
Login to 127.0.0.1:7172
WARNING: HTTP error for http://otclient.ovh/api/status.php: Invalid http status code (403)
Login to 127.0.0.1:7172
WARNING: HTTP error for http://otclient.ovh/api/status.php: Invalid http status code (403)
Login to 127.0.0.1:7172
WARNING: HTTP error for http://otclient.ovh/api/status.php: Invalid http status code (403)
Login to 127.0.0.1:7172
Login to 127.0.0.1:7172
WARNING: HTTP error for http://otclient.ovh/api/status.php: Invalid http status code (403)
Login to 127.0.0.1:7172
WARNING: attempt to destroy widget 'widget1316' two times
WARNING: HTTP error for http://otclient.ovh/api/status.php: Invalid http status code (403)
Login to 127.0.0.1:7172
WARNING: HTTP error for http://otclient.ovh/api/status.php: Invalid http status code (403)
Login to 127.0.0.1:7172
WARNING: HTTP error for http://otclient.ovh/api/status.php: Invalid http status code (403)
Login to 127.0.0.1:7172
Login to 127.0.0.1:7172
WARNING: attempt to destroy widget 'widget1316' two times
WARNING: HTTP error for http://otclient.ovh/api/status.php: Invalid http status code (403)
Exiting application..
GPU ANGLE (AMD Radeon RX 580 2048SP Direct3D11 vs_5_0 ps_5_0) (Google Inc.)
OpenGL OpenGL ES 3.0.0 (ANGLE 2.1.0.54a3d7cbcadb)
[Atlas] Texture size is: 4096x4096 (max: 16384x16384)
Found work dir at 'C:/Users/Gavriel/Documents/Naruto Battle Begin/otclientv8-master/'
== application started at Dec 31 2025 17:06:23
OTCv8 3.2 rev 4 (dev) made by otclient.net built on Feb 26 2023 for arch x86
WARNING: HTTP error for http://otclient.ovh/api/status.php: Invalid http status code (403)
Connecting to: 127.0.0.1:7171
WARNING: HTTP error for http://otclient.ovh/api/status.php: Invalid http status code (403)
Login to 127.0.0.1:7172
WARNING: HTTP error for http://otclient.ovh/api/status.php: Invalid http status code (403)
Login to 127.0.0.1:7172
WARNING: HTTP error for http://otclient.ovh/api/status.php: Invalid http status code (403)
Login to 127.0.0.1:7172
WARNING: HTTP error for http://otclient.ovh/api/status.php: Invalid http status code (403)
Login to 127.0.0.1:7172
WARNING: attempt to destroy widget 'widget1316' two times
WARNING: HTTP error for http://otclient.ovh/api/status.php: Invalid http status code (403)
Login to 127.0.0.1:7172
WARNING: HTTP error for http://otclient.ovh/api/status.php: Invalid http status code (403)
Login to 127.0.0.1:7172
WARNING: HTTP error for http://otclient.ovh/api/status.php: Invalid http status code (403)
Login to 127.0.0.1:7172
WARNING: HTTP error for http://otclient.ovh/api/status.php: Invalid http status code (403)
Login to 127.0.0.1:7172
Login to 127.0.0.1:7172
WARNING: HTTP error for http://otclient.ovh/api/status.php: Invalid http status code (403)
Login to 127.0.0.1:7172
WARNING: HTTP error for http://otclient.ovh/api/status.php: Invalid http status code (403)
Login to 127.0.0.1:7172
WARNING: HTTP error for http://otclient.ovh/api/status.php: Invalid http status code (403)
Login to 127.0.0.1:7172
WARNING: HTTP error for http://otclient.ovh/api/status.php: Invalid http status code (403)
Login to 127.0.0.1:7172
WARNING: HTTP error for http://otclient.ovh/api/status.php: Invalid http status code (403)
Login to 127.0.0.1:7172
Login to 127.0.0.1:7172
WARNING: HTTP error for http://otclient.ovh/api/status.php: Invalid http status code (403)
Login to 127.0.0.1:7172
WARNING: HTTP error for http://otclient.ovh/api/status.php: Invalid http status code (403)
Login to 127.0.0.1:7172
WARNING: HTTP error for http://otclient.ovh/api/status.php: Invalid http status code (403)
Login to 127.0.0.1:7172
WARNING: HTTP error for http://otclient.ovh/api/status.php: Invalid http status code (403)
Login to 127.0.0.1:7172
WARNING: HTTP error for http://otclient.ovh/api/status.php: Invalid http status code (403)
Login to 127.0.0.1:7172
Login to 127.0.0.1:7172
WARNING: HTTP error for http://otclient.ovh/api/status.php: Invalid http status code (403)
Login to 127.0.0.1:7172
WARNING: HTTP error for http://otclient.ovh/api/status.php: Invalid http status code (403)
Login to 127.0.0.1:7172
WARNING: HTTP error for http://otclient.ovh/api/status.php: Invalid http status code (403)
Login to 127.0.0.1:7172
WARNING: HTTP error for http://otclient.ovh/api/status.php: Invalid http status code (403)
Login to 127.0.0.1:7172
WARNING: attempt to destroy widget 'widget1316' two times
WARNING: HTTP error for http://otclient.ovh/api/status.php: Invalid http status code (403)
Login to 127.0.0.1:7172
WARNING: HTTP error for http://otclient.ovh/api/status.php: Invalid http status code (403)
Login to 127.0.0.1:7172
WARNING: HTTP error for http://otclient.ovh/api/status.php: Invalid http status code (403)
Login to 127.0.0.1:7172
Login to 127.0.0.1:7172
WARNING: HTTP error for http://otclient.ovh/api/status.php: Invalid http status code (403)
Login to 127.0.0.1:7172
WARNING: HTTP error for http://otclient.ovh/api/status.php: Invalid http status code (403)
Login to 127.0.0.1:7172
WARNING: HTTP error for http://otclient.ovh/api/status.php: Invalid http status code (403)
Login to 127.0.0.1:7172
WARNING: HTTP error for http://otclient.ovh/api/status.php: Invalid http status code (403)
Login to 127.0.0.1:7172
WARNING: HTTP error for http://otclient.ovh/api/status.php: Invalid http status code (403)
Login to 127.0.0.1:7172
Login to 127.0.0.1:7172
WARNING: HTTP error for http://otclient.ovh/api/status.php: Invalid http status code (403)
Login to 127.0.0.1:7172
WARNING: HTTP error for http://otclient.ovh/api/status.php: Invalid http status code (403)
Login to 127.0.0.1:7172
WARNING: HTTP error for http://otclient.ovh/api/status.php: Invalid http status code (403)
Login to 127.0.0.1:7172
WARNING: HTTP error for http://otclient.ovh/api/status.php: Invalid http status code (403)
Login to 127.0.0.1:7172
WARNING: HTTP error for http://otclient.ovh/api/status.php: Invalid http status code (403)
Login to 127.0.0.1:7172
WARNING: HTTP error for http://otclient.ovh/api/status.php: Invalid http status code (403)
Login to 127.0.0.1:7172
Login to 127.0.0.1:7172
WARNING: HTTP error for http://otclient.ovh/api/status.php: Invalid http status code (403)
Login to 127.0.0.1:7172
WARNING: HTTP error for http://otclient.ovh/api/status.php: Invalid http status code (403)
Login to 127.0.0.1:7172
WARNING: HTTP error for http://otclient.ovh/api/status.php: Invalid http status code (403)
Login to 127.0.0.1:7172
WARNING: HTTP error for http://otclient.ovh/api/status.php: Invalid http status code (403)
Login to 127.0.0.1:7172
WARNING: HTTP error for http://otclient.ovh/api/status.php: Invalid http status code (403)
Login to 127.0.0.1:7172
Login to 127.0.0.1:7172
WARNING: HTTP error for http://otclient.ovh/api/status.php: Invalid http status code (403)
Login to 127.0.0.1:7172
WARNING: HTTP error for http://otclient.ovh/api/status.php: Invalid http status code (403)
Login to 127.0.0.1:7172
WARNING: HTTP error for http://otclient.ovh/api/status.php: Invalid http status code (403)
Login to 127.0.0.1:7172
WARNING: HTTP error for http://otclient.ovh/api/status.php: Invalid http status code (403)
Login to 127.0.0.1:7172
WARNING: HTTP error for http://otclient.ovh/api/status.php: Invalid http status code (403)
Login to 127.0.0.1:7172
Login to 127.0.0.1:7172
WARNING: HTTP error for http://otclient.ovh/api/status.php: Invalid http status code (403)
Login to 127.0.0.1:7172
WARNING: HTTP error for http://otclient.ovh/api/status.php: Invalid http status code (403)
Login to 127.0.0.1:7172
WARNING: HTTP error for http://otclient.ovh/api/status.php: Invalid http status code (403)
Login to 127.0.0.1:7172
WARNING: attempt to destroy widget 'widget1316' two times
WARNING: HTTP error for http://otclient.ovh/api/status.php: Invalid http status code (403)
Login to 127.0.0.1:7172
WARNING: HTTP error for http://otclient.ovh/api/status.php: Invalid http status code (403)
Login to 127.0.0.1:7172
WARNING: HTTP error for http://otclient.ovh/api/status.php: Invalid http status code (403)
Login to 127.0.0.1:7172
Login to 127.0.0.1:7172
WARNING: HTTP error for http://otclient.ovh/api/status.php: Invalid http status code (403)
Login to 127.0.0.1:7172
WARNING: attempt to destroy widget 'widget1316' two times
WARNING: HTTP error for http://otclient.ovh/api/status.php: Invalid http status code (403)
Login to 127.0.0.1:7172
WARNING: HTTP error for http://otclient.ovh/api/status.php: Invalid http status code (403)
Login to 127.0.0.1:7172
WARNING: HTTP error for http://otclient.ovh/api/status.php: Invalid http status code (403)
Login to 127.0.0.1:7172
Login to 127.0.0.1:7172
WARNING: HTTP error for http://otclient.ovh/api/status.php: Invalid http status code (403)
WARNING: attempt to destroy widget 'widget1316' two times
WARNING: HTTP error for http://otclient.ovh/api/status.php: Invalid http status code (403)
Login to 127.0.0.1:7172
WARNING: HTTP error for http://otclient.ovh/api/status.php: Invalid http status code (403)
Login to 127.0.0.1:7172
WARNING: HTTP error for http://otclient.ovh/api/status.php: Invalid http status code (403)
Login to 127.0.0.1:7172
WARNING: attempt to destroy widget 'widget1316' two times
WARNING: HTTP error for http://otclient.ovh/api/status.php: Invalid http status code (403)
Login to 127.0.0.1:7172
WARNING: HTTP error for http://otclient.ovh/api/status.php: Invalid http status code (403)
Login to 127.0.0.1:7172
WARNING: HTTP error for http://otclient.ovh/api/status.php: Invalid http status code (403)
Login to 127.0.0.1:7172
WARNING: HTTP error for http://otclient.ovh/api/status.php: Invalid http status code (403)
Login to 127.0.0.1:7172
Login to 127.0.0.1:7172
WARNING: HTTP error for http://otclient.ovh/api/status.php: Invalid http status code (403)
Login to 127.0.0.1:7172
WARNING: HTTP error for http://otclient.ovh/api/status.php: Invalid http status code (403)
Login to 127.0.0.1:7172
WARNING: HTTP error for http://otclient.ovh/api/status.php: Invalid http status code (403)
Login to 127.0.0.1:7172
WARNING: HTTP error for http://otclient.ovh/api/status.php: Invalid http status code (403)
Login to 127.0.0.1:7172
WARNING: HTTP error for http://otclient.ovh/api/status.php: Invalid http status code (403)
Login to 127.0.0.1:7172
Login to 127.0.0.1:7172
WARNING: HTTP error for http://otclient.ovh/api/status.php: Invalid http status code (403)
Login to 127.0.0.1:7172
WARNING: HTTP error for http://otclient.ovh/api/status.php: Invalid http status code (403)
Login to 127.0.0.1:7172
WARNING: HTTP error for http://otclient.ovh/api/status.php: Invalid http status code (403)
Login to 127.0.0.1:7172
WARNING: HTTP error for http://otclient.ovh/api/status.php: Invalid http status code (403)
Login to 127.0.0.1:7172
WARNING: HTTP error for http://otclient.ovh/api/status.php: Invalid http status code (403)
Login to 127.0.0.1:7172
Login to 127.0.0.1:7172
WARNING: HTTP error for http://otclient.ovh/api/status.php: Invalid http status code (403)
Login to 127.0.0.1:7172
WARNING: HTTP error for http://otclient.ovh/api/status.php: Invalid http status code (403)
Login to 127.0.0.1:7172
WARNING: HTTP error for http://otclient.ovh/api/status.php: Invalid http status code (403)
Login to 127.0.0.1:7172
WARNING: HTTP error for http://otclient.ovh/api/status.php: Invalid http status code (403)
Login to 127.0.0.1:7172
WARNING: HTTP error for http://otclient.ovh/api/status.php: Invalid http status code (403)
Login to 127.0.0.1:7172
Login to 127.0.0.1:7172
WARNING: HTTP error for http://otclient.ovh/api/status.php: Invalid http status code (403)
Login to 127.0.0.1:7172
WARNING: HTTP error for http://otclient.ovh/api/status.php: Invalid http status code (403)
Login to 127.0.0.1:7172
WARNING: HTTP error for http://otclient.ovh/api/status.php: Invalid http status code (403)
Login to 127.0.0.1:7172
WARNING: HTTP error for http://otclient.ovh/api/status.php: Invalid http status code (403)
Login to 127.0.0.1:7172
WARNING: HTTP error for http://otclient.ovh/api/status.php: Invalid http status code (403)
Login to 127.0.0.1:7172
WARNING: HTTP error for http://otclient.ovh/api/status.php: Invalid http status code (403)
Login to 127.0.0.1:7172
WARNING: attempt to destroy widget 'widget1316' two times
WARNING: HTTP error for http://otclient.ovh/api/status.php: Invalid http status code (403)
Login to 127.0.0.1:7172
WARNING: HTTP error for http://otclient.ovh/api/status.php: Invalid http status code (403)
Login to 127.0.0.1:7172
WARNING: HTTP error for http://otclient.ovh/api/status.php: Invalid http status code (403)
Login to 127.0.0.1:7172
WARNING: attempt to destroy widget 'widget1316' two times
WARNING: HTTP error for http://otclient.ovh/api/status.php: Invalid http status code (403)
Login to 127.0.0.1:7172
WARNING: attempt to destroy widget 'widget1316' two times
WARNING: HTTP error for http://otclient.ovh/api/status.php: Invalid http status code (403)
Login to 127.0.0.1:7172
WARNING: attempt to destroy widget 'widget1316' two times
WARNING: HTTP error for http://otclient.ovh/api/status.php: Invalid http status code (403)
Login to 127.0.0.1:7172
WARNING: HTTP error for http://otclient.ovh/api/status.php: Invalid http status code (403)
Login to 127.0.0.1:7172
WARNING: HTTP error for http://otclient.ovh/api/status.php: Invalid http status code (403)
Login to 127.0.0.1:7172
WARNING: attempt to destroy widget 'widget1316' two times
WARNING: HTTP error for http://otclient.ovh/api/status.php: Invalid http status code (403)
Login to 127.0.0.1:7172
WARNING: attempt to destroy widget 'widget1316' two times
WARNING: HTTP error for http://otclient.ovh/api/status.php: Invalid http status code (403)
Login to 127.0.0.1:7172
WARNING: attempt to destroy widget 'widget1316' two times
WARNING: HTTP error for http://otclient.ovh/api/status.php: Invalid http status code (403)
Login to 127.0.0.1:7172
WARNING: attempt to destroy widget 'widget1316' two times
WARNING: HTTP error for http://otclient.ovh/api/status.php: Invalid http status code (403)
Login to 127.0.0.1:7172
WARNING: attempt to destroy widget 'widget1316' two times
WARNING: HTTP error for http://otclient.ovh/api/status.php: Invalid http status code (403)
Login to 127.0.0.1:7172
WARNING: attempt to destroy widget 'widget1316' two times
WARNING: HTTP error for http://otclient.ovh/api/status.php: Invalid http status code (403)
Login to 127.0.0.1:7172
WARNING: attempt to destroy widget 'widget1316' two times
WARNING: HTTP error for http://otclient.ovh/api/status.php: Invalid http status code (403)
Login to 127.0.0.1:7172
WARNING: attempt to destroy widget 'widget1316' two times
WARNING: HTTP error for http://otclient.ovh/api/status.php: Invalid http status code (403)
Login to 127.0.0.1:7172
WARNING: HTTP error for http://otclient.ovh/api/status.php: Invalid http status code (403)
Login to 127.0.0.1:7172
WARNING: HTTP error for http://otclient.ovh/api/status.php: Invalid http status code (403)
Login to 127.0.0.1:7172
WARNING: HTTP error for http://otclient.ovh/api/status.php: Invalid http status code (403)
Login to 127.0.0.1:7172
WARNING: attempt to destroy widget 'widget1316' two times
WARNING: HTTP error for http://otclient.ovh/api/status.php: Invalid http status code (403)
Login to 127.0.0.1:7172
WARNING: HTTP error for http://otclient.ovh/api/status.php: Invalid http status code (403)
Login to 127.0.0.1:7172
WARNING: HTTP error for http://otclient.ovh/api/status.php: Invalid http status code (403)
Login to 127.0.0.1:7172
WARNING: attempt to destroy widget 'widget1316' two times
WARNING: HTTP error for http://otclient.ovh/api/status.php: Invalid http status code (403)
Login to 127.0.0.1:7172
WARNING: attempt to destroy widget 'widget1316' two times
WARNING: HTTP error for http://otclient.ovh/api/status.php: Invalid http status code (403)
Login to 127.0.0.1:7172
WARNING: attempt to destroy widget 'widget1316' two times
WARNING: HTTP error for http://otclient.ovh/api/status.php: Invalid http status code (403)
Login to 127.0.0.1:7172
WARNING: HTTP error for http://otclient.ovh/api/status.php: Invalid http status code (403)
Login to 127.0.0.1:7172
WARNING: HTTP error for http://otclient.ovh/api/status.php: Invalid http status code (403)
Login to 127.0.0.1:7172
WARNING: HTTP error for http://otclient.ovh/api/status.php: Invalid http status code (403)
Login to 127.0.0.1:7172
Login to 127.0.0.1:7172
WARNING: HTTP error for http://otclient.ovh/api/status.php: Invalid http status code (403)
Login to 127.0.0.1:7172
WARNING: HTTP error for http://otclient.ovh/api/status.php: Invalid http status code (403)
Login to 127.0.0.1:7172
WARNING: HTTP error for http://otclient.ovh/api/status.php: Invalid http status code (403)
Login to 127.0.0.1:7172
WARNING: HTTP error for http://otclient.ovh/api/status.php: Invalid http status code (403)
Login to 127.0.0.1:7172
WARNING: HTTP error for http://otclient.ovh/api/status.php: Invalid http status code (403)
Login to 127.0.0.1:7172
Login to 127.0.0.1:7172
WARNING: HTTP error for http://otclient.ovh/api/status.php: Invalid http status code (403)
Login to 127.0.0.1:7172
WARNING: HTTP error for http://otclient.ovh/api/status.php: Invalid http status code (403)
Login to 127.0.0.1:7172
WARNING: HTTP error for http://otclient.ovh/api/status.php: Invalid http status code (403)
Login to 127.0.0.1:7172
WARNING: HTTP error for http://otclient.ovh/api/status.php: Invalid http status code (403)
Login to 127.0.0.1:7172
WARNING: HTTP error for http://otclient.ovh/api/status.php: Invalid http status code (403)
Login to 127.0.0.1:7172
Login to 127.0.0.1:7172
WARNING: HTTP error for http://otclient.ovh/api/status.php: Invalid http status code (403)
Login to 127.0.0.1:7172
WARNING: HTTP error for http://otclient.ovh/api/status.php: Invalid http status code (403)
Login to 127.0.0.1:7172
WARNING: HTTP error for http://otclient.ovh/api/status.php: Invalid http status code (403)
Login to 127.0.0.1:7172
WARNING: HTTP error for http://otclient.ovh/api/status.php: Invalid http status code (403)
Login to 127.0.0.1:7172
WARNING: HTTP error for http://otclient.ovh/api/status.php: Invalid http status code (403)
Login to 127.0.0.1:7172
Login to 127.0.0.1:7172
WARNING: HTTP error for http://otclient.ovh/api/status.php: Invalid http status code (403)
Login to 127.0.0.1:7172
WARNING: HTTP error for http://otclient.ovh/api/status.php: Invalid http status code (403)
Login to 127.0.0.1:7172
WARNING: HTTP error for http://otclient.ovh/api/status.php: Invalid http status code (403)
Login to 127.0.0.1:7172
WARNING: HTTP error for http://otclient.ovh/api/status.php: Invalid http status code (403)
Login to 127.0.0.1:7172
WARNING: attempt to destroy widget 'widget1316' two times
WARNING: HTTP error for http://otclient.ovh/api/status.php: Invalid http status code (403)
Login to 127.0.0.1:7172
WARNING: HTTP error for http://otclient.ovh/api/status.php: Invalid http status code (403)
Login to 127.0.0.1:7172
WARNING: HTTP error for http://otclient.ovh/api/status.php: Invalid http status code (403)
Login to 127.0.0.1:7172
WARNING: attempt to destroy widget 'widget1316' two times
WARNING: HTTP error for http://otclient.ovh/api/status.php: Invalid http status code (403)
Login to 127.0.0.1:7172
WARNING: HTTP error for http://otclient.ovh/api/status.php: Invalid http status code (403)
Login to 127.0.0.1:7172
WARNING: HTTP error for http://otclient.ovh/api/status.php: Invalid http status code (403)
Login to 127.0.0.1:7172
WARNING: HTTP error for http://otclient.ovh/api/status.php: Invalid http status code (403)
Login to 127.0.0.1:7172
WARNING: attempt to destroy widget 'widget1316' two times
WARNING: HTTP error for http://otclient.ovh/api/status.php: Invalid http status code (403)
Login to 127.0.0.1:7172
WARNING: HTTP error for http://otclient.ovh/api/status.php: Invalid http status code (403)
Login to 127.0.0.1:7172
WARNING: HTTP error for http://otclient.ovh/api/status.php: Invalid http status code (403)
Login to 127.0.0.1:7172
WARNING: HTTP error for http://otclient.ovh/api/status.php: Invalid http status code (403)
Login to 127.0.0.1:7172
Login to 127.0.0.1:7172
WARNING: attempt to destroy widget 'widget1316' two times
WARNING: HTTP error for http://otclient.ovh/api/status.php: Invalid http status code (403)
Login to 127.0.0.1:7172
WARNING: HTTP error for http://otclient.ovh/api/status.php: Invalid http status code (403)
Login to 127.0.0.1:7172
WARNING: HTTP error for http://otclient.ovh/api/status.php: Invalid http status code (403)
Login to 127.0.0.1:7172
WARNING: HTTP error for http://otclient.ovh/api/status.php: Invalid http status code (403)
Login to 127.0.0.1:7172
Login to 127.0.0.1:7172
WARNING: HTTP error for http://otclient.ovh/api/status.php: Invalid http status code (403)
Login to 127.0.0.1:7172
WARNING: HTTP error for http://otclient.ovh/api/status.php: Invalid http status code (403)
Login to 127.0.0.1:7172
WARNING: HTTP error for http://otclient.ovh/api/status.php: Invalid http status code (403)
Login to 127.0.0.1:7172
WARNING: HTTP error for http://otclient.ovh/api/status.php: Invalid http status code (403)
Login to 127.0.0.1:7172
WARNING: HTTP error for http://otclient.ovh/api/status.php: Invalid http status code (403)
Login to 127.0.0.1:7172
Login to 127.0.0.1:7172
WARNING: HTTP error for http://otclient.ovh/api/status.php: Invalid http status code (403)
Login to 127.0.0.1:7172
WARNING: HTTP error for http://otclient.ovh/api/status.php: Invalid http status code (403)
Login to 127.0.0.1:7172
WARNING: HTTP error for http://otclient.ovh/api/status.php: Invalid http status code (403)
Login to 127.0.0.1:7172
WARNING: HTTP error for http://otclient.ovh/api/status.php: Invalid http status code (403)
Login to 127.0.0.1:7172
WARNING: HTTP error for http://otclient.ovh/api/status.php: Invalid http status code (403)
Login to 127.0.0.1:7172
Login to 127.0.0.1:7172
WARNING: HTTP error for http://otclient.ovh/api/status.php: Invalid http status code (403)
Login to 127.0.0.1:7172
WARNING: HTTP error for http://otclient.ovh/api/status.php: Invalid http status code (403)
Login to 127.0.0.1:7172
WARNING: HTTP error for http://otclient.ovh/api/status.php: Invalid http status code (403)
Login to 127.0.0.1:7172
WARNING: HTTP error for http://otclient.ovh/api/status.php: Invalid http status code (403)
Login to 127.0.0.1:7172
WARNING: HTTP error for http://otclient.ovh/api/status.php: Invalid http status code (403)
Login to 127.0.0.1:7172
Login to 127.0.0.1:7172
WARNING: HTTP error for http://otclient.ovh/api/status.php: Invalid http status code (403)
Login to 127.0.0.1:7172
WARNING: HTTP error for http://otclient.ovh/api/status.php: Invalid http status code (403)
Login to 127.0.0.1:7172
WARNING: HTTP error for http://otclient.ovh/api/status.php: Invalid http status code (403)
Login to 127.0.0.1:7172
WARNING: HTTP error for http://otclient.ovh/api/status.php: Invalid http status code (403)
Login to 127.0.0.1:7172
WARNING: HTTP error for http://otclient.ovh/api/status.php: Invalid http status code (403)
Login to 127.0.0.1:7172
WARNING: HTTP error for http://otclient.ovh/api/status.php: Invalid http status code (403)
Login to 127.0.0.1:7172
Login to 127.0.0.1:7172
WARNING: HTTP error for http://otclient.ovh/api/status.php: Invalid http status code (403)
Login to 127.0.0.1:7172
WARNING: HTTP error for http://otclient.ovh/api/status.php: Invalid http status code (403)
Login to 127.0.0.1:7172
WARNING: HTTP error for http://otclient.ovh/api/status.php: Invalid http status code (403)
Login to 127.0.0.1:7172
WARNING: HTTP error for http://otclient.ovh/api/status.php: Invalid http status code (403)
Login to 127.0.0.1:7172
WARNING: HTTP error for http://otclient.ovh/api/status.php: Invalid http status code (403)
Login to 127.0.0.1:7172
Login to 127.0.0.1:7172
WARNING: HTTP error for http://otclient.ovh/api/status.php: Invalid http status code (403)
Login to 127.0.0.1:7172
WARNING: HTTP error for http://otclient.ovh/api/status.php: Invalid http status code (403)
Login to 127.0.0.1:7172
WARNING: HTTP error for http://otclient.ovh/api/status.php: Invalid http status code (403)
Login to 127.0.0.1:7172
WARNING: HTTP error for http://otclient.ovh/api/status.php: Invalid http status code (403)
Login to 127.0.0.1:7172
WARNING: HTTP error for http://otclient.ovh/api/status.php: Invalid http status code (403)
Login to 127.0.0.1:7172
Login to 127.0.0.1:7172
WARNING: HTTP error for http://otclient.ovh/api/status.php: Invalid http status code (403)
Login to 127.0.0.1:7172
WARNING: HTTP error for http://otclient.ovh/api/status.php: Invalid http status code (403)
Login to 127.0.0.1:7172
WARNING: HTTP error for http://otclient.ovh/api/status.php: Invalid http status code (403)
Login to 127.0.0.1:7172
WARNING: attempt to destroy widget 'widget1316' two times
WARNING: HTTP error for http://otclient.ovh/api/status.php: Invalid http status code (403)
Login to 127.0.0.1:7172
WARNING: attempt to destroy widget 'widget1316' two times
WARNING: HTTP error for http://otclient.ovh/api/status.php: Invalid http status code (403)
Login to 127.0.0.1:7172
WARNING: HTTP error for http://otclient.ovh/api/status.php: Invalid http status code (403)
Login to 127.0.0.1:7172
WARNING: HTTP error for http://otclient.ovh/api/status.php: Invalid http status code (403)
Login to 127.0.0.1:7172
WARNING: HTTP error for http://otclient.ovh/api/status.php: Invalid http status code (403)
Login to 127.0.0.1:7172
Login to 127.0.0.1:7172
WARNING: HTTP error for http://otclient.ovh/api/status.php: Invalid http status code (403)
Login to 127.0.0.1:7172
WARNING: HTTP error for http://otclient.ovh/api/status.php: Invalid http status code (403)
Login to 127.0.0.1:7172
WARNING: HTTP error for http://otclient.ovh/api/status.php: Invalid http status code (403)
Login to 127.0.0.1:7172
WARNING: HTTP error for http://otclient.ovh/api/status.php: Invalid http status code (403)
Login to 127.0.0.1:7172
WARNING: HTTP error for http://otclient.ovh/api/status.php: Invalid http status code (403)
Login to 127.0.0.1:7172
Login to 127.0.0.1:7172
WARNING: HTTP error for http://otclient.ovh/api/status.php: Invalid http status code (403)
Login to 127.0.0.1:7172
WARNING: HTTP error for http://otclient.ovh/api/status.php: Invalid http status code (403)
Login to 127.0.0.1:7172
WARNING: HTTP error for http://otclient.ovh/api/status.php: Invalid http status code (403)
Login to 127.0.0.1:7172
WARNING: HTTP error for http://otclient.ovh/api/status.php: Invalid http status code (403)
Login to 127.0.0.1:7172
WARNING: HTTP error for http://otclient.ovh/api/status.php: Invalid http status code (403)
Login to 127.0.0.1:7172
Login to 127.0.0.1:7172
WARNING: HTTP error for http://otclient.ovh/api/status.php: Invalid http status code (403)
Login to 127.0.0.1:7172
WARNING: HTTP error for http://otclient.ovh/api/status.php: Invalid http status code (403)
Login to 127.0.0.1:7172
WARNING: HTTP error for http://otclient.ovh/api/status.php: Invalid http status code (403)
Login to 127.0.0.1:7172
WARNING: HTTP error for http://otclient.ovh/api/status.php: Invalid http status code (403)
Login to 127.0.0.1:7172
WARNING: HTTP error for http://otclient.ovh/api/status.php: Invalid http status code (403)
Login to 127.0.0.1:7172
WARNING: HTTP error for http://otclient.ovh/api/status.php: Invalid http status code (403)
Login to 127.0.0.1:7172
Login to 127.0.0.1:7172
WARNING: HTTP error for http://otclient.ovh/api/status.php: Invalid http status code (403)
Login to 127.0.0.1:7172
WARNING: HTTP error for http://otclient.ovh/api/status.php: Invalid http status code (403)
Login to 127.0.0.1:7172
WARNING: HTTP error for http://otclient.ovh/api/status.php: Invalid http status code (403)
Login to 127.0.0.1:7172
WARNING: HTTP error for http://otclient.ovh/api/status.php: Invalid http status code (403)
Login to 127.0.0.1:7172
WARNING: HTTP error for http://otclient.ovh/api/status.php: Invalid http status code (403)
Login to 127.0.0.1:7172
Login to 127.0.0.1:7172
WARNING: HTTP error for http://otclient.ovh/api/status.php: Invalid http status code (403)
Login to 127.0.0.1:7172
WARNING: HTTP error for http://otclient.ovh/api/status.php: Invalid http status code (403)
Login to 127.0.0.1:7172
WARNING: HTTP error for http://otclient.ovh/api/status.php: Invalid http status code (403)
Login to 127.0.0.1:7172
WARNING: HTTP error for http://otclient.ovh/api/status.php: Invalid http status code (403)
Login to 127.0.0.1:7172
WARNING: HTTP error for http://otclient.ovh/api/status.php: Invalid http status code (403)
Login to 127.0.0.1:7172
Login to 127.0.0.1:7172
WARNING: HTTP error for http://otclient.ovh/api/status.php: Invalid http status code (403)
Login to 127.0.0.1:7172
WARNING: HTTP error for http://otclient.ovh/api/status.php: Invalid http status code (403)
Login to 127.0.0.1:7172
WARNING: HTTP error for http://otclient.ovh/api/status.php: Invalid http status code (403)
Login to 127.0.0.1:7172
WARNING: HTTP error for http://otclient.ovh/api/status.php: Invalid http status code (403)
Login to 127.0.0.1:7172
WARNING: HTTP error for http://otclient.ovh/api/status.php: Invalid http status code (403)
Login to 127.0.0.1:7172
Login to 127.0.0.1:7172
WARNING: HTTP error for http://otclient.ovh/api/status.php: Invalid http status code (403)
Login to 127.0.0.1:7172
WARNING: HTTP error for http://otclient.ovh/api/status.php: Invalid http status code (403)
Login to 127.0.0.1:7172
WARNING: HTTP error for http://otclient.ovh/api/status.php: Invalid http status code (403)
Login to 127.0.0.1:7172
WARNING: HTTP error for http://otclient.ovh/api/status.php: Invalid http status code (403)
Login to 127.0.0.1:7172
WARNING: HTTP error for http://otclient.ovh/api/status.php: Invalid http status code (403)
Login to 127.0.0.1:7172
WARNING: HTTP error for http://otclient.ovh/api/status.php: Invalid http status code (403)
Login to 127.0.0.1:7172
Login to 127.0.0.1:7172
WARNING: HTTP error for http://otclient.ovh/api/status.php: Invalid http status code (403)
Login to 127.0.0.1:7172
WARNING: HTTP error for http://otclient.ovh/api/status.php: Invalid http status code (403)
Login to 127.0.0.1:7172
WARNING: HTTP error for http://otclient.ovh/api/status.php: Invalid http status code (403)
Login to 127.0.0.1:7172
WARNING: HTTP error for http://otclient.ovh/api/status.php: Invalid http status code (403)
Login to 127.0.0.1:7172
WARNING: HTTP error for http://otclient.ovh/api/status.php: Invalid http status code (403)
Login to 127.0.0.1:7172
Login to 127.0.0.1:7172
WARNING: HTTP error for http://otclient.ovh/api/status.php: Invalid http status code (403)
Login to 127.0.0.1:7172
WARNING: HTTP error for http://otclient.ovh/api/status.php: Invalid http status code (403)
Login to 127.0.0.1:7172
WARNING: HTTP error for http://otclient.ovh/api/status.php: Invalid http status code (403)
Login to 127.0.0.1:7172
WARNING: HTTP error for http://otclient.ovh/api/status.php: Invalid http status code (403)
Login to 127.0.0.1:7172
WARNING: HTTP error for http://otclient.ovh/api/status.php: Invalid http status code (403)
Login to 127.0.0.1:7172
Login to 127.0.0.1:7172
WARNING: HTTP error for http://otclient.ovh/api/status.php: Invalid http status code (403)
Login to 127.0.0.1:7172
WARNING: HTTP error for http://otclient.ovh/api/status.php: Invalid http status code (403)
Login to 127.0.0.1:7172
WARNING: HTTP error for http://otclient.ovh/api/status.php: Invalid http status code (403)
Login to 127.0.0.1:7172
WARNING: HTTP error for http://otclient.ovh/api/status.php: Invalid http status code (403)
Login to 127.0.0.1:7172
WARNING: HTTP error for http://otclient.ovh/api/status.php: Invalid http status code (403)
Login to 127.0.0.1:7172
WARNING: HTTP error for http://otclient.ovh/api/status.php: Invalid http status code (403)
Login to 127.0.0.1:7172
Login to 127.0.0.1:7172
WARNING: HTTP error for http://otclient.ovh/api/status.php: Invalid http status code (403)
Login to 127.0.0.1:7172
WARNING: HTTP error for http://otclient.ovh/api/status.php: Invalid http status code (403)
Login to 127.0.0.1:7172
WARNING: HTTP error for http://otclient.ovh/api/status.php: Invalid http status code (403)
Login to 127.0.0.1:7172
WARNING: HTTP error for http://otclient.ovh/api/status.php: Invalid http status code (403)
Login to 127.0.0.1:7172
WARNING: HTTP error for http://otclient.ovh/api/status.php: Invalid http status code (403)
Login to 127.0.0.1:7172
Login to 127.0.0.1:7172
WARNING: HTTP error for http://otclient.ovh/api/status.php: Invalid http status code (403)
Login to 127.0.0.1:7172
WARNING: HTTP error for http://otclient.ovh/api/status.php: Invalid http status code (403)
Login to 127.0.0.1:7172
WARNING: HTTP error for http://otclient.ovh/api/status.php: Invalid http status code (403)
Login to 127.0.0.1:7172
WARNING: HTTP error for http://otclient.ovh/api/status.php: Invalid http status code (403)
Login to 127.0.0.1:7172
WARNING: HTTP error for http://otclient.ovh/api/status.php: Invalid http status code (403)
Login to 127.0.0.1:7172
Login to 127.0.0.1:7172
WARNING: HTTP error for http://otclient.ovh/api/status.php: Invalid http status code (403)
Login to 127.0.0.1:7172
WARNING: HTTP error for http://otclient.ovh/api/status.php: Invalid http status code (403)
Login to 127.0.0.1:7172
WARNING: HTTP error for http://otclient.ovh/api/status.php: Invalid http status code (403)
Login to 127.0.0.1:7172
WARNING: HTTP error for http://otclient.ovh/api/status.php: Invalid http status code (403)
Login to 127.0.0.1:7172
WARNING: HTTP error for http://otclient.ovh/api/status.php: Invalid http status code (403)
Login to 127.0.0.1:7172
WARNING: HTTP error for http://otclient.ovh/api/status.php: Invalid http status code (403)
Login to 127.0.0.1:7172
Login to 127.0.0.1:7172
WARNING: HTTP error for http://otclient.ovh/api/status.php: Invalid http status code (403)
Login to 127.0.0.1:7172
WARNING: HTTP error for http://otclient.ovh/api/status.php: Invalid http status code (403)
Login to 127.0.0.1:7172
WARNING: HTTP error for http://otclient.ovh/api/status.php: Invalid http status code (403)
Login to 127.0.0.1:7172
WARNING: HTTP error for http://otclient.ovh/api/status.php: Invalid http status code (403)
Login to 127.0.0.1:7172
WARNING: HTTP error for http://otclient.ovh/api/status.php: Invalid http status code (403)
Login to 127.0.0.1:7172
Login to 127.0.0.1:7172
WARNING: HTTP error for http://otclient.ovh/api/status.php: Invalid http status code (403)
Login to 127.0.0.1:7172
WARNING: HTTP error for http://otclient.ovh/api/status.php: Invalid http status code (403)
Login to 127.0.0.1:7172
WARNING: HTTP error for http://otclient.ovh/api/status.php: Invalid http status code (403)
Login to 127.0.0.1:7172
WARNING: HTTP error for http://otclient.ovh/api/status.php: Invalid http status code (403)
Login to 127.0.0.1:7172
WARNING: HTTP error for http://otclient.ovh/api/status.php: Invalid http status code (403)
Login to 127.0.0.1:7172
Login to 127.0.0.1:7172
WARNING: HTTP error for http://otclient.ovh/api/status.php: Invalid http status code (403)
Login to 127.0.0.1:7172
WARNING: HTTP error for http://otclient.ovh/api/status.php: Invalid http status code (403)
Login to 127.0.0.1:7172
WARNING: HTTP error for http://otclient.ovh/api/status.php: Invalid http status code (403)
Login to 127.0.0.1:7172
WARNING: HTTP error for http://otclient.ovh/api/status.php: Invalid http status code (403)
Login to 127.0.0.1:7172
WARNING: HTTP error for http://otclient.ovh/api/status.php: Invalid http status code (403)
Login to 127.0.0.1:7172
WARNING: HTTP error for http://otclient.ovh/api/status.php: Invalid http status code (403)
Login to 127.0.0.1:7172
Login to 127.0.0.1:7172
WARNING: HTTP error for http://otclient.ovh/api/status.php: Invalid http status code (403)
Login to 127.0.0.1:7172
WARNING: HTTP error for http://otclient.ovh/api/status.php: Invalid http status code (403)
Login to 127.0.0.1:7172
WARNING: HTTP error for http://otclient.ovh/api/status.php: Invalid http status code (403)
Login to 127.0.0.1:7172
WARNING: HTTP error for http://otclient.ovh/api/status.php: Invalid http status code (403)
Login to 127.0.0.1:7172
WARNING: HTTP error for http://otclient.ovh/api/status.php: Invalid http status code (403)
Login to 127.0.0.1:7172
Login to 127.0.0.1:7172
WARNING: HTTP error for http://otclient.ovh/api/status.php: Invalid http status code (403)
Login to 127.0.0.1:7172
WARNING: HTTP error for http://otclient.ovh/api/status.php: Invalid http status code (403)
Login to 127.0.0.1:7172
WARNING: HTTP error for http://otclient.ovh/api/status.php: Invalid http status code (403)
Login to 127.0.0.1:7172
WARNING: HTTP error for http://otclient.ovh/api/status.php: Invalid http status code (403)
Login to 127.0.0.1:7172
WARNING: HTTP error for http://otclient.ovh/api/status.php: Invalid http status code (403)
Login to 127.0.0.1:7172
Login to 127.0.0.1:7172
WARNING: HTTP error for http://otclient.ovh/api/status.php: Invalid http status code (403)
Login to 127.0.0.1:7172
WARNING: HTTP error for http://otclient.ovh/api/status.php: Invalid http status code (403)
Login to 127.0.0.1:7172
WARNING: HTTP error for http://otclient.ovh/api/status.php: Invalid http status code (403)
Login to 127.0.0.1:7172
WARNING: HTTP error for http://otclient.ovh/api/status.php: Invalid http status code (403)
Login to 127.0.0.1:7172
WARNING: HTTP error for http://otclient.ovh/api/status.php: Invalid http status code (403)
Login to 127.0.0.1:7172
Login to 127.0.0.1:7172
WARNING: HTTP error for http://otclient.ovh/api/status.php: Invalid http status code (403)
Login to 127.0.0.1:7172
WARNING: HTTP error for http://otclient.ovh/api/status.php: Invalid http status code (403)
Login to 127.0.0.1:7172
WARNING: HTTP error for http://otclient.ovh/api/status.php: Invalid http status code (403)
Login to 127.0.0.1:7172
WARNING: HTTP error for http://otclient.ovh/api/status.php: Invalid http status code (403)
Login to 127.0.0.1:7172
WARNING: HTTP error for http://otclient.ovh/api/status.php: Invalid http status code (403)
Login to 127.0.0.1:7172
WARNING: HTTP error for http://otclient.ovh/api/status.php: Invalid http status code (403)
Login to 127.0.0.1:7172
Login to 127.0.0.1:7172
WARNING: HTTP error for http://otclient.ovh/api/status.php: Invalid http status code (403)
Login to 127.0.0.1:7172
WARNING: HTTP error for http://otclient.ovh/api/status.php: Invalid http status code (403)
Login to 127.0.0.1:7172
WARNING: HTTP error for http://otclient.ovh/api/status.php: Invalid http status code (403)
Login to 127.0.0.1:7172
WARNING: HTTP error for http://otclient.ovh/api/status.php: Invalid http status code (403)
Login to 127.0.0.1:7172
WARNING: HTTP error for http://otclient.ovh/api/status.php: Invalid http status code (403)
Login to 127.0.0.1:7172
Login to 127.0.0.1:7172
WARNING: HTTP error for http://otclient.ovh/api/status.php: Invalid http status code (403)
Login to 127.0.0.1:7172
WARNING: HTTP error for http://otclient.ovh/api/status.php: Invalid http status code (403)
Login to 127.0.0.1:7172
WARNING: HTTP error for http://otclient.ovh/api/status.php: Invalid http status code (403)
Login to 127.0.0.1:7172
WARNING: HTTP error for http://otclient.ovh/api/status.php: Invalid http status code (403)
Login to 127.0.0.1:7172
WARNING: HTTP error for http://otclient.ovh/api/status.php: Invalid http status code (403)
Login to 127.0.0.1:7172
Login to 127.0.0.1:7172
WARNING: HTTP error for http://otclient.ovh/api/status.php: Invalid http status code (403)
Login to 127.0.0.1:7172
WARNING: HTTP error for http://otclient.ovh/api/status.php: Invalid http status code (403)
Login to 127.0.0.1:7172
WARNING: HTTP error for http://otclient.ovh/api/status.php: Invalid http status code (403)
Login to 127.0.0.1:7172
WARNING: HTTP error for http://otclient.ovh/api/status.php: Invalid http status code (403)
Login to 127.0.0.1:7172
WARNING: HTTP error for http://otclient.ovh/api/status.php: Invalid http status code (403)
Login to 127.0.0.1:7172
WARNING: HTTP error for http://otclient.ovh/api/status.php: Invalid http status code (403)
Login to 127.0.0.1:7172
Login to 127.0.0.1:7172
WARNING: HTTP error for http://otclient.ovh/api/status.php: Invalid http status code (403)
Login to 127.0.0.1:7172
WARNING: HTTP error for http://otclient.ovh/api/status.php: Invalid http status code (403)
Login to 127.0.0.1:7172
WARNING: HTTP error for http://otclient.ovh/api/status.php: Invalid http status code (403)
Login to 127.0.0.1:7172
WARNING: HTTP error for http://otclient.ovh/api/status.php: Invalid http status code (403)
Login to 127.0.0.1:7172
WARNING: HTTP error for http://otclient.ovh/api/status.php: Invalid http status code (403)
Login to 127.0.0.1:7172
Login to 127.0.0.1:7172
WARNING: HTTP error for http://otclient.ovh/api/status.php: Invalid http status code (403)
Login to 127.0.0.1:7172
WARNING: HTTP error for http://otclient.ovh/api/status.php: Invalid http status code (403)
Login to 127.0.0.1:7172
WARNING: HTTP error for http://otclient.ovh/api/status.php: Invalid http status code (403)
Login to 127.0.0.1:7172
WARNING: HTTP error for http://otclient.ovh/api/status.php: Invalid http status code (403)
Login to 127.0.0.1:7172
WARNING: HTTP error for http://otclient.ovh/api/status.php: Invalid http status code (403)
Login to 127.0.0.1:7172
Login to 127.0.0.1:7172
WARNING: HTTP error for http://otclient.ovh/api/status.php: Invalid http status code (403)
Login to 127.0.0.1:7172
WARNING: HTTP error for http://otclient.ovh/api/status.php: Invalid http status code (403)
Login to 127.0.0.1:7172
WARNING: HTTP error for http://otclient.ovh/api/status.php: Invalid http status code (403)
Login to 127.0.0.1:7172
WARNING: HTTP error for http://otclient.ovh/api/status.php: Invalid http status code (403)
Login to 127.0.0.1:7172
WARNING: HTTP error for http://otclient.ovh/api/status.php: Invalid http status code (403)
Login to 127.0.0.1:7172
WARNING: HTTP error for http://otclient.ovh/api/status.php: Invalid http status code (403)
Login to 127.0.0.1:7172
Login to 127.0.0.1:7172
WARNING: HTTP error for http://otclient.ovh/api/status.php: Invalid http status code (403)
Login to 127.0.0.1:7172
WARNING: HTTP error for http://otclient.ovh/api/status.php: Invalid http status code (403)
Login to 127.0.0.1:7172
WARNING: HTTP error for http://otclient.ovh/api/status.php: Invalid http status code (403)
Login to 127.0.0.1:7172
WARNING: HTTP error for http://otclient.ovh/api/status.php: Invalid http status code (403)
Login to 127.0.0.1:7172
WARNING: HTTP error for http://otclient.ovh/api/status.php: Invalid http status code (403)
Login to 127.0.0.1:7172
Login to 127.0.0.1:7172
WARNING: HTTP error for http://otclient.ovh/api/status.php: Invalid http status code (403)
Login to 127.0.0.1:7172
WARNING: HTTP error for http://otclient.ovh/api/status.php: Invalid http status code (403)
Login to 127.0.0.1:7172
WARNING: HTTP error for http://otclient.ovh/api/status.php: Invalid http status code (403)
Login to 127.0.0.1:7172
WARNING: HTTP error for http://otclient.ovh/api/status.php: Invalid http status code (403)
Login to 127.0.0.1:7172
WARNING: HTTP error for http://otclient.ovh/api/status.php: Invalid http status code (403)
Login to 127.0.0.1:7172
Login to 127.0.0.1:7172
WARNING: HTTP error for http://otclient.ovh/api/status.php: Invalid http status code (403)
Login to 127.0.0.1:7172
WARNING: HTTP error for http://otclient.ovh/api/status.php: Invalid http status code (403)
Login to 127.0.0.1:7172
WARNING: HTTP error for http://otclient.ovh/api/status.php: Invalid http status code (403)
Login to 127.0.0.1:7172
WARNING: HTTP error for http://otclient.ovh/api/status.php: Invalid http status code (403)
Login to 127.0.0.1:7172
WARNING: HTTP error for http://otclient.ovh/api/status.php: Invalid http status code (403)
Login to 127.0.0.1:7172
Login to 127.0.0.1:7172
WARNING: HTTP error for http://otclient.ovh/api/status.php: Invalid http status code (403)
Login to 127.0.0.1:7172
WARNING: HTTP error for http://otclient.ovh/api/status.php: Invalid http status code (403)
Login to 127.0.0.1:7172
WARNING: HTTP error for http://otclient.ovh/api/status.php: Invalid http status code (403)
Login to 127.0.0.1:7172
WARNING: HTTP error for http://otclient.ovh/api/status.php: Invalid http status code (403)
Login to 127.0.0.1:7172
WARNING: HTTP error for http://otclient.ovh/api/status.php: Invalid http status code (403)
Login to 127.0.0.1:7172
WARNING: HTTP error for http://otclient.ovh/api/status.php: Invalid http status code (403)
Login to 127.0.0.1:7172
Login to 127.0.0.1:7172
WARNING: HTTP error for http://otclient.ovh/api/status.php: Invalid http status code (403)
Login to 127.0.0.1:7172
WARNING: HTTP error for http://otclient.ovh/api/status.php: Invalid http status code (403)
Login to 127.0.0.1:7172
WARNING: HTTP error for http://otclient.ovh/api/status.php: Invalid http status code (403)
Login to 127.0.0.1:7172
WARNING: HTTP error for http://otclient.ovh/api/status.php: Invalid http status code (403)
Login to 127.0.0.1:7172
WARNING: HTTP error for http://otclient.ovh/api/status.php: Invalid http status code (403)
Login to 127.0.0.1:7172
Login to 127.0.0.1:7172
WARNING: HTTP error for http://otclient.ovh/api/status.php: Invalid http status code (403)
Login to 127.0.0.1:7172
WARNING: HTTP error for http://otclient.ovh/api/status.php: Invalid http status code (403)
Login to 127.0.0.1:7172
WARNING: HTTP error for http://otclient.ovh/api/status.php: Invalid http status code (403)
Login to 127.0.0.1:7172
WARNING: HTTP error for http://otclient.ovh/api/status.php: Invalid http status code (403)
Login to 127.0.0.1:7172
WARNING: HTTP error for http://otclient.ovh/api/status.php: Invalid http status code (403)
Login to 127.0.0.1:7172
Login to 127.0.0.1:7172
WARNING: HTTP error for http://otclient.ovh/api/status.php: Invalid http status code (403)
Login to 127.0.0.1:7172
WARNING: HTTP error for http://otclient.ovh/api/status.php: Invalid http status code (403)
Login to 127.0.0.1:7172
WARNING: HTTP error for http://otclient.ovh/api/status.php: Invalid http status code (403)
Login to 127.0.0.1:7172
WARNING: HTTP error for http://otclient.ovh/api/status.php: Invalid http status code (403)
Login to 127.0.0.1:7172
WARNING: HTTP error for http://otclient.ovh/api/status.php: Invalid http status code (403)
Login to 127.0.0.1:7172
WARNING: HTTP error for http://otclient.ovh/api/status.php: Invalid http status code (403)
Login to 127.0.0.1:7172
Login to 127.0.0.1:7172
WARNING: HTTP error for http://otclient.ovh/api/status.php: Invalid http status code (403)
Login to 127.0.0.1:7172
WARNING: HTTP error for http://otclient.ovh/api/status.php: Invalid http status code (403)
Login to 127.0.0.1:7172
WARNING: HTTP error for http://otclient.ovh/api/status.php: Invalid http status code (403)
Login to 127.0.0.1:7172
WARNING: HTTP error for http://otclient.ovh/api/status.php: Invalid http status code (403)
Login to 127.0.0.1:7172
WARNING: HTTP error for http://otclient.ovh/api/status.php: Invalid http status code (403)
Login to 127.0.0.1:7172
Login to 127.0.0.1:7172
WARNING: HTTP error for http://otclient.ovh/api/status.php: Invalid http status code (403)
Login to 127.0.0.1:7172
WARNING: HTTP error for http://otclient.ovh/api/status.php: Invalid http status code (403)
Login to 127.0.0.1:7172
WARNING: HTTP error for http://otclient.ovh/api/status.php: Invalid http status code (403)
Login to 127.0.0.1:7172
WARNING: HTTP error for http://otclient.ovh/api/status.php: Invalid http status code (403)
Login to 127.0.0.1:7172
WARNING: HTTP error for http://otclient.ovh/api/status.php: Invalid http status code (403)
Login to 127.0.0.1:7172
Login to 127.0.0.1:7172
WARNING: HTTP error for http://otclient.ovh/api/status.php: Invalid http status code (403)
Login to 127.0.0.1:7172
WARNING: HTTP error for http://otclient.ovh/api/status.php: Invalid http status code (403)
Login to 127.0.0.1:7172
WARNING: HTTP error for http://otclient.ovh/api/status.php: Invalid http status code (403)
Login to 127.0.0.1:7172
WARNING: HTTP error for http://otclient.ovh/api/status.php: Invalid http status code (403)
Login to 127.0.0.1:7172
WARNING: HTTP error for http://otclient.ovh/api/status.php: Invalid http status code (403)
Login to 127.0.0.1:7172
WARNING: HTTP error for http://otclient.ovh/api/status.php: Invalid http status code (403)
Login to 127.0.0.1:7172
Login to 127.0.0.1:7172
WARNING: HTTP error for http://otclient.ovh/api/status.php: Invalid http status code (403)
Login to 127.0.0.1:7172
WARNING: HTTP error for http://otclient.ovh/api/status.php: Invalid http status code (403)
Login to 127.0.0.1:7172
WARNING: HTTP error for http://otclient.ovh/api/status.php: Invalid http status code (403)
Login to 127.0.0.1:7172
WARNING: HTTP error for http://otclient.ovh/api/status.php: Invalid http status code (403)
Login to 127.0.0.1:7172
WARNING: HTTP error for http://otclient.ovh/api/status.php: Invalid http status code (403)
Login to 127.0.0.1:7172
Login to 127.0.0.1:7172
WARNING: HTTP error for http://otclient.ovh/api/status.php: Invalid http status code (403)
Login to 127.0.0.1:7172
WARNING: HTTP error for http://otclient.ovh/api/status.php: Invalid http status code (403)
Login to 127.0.0.1:7172
WARNING: HTTP error for http://otclient.ovh/api/status.php: Invalid http status code (403)
Login to 127.0.0.1:7172
WARNING: HTTP error for http://otclient.ovh/api/status.php: Invalid http status code (403)
Login to 127.0.0.1:7172
WARNING: HTTP error for http://otclient.ovh/api/status.php: Invalid http status code (403)
Login to 127.0.0.1:7172
Login to 127.0.0.1:7172
WARNING: HTTP error for http://otclient.ovh/api/status.php: Invalid http status code (403)
Login to 127.0.0.1:7172
WARNING: HTTP error for http://otclient.ovh/api/status.php: Invalid http status code (403)
Login to 127.0.0.1:7172
WARNING: HTTP error for http://otclient.ovh/api/status.php: Invalid http status code (403)
Login to 127.0.0.1:7172
WARNING: HTTP error for http://otclient.ovh/api/status.php: Invalid http status code (403)
Login to 127.0.0.1:7172
WARNING: HTTP error for http://otclient.ovh/api/status.php: Invalid http status code (403)
Login to 127.0.0.1:7172
Login to 127.0.0.1:7172
WARNING: HTTP error for http://otclient.ovh/api/status.php: Invalid http status code (403)
Login to 127.0.0.1:7172
WARNING: HTTP error for http://otclient.ovh/api/status.php: Invalid http status code (403)
Login to 127.0.0.1:7172
WARNING: HTTP error for http://otclient.ovh/api/status.php: Invalid http status code (403)
Login to 127.0.0.1:7172
WARNING: HTTP error for http://otclient.ovh/api/status.php: Invalid http status code (403)
Login to 127.0.0.1:7172
WARNING: HTTP error for http://otclient.ovh/api/status.php: Invalid http status code (403)
Login to 127.0.0.1:7172
WARNING: HTTP error for http://otclient.ovh/api/status.php: Invalid http status code (403)
Login to 127.0.0.1:7172
Login to 127.0.0.1:7172
WARNING: HTTP error for http://otclient.ovh/api/status.php: Invalid http status code (403)
Login to 127.0.0.1:7172
WARNING: HTTP error for http://otclient.ovh/api/status.php: Invalid http status code (403)
Login to 127.0.0.1:7172
WARNING: HTTP error for http://otclient.ovh/api/status.php: Invalid http status code (403)
Login to 127.0.0.1:7172
WARNING: HTTP error for http://otclient.ovh/api/status.php: Invalid http status code (403)
Login to 127.0.0.1:7172
WARNING: HTTP error for http://otclient.ovh/api/status.php: Invalid http status code (403)
Login to 127.0.0.1:7172
Login to 127.0.0.1:7172
WARNING: HTTP error for http://otclient.ovh/api/status.php: Invalid http status code (403)
Login to 127.0.0.1:7172
WARNING: HTTP error for http://otclient.ovh/api/status.php: Invalid http status code (403)
Login to 127.0.0.1:7172
WARNING: HTTP error for http://otclient.ovh/api/status.php: Invalid http status code (403)
Login to 127.0.0.1:7172
WARNING: HTTP error for http://otclient.ovh/api/status.php: Invalid http status code (403)
Login to 127.0.0.1:7172
WARNING: HTTP error for http://otclient.ovh/api/status.php: Invalid http status code (403)
Login to 127.0.0.1:7172
Login to 127.0.0.1:7172
WARNING: HTTP error for http://otclient.ovh/api/status.php: Invalid http status code (403)
Login to 127.0.0.1:7172
WARNING: HTTP error for http://otclient.ovh/api/status.php: Invalid http status code (403)
Login to 127.0.0.1:7172
WARNING: HTTP error for http://otclient.ovh/api/status.php: Invalid http status code (403)
Login to 127.0.0.1:7172
WARNING: HTTP error for http://otclient.ovh/api/status.php: Invalid http status code (403)
Login to 127.0.0.1:7172
WARNING: HTTP error for http://otclient.ovh/api/status.php: Invalid http status code (403)
Login to 127.0.0.1:7172
WARNING: HTTP error for http://otclient.ovh/api/status.php: Invalid http status code (403)
Login to 127.0.0.1:7172
Login to 127.0.0.1:7172
WARNING: HTTP error for http://otclient.ovh/api/status.php: Invalid http status code (403)
Login to 127.0.0.1:7172
WARNING: HTTP error for http://otclient.ovh/api/status.php: Invalid http status code (403)
Login to 127.0.0.1:7172
WARNING: HTTP error for http://otclient.ovh/api/status.php: Invalid http status code (403)
Login to 127.0.0.1:7172
WARNING: HTTP error for http://otclient.ovh/api/status.php: Invalid http status code (403)
Login to 127.0.0.1:7172
WARNING: HTTP error for http://otclient.ovh/api/status.php: Invalid http status code (403)
Login to 127.0.0.1:7172
Login to 127.0.0.1:7172
WARNING: HTTP error for http://otclient.ovh/api/status.php: Invalid http status code (403)
Login to 127.0.0.1:7172
WARNING: HTTP error for http://otclient.ovh/api/status.php: Invalid http status code (403)
Login to 127.0.0.1:7172
WARNING: HTTP error for http://otclient.ovh/api/status.php: Invalid http status code (403)
Login to 127.0.0.1:7172
WARNING: HTTP error for http://otclient.ovh/api/status.php: Invalid http status code (403)
Login to 127.0.0.1:7172
WARNING: HTTP error for http://otclient.ovh/api/status.php: Invalid http status code (403)
Login to 127.0.0.1:7172
Login to 127.0.0.1:7172
WARNING: HTTP error for http://otclient.ovh/api/status.php: Invalid http status code (403)
Login to 127.0.0.1:7172
WARNING: HTTP error for http://otclient.ovh/api/status.php: Invalid http status code (403)
Login to 127.0.0.1:7172
WARNING: HTTP error for http://otclient.ovh/api/status.php: Invalid http status code (403)
Login to 127.0.0.1:7172
WARNING: HTTP error for http://otclient.ovh/api/status.php: Invalid http status code (403)
Login to 127.0.0.1:7172
WARNING: HTTP error for http://otclient.ovh/api/status.php: Invalid http status code (403)
Login to 127.0.0.1:7172
WARNING: HTTP error for http://otclient.ovh/api/status.php: Invalid http status code (403)
Login to 127.0.0.1:7172
Login to 127.0.0.1:7172
WARNING: HTTP error for http://otclient.ovh/api/status.php: Invalid http status code (403)
Login to 127.0.0.1:7172
WARNING: HTTP error for http://otclient.ovh/api/status.php: Invalid http status code (403)
Login to 127.0.0.1:7172
WARNING: HTTP error for http://otclient.ovh/api/status.php: Invalid http status code (403)
Login to 127.0.0.1:7172
WARNING: HTTP error for http://otclient.ovh/api/status.php: Invalid http status code (403)
Login to 127.0.0.1:7172
WARNING: HTTP error for http://otclient.ovh/api/status.php: Invalid http status code (403)
Login to 127.0.0.1:7172
Login to 127.0.0.1:7172
WARNING: HTTP error for http://otclient.ovh/api/status.php: Invalid http status code (403)
Login to 127.0.0.1:7172
WARNING: HTTP error for http://otclient.ovh/api/status.php: Invalid http status code (403)
Login to 127.0.0.1:7172
WARNING: HTTP error for http://otclient.ovh/api/status.php: Invalid http status code (403)
Login to 127.0.0.1:7172
WARNING: HTTP error for http://otclient.ovh/api/status.php: Invalid http status code (403)
Login to 127.0.0.1:7172
WARNING: HTTP error for http://otclient.ovh/api/status.php: Invalid http status code (403)
Login to 127.0.0.1:7172
Login to 127.0.0.1:7172
WARNING: HTTP error for http://otclient.ovh/api/status.php: Invalid http status code (403)
Login to 127.0.0.1:7172
WARNING: HTTP error for http://otclient.ovh/api/status.php: Invalid http status code (403)
Login to 127.0.0.1:7172
WARNING: HTTP error for http://otclient.ovh/api/status.php: Invalid http status code (403)
Login to 127.0.0.1:7172
WARNING: HTTP error for http://otclient.ovh/api/status.php: Invalid http status code (403)
Login to 127.0.0.1:7172
WARNING: HTTP error for http://otclient.ovh/api/status.php: Invalid http status code (403)
Login to 127.0.0.1:7172
Login to 127.0.0.1:7172
WARNING: HTTP error for http://otclient.ovh/api/status.php: Invalid http status code (403)
Login to 127.0.0.1:7172
WARNING: HTTP error for http://otclient.ovh/api/status.php: Invalid http status code (403)
Login to 127.0.0.1:7172
WARNING: HTTP error for http://otclient.ovh/api/status.php: Invalid http status code (403)
Login to 127.0.0.1:7172
WARNING: HTTP error for http://otclient.ovh/api/status.php: Invalid http status code (403)
Login to 127.0.0.1:7172
WARNING: HTTP error for http://otclient.ovh/api/status.php: Invalid http status code (403)
Login to 127.0.0.1:7172
WARNING: HTTP error for http://otclient.ovh/api/status.php: Invalid http status code (403)
Login to 127.0.0.1:7172
Login to 127.0.0.1:7172
WARNING: HTTP error for http://otclient.ovh/api/status.php: Invalid http status code (403)
Login to 127.0.0.1:7172
WARNING: HTTP error for http://otclient.ovh/api/status.php: Invalid http status code (403)
Login to 127.0.0.1:7172
WARNING: HTTP error for http://otclient.ovh/api/status.php: Invalid http status code (403)
Login to 127.0.0.1:7172
WARNING: HTTP error for http://otclient.ovh/api/status.php: Invalid http status code (403)
Login to 127.0.0.1:7172
WARNING: HTTP error for http://otclient.ovh/api/status.php: Invalid http status code (403)
Login to 127.0.0.1:7172
Login to 127.0.0.1:7172
WARNING: HTTP error for http://otclient.ovh/api/status.php: Invalid http status code (403)
Login to 127.0.0.1:7172
WARNING: HTTP error for http://otclient.ovh/api/status.php: Invalid http status code (403)
Login to 127.0.0.1:7172
WARNING: HTTP error for http://otclient.ovh/api/status.php: Invalid http status code (403)
Login to 127.0.0.1:7172
WARNING: HTTP error for http://otclient.ovh/api/status.php: Invalid http status code (403)
Login to 127.0.0.1:7172
WARNING: HTTP error for http://otclient.ovh/api/status.php: Invalid http status code (403)
Login to 127.0.0.1:7172
Login to 127.0.0.1:7172
WARNING: HTTP error for http://otclient.ovh/api/status.php: Invalid http status code (403)
Login to 127.0.0.1:7172
WARNING: HTTP error for http://otclient.ovh/api/status.php: Invalid http status code (403)
Login to 127.0.0.1:7172
WARNING: HTTP error for http://otclient.ovh/api/status.php: Invalid http status code (403)
Login to 127.0.0.1:7172
WARNING: HTTP error for http://otclient.ovh/api/status.php: Invalid http status code (403)
Login to 127.0.0.1:7172
WARNING: HTTP error for http://otclient.ovh/api/status.php: Invalid http status code (403)
Login to 127.0.0.1:7172
WARNING: HTTP error for http://otclient.ovh/api/status.php: Invalid http status code (403)
Login to 127.0.0.1:7172
Login to 127.0.0.1:7172
WARNING: HTTP error for http://otclient.ovh/api/status.php: Invalid http status code (403)
Login to 127.0.0.1:7172
WARNING: HTTP error for http://otclient.ovh/api/status.php: Invalid http status code (403)
Login to 127.0.0.1:7172
WARNING: HTTP error for http://otclient.ovh/api/status.php: Invalid http status code (403)
Login to 127.0.0.1:7172
WARNING: HTTP error for http://otclient.ovh/api/status.php: Invalid http status code (403)
Login to 127.0.0.1:7172
WARNING: HTTP error for http://otclient.ovh/api/status.php: Invalid http status code (403)
Login to 127.0.0.1:7172
Login to 127.0.0.1:7172
WARNING: HTTP error for http://otclient.ovh/api/status.php: Invalid http status code (403)
Login to 127.0.0.1:7172
WARNING: attempt to destroy widget 'widget1316' two times
WARNING: HTTP error for http://otclient.ovh/api/status.php: Invalid http status code (403)
Login to 127.0.0.1:7172
WARNING: HTTP error for http://otclient.ovh/api/status.php: Invalid http status code (403)
Login to 127.0.0.1:7172
WARNING: HTTP error for http://otclient.ovh/api/status.php: Invalid http status code (403)
Login to 127.0.0.1:7172
WARNING: HTTP error for http://otclient.ovh/api/status.php: Invalid http status code (403)
Login to 127.0.0.1:7172
WARNING: attempt to destroy widget 'widget1316' two times
WARNING: HTTP error for http://otclient.ovh/api/status.php: Invalid http status code (403)
Login to 127.0.0.1:7172
WARNING: HTTP error for http://otclient.ovh/api/status.php: Invalid http status code (403)
Login to 127.0.0.1:7172
WARNING: HTTP error for http://otclient.ovh/api/status.php: Invalid http status code (403)
Login to 127.0.0.1:7172
WARNING: HTTP error for http://otclient.ovh/api/status.php: Invalid http status code (403)
Login to 127.0.0.1:7172
Login to 127.0.0.1:7172
WARNING: HTTP error for http://otclient.ovh/api/status.php: Invalid http status code (403)
Login to 127.0.0.1:7172
WARNING: HTTP error for http://otclient.ovh/api/status.php: Invalid http status code (403)
Login to 127.0.0.1:7172
WARNING: HTTP error for http://otclient.ovh/api/status.php: Invalid http status code (403)
Login to 127.0.0.1:7172
WARNING: HTTP error for http://otclient.ovh/api/status.php: Invalid http status code (403)
Login to 127.0.0.1:7172
WARNING: HTTP error for http://otclient.ovh/api/status.php: Invalid http status code (403)
Login to 127.0.0.1:7172
Login to 127.0.0.1:7172
WARNING: HTTP error for http://otclient.ovh/api/status.php: Invalid http status code (403)
Login to 127.0.0.1:7172
WARNING: HTTP error for http://otclient.ovh/api/status.php: Invalid http status code (403)
Login to 127.0.0.1:7172
WARNING: HTTP error for http://otclient.ovh/api/status.php: Invalid http status code (403)
Login to 127.0.0.1:7172
WARNING: HTTP error for http://otclient.ovh/api/status.php: Invalid http status code (403)
Login to 127.0.0.1:7172
WARNING: HTTP error for http://otclient.ovh/api/status.php: Invalid http status code (403)
Login to 127.0.0.1:7172
Login to 127.0.0.1:7172
WARNING: HTTP error for http://otclient.ovh/api/status.php: Invalid http status code (403)
Login to 127.0.0.1:7172
WARNING: HTTP error for http://otclient.ovh/api/status.php: Invalid http status code (403)
Login to 127.0.0.1:7172
WARNING: HTTP error for http://otclient.ovh/api/status.php: Invalid http status code (403)
Login to 127.0.0.1:7172
WARNING: HTTP error for http://otclient.ovh/api/status.php: Invalid http status code (403)
Login to 127.0.0.1:7172
WARNING: HTTP error for http://otclient.ovh/api/status.php: Invalid http status code (403)
Login to 127.0.0.1:7172
Login to 127.0.0.1:7172
WARNING: HTTP error for http://otclient.ovh/api/status.php: Invalid http status code (403)
Login to 127.0.0.1:7172
WARNING: HTTP error for http://otclient.ovh/api/status.php: Invalid http status code (403)
Login to 127.0.0.1:7172
WARNING: HTTP error for http://otclient.ovh/api/status.php: Invalid http status code (403)
Login to 127.0.0.1:7172
WARNING: HTTP error for http://otclient.ovh/api/status.php: Invalid http status code (403)
Login to 127.0.0.1:7172
WARNING: HTTP error for http://otclient.ovh/api/status.php: Invalid http status code (403)
Login to 127.0.0.1:7172
WARNING: HTTP error for http://otclient.ovh/api/status.php: Invalid http status code (403)
Login to 127.0.0.1:7172
Login to 127.0.0.1:7172
WARNING: HTTP error for http://otclient.ovh/api/status.php: Invalid http status code (403)
Login to 127.0.0.1:7172
WARNING: HTTP error for http://otclient.ovh/api/status.php: Invalid http status code (403)
Login to 127.0.0.1:7172
WARNING: HTTP error for http://otclient.ovh/api/status.php: Invalid http status code (403)
Login to 127.0.0.1:7172
WARNING: HTTP error for http://otclient.ovh/api/status.php: Invalid http status code (403)
Login to 127.0.0.1:7172
WARNING: HTTP error for http://otclient.ovh/api/status.php: Invalid http status code (403)
Login to 127.0.0.1:7172
Login to 127.0.0.1:7172
WARNING: HTTP error for http://otclient.ovh/api/status.php: Invalid http status code (403)
Login to 127.0.0.1:7172
WARNING: HTTP error for http://otclient.ovh/api/status.php: Invalid http status code (403)
Login to 127.0.0.1:7172
WARNING: HTTP error for http://otclient.ovh/api/status.php: Invalid http status code (403)
Login to 127.0.0.1:7172
WARNING: HTTP error for http://otclient.ovh/api/status.php: Invalid http status code (403)
Login to 127.0.0.1:7172
WARNING: HTTP error for http://otclient.ovh/api/status.php: Invalid http status code (403)
Login to 127.0.0.1:7172
WARNING: HTTP error for http://otclient.ovh/api/status.php: Invalid http status code (403)
Login to 127.0.0.1:7172
Login to 127.0.0.1:7172
WARNING: HTTP error for http://otclient.ovh/api/status.php: Invalid http status code (403)
Login to 127.0.0.1:7172
WARNING: HTTP error for http://otclient.ovh/api/status.php: Invalid http status code (403)
Login to 127.0.0.1:7172
WARNING: HTTP error for http://otclient.ovh/api/status.php: Invalid http status code (403)
Login to 127.0.0.1:7172
WARNING: HTTP error for http://otclient.ovh/api/status.php: Invalid http status code (403)
Login to 127.0.0.1:7172
WARNING: HTTP error for http://otclient.ovh/api/status.php: Invalid http status code (403)
Login to 127.0.0.1:7172
Login to 127.0.0.1:7172
WARNING: HTTP error for http://otclient.ovh/api/status.php: Invalid http status code (403)
Login to 127.0.0.1:7172
WARNING: HTTP error for http://otclient.ovh/api/status.php: Invalid http status code (403)
Login to 127.0.0.1:7172
WARNING: HTTP error for http://otclient.ovh/api/status.php: Invalid http status code (403)
Login to 127.0.0.1:7172
WARNING: HTTP error for http://otclient.ovh/api/status.php: Invalid http status code (403)
Login to 127.0.0.1:7172
WARNING: HTTP error for http://otclient.ovh/api/status.php: Invalid http status code (403)
Login to 127.0.0.1:7172
Login to 127.0.0.1:7172
WARNING: HTTP error for http://otclient.ovh/api/status.php: Invalid http status code (403)
Login to 127.0.0.1:7172
WARNING: HTTP error for http://otclient.ovh/api/status.php: Invalid http status code (403)
Login to 127.0.0.1:7172
WARNING: HTTP error for http://otclient.ovh/api/status.php: Invalid http status code (403)
Login to 127.0.0.1:7172
WARNING: HTTP error for http://otclient.ovh/api/status.php: Invalid http status code (403)
Login to 127.0.0.1:7172
WARNING: HTTP error for http://otclient.ovh/api/status.php: Invalid http status code (403)
Login to 127.0.0.1:7172
Login to 127.0.0.1:7172
WARNING: HTTP error for http://otclient.ovh/api/status.php: Invalid http status code (403)
Login to 127.0.0.1:7172
WARNING: HTTP error for http://otclient.ovh/api/status.php: Invalid http status code (403)
Login to 127.0.0.1:7172
WARNING: HTTP error for http://otclient.ovh/api/status.php: Invalid http status code (403)
Login to 127.0.0.1:7172
WARNING: HTTP error for http://otclient.ovh/api/status.php: Invalid http status code (403)
Login to 127.0.0.1:7172
WARNING: HTTP error for http://otclient.ovh/api/status.php: Invalid http status code (403)
Login to 127.0.0.1:7172
WARNING: HTTP error for http://otclient.ovh/api/status.php: Invalid http status code (403)
Login to 127.0.0.1:7172
Login to 127.0.0.1:7172
WARNING: HTTP error for http://otclient.ovh/api/status.php: Invalid http status code (403)
Login to 127.0.0.1:7172
WARNING: HTTP error for http://otclient.ovh/api/status.php: Invalid http status code (403)
Login to 127.0.0.1:7172
WARNING: HTTP error for http://otclient.ovh/api/status.php: Invalid http status code (403)
Login to 127.0.0.1:7172
WARNING: HTTP error for http://otclient.ovh/api/status.php: Invalid http status code (403)
Login to 127.0.0.1:7172
WARNING: HTTP error for http://otclient.ovh/api/status.php: Invalid http status code (403)
Login to 127.0.0.1:7172
Login to 127.0.0.1:7172
WARNING: HTTP error for http://otclient.ovh/api/status.php: Invalid http status code (403)
Login to 127.0.0.1:7172
WARNING: HTTP error for http://otclient.ovh/api/status.php: Invalid http status code (403)
Login to 127.0.0.1:7172
WARNING: HTTP error for http://otclient.ovh/api/status.php: Invalid http status code (403)
Login to 127.0.0.1:7172
WARNING: HTTP error for http://otclient.ovh/api/status.php: Invalid http status code (403)
Login to 127.0.0.1:7172
WARNING: HTTP error for http://otclient.ovh/api/status.php: Invalid http status code (403)
Login to 127.0.0.1:7172
Login to 127.0.0.1:7172
WARNING: HTTP error for http://otclient.ovh/api/status.php: Invalid http status code (403)
Login to 127.0.0.1:7172
WARNING: HTTP error for http://otclient.ovh/api/status.php: Invalid http status code (403)
Login to 127.0.0.1:7172
WARNING: HTTP error for http://otclient.ovh/api/status.php: Invalid http status code (403)
Login to 127.0.0.1:7172
WARNING: HTTP error for http://otclient.ovh/api/status.php: Invalid http status code (403)
Login to 127.0.0.1:7172
WARNING: HTTP error for http://otclient.ovh/api/status.php: Invalid http status code (403)
Login to 127.0.0.1:7172
WARNING: HTTP error for http://otclient.ovh/api/status.php: Invalid http status code (403)
Login to 127.0.0.1:7172
Login to 127.0.0.1:7172
WARNING: HTTP error for http://otclient.ovh/api/status.php: Invalid http status code (403)
Login to 127.0.0.1:7172
WARNING: HTTP error for http://otclient.ovh/api/status.php: Invalid http status code (403)
Login to 127.0.0.1:7172
WARNING: HTTP error for http://otclient.ovh/api/status.php: Invalid http status code (403)
Login to 127.0.0.1:7172
WARNING: HTTP error for http://otclient.ovh/api/status.php: Invalid http status code (403)
Login to 127.0.0.1:7172
WARNING: HTTP error for http://otclient.ovh/api/status.php: Invalid http status code (403)
Login to 127.0.0.1:7172
Login to 127.0.0.1:7172
WARNING: HTTP error for http://otclient.ovh/api/status.php: Invalid http status code (403)
Login to 127.0.0.1:7172
WARNING: HTTP error for http://otclient.ovh/api/status.php: Invalid http status code (403)
Login to 127.0.0.1:7172
WARNING: HTTP error for http://otclient.ovh/api/status.php: Invalid http status code (403)
Login to 127.0.0.1:7172
WARNING: HTTP error for http://otclient.ovh/api/status.php: Invalid http status code (403)
Login to 127.0.0.1:7172
WARNING: HTTP error for http://otclient.ovh/api/status.php: Invalid http status code (403)
Login to 127.0.0.1:7172
Login to 127.0.0.1:7172
WARNING: HTTP error for http://otclient.ovh/api/status.php: Invalid http status code (403)
Login to 127.0.0.1:7172
WARNING: HTTP error for http://otclient.ovh/api/status.php: Invalid http status code (403)
Login to 127.0.0.1:7172
WARNING: HTTP error for http://otclient.ovh/api/status.php: Invalid http status code (403)
Login to 127.0.0.1:7172
WARNING: HTTP error for http://otclient.ovh/api/status.php: Invalid http status code (403)
Login to 127.0.0.1:7172
WARNING: HTTP error for http://otclient.ovh/api/status.php: Invalid http status code (403)
Login to 127.0.0.1:7172
WARNING: HTTP error for http://otclient.ovh/api/status.php: Invalid http status code (403)
Login to 127.0.0.1:7172
Login to 127.0.0.1:7172
WARNING: HTTP error for http://otclient.ovh/api/status.php: Invalid http status code (403)
Login to 127.0.0.1:7172
WARNING: HTTP error for http://otclient.ovh/api/status.php: Invalid http status code (403)
Login to 127.0.0.1:7172
WARNING: HTTP error for http://otclient.ovh/api/status.php: Invalid http status code (403)
Login to 127.0.0.1:7172
WARNING: HTTP error for http://otclient.ovh/api/status.php: Invalid http status code (403)
Login to 127.0.0.1:7172
WARNING: HTTP error for http://otclient.ovh/api/status.php: Invalid http status code (403)
Login to 127.0.0.1:7172
Login to 127.0.0.1:7172
WARNING: HTTP error for http://otclient.ovh/api/status.php: Invalid http status code (403)
Login to 127.0.0.1:7172
WARNING: HTTP error for http://otclient.ovh/api/status.php: Invalid http status code (403)
Login to 127.0.0.1:7172
WARNING: HTTP error for http://otclient.ovh/api/status.php: Invalid http status code (403)
Login to 127.0.0.1:7172
WARNING: HTTP error for http://otclient.ovh/api/status.php: Invalid http status code (403)
Login to 127.0.0.1:7172
WARNING: HTTP error for http://otclient.ovh/api/status.php: Invalid http status code (403)
Login to 127.0.0.1:7172
Login to 127.0.0.1:7172
WARNING: HTTP error for http://otclient.ovh/api/status.php: Invalid http status code (403)
Login to 127.0.0.1:7172
WARNING: HTTP error for http://otclient.ovh/api/status.php: Invalid http status code (403)
Login to 127.0.0.1:7172
WARNING: HTTP error for http://otclient.ovh/api/status.php: Invalid http status code (403)
Login to 127.0.0.1:7172
WARNING: HTTP error for http://otclient.ovh/api/status.php: Invalid http status code (403)
Login to 127.0.0.1:7172
WARNING: HTTP error for http://otclient.ovh/api/status.php: Invalid http status code (403)
Login to 127.0.0.1:7172
WARNING: HTTP error for http://otclient.ovh/api/status.php: Invalid http status code (403)
Login to 127.0.0.1:7172
Login to 127.0.0.1:7172
WARNING: HTTP error for http://otclient.ovh/api/status.php: Invalid http status code (403)
Login to 127.0.0.1:7172
WARNING: HTTP error for http://otclient.ovh/api/status.php: Invalid http status code (403)
Login to 127.0.0.1:7172
WARNING: HTTP error for http://otclient.ovh/api/status.php: Invalid http status code (403)
Login to 127.0.0.1:7172
WARNING: HTTP error for http://otclient.ovh/api/status.php: Invalid http status code (403)
Login to 127.0.0.1:7172
WARNING: HTTP error for http://otclient.ovh/api/status.php: Invalid http status code (403)
Login to 127.0.0.1:7172
Login to 127.0.0.1:7172
WARNING: HTTP error for http://otclient.ovh/api/status.php: Invalid http status code (403)
Login to 127.0.0.1:7172
WARNING: HTTP error for http://otclient.ovh/api/status.php: Invalid http status code (403)
Login to 127.0.0.1:7172
WARNING: HTTP error for http://otclient.ovh/api/status.php: Invalid http status code (403)
Login to 127.0.0.1:7172
WARNING: HTTP error for http://otclient.ovh/api/status.php: Invalid http status code (403)
Login to 127.0.0.1:7172
WARNING: HTTP error for http://otclient.ovh/api/status.php: Invalid http status code (403)
Login to 127.0.0.1:7172
Login to 127.0.0.1:7172
WARNING: HTTP error for http://otclient.ovh/api/status.php: Invalid http status code (403)
Login to 127.0.0.1:7172
WARNING: HTTP error for http://otclient.ovh/api/status.php: Invalid http status code (403)
Login to 127.0.0.1:7172
WARNING: HTTP error for http://otclient.ovh/api/status.php: Invalid http status code (403)
Login to 127.0.0.1:7172
WARNING: HTTP error for http://otclient.ovh/api/status.php: Invalid http status code (403)
Login to 127.0.0.1:7172
WARNING: HTTP error for http://otclient.ovh/api/status.php: Invalid http status code (403)
Login to 127.0.0.1:7172
WARNING: HTTP error for http://otclient.ovh/api/status.php: Invalid http status code (403)
Login to 127.0.0.1:7172
Login to 127.0.0.1:7172
WARNING: HTTP error for http://otclient.ovh/api/status.php: Invalid http status code (403)
WARNING: attempt to destroy widget 'widget1316' two times
WARNING: HTTP error for http://otclient.ovh/api/status.php: Invalid http status code (403)
Login to 127.0.0.1:7172
WARNING: HTTP error for http://otclient.ovh/api/status.php: Invalid http status code (403)
Login to 127.0.0.1:7172
WARNING: HTTP error for http://otclient.ovh/api/status.php: Invalid http status code (403)
Login to 127.0.0.1:7172
WARNING: HTTP error for http://otclient.ovh/api/status.php: Invalid http status code (403)
Login to 127.0.0.1:7172
Login to 127.0.0.1:7172
WARNING: HTTP error for http://otclient.ovh/api/status.php: Invalid http status code (403)
Login to 127.0.0.1:7172
WARNING: attempt to destroy widget 'widget1316' two times
WARNING: HTTP error for http://otclient.ovh/api/status.php: Invalid http status code (403)
Login to 127.0.0.1:7172
WARNING: HTTP error for http://otclient.ovh/api/status.php: Invalid http status code (403)
Login to 127.0.0.1:7172
WARNING: HTTP error for http://otclient.ovh/api/status.php: Invalid http status code (403)
Login to 127.0.0.1:7172
WARNING: HTTP error for http://otclient.ovh/api/status.php: Invalid http status code (403)
Login to 127.0.0.1:7172
Login to 127.0.0.1:7172
WARNING: HTTP error for http://otclient.ovh/api/status.php: Invalid http status code (403)
Login to 127.0.0.1:7172
WARNING: HTTP error for http://otclient.ovh/api/status.php: Invalid http status code (403)
Login to 127.0.0.1:7172
WARNING: HTTP error for http://otclient.ovh/api/status.php: Invalid http status code (403)
Login to 127.0.0.1:7172
WARNING: HTTP error for http://otclient.ovh/api/status.php: Invalid http status code (403)
Login to 127.0.0.1:7172
WARNING: HTTP error for http://otclient.ovh/api/status.php: Invalid http status code (403)
Login to 127.0.0.1:7172
Login to 127.0.0.1:7172
WARNING: HTTP error for http://otclient.ovh/api/status.php: Invalid http status code (403)
Login to 127.0.0.1:7172
WARNING: HTTP error for http://otclient.ovh/api/status.php: Invalid http status code (403)
Login to 127.0.0.1:7172
WARNING: HTTP error for http://otclient.ovh/api/status.php: Invalid http status code (403)
Login to 127.0.0.1:7172
WARNING: HTTP error for http://otclient.ovh/api/status.php: Invalid http status code (403)
Login to 127.0.0.1:7172
WARNING: HTTP error for http://otclient.ovh/api/status.php: Invalid http status code (403)
Login to 127.0.0.1:7172
Login to 127.0.0.1:7172
WARNING: HTTP error for http://otclient.ovh/api/status.php: Invalid http status code (403)
Login to 127.0.0.1:7172
WARNING: HTTP error for http://otclient.ovh/api/status.php: Invalid http status code (403)
Login to 127.0.0.1:7172
WARNING: HTTP error for http://otclient.ovh/api/status.php: Invalid http status code (403)
Login to 127.0.0.1:7172
WARNING: HTTP error for http://otclient.ovh/api/status.php: Invalid http status code (403)
Login to 127.0.0.1:7172
WARNING: HTTP error for http://otclient.ovh/api/status.php: Invalid http status code (403)
Login to 127.0.0.1:7172
Login to 127.0.0.1:7172
WARNING: HTTP error for http://otclient.ovh/api/status.php: Invalid http status code (403)
Login to 127.0.0.1:7172
WARNING: HTTP error for http://otclient.ovh/api/status.php: Invalid http status code (403)
Login to 127.0.0.1:7172
WARNING: HTTP error for http://otclient.ovh/api/status.php: Invalid http status code (403)
Login to 127.0.0.1:7172
WARNING: HTTP error for http://otclient.ovh/api/status.php: Invalid http status code (403)
Login to 127.0.0.1:7172
WARNING: HTTP error for http://otclient.ovh/api/status.php: Invalid http status code (403)
Login to 127.0.0.1:7172
Login to 127.0.0.1:7172
WARNING: HTTP error for http://otclient.ovh/api/status.php: Invalid http status code (403)
Login to 127.0.0.1:7172
WARNING: HTTP error for http://otclient.ovh/api/status.php: Invalid http status code (403)
Login to 127.0.0.1:7172
WARNING: HTTP error for http://otclient.ovh/api/status.php: Invalid http status code (403)
Login to 127.0.0.1:7172
WARNING: HTTP error for http://otclient.ovh/api/status.php: Invalid http status code (403)
Login to 127.0.0.1:7172
WARNING: HTTP error for http://otclient.ovh/api/status.php: Invalid http status code (403)
Login to 127.0.0.1:7172
WARNING: HTTP error for http://otclient.ovh/api/status.php: Invalid http status code (403)
Login to 127.0.0.1:7172
Login to 127.0.0.1:7172
WARNING: HTTP error for http://otclient.ovh/api/status.php: Invalid http status code (403)
Login to 127.0.0.1:7172
WARNING: HTTP error for http://otclient.ovh/api/status.php: Invalid http status code (403)
Login to 127.0.0.1:7172
WARNING: HTTP error for http://otclient.ovh/api/status.php: Invalid http status code (403)
Login to 127.0.0.1:7172
WARNING: HTTP error for http://otclient.ovh/api/status.php: Invalid http status code (403)
Login to 127.0.0.1:7172
WARNING: HTTP error for http://otclient.ovh/api/status.php: Invalid http status code (403)
Login to 127.0.0.1:7172
Login to 127.0.0.1:7172
WARNING: HTTP error for http://otclient.ovh/api/status.php: Invalid http status code (403)
Login to 127.0.0.1:7172
WARNING: HTTP error for http://otclient.ovh/api/status.php: Invalid http status code (403)
Login to 127.0.0.1:7172
WARNING: HTTP error for http://otclient.ovh/api/status.php: Invalid http status code (403)
Login to 127.0.0.1:7172
WARNING: HTTP error for http://otclient.ovh/api/status.php: Invalid http status code (403)
Login to 127.0.0.1:7172
WARNING: HTTP error for http://otclient.ovh/api/status.php: Invalid http status code (403)
Login to 127.0.0.1:7172
Login to 127.0.0.1:7172
WARNING: HTTP error for http://otclient.ovh/api/status.php: Invalid http status code (403)
Login to 127.0.0.1:7172
WARNING: HTTP error for http://otclient.ovh/api/status.php: Invalid http status code (403)
Login to 127.0.0.1:7172
WARNING: HTTP error for http://otclient.ovh/api/status.php: Invalid http status code (403)
WARNING: HTTP error for http://otclient.ovh/api/status.php: Invalid http status code (403)
WARNING: HTTP error for http://otclient.ovh/api/status.php: Invalid http status code (403)
WARNING: HTTP error for http://otclient.ovh/api/status.php: Invalid http status code (403)
WARNING: HTTP error for http://otclient.ovh/api/status.php: Invalid http status code (403)
WARNING: HTTP error for http://otclient.ovh/api/status.php: Invalid http status code (403)
WARNING: HTTP error for http://otclient.ovh/api/status.php: Invalid http status code (403)
WARNING: HTTP error for http://otclient.ovh/api/status.php: Invalid http status code (403)
WARNING: HTTP error for http://otclient.ovh/api/status.php: Invalid http status code (403)
WARNING: HTTP error for http://otclient.ovh/api/status.php: Invalid http status code (403)
WARNING: HTTP error for http://otclient.ovh/api/status.php: Invalid http status code (403)
WARNING: HTTP error for http://otclient.ovh/api/status.php: Invalid http status code (403)
WARNING: HTTP error for http://otclient.ovh/api/status.php: Invalid http status code (403)
WARNING: HTTP error for http://otclient.ovh/api/status.php: Invalid http status code (403)
WARNING: HTTP error for http://otclient.ovh/api/status.php: Invalid http status code (403)
WARNING: HTTP error for http://otclient.ovh/api/status.php: Invalid http status code (403)
WARNING: HTTP error for http://otclient.ovh/api/status.php: Invalid http status code (403)
WARNING: HTTP error for http://otclient.ovh/api/status.php: Invalid http status code (403)
WARNING: HTTP error for http://otclient.ovh/api/status.php: Invalid http status code (403)
WARNING: HTTP error for http://otclient.ovh/api/status.php: Invalid http status code (403)
WARNING: HTTP error for http://otclient.ovh/api/status.php: Invalid http status code (403)
WARNING: HTTP error for http://otclient.ovh/api/status.php: Invalid http status code (403)
WARNING: HTTP error for http://otclient.ovh/api/status.php: Invalid http status code (403)
WARNING: HTTP error for http://otclient.ovh/api/status.php: Invalid http status code (403)
WARNING: HTTP error for http://otclient.ovh/api/status.php: Invalid http status code (403)
WARNING: HTTP error for http://otclient.ovh/api/status.php: Invalid http status code (403)
WARNING: HTTP error for http://otclient.ovh/api/status.php: Invalid http status code (403)
WARNING: HTTP error for http://otclient.ovh/api/status.php: Invalid http status code (403)
WARNING: HTTP error for http://otclient.ovh/api/status.php: Invalid http status code (403)
WARNING: HTTP error for http://otclient.ovh/api/status.php: Invalid http status code (403)
WARNING: HTTP error for http://otclient.ovh/api/status.php: Invalid http status code (403)
WARNING: HTTP error for http://otclient.ovh/api/status.php: Invalid http status code (403)
WARNING: HTTP error for http://otclient.ovh/api/status.php: Invalid http status code (403)
WARNING: HTTP error for http://otclient.ovh/api/status.php: Invalid http status code (403)
WARNING: HTTP error for http://otclient.ovh/api/status.php: Invalid http status code (403)
WARNING: HTTP error for http://otclient.ovh/api/status.php: Invalid http status code (403)
WARNING: HTTP error for http://otclient.ovh/api/status.php: Invalid http status code (403)
WARNING: HTTP error for http://otclient.ovh/api/status.php: Invalid http status code (403)
WARNING: HTTP error for http://otclient.ovh/api/status.php: Invalid http status code (403)
WARNING: HTTP error for http://otclient.ovh/api/status.php: Invalid http status code (403)
WARNING: HTTP error for http://otclient.ovh/api/status.php: Invalid http status code (403)
WARNING: HTTP error for http://otclient.ovh/api/status.php: Invalid http status code (403)
WARNING: HTTP error for http://otclient.ovh/api/status.php: Invalid http status code (403)
WARNING: HTTP error for http://otclient.ovh/api/status.php: Invalid http status code (403)
WARNING: HTTP error for http://otclient.ovh/api/status.php: Invalid http status code (403)
WARNING: HTTP error for http://otclient.ovh/api/status.php: Invalid http status code (403)
WARNING: HTTP error for http://otclient.ovh/api/status.php: Invalid http status code (403)
WARNING: HTTP error for http://otclient.ovh/api/status.php: Invalid http status code (403)
WARNING: HTTP error for http://otclient.ovh/api/status.php: Invalid http status code (403)
WARNING: HTTP error for http://otclient.ovh/api/status.php: Invalid http status code (403)
WARNING: HTTP error for http://otclient.ovh/api/status.php: Invalid http status code (403)
WARNING: HTTP error for http://otclient.ovh/api/status.php: Invalid http status code (403)
WARNING: HTTP error for http://otclient.ovh/api/status.php: Invalid http status code (403)
WARNING: HTTP error for http://otclient.ovh/api/status.php: Invalid http status code (403)
WARNING: HTTP error for http://otclient.ovh/api/status.php: Invalid http status code (403)
WARNING: HTTP error for http://otclient.ovh/api/status.php: Invalid http status code (403)
WARNING: HTTP error for http://otclient.ovh/api/status.php: Invalid http status code (403)
WARNING: HTTP error for http://otclient.ovh/api/status.php: Invalid http status code (403)
WARNING: HTTP error for http://otclient.ovh/api/status.php: Invalid http status code (403)
WARNING: HTTP error for http://otclient.ovh/api/status.php: Invalid http status code (403)
WARNING: HTTP error for http://otclient.ovh/api/status.php: Invalid http status code (403)
WARNING: HTTP error for http://otclient.ovh/api/status.php: Invalid http status code (403)
WARNING: HTTP error for http://otclient.ovh/api/status.php: Invalid http status code (403)
WARNING: HTTP error for http://otclient.ovh/api/status.php: Invalid http status code (403)
WARNING: HTTP error for http://otclient.ovh/api/status.php: Invalid http status code (403)
WARNING: HTTP error for http://otclient.ovh/api/status.php: Invalid http status code (403)
WARNING: HTTP error for http://otclient.ovh/api/status.php: Invalid http status code (403)
WARNING: HTTP error for http://otclient.ovh/api/status.php: Invalid http status code (403)
WARNING: HTTP error for http://otclient.ovh/api/status.php: Invalid http status code (403)
WARNING: HTTP error for http://otclient.ovh/api/status.php: Invalid http status code (403)
WARNING: HTTP error for http://otclient.ovh/api/status.php: Invalid http status code (403)
WARNING: HTTP error for http://otclient.ovh/api/status.php: Invalid http status code (403)
WARNING: HTTP error for http://otclient.ovh/api/status.php: Invalid http status code (403)
WARNING: HTTP error for http://otclient.ovh/api/status.php: Invalid http status code (403)
WARNING: HTTP error for http://otclient.ovh/api/status.php: Invalid http status code (403)
WARNING: HTTP error for http://otclient.ovh/api/status.php: Invalid http status code (403)
WARNING: HTTP error for http://otclient.ovh/api/status.php: Invalid http status code (403)
WARNING: HTTP error for http://otclient.ovh/api/status.php: Invalid http status code (403)
WARNING: HTTP error for http://otclient.ovh/api/status.php: Invalid http status code (403)
WARNING: HTTP error for http://otclient.ovh/api/status.php: Invalid http status code (403)
WARNING: HTTP error for http://otclient.ovh/api/status.php: Invalid http status code (403)
WARNING: HTTP error for http://otclient.ovh/api/status.php: Invalid http status code (403)
WARNING: HTTP error for http://otclient.ovh/api/status.php: Invalid http status code (403)
WARNING: HTTP error for http://otclient.ovh/api/status.php: Invalid http status code (403)
WARNING: HTTP error for http://otclient.ovh/api/status.php: Invalid http status code (403)
WARNING: HTTP error for http://otclient.ovh/api/status.php: Invalid http status code (403)
WARNING: HTTP error for http://otclient.ovh/api/status.php: Invalid http status code (403)
WARNING: HTTP error for http://otclient.ovh/api/status.php: Invalid http status code (403)
WARNING: HTTP error for http://otclient.ovh/api/status.php: Invalid http status code (403)
WARNING: HTTP error for http://otclient.ovh/api/status.php: Invalid http status code (403)
WARNING: HTTP error for http://otclient.ovh/api/status.php: Invalid http status code (403)
WARNING: HTTP error for http://otclient.ovh/api/status.php: Invalid http status code (403)
WARNING: HTTP error for http://otclient.ovh/api/status.php: Invalid http status code (403)
WARNING: HTTP error for http://otclient.ovh/api/status.php: Invalid http status code (403)
WARNING: HTTP error for http://otclient.ovh/api/status.php: Invalid http status code (403)
WARNING: HTTP error for http://otclient.ovh/api/status.php: Invalid http status code (403)
WARNING: HTTP error for http://otclient.ovh/api/status.php: Invalid http status code (403)
WARNING: HTTP error for http://otclient.ovh/api/status.php: Invalid http status code (403)
WARNING: HTTP error for http://otclient.ovh/api/status.php: Invalid http status code (403)
WARNING: HTTP error for http://otclient.ovh/api/status.php: Invalid http status code (403)
WARNING: HTTP error for http://otclient.ovh/api/status.php: Invalid http status code (403)
WARNING: HTTP error for http://otclient.ovh/api/status.php: Invalid http status code (403)
WARNING: HTTP error for http://otclient.ovh/api/status.php: Invalid http status code (403)
WARNING: HTTP error for http://otclient.ovh/api/status.php: Invalid http status code (403)
WARNING: HTTP error for http://otclient.ovh/api/status.php: Invalid http status code (403)
WARNING: HTTP error for http://otclient.ovh/api/status.php: Invalid http status code (403)
WARNING: HTTP error for http://otclient.ovh/api/status.php: Invalid http status code (403)
WARNING: HTTP error for http://otclient.ovh/api/status.php: Invalid http status code (403)
WARNING: HTTP error for http://otclient.ovh/api/status.php: Invalid http status code (403)
WARNING: HTTP error for http://otclient.ovh/api/status.php: Invalid http status code (403)
WARNING: HTTP error for http://otclient.ovh/api/status.php: Invalid http status code (403)
WARNING: HTTP error for http://otclient.ovh/api/status.php: Invalid http status code (403)
WARNING: HTTP error for http://otclient.ovh/api/status.php: Invalid http status code (403)
WARNING: HTTP error for http://otclient.ovh/api/status.php: Invalid http status code (403)
WARNING: HTTP error for http://otclient.ovh/api/status.php: Invalid http status code (403)
WARNING: HTTP error for http://otclient.ovh/api/status.php: Invalid http status code (403)
WARNING: HTTP error for http://otclient.ovh/api/status.php: Invalid http status code (403)
WARNING: HTTP error for http://otclient.ovh/api/status.php: Invalid http status code (403)
WARNING: HTTP error for http://otclient.ovh/api/status.php: Invalid http status code (403)
WARNING: HTTP error for http://otclient.ovh/api/status.php: Invalid http status code (403)
WARNING: HTTP error for http://otclient.ovh/api/status.php: Invalid http status code (403)
WARNING: HTTP error for http://otclient.ovh/api/status.php: Invalid http status code (403)
WARNING: HTTP error for http://otclient.ovh/api/status.php: Invalid http status code (403)
WARNING: HTTP error for http://otclient.ovh/api/status.php: Invalid http status code (403)
WARNING: HTTP error for http://otclient.ovh/api/status.php: Invalid http status code (403)
WARNING: HTTP error for http://otclient.ovh/api/status.php: Invalid http status code (403)
WARNING: HTTP error for http://otclient.ovh/api/status.php: Invalid http status code (403)
WARNING: HTTP error for http://otclient.ovh/api/status.php: Invalid http status code (403)
WARNING: HTTP error for http://otclient.ovh/api/status.php: Invalid http status code (403)
WARNING: HTTP error for http://otclient.ovh/api/status.php: Invalid http status code (403)
WARNING: HTTP error for http://otclient.ovh/api/status.php: Invalid http status code (403)
WARNING: HTTP error for http://otclient.ovh/api/status.php: Invalid http status code (403)
WARNING: HTTP error for http://otclient.ovh/api/status.php: Invalid http status code (403)
WARNING: HTTP error for http://otclient.ovh/api/status.php: Invalid http status code (403)
WARNING: HTTP error for http://otclient.ovh/api/status.php: Invalid http status code (403)
WARNING: HTTP error for http://otclient.ovh/api/status.php: Invalid http status code (403)
WARNING: HTTP error for http://otclient.ovh/api/status.php: Invalid http status code (403)
WARNING: HTTP error for http://otclient.ovh/api/status.php: Invalid http status code (403)
WARNING: HTTP error for http://otclient.ovh/api/status.php: Invalid http status code (403)
WARNING: HTTP error for http://otclient.ovh/api/status.php: Invalid http status code (403)
WARNING: HTTP error for http://otclient.ovh/api/status.php: Invalid http status code (403)
WARNING: HTTP error for http://otclient.ovh/api/status.php: Invalid http status code (403)
WARNING: HTTP error for http://otclient.ovh/api/status.php: Invalid http status code (403)
WARNING: HTTP error for http://otclient.ovh/api/status.php: Invalid http status code (403)
WARNING: HTTP error for http://otclient.ovh/api/status.php: Invalid http status code (403)
WARNING: HTTP error for http://otclient.ovh/api/status.php: Invalid http status code (403)
WARNING: HTTP error for http://otclient.ovh/api/status.php: Invalid http status code (403)
WARNING: HTTP error for http://otclient.ovh/api/status.php: Invalid http status code (403)
WARNING: HTTP error for http://otclient.ovh/api/status.php: Invalid http status code (403)
WARNING: HTTP error for http://otclient.ovh/api/status.php: Invalid http status code (403)
WARNING: HTTP error for http://otclient.ovh/api/status.php: Invalid http status code (403)
WARNING: HTTP error for http://otclient.ovh/api/status.php: Invalid http status code (403)
WARNING: HTTP error for http://otclient.ovh/api/status.php: Invalid http status code (403)
WARNING: HTTP error for http://otclient.ovh/api/status.php: Invalid http status code (403)
WARNING: HTTP error for http://otclient.ovh/api/status.php: Invalid http status code (403)
WARNING: HTTP error for http://otclient.ovh/api/status.php: Invalid http status code (403)
WARNING: HTTP error for http://otclient.ovh/api/status.php: Invalid http status code (403)
WARNING: HTTP error for http://otclient.ovh/api/status.php: Invalid http status code (403)
WARNING: HTTP error for http://otclient.ovh/api/status.php: Invalid http status code (403)
WARNING: HTTP error for http://otclient.ovh/api/status.php: Invalid http status code (403)
WARNING: HTTP error for http://otclient.ovh/api/status.php: Invalid http status code (403)
WARNING: HTTP error for http://otclient.ovh/api/status.php: Invalid http status code (403)
WARNING: HTTP error for http://otclient.ovh/api/status.php: Invalid http status code (403)
WARNING: HTTP error for http://otclient.ovh/api/status.php: Invalid http status code (403)
WARNING: HTTP error for http://otclient.ovh/api/status.php: Invalid http status code (403)
WARNING: HTTP error for http://otclient.ovh/api/status.php: Invalid http status code (403)
WARNING: HTTP error for http://otclient.ovh/api/status.php: Invalid http status code (403)
WARNING: HTTP error for http://otclient.ovh/api/status.php: Invalid http status code (403)
WARNING: HTTP error for http://otclient.ovh/api/status.php: Invalid http status code (403)
WARNING: HTTP error for http://otclient.ovh/api/status.php: Invalid http status code (403)
WARNING: HTTP error for http://otclient.ovh/api/status.php: Invalid http status code (403)
WARNING: HTTP error for http://otclient.ovh/api/status.php: Invalid http status code (403)
WARNING: HTTP error for http://otclient.ovh/api/status.php: Invalid http status code (403)
WARNING: HTTP error for http://otclient.ovh/api/status.php: Invalid http status code (403)
WARNING: HTTP error for http://otclient.ovh/api/status.php: Invalid http status code (403)
WARNING: HTTP error for http://otclient.ovh/api/status.php: Invalid http status code (403)
WARNING: HTTP error for http://otclient.ovh/api/status.php: Invalid http status code (403)
WARNING: HTTP error for http://otclient.ovh/api/status.php: Invalid http status code (403)
WARNING: HTTP error for http://otclient.ovh/api/status.php: Invalid http status code (403)
WARNING: HTTP error for http://otclient.ovh/api/status.php: Invalid http status code (403)
WARNING: HTTP error for http://otclient.ovh/api/status.php: Invalid http status code (403)
WARNING: HTTP error for http://otclient.ovh/api/status.php: Invalid http status code (403)
WARNING: HTTP error for http://otclient.ovh/api/status.php: Invalid http status code (403)
WARNING: HTTP error for http://otclient.ovh/api/status.php: Invalid http status code (403)
WARNING: HTTP error for http://otclient.ovh/api/status.php: Invalid http status code (403)
WARNING: HTTP error for http://otclient.ovh/api/status.php: Invalid http status code (403)
WARNING: HTTP error for http://otclient.ovh/api/status.php: Invalid http status code (403)
WARNING: HTTP error for http://otclient.ovh/api/status.php: Invalid http status code (403)
WARNING: HTTP error for http://otclient.ovh/api/status.php: Invalid http status code (403)
WARNING: HTTP error for http://otclient.ovh/api/status.php: Invalid http status code (403)
WARNING: HTTP error for http://otclient.ovh/api/status.php: Invalid http status code (403)
WARNING: HTTP error for http://otclient.ovh/api/status.php: Invalid http status code (403)
WARNING: HTTP error for http://otclient.ovh/api/status.php: Invalid http status code (403)
WARNING: HTTP error for http://otclient.ovh/api/status.php: Invalid http status code (403)
WARNING: HTTP error for http://otclient.ovh/api/status.php: Invalid http status code (403)
WARNING: HTTP error for http://otclient.ovh/api/status.php: Invalid http status code (403)
WARNING: HTTP error for http://otclient.ovh/api/status.php: Invalid http status code (403)
WARNING: HTTP error for http://otclient.ovh/api/status.php: Invalid http status code (403)
WARNING: HTTP error for http://otclient.ovh/api/status.php: Invalid http status code (403)
WARNING: HTTP error for http://otclient.ovh/api/status.php: Invalid http status code (403)
WARNING: HTTP error for http://otclient.ovh/api/status.php: Invalid http status code (403)
WARNING: HTTP error for http://otclient.ovh/api/status.php: Invalid http status code (403)
WARNING: HTTP error for http://otclient.ovh/api/status.php: Invalid http status code (403)
WARNING: HTTP error for http://otclient.ovh/api/status.php: Invalid http status code (403)
WARNING: HTTP error for http://otclient.ovh/api/status.php: Invalid http status code (403)
WARNING: HTTP error for http://otclient.ovh/api/status.php: Invalid http status code (403)
WARNING: HTTP error for http://otclient.ovh/api/status.php: Invalid http status code (403)
WARNING: HTTP error for http://otclient.ovh/api/status.php: Invalid http status code (403)
WARNING: HTTP error for http://otclient.ovh/api/status.php: Invalid http status code (403)
WARNING: HTTP error for http://otclient.ovh/api/status.php: Invalid http status code (403)
WARNING: HTTP error for http://otclient.ovh/api/status.php: Invalid http status code (403)
WARNING: HTTP error for http://otclient.ovh/api/status.php: Invalid http status code (403)
WARNING: HTTP error for http://otclient.ovh/api/status.php: Invalid http status code (403)
WARNING: HTTP error for http://otclient.ovh/api/status.php: Invalid http status code (403)
WARNING: HTTP error for http://otclient.ovh/api/status.php: Invalid http status code (403)
WARNING: HTTP error for http://otclient.ovh/api/status.php: Invalid http status code (403)
WARNING: HTTP error for http://otclient.ovh/api/status.php: Invalid http status code (403)
WARNING: HTTP error for http://otclient.ovh/api/status.php: Invalid http status code (403)
WARNING: HTTP error for http://otclient.ovh/api/status.php: Invalid http status code (403)
WARNING: HTTP error for http://otclient.ovh/api/status.php: Invalid http status code (403)
WARNING: HTTP error for http://otclient.ovh/api/status.php: Invalid http status code (403)
WARNING: HTTP error for http://otclient.ovh/api/status.php: Invalid http status code (403)
WARNING: HTTP error for http://otclient.ovh/api/status.php: Invalid http status code (403)
WARNING: HTTP error for http://otclient.ovh/api/status.php: Invalid http status code (403)
WARNING: HTTP error for http://otclient.ovh/api/status.php: Invalid http status code (403)
WARNING: HTTP error for http://otclient.ovh/api/status.php: Invalid http status code (403)
WARNING: HTTP error for http://otclient.ovh/api/status.php: Invalid http status code (403)
WARNING: HTTP error for http://otclient.ovh/api/status.php: Invalid http status code (403)
WARNING: HTTP error for http://otclient.ovh/api/status.php: Invalid http status code (403)
WARNING: HTTP error for http://otclient.ovh/api/status.php: Invalid http status code (403)
WARNING: HTTP error for http://otclient.ovh/api/status.php: Invalid http status code (403)
WARNING: HTTP error for http://otclient.ovh/api/status.php: Invalid http status code (403)
WARNING: HTTP error for http://otclient.ovh/api/status.php: Invalid http status code (403)
WARNING: HTTP error for http://otclient.ovh/api/status.php: Invalid http status code (403)
WARNING: HTTP error for http://otclient.ovh/api/status.php: Invalid http status code (403)
WARNING: HTTP error for http://otclient.ovh/api/status.php: Invalid http status code (403)
WARNING: HTTP error for http://otclient.ovh/api/status.php: Invalid http status code (403)
WARNING: HTTP error for http://otclient.ovh/api/status.php: Invalid http status code (403)
WARNING: HTTP error for http://otclient.ovh/api/status.php: Invalid http status code (403)
WARNING: HTTP error for http://otclient.ovh/api/status.php: Invalid http status code (403)
WARNING: HTTP error for http://otclient.ovh/api/status.php: Invalid http status code (403)
WARNING: HTTP error for http://otclient.ovh/api/status.php: Invalid http status code (403)
WARNING: HTTP error for http://otclient.ovh/api/status.php: Invalid http status code (403)
WARNING: HTTP error for http://otclient.ovh/api/status.php: Invalid http status code (403)
WARNING: HTTP error for http://otclient.ovh/api/status.php: Invalid http status code (403)
WARNING: HTTP error for http://otclient.ovh/api/status.php: Invalid http status code (403)
WARNING: HTTP error for http://otclient.ovh/api/status.php: Invalid http status code (403)
WARNING: HTTP error for http://otclient.ovh/api/status.php: Invalid http status code (403)
WARNING: HTTP error for http://otclient.ovh/api/status.php: Invalid http status code (403)
WARNING: HTTP error for http://otclient.ovh/api/status.php: Invalid http status code (403)
WARNING: HTTP error for http://otclient.ovh/api/status.php: Invalid http status code (403)
WARNING: HTTP error for http://otclient.ovh/api/status.php: Invalid http status code (403)
WARNING: HTTP error for http://otclient.ovh/api/status.php: Invalid http status code (403)
WARNING: HTTP error for http://otclient.ovh/api/status.php: Invalid http status code (403)
WARNING: HTTP error for http://otclient.ovh/api/status.php: Invalid http status code (403)
WARNING: HTTP error for http://otclient.ovh/api/status.php: Invalid http status code (403)
WARNING: HTTP error for http://otclient.ovh/api/status.php: Invalid http status code (403)
WARNING: HTTP error for http://otclient.ovh/api/status.php: Invalid http status code (403)
WARNING: HTTP error for http://otclient.ovh/api/status.php: Invalid http status code (403)
WARNING: HTTP error for http://otclient.ovh/api/status.php: Invalid http status code (403)
WARNING: HTTP error for http://otclient.ovh/api/status.php: Invalid http status code (403)
WARNING: HTTP error for http://otclient.ovh/api/status.php: Invalid http status code (403)
WARNING: HTTP error for http://otclient.ovh/api/status.php: Invalid http status code (403)
WARNING: HTTP error for http://otclient.ovh/api/status.php: Invalid http status code (403)
WARNING: HTTP error for http://otclient.ovh/api/status.php: Invalid http status code (403)
WARNING: HTTP error for http://otclient.ovh/api/status.php: Invalid http status code (403)
WARNING: HTTP error for http://otclient.ovh/api/status.php: Invalid http status code (403)
WARNING: HTTP error for http://otclient.ovh/api/status.php: Invalid http status code (403)
WARNING: HTTP error for http://otclient.ovh/api/status.php: Invalid http status code (403)
WARNING: HTTP error for http://otclient.ovh/api/status.php: Invalid http status code (403)
WARNING: HTTP error for http://otclient.ovh/api/status.php: Invalid http status code (403)
WARNING: HTTP error for http://otclient.ovh/api/status.php: Invalid http status code (403)
WARNING: HTTP error for http://otclient.ovh/api/status.php: Invalid http status code (403)
WARNING: HTTP error for http://otclient.ovh/api/status.php: Invalid http status code (403)
WARNING: HTTP error for http://otclient.ovh/api/status.php: Invalid http status code (403)
WARNING: HTTP error for http://otclient.ovh/api/status.php: Invalid http status code (403)
WARNING: HTTP error for http://otclient.ovh/api/status.php: Invalid http status code (403)
WARNING: HTTP error for http://otclient.ovh/api/status.php: Invalid http status code (403)
WARNING: HTTP error for http://otclient.ovh/api/status.php: Invalid http status code (403)
WARNING: HTTP error for http://otclient.ovh/api/status.php: Invalid http status code (403)
WARNING: HTTP error for http://otclient.ovh/api/status.php: Invalid http status code (403)
WARNING: HTTP error for http://otclient.ovh/api/status.php: Invalid http status code (403)
WARNING: HTTP error for http://otclient.ovh/api/status.php: Invalid http status code (403)
WARNING: HTTP error for http://otclient.ovh/api/status.php: Invalid http status code (403)
WARNING: HTTP error for http://otclient.ovh/api/status.php: Invalid http status code (403)
WARNING: HTTP error for http://otclient.ovh/api/status.php: Invalid http status code (403)
WARNING: HTTP error for http://otclient.ovh/api/status.php: Invalid http status code (403)
WARNING: HTTP error for http://otclient.ovh/api/status.php: Invalid http status code (403)
WARNING: HTTP error for http://otclient.ovh/api/status.php: Invalid http status code (403)
WARNING: HTTP error for http://otclient.ovh/api/status.php: Invalid http status code (403)
WARNING: HTTP error for http://otclient.ovh/api/status.php: Invalid http status code (403)
WARNING: HTTP error for http://otclient.ovh/api/status.php: Invalid http status code (403)
WARNING: HTTP error for http://otclient.ovh/api/status.php: Invalid http status code (403)
WARNING: HTTP error for http://otclient.ovh/api/status.php: Invalid http status code (403)
WARNING: HTTP error for http://otclient.ovh/api/status.php: Invalid http status code (403)
WARNING: HTTP error for http://otclient.ovh/api/status.php: Invalid http status code (403)
WARNING: HTTP error for http://otclient.ovh/api/status.php: Invalid http status code (403)
WARNING: HTTP error for http://otclient.ovh/api/status.php: Invalid http status code (403)
WARNING: HTTP error for http://otclient.ovh/api/status.php: Invalid http status code (403)
WARNING: HTTP error for http://otclient.ovh/api/status.php: Invalid http status code (403)
WARNING: HTTP error for http://otclient.ovh/api/status.php: Invalid http status code (403)
WARNING: HTTP error for http://otclient.ovh/api/status.php: Invalid http status code (403)
WARNING: HTTP error for http://otclient.ovh/api/status.php: Invalid http status code (403)
WARNING: HTTP error for http://otclient.ovh/api/status.php: Invalid http status code (403)
WARNING: HTTP error for http://otclient.ovh/api/status.php: Invalid http status code (403)
WARNING: HTTP error for http://otclient.ovh/api/status.php: Invalid http status code (403)
WARNING: HTTP error for http://otclient.ovh/api/status.php: Invalid http status code (403)
WARNING: HTTP error for http://otclient.ovh/api/status.php: Invalid http status code (403)
Exiting application..
WARNING: HTTP error for http://otclient.ovh/api/status.php: Invalid http status code (403)
GPU ANGLE (AMD Radeon RX 580 2048SP Direct3D11 vs_5_0 ps_5_0) (Google Inc.)
OpenGL OpenGL ES 3.0.0 (ANGLE 2.1.0.54a3d7cbcadb)
[Atlas] Texture size is: 4096x4096 (max: 16384x16384)
Found work dir at 'C:/Users/Gavriel/Documents/Naruto Battle Begin/Projeto OTServer/OTClient V8/'
== application started at Dec 31 2025 21:30:12
OTCv8 3.2 rev 4 (dev) made by otclient.net built on Feb 26 2023 for arch x86
WARNING: HTTP error for http://otclient.ovh/api/status.php: Invalid http status code (403)
Exiting application..
WARNING: widget 'widget1316' was not explicitly destroyed
